tick,totalPopulation,employable,employed,unableToWork,inEducation,dependencyRatio,avgGroceryStarvation,avgHealthcareStarvation,maxGroceryStarvation,starvationMildFraction,starvationSevereFraction,starvationFatalFraction,deathsLastMonth,deathsThisMonth,birthsThisMonth,meanWealth,foodPrice,wealthToFoodPrice,waterPrice,priceLevelRaw,priceLevelRefined,priceLevelManufactured,priceLevelServices,refinedToRawPriceRatio,manufacturedToRawPriceRatio,groceryFillRate,groceryTotalDemand,groceryTotalSupply,groceryTotalVolume,gdpAnnual,costOfLiving,bankEquity,bankDeposits,bankLoans,householdDeposits,totalLoans,loansWageCoverage,loansBufferCoverage,loansRollover,loansStarter,loansOther,agentsInDistress,totalAgentDeposits,workerUtilization,avgWage,existentialAgentCount,nonExistentialAgentCount,existentialSlotCapacity,nonExistentialSlotCapacity,existentialUsedWorkers,nonExistentialUsedWorkers,existentialFillRatio,nonExistentialFillRatio,foodChainFillRatio,existentialMaxScale,nonExistentialMaxScale,existentialOperatingScale,nonExistentialOperatingScale,existentialContractionIntegral,nonExistentialContractionIntegral,existentialNegativeProfitFacilities,nonExistentialNegativeProfitFacilities,existentialAtLowerBoundFacilities,nonExistentialAtLowerBoundFacilities,productionEfficiency,avgFacilityCondition,avgWorkerEfficiency,avgResourceEfficiency,avgConditionEfficiency,avgMaxMaintenance,facilitiesBelowFullMaintenance,avgHrBuffer,hrCoverageRatio,avgStorageStarvation,maintenanceServicePrice,maintenanceServiceVolume,maintenanceServiceDemand,maintenanceTotalSupply,maintenanceUnfilledDemand,maintenanceUnsoldSupply,maintenanceUnfilledFrac,maintenanceUnsoldFrac,adminServicePrice,adminServiceVolume,logisticsServicePrice,logisticsServiceVolume,maintFacilityScale,maintFacilityMaxScale,maintFacilityCondition,maintFacilityOutput,maintFacilityCostFloor,maintFacilityRevenue,maintFacilityInputCosts,maintFacilityWageCosts,maintFacilityProfit,maintFacilitySmoothedSignal,maintFacilityExpansionIntegral,maintFacilityContractionIntegral,maintFacilityOverallEfficiency,maintFacilityResourceEfficiency,maintFacilityWorkerEfficiency,maintFacilityConditionEfficiency,maintInputEfficiencySteel,maintInputEfficiencyElectronics,maintInputEfficiencyPlastic,fillRateSteel,fillRateElectronics,fillRatePlastic,fillRateIronOre,fillRateCoal,fillRateCopper,fillRateSiliconWafer,siliconWaferResourceEfficiency,siliconWaferWorkerEfficiency,siliconWaferInputSand,siliconWaferInputChemical,siliconWaferInputWater,fillRateSand,sandTotalDemand,sandTotalSupply,sandUnfilledDemand,sandUnsoldSupply,sandMineScale,sandMineMaxScale,sandMineCondition,sandMineInputDepositEfficiency,sandMineWorkerEfficiency,sandMineOverallEfficiency,sandMineContractionIntegral,sandMineExpansionIntegral,sandMineSmoothedSignal,maintAggregateConsumption,maintSteadyStateDemand,maintCatchupBacklog,maintAggregateBuffer,maintFillRate,maintRepairSurgeRatio,priceCeilHits,priceFloorHits
30,9800163,1316457,3312053,1238921,3932732,1.1173472672631148,0,0.10356123346189644,0,0,0,0,0,18600,16921,0.42441409785256795,5.230976602463566,0.08113477274065556,2.829615977770029,2.454036832533051,8.912159468459345,42.80420527110103,6.431171253209097,3.6316323171320275,17.44236463921311,1,263.99483195669217,2833677.9542801506,263.99483195669217,2026606273.1103642,0.3308557888862531,0,8987713637.390657,8987713637.390657,4159327.3384531387,8987713637.39066,267933060,8699087920.39066,0,0,20692657,0,8983554310.052206,1,1.0021704383637402,7,35,589675,1855673,589675,1855673,1,1,1,6359,22269,5503.447246711466,21020.269649244277,31.376976627305474,47.52102092388867,0,0,0,0,0.9999697500923668,0.9071271335678459,1,1,0.9980215313958158,1,0,784727.4001874999,12.836249076818513,0.35636155897495564,5.999956389939607,14568.410149002873,49805.97055616946,14568.410149002873,35237.56040716659,0,0.7074967120142128,0,0.9441275106790892,46147.1274456155,2.8434139897517494,236962.82327505105,178,178,1,17800,3.7308360899943205,106799.22374092501,31688.23887483656,18616,56494.984866088445,0.6454894374149358,9.399187019115102,0,1,1,1,1,1,1,1,0.45696151845723965,0.7997708251081221,0.8303721609954708,0.6993255282434983,0.38811407407035076,0.6263426993572866,0,1,1,1,1,1,0,414318.04340456025,281136.1383229587,414318.04340456025,281136.1383229587,731,731,0.969707959288537,1,1,0.9999848638234444,0,11.451725558965508,0.15906116523190775,13832.952884356006,14735.23308112674,67785.03418090177,14965.240210747468,0.29250328798578723,0.9387671581573828,0,0
60,9800180,1295515,3327085,1230663,3946917,1.1200579760308051,0,0.03842731004936521,0,0,0,0,18600,16920,16937,0.2399318678473598,4.426768828738346,0.05420022529519385,3.4188392588331777,3.1666286982755967,12.484033189940975,55.959966883305015,8.079903164341175,3.9423735396382966,17.671780374433634,1,496.2003574366052,2377894.2486372315,496.2003574366052,4686259587.088846,0.3605930178860748,0,9331597898.779324,9331597898.779324,2351375.4926405745,9331597898.779322,267933060,9042972181.779324,0,0,20692657,0,9329246523.286686,1,1,7,35,419303,1477528,419303,1477528,1,1,1,6307,22253,4167.755940596851,18098.224280242055,65.41833879941784,145.48543339605934,0,0,0,0,0.9999904555924924,0.841500280233249,1,1,0.9852581681343751,1,0,773247.6151129098,16.30609400864726,0.09308845304314718,13.371489364517524,15551.68963009151,40340.98139475101,15551.68963009151,24789.2917646595,0,0.6144940184297295,0,0.984204283090234,62193.71920473805,3.2232279633198084,141351.03655471728,178,178,1,17800,5.032813502376768,238012.51068841192,46643.33265802648,18536,172833.17803038543,0.5396275808185005,25.63399767069101,0,1,1,1,1,1,1,1,1,0.9605143829127832,0.8395368276581344,1,0,0,0,1,1,1,1,1,0.8486213296425411,431083.4053159484,365826.5726060546,65256.83270989382,0,731,731,0.9810138238317118,1,1,0.9999698911946394,0,15.441714330402327,0.11048082722442876,13919.785091345238,12369.934659774097,31888.97217909582,16775.6621885732,0.38550598157027055,1.125291723375962,0,0
90,9800331,1293169,3323550,1222548,3961064,1.12279131565079,0,0.014920225750776343,0,0,0,0,16920,16771,16922,0.2573320706767806,3.9552760738307082,0.06506045744300043,2.188577178584274,2.927833216254383,12.744987028589547,49.14942979930973,9.369243998540226,4.353044072945652,16.78696365846524,1,710.3864466062157,1148824.712076857,710.3864466062157,5251899284.19619,0.3590309615015736,0,9332054440.18905,9332054440.18905,2521939.4695481807,9332054440.189049,267933060,9043428723.18905,0,0,20692657,0,9329532500.719505,1,1,7,35,233469,1177886,233469,1177886,1,1,1,6225,22210,2490.7339373983514,14323.878108671253,90.55017149372998,353.54244916607433,0,0,0,0,0.9999999736103625,0.9211188569172138,1,1,0.9966894217550412,1,0,710118.5371938898,20.12586591449748,0.033143996365060324,23.060699424100136,16776.35484948585,19575.416977302877,16776.354849485855,2799.0621278170256,3.637978807091713e-12,0.1429886337063704,2.168515651779508e-16,1.069093886188981,7887.392336543207,3.5385001301996706,227695.40557106776,178,178,1,17800,5.020139525348022,410480.44974898244,46203.323601360345,18457,345820.1261476221,0.14261156296640362,6.27270713114038,0,1,1,1,1,1,1,1,1,0.9148756290129091,0.3799613407431398,1,1,1,1,1,1,1,1,1,0.9613753440408707,292681.8110152014,395717.0703500882,11304.734255957068,114339.99359084386,731,731,1,1,1,1,0,15.563057505827715,-0.14656949969880062,10548.028529913046,9341.450935677693,0,28683.527110580115,0.8570113662936296,1.129163831458675,0,0
120,9800512,1088284,3522550,1214530,3975148,1.1255399782338726,0,0.021013945699390534,0,0,0,0,16771,16731,16912,0.22004008368033756,2.8874062642109335,0.07620683185726544,1.285337271225174,1.5659944052469716,6.081278587040656,30.529019510114743,6.57285740951446,3.883333533418073,19.494973550240772,1,913.8979511358716,536650.2083746889,913.8979511358716,3647730365.595964,0.26523468606514333,0,9332054440.18905,9332054440.18905,2156505.4805904496,9332054440.189049,267933060,9043428723.18905,0,0,20692657,0,9329897934.708464,1,1.0021195834435792,7,35,210132,910182,210132,910182,1,1,1,6129,22000,1682.252040574594,9439.108298640856,114.04803041970371,421.69605621020366,0,0,3,4,1,1,1,1,1,1,0,778817.7313015726,27.807123049486936,0.009502532894047835,12.589248249771202,10161.084245537973,10925.3122825473,46444.34261045633,764.2280370093267,36283.25836491836,0.06995022359499481,0.7812201944430076,1.0060032060698592,34585.75707487041,3.6141885858028995,310915.3454143293,139.78669793112522,178,1,14156.669793112522,3.462320955098055,178221.83041553065,20202.696604027304,14779.25005112716,143239.8837603762,-0.6888041783177327,5.22096837794096,12.59448959612639,1,1,1,1,1,1,1,1,1,1,0,1,1,0,1,1,1,1,1,1,44106.96873393096,577447.498051527,0,533340.529317596,534.0562225961903,731,1,1,1,1,13.817391723850482,14.063057505827693,-0.8454426725822285,6289.336033010238,6178.533521786362,0,58480.18451172327,0.9300497764050052,1.0179334644431677,0,0
150,9801022,769319,3835896,1206585,3989222,1.1282441753533765,0,0.03978626189817234,0,0,0,0,16731,16388,16898,0.2866771228079882,2.0705260856100414,0.13845617536546234,1.2544636171164354,1.061652594301752,3.378268601348297,27.415435697215887,5.403829363669559,3.182084817086687,25.823358643273504,1,1110.3990007416749,498901.9728005142,1110.3990007416749,2701209735.867251,0.2504442839928035,0,9332054440.18905,9332054440.18905,2809728.7875380167,9332054440.189049,267933060,9043428723.18905,0,0,20692657,0,9329244711.401512,1,1.0137403922957386,7,35,224242,839959,224242,839959,1,1,1,6004,21674,1627.6328010552284,6598.407845525018,57.237653624550674,522.782887021302,0,0,4,14,1,1,1,1,1,1,0,656994.9237135602,24.694392270391035,0.0020396119147055294,4.203531062542922,6775.949886030372,6933.243413617144,27017.326650181825,157.29352758677214,20241.376764151453,0.02268686070906466,0.7491998385419539,1.108076175741155,19004.476864665212,3.080676956316763,333221.96410081314,86.38669793112518,178,1,8816.669793112518,2.5959770595984963,37061.14534353235,7109.539117084884,10544.812225748754,19406.794000698712,-0.7032433958643836,3.7209683779409657,34.29537247825363,1,1,1,1,1,1,1,0.052394362521602775,0.941928181546556,0.9277594918465115,1,0.6733444539901342,0,0,1,1,1,1,1,1,10031.778150612721,890438.4654139234,0,880406.6872633107,306.57514430709654,712,1,1,1,1,6.79564789437838,12.563057505827672,-0.7296697258294249,4618.9901116976935,4570.022581433472,0,36532.29877976287,0.9773131392909353,1.0107149427364235,0,0
180,9801622,2961983,1637640,1198768,4003231,1.1309620375409029,0,0.0409634615456149,0,0,0,0,16388,16285,16885,0.2843710631570922,1.9712919383661525,0.14425618936624113,1.2829187163998215,1.0485965759997116,3.0142733059528126,34.9590976236921,5.712117752325834,2.8745786272276,33.338939325033344,1,1302.4459541505926,484293.7234821533,1302.4459541505926,2435029003.016131,0.2816903839887015,0,9332054440.18905,9332054440.18905,2787297.668804194,9332054440.189049,267933060,9043428723.18905,0,0,20692657,0,9329267142.520245,1,1.027840760301859,7,35,260643,620474,260643,620474,1,1,1,5944,21358,1851.9025504120862,4346.77337623984,91.81509323445604,526.5397308580281,0,0,5,21,0.9999999996495863,0.9992941146658278,1,1,0.9999999685087883,1,0,778113.4168484006,35.32395433743308,0.00043777978029568225,3.5565148317070774,6665.13540632651,9268.160678495222,14860.61940658887,2603.025272168712,8195.48400026236,0.28085672685935126,0.5514900675424514,1.102499867901244,25776.718926759135,3.3108377070886736,264835.9898790139,69.89403173362754,178,1,7036.435195660914,2.426835426247537,25025.18613571373,4637.232723846406,8689.580288895755,11698.37312297157,-0.22854680369678193,2.220968377940971,44.24615669232163,1,1,1,1,1,1,1,0.5491086935071235,1,0.12136612667248357,0,1,1,1,1,1,1,1,1,0.6842339273210489,10238.003126241842,1059092.942757085,3232.814039248209,1052087.7536700913,90.6246490858496,694,1,1,1,1,2.4533622126987895,11.06305750582765,-0.7727150941676444,3402.00644687656,3443.708844994361,153.37874852501716,19515.51314308658,0.7191432731406487,0.987890265990861,0,0
210,9802251,3214785,1379089,1191116,4017261,1.1337657497789448,0,0.017847516368948615,0,0,0,0,16285,16246,16875,0.1722764275408438,1.9910865204596941,0.08652382795553722,1.2816821022100815,1.0560309112893955,3.3529077190792513,26.066463974619477,4.498636508152483,3.1750090676658402,24.683428956442928,1,1492.4038824705806,470443.91471612785,1492.4038824705806,1928952403.5971,0.23102813027661995,0,9332054440.18905,9332054440.18905,1688696.7841388416,9332054440.189049,267933060,9043428723.18905,0,0,20692657,0,9330365743.40491,1,1.0511054377932825,7,35,228960,615821,228960,615821,1,1,1,5854,21140,1702.1328568633787,4283.828416506428,77.18392289886683,457.3906682681724,0,0,5,24,0.9999999998704047,0.9995030324883594,1,1,0.9999999860752826,0.9996370516872638,0,705630.6624916464,33.41129416933602,0.0000939645109218759,3.624098793936202,4930.5779304171465,6791.244332866717,12523.223194764367,1860.6664024495703,7592.64526434722,0.2739801884972303,0.606285230748064,0.9676815873024671,21238.701699015895,2.532720372082997,281620.15709508944,58.12174142438479,178,1,5990.174142438479,2.502552922022903,21708.982885079116,4084.9387872468806,6753.388002330852,10870.656095501385,-0.2900409308940125,0.7209683779409706,50.186480913305694,1,1,1,1,1,1,1,0.33860603910688114,0.9121332041383006,0.8079502242358091,1,0.8322478751160436,0,1,1,1,1,1,1,1,29176.71608055121,1093167.6983993389,0,1063990.9823187876,69.4,694,1,1,1,1,19.609675069384252,9.56305750582763,-0.5811392845384586,3368.3570543449478,3325.5340406199584,16.834961057709165,18050.261205779298,0.7260198115027696,1.0128770336438975,0,0
240,9802949,3051948,1536225,1183568,4031208,1.1365691747020001,0,0.016677723906474467,0,0,0,0,16246,16165,16863,0.13862022868146545,2.0819696307190187,0.06658129236668657,1.2781221778746716,1.0837168874858598,3.8790459087049114,22.63606943887106,4.451401039494801,3.5793904787291826,20.88743813099103,1,1680.0989361283928,456801.0747689153,1680.0989361283928,1741617201.1734257,0.20775887610013954,0,9332054440.18905,9332054440.18905,1358887.0321329813,9332054440.189049,267933060,9043428723.18905,0,0,20692657,0,9330695553.15692,0.9991764359374091,1.0811072745752193,7,35,222536,843562,222536,842684,1,0.9989591754962883,1,5796,20977,1585.0674622921558,7262.557484556421,122.25759873430677,461.9541805760671,0,0,5,21,0.9994390703266867,0.9993463907135469,0.9994390754306582,1,0.9999999824139293,0.9995492783856459,0,736140.6687755972,27.642765579902637,0.003810209652578003,3.8461057255941227,4534.258016971174,8073.943778147516,16514.97302525286,3539.6857611763426,11980.715008281688,0.43840852233287253,0.7254456298512938,1.0714615051607765,15732.516090714047,2.6431394030971727,204575.88419747824,72.66649166911094,178,1,7444.649166911094,2.7283086010886537,28632.907785896274,5781.3790529472035,8565,14286.528732949071,-0.35138570617966874,0,51.36760132484159,1,1,1,1,1,1,1,0.8932781066037603,0,0.8978334252914446,1,0.19499113781152885,1,0,1,1,1,1,1,0.45784694766466455,33895.80057818492,1101808.508474579,18376.711744812783,1086289.419641207,67.60000000000001,676,1,1,1,1,5.951526841872913,8.063057505827608,-0.44210130634482425,4592.435070871018,4911.80558159439,238.4222563857793,24355.438114578454,0.5615914776671275,0.9349789999994863,0,0
270,9803849,2853504,1729000,1176210,4045135,1.1394087162826263,0,0.011836203605733434,0,0,0,0,16165,15957,16857,0.2962119679550311,2.270157629282643,0.1304807931106671,1.302166333566017,1.1626724736454679,4.879948424166801,30.36824500850893,6.00222142415921,4.197182383501441,26.11934633086452,1,1867.1868210141934,443422.66014021076,1867.1868210141934,2535767162.850543,0.2529571519489266,0,9332054440.18905,9332054440.18905,2904017.405824127,9332054440.189049,267933060,9043428723.18905,0,0,20692657,0,9329150422.783226,1,1.1107317433413741,7,35,215849,1146775,215849,1146775,1,1,1,5709,20878,1456.2852732148333,9686.247119694392,98.1848080542653,458.2380623501291,0,0,5,16,0.9999999941641688,0.9997602774384635,1,1,0.9999999935154298,1,0,736348.0858462034,21.61559126644484,0.011866286859273443,4.4710724875461,10850.013790202493,12761.581878610405,35728.54608040646,1911.568088407912,24878.532290203962,0.14979084149527555,0.6963208699904907,1.3748218143628317,30122.830829290437,3.3581086603315042,286189.621540492,121.32148085521314,178,1,12310.148085521314,3.2493227550424706,55039.56442279264,13683.260367781135,14703,26653.304055011504,-0.45578250818535077,0,51.021697906042434,1,1,1,1,1,1,1,0.3375593041677497,0.9481821584336101,0.9892758586006236,1,0.1710270193517583,1,1,1,1,1,1,1,0.11487728089576045,34966.980774715135,1103664.0878747944,30950.06910218153,1099647.176202261,67.60000000000001,676,1,1,1,1,22.394675095299213,6.563057505827612,-0.3711493066526069,6513.184559247209,6190.295770373033,9.157944805489642,44390.58880034682,0.8502091585047244,1.052160478408727,0,0
300,9804786,2662177,1914785,1168803,4059021,1.1422039335262124,0,0.010509433031895004,0,0,0,0,15957,15904,16841,0.5008314854741185,2.265132469403061,0.22110472223556293,1.313780555349945,1.2316037809115576,5.24573860327835,31.317107533524503,6.247591555860239,4.25927452041092,25.427907918848298,1,2053.334409463306,430336.1381181291,2053.334409463306,2943696061.964461,0.2651587897563412,0,9332054440.18905,9332054440.18905,4910545.537135964,9332054440.189049,267933060,9043428723.18905,0,0,20692657,0,9327143894.65192,1,1.1320967578060863,7,35,221871,1067295,221871,1067295,1,1,1,5653,20800,1484.519087139801,10269.83526958413,135.33489004686854,400.6071185843035,0,0,5,15,0.9999998076118579,0.998302230452024,1,1,0.999999703878013,1,0,729578.9587988036,22.637238611592412,0.002585696261326231,5.733529220846799,16549.154047200762,18100.60240819126,16831.150345864717,1551.4483609904964,281.9962986639548,0.08571252635704561,0.01675442812102496,1.2625264150101294,23797.649607567568,2.8684623175092874,293438.5383566078,114.30068491385384,178,1,11057.155507031863,3.9923918279651605,63396.52419901429,18154.594596950777,11421,33820.92960206351,0.06130751824129975,0,55.517809270633485,1,1,1,1,1,1,1,1,0.522321394486156,0.35876785915290965,1,0,0,0,1,1,1,1,1,0.12218125145205626,184708.84995755975,965436.3729083613,162140.891515475,942868.4144662765,65.9,659,1,1,1,1,7.53789136887341,5.063057505827618,-0.40218962541987413,8474.449485906276,6530.196187313071,142.31395694359335,20428.535195900808,0.9142874736429544,1.2977327545488633,0,0
330,9805766,2268831,2302499,1161551,4072885,1.1450575653037518,0,0.008347018018878003,0,0,0,0,15904,15852,16832,0.22628896251334132,2.4042435921125196,0.0941206470324871,1.384592255163716,1.4343698343094753,5.1486531946919785,37.46922819312203,6.343064550668922,3.5894879211334003,26.12243181421911,1,302945.9091626325,497543.2810002108,302945.9091626325,3191238220.8592815,0.2660804429587167,0,9332054440.18905,9332054440.18905,2218936.614788876,9332054440.189049,267933060,9043428723.18905,0,0,20692657,0,9329835503.574266,0.9996952480947445,1.1256334017006746,7,35,426941,921697,426941,921286,1,0.9995540833918305,1,5611,20670,2734.869970773678,9051.494542408427,81.59169185841772,410.5332139257992,0,0,4,13,0.999045092614916,0.9998461650901899,0.9990450928050961,1,0.9999999956919383,1,0,707660.4954402281,20.99529220050416,0.0005549906494629368,6.47873429011046,10052.355717576453,12699.16316921215,14296.95273114074,2646.8074516356974,4244.597013564287,0.20842376906004462,0.2968882315963015,1.2511740979473533,19073.43892750329,2.7487807806340996,226990.77844881744,102.60637418017758,178,1,10263.865813045802,4.35439293877505,66496.85939207232,19137.171075672657,11713,35646.68831639967,-0.1237236004263899,0,59.11159542081799,1,1,1,1,1,1,1,0.8898980660751756,1,0.5677618003344712,1,0.9098915907163847,0.5968411317329347,0,1,0.96759212523097,1,1,1,0.5879663512988569,308961.40055613907,686882.260612769,127302.49317896136,505223.3532355913,65.9,659,1,1,1,1,20.78796883435229,3.563057505827623,-0.3489789546934559,6709.427731330824,6545.6193103162295,2.1522270126641763,24999.29715146439,0.7915762309399554,1.0250256565878226,0,0
360,9806764,2951742,2169145,1154302,3531575,0.9150518259824909,0,0.005129740882319853,0,0,0,0,15616,15560,16558,0.1324218336112677,3.1323400400273487,0.04227568907560608,1.4817388808392025,1.7946005114711683,5.430133530179389,25.537859431324815,5.276028068310959,3.025817442639589,14.23038680089839,1,293714.8915005528,379488.2012219017,293714.8915005528,2575877549.011463,0.25290945285425337,0,9332054440.18905,9332054440.18905,1298629.6706731839,9332054440.189049,267933060,9043428723.18905,0,0,20692657,0,9330755810.518387,0.9811064609607542,1.1192106676217268,7,35,353401,713948,353120,694063,0.9992048692561708,0.9721478314947307,0.9985699381663655,5611,20484,2394.818154942302,6958.768348828413,136.2162479197906,418.4914873543084,0,0,4,12,0.9740049784046475,0.9991124717418207,0.9740049870234472,1,0.999999961007601,1,0,769174.1797641476,29.380697729590633,0.0003127044202280644,5.033564935290384,3905.029336949295,10370.822038318738,12640.416715258201,6465.7927013694425,8735.387378308906,0.6234599993596691,0.6910679904851912,1.2176645527716574,27577.048719022678,3.14542023510403,270860.33903169166,73.40831945734406,178,1,7457.654965910587,3.4446783647164345,37538.590535901734,9338.068014352944,7700,20500.522521548788,-0.17442874038998335,0,65.67984090454733,1,1,1,1,1,1,1,1,0,0.4367961303453488,0,0.7920834076603592,0,0,1,0.8191238428427053,1,1,1,0.25726941716082596,313196.3402729157,198081.4542023423,232620.50035399897,117505.61428342556,228.99094592810246,659,1,1,0.816650030573522,0.816650030573522,20.057532996394293,2.0630575058276284,0.1855085820869698,4854.538530508098,5095.448864291257,328.17415713055294,20363.75688129132,0.3765400006403309,0.9527204883810234,0,0
390,9807308,2966215,2148367,1146605,3546121,0.9175189683145172,0,0.005812059105008309,0,0,0,0,15783,16513,17057,0.17607449395741823,4.67069877038998,0.0376976770742843,1.5503801520302496,1.3157976675613918,5.189773252475116,28.334235979670833,5.469114725717537,3.944203109961034,21.53388524558152,1,291176.2798246045,348811.00680666673,291176.2798246045,2352559474.2477264,0.315533613462752,0,1603010490.1847875,1603010490.1847875,1726816.7931846166,1603010490.184787,131419252.5841414,862799934.5006899,608791303.0999556,0,0,0,1601283673.3916116,0.9824647262222755,1.1223868896703462,7,35,360719,857112,355694,840782,0.9860694889928171,0.9809476474486415,0.9752200606553739,5581,20379,2503.101232362029,8658.283003413357,98.37536920574698,481.1707078576522,0,0,1,12,0.9812832039054807,0.9996042772483316,0.9812832039507894,1,0.9999999750523548,0.9999262295081968,0,701304.4842357326,23.445668253629243,0.0019890323945114387,5.017597405483652,4402.560133775261,10026.118273745853,12823.100754804522,5623.558139970592,8420.54062102926,0.5608908638846105,0.656669613850946,1.375969292480312,25696.493488499276,2.5594619212389724,169043.77027954828,83.12005412823174,178,1,8465.339139830308,3.424676267401454,42475.66370455177,10394.326113214207,9182,22899.337591337564,-0.19247166890423958,0,65.85924122645089,1,1,1,1,1,1,1,0.5413147186059377,0,0.3781629072052257,0,0.4688070217480912,0,0,1,1,1,1,1,1,217633.55517237715,232174.58721327456,0,14541.032040897408,659,659,0.99894522885102,1,0.8312575670101109,0.8312575670101109,5.057532996394293,4.6093260602455155,0.02265434752588136,5794.830186630132,6127.822968967587,351.9663388300123,23291.25025485248,0.4391091361153895,0.9456588768925291,0,0
420,9808201,3063979,2044486,1139078,3560658,0.9199898599677202,0,0.00244470116880669,0,0,0,0,16513,16152,17045,0.14229747470317564,5.836940468297579,0.024378777799095593,1.9723856112061953,1.4911124429060474,4.935550730098984,30.59376823909957,5.001613025481224,3.3099789043943786,20.517411939420878,0.9482442416369468,294144.7435429673,389566.8202713818,278921.0592723952,2258759206.8493166,0.3134189451088719,0,1687493306.1991727,1687493306.1991727,1395682.2336813258,1687493306.1991723,151208766.1251951,889312385.0526893,646972155.021288,0,0,0,1686097623.9655008,0.9848847497712725,1.1222056070788566,7,35,345283,850463,336349,841323,0.9741255723565887,0.9892529128251317,0.9648738671716488,5581,20242,3466.700392161465,8996.038224203478,66.92423179639718,533.0467629687693,0,0,0,16,0.9702944178054949,0.999476464828539,0.9702944178054949,1,0.9999999873469883,0.9996475409836065,0,746410.1338676772,25.352055032901426,0.0006906286272868817,4.851878212033934,2548.1955175254234,11779.436661890766,28215.32171629968,9231.241144365344,25667.12619877426,0.7836742460045283,0.9096875256944755,1.2059835375750307,14087.521206452537,3.188868253075418,217313.2097771698,116.48300218514763,178,1,11826.300218514763,3.4323225660225347,57379.76835918393,14587.192357844453,13004,29788.576001339476,-0.348897940133131,0,64.86645831212287,1,1,1,1,1,1,1,0.8081080838388529,0.803663873584318,0.35672776657823074,0,0.884425578170938,0,0,1,1,1,1,1,0.08486369429861393,36872.88997136714,437950.1370366155,33743.72030893061,434820.967374179,526.9493067470459,659,1,1,0.9632346801930466,0.9632346801930466,13.363024990962446,3.109326060245521,-0.45163650582433224,6449.492417713059,6808.501913744694,358.03719221799935,40210.051026800524,0.2163257539954718,0.9472704127016718,0,0
450,9809124,3141386,1960941,1131619,3575178,0.9224804682255763,0,0.0008772091197596047,0,0,0,0,16152,16109,17032,0.15891781566953003,6.626459297847129,0.023982312201202362,1.5470044307061095,2.045356405023071,4.3326464517291585,29.92292594179639,4.930560332767555,2.118284344522483,14.629687945000894,0.9108567971704106,298487.27961966826,415743.709886731,271879.1675104798,2419463027.7138305,0.3246697454779711,0,1857129747.0427003,1857129747.0427003,1558844.5597117206,1857129747.0427,151208766.1251951,1058948825.8962169,646972155.021288,0,0,0,1855570902.4829974,0.9884721566348215,1.1503492508037312,7,35,361609,739551,350236,738230,0.9685489022673661,0.9982137810644567,0.9537130932526546,5581,20030,3583.060601445951,7253.081349013557,65.10143409821184,422.3628168081028,0,0,1,14,0.9746652359735121,1,0.9746652359735121,1,1,0.9998976703816027,0,757482.277129645,27.83669042963749,0.0007478040579057505,5.02585558507709,11049.91881293672,11906.339358435023,21970.32189842941,856.4205454983039,10920.403085492691,0.07192979468467564,0.4970524845279284,1.259975476803915,18345.100958201925,3.0524180942924675,176927.66487446887,115.01577161019432,178,1,11679.577161019432,3.302207610363405,58699.86810604833,12459.314651417317,13346,32894.55345463101,-0.2774723763315389,0,66.77450477693031,1,1,1,1,1,1,1,1,0.8068152633005881,0.6463484577724232,0.5981066506360624,0.7700034816803903,0,1,1,1,1,1,1,0.42288578857850806,11202.288684322557,770046.0007237354,6465.000000168715,765308.7120395816,320.7557737960604,642,1,1,1,1,0.6190768755977472,1.6093260602455244,-0.6190768755977472,5998.425463555441,5936.349239644183,0,32369.57844877391,0.9280702053153244,1.0104569696635601,0,0
480,9810041,2650975,2445091,1124321,3589654,0.9250223603854424,0,0.0003147385874382789,0,0,0,0,16109,16102,17019,0.2805278961123742,7.8287884427025,0.035832862027823036,1.409613805179843,2.5398874179361868,4.470371888323527,39.70490106064374,5.625831324285047,1.760066944997104,15.632543702628517,0.9964246897829585,298553.9867310838,442571.1100579514,297486.56361198565,3334044250.560561,0.39914346082165775,0,2365157001.2667127,2365157001.2667127,2751990.1625076197,2365157001.2667127,151208766.1251951,1566976080.1202292,646972155.021288,0,0,0,2362405011.104216,0.9700158592613182,1.1576718572175917,7,35,469751,1059324,464042,1019185,0.9878467528541717,0.9621088543259664,0.9754921310518818,5548,19878,4145.69407336929,8091.903112777071,53.430722826716845,456.3254491460433,0,0,0,15,0.9680842139296372,0.9995756297225039,0.9680842210297774,1,0.9999999871369919,1,0,673488.708570903,18.162795271955083,0.008254614967973167,5.206711638516349,10502.165534343847,13997.287133739961,20780.357776219706,3495.121599396114,10278.192241875859,0.2496999287077028,0.49461093752860463,1.3492184680769972,60350.1912510797,3.102458969380268,256898.58225847254,154.52738498713867,178,1,15289.57407719411,3.106878733465206,79608.40329568445,13881.08309012478,17831,47896.32020555966,-0.02887001197416012,0,66.9693508214334,1,1,1,1,1,1,1,0.909070996878077,0.27694056828906516,0.8361864003911688,0,0.9376033171631785,1,1,1,1,1,1,1,1,13076.068392679466,960127.6114273444,0,947051.5430346649,128.1557737960605,642,1,1,1,1,17.414254905558366,0.10932606024552348,-0.6531397819578524,6693.345757462954,6616.813501155372,79.21144147148145,34692.47730748897,0.7503000712922971,1.011566331179535,0,0
510,9811046,2764713,2325243,1117011,3604079,0.9275306112665807,0,0.0015410512533769413,0,0,0,0,16102,16006,17011,0.25229393289931606,8.278943919187093,0.030474168609187623,1.4203323975400495,3.2222931771213443,6.532241951712474,58.10131655111017,5.940148232450305,2.0272028622634806,18.031046015190753,0.7729382625397864,306702.5464470716,237062.13336732768,237062.13336732765,3551014458.8452816,0.4723965366932813,0,2381500846.5693903,2381500846.5693903,2475267.381197589,2381500846.5693903,155633544.4941091,1578895147.0539927,646972155.021288,0,0,0,2379025579.1882033,0.9820748191762072,1.1472811042339368,7,35,361059,736280,351787,725882,0.9743199864842034,0.9858776552398544,0.9896144163758833,5536,19657,3305.952695269165,6024.121718778018,47.83437812472494,484.5241733132238,0,0,0,15,0.9773001639458881,0.9997916666726205,0.9773001639570659,1,0.9999999807098788,1,0,760376.4878757513,28.22300679988944,0.0017717603535506291,3.967920259980013,8165.817780276561,10442.484336170977,37167.29066483399,2276.666555894416,29001.472884557432,0.21801962852924117,0.780295586947297,1.3908951811429153,30416.41667586924,2.8047937678107133,177906.24966462323,102.69276746183735,178,1,10447.276746183736,2.9691800553666083,41453.96106280051,8800.672024631745,12292,20361.289038168765,-0.5085065072527102,0,81.37353260364127,1,1,1,1,1,1,1,0.8878386761130972,0.14276671857906234,0.1694907848456098,0,1,1,0,1,1,1,1,1,0.6378841938545834,27448.336771334434,993971.8869664632,9939.476597302651,976463.0267924314,62.5,625,1,1,1,1,4.021719464624981,0,-0.6162549106393613,5127.923393744936,5104.493010391919,80.48572116646324,44728.27655949507,0.7819803714707588,1.0045901489737212,0,0
540,9812174,3128109,1955757,1109809,3618499,0.9300614925727783,0,0.23213763086612413,0,0,0,0,16006,15873,17001,0.20702809514681814,7.5472943339409655,0.027430770019898566,1.4530192125819674,2.279948394030124,8.895319762034658,35.11267135710364,5.230705084486262,3.9015443443046314,15.40064303606326,0.6791247528433297,318385.0944171097,216223.19855501966,216223.1985550198,3040893877.9724193,0.40103286628475715,0,2381999770.779141,2381999770.779141,2031395.6924705373,2381999770.7791405,156132468.7038596,1578895147.0539927,646972155.021288,0,0,0,2379968375.0866814,0.9952933904021158,1.1596058272304963,7,35,269055,497739,269056,494129,1.0000037167121965,0.9927472028512936,1,5536,19518,2310.43883792074,4394.358045571522,116.94896444558957,579.3322959792828,0,0,1,17,0.9865795372031148,0.9997745840626966,0.9865795372902204,1,0.9999999935632301,1,0,775590.3066070557,40.65018608107108,0.0003802884522892087,4.1120941996736295,6187.412346128864,7857.467944297198,11027.943962553445,1670.0555981683347,4840.531616424581,0.21254373673651822,0.4389332801165041,1.280239060472323,20909.46765600011,2.993743601217186,117528.9239476917,49.292767461837315,178,1,5107.276746183732,2.913255744287625,21001.60308411013,4248.097243303101,5284,11469.505840807029,-0.255487852548568,0,93.13717408445017,1,1,1,1,1,1,1,0.8026890625559637,1,0.39028072444456796,0,0,1,0,1,1,1,1,1,0.6718269870963118,29925.42372250856,999911.4902429804,9820.716465435136,979806.782985907,62.5,625,1,1,1,1,20.61448431897848,0,-0.611043032109096,3731.7706149536393,3707.5446967766397,4.432372068114583,15289.258249350896,0.7874562632634818,1.006534221474946,0,0
570,9813357,2879310,2198436,1102726,3632885,0.9326206943001876,0,0.3847151970899687,0,0,0,0,15873,15801,16984,0.24285245453132362,7.707951641406064,0.03150674340336457,1.4492083585970092,1.8373639148004677,11.686399063869104,27.758752546783054,5.192479973249511,6.3604161210155326,15.107922999455212,0.825117298709009,333871.3773625797,275483.04900566844,275483.0490056679,2574045982.9908066,0.37332004845625594,0,2630534383.24102,2630534383.24102,2383197.8346435754,2630534383.24102,185149213.58449072,1798413014.635241,646972155.021288,0,0,0,2628151185.406388,0.9744874872853467,1.177661780086649,7,35,459500,610132,459500,582843,1,0.9552736129231052,1,5494,19352,3188.430982572013,5714.661890121552,75.28154732284978,504.36388613304223,0,0,2,20,0.9901953706629529,0.9995419748110729,0.990195370774391,1,0.9999999764842225,0.9999918032786885,0,666089.1958684237,25.561228726759758,0.00008162464334112839,4.039528287544733,6603.95312187897,9103.93962175412,24979.9501071101,2499.98649987515,18375.99698523113,0.2746049077370155,0.7356298513983311,1.2244524921743305,9525.457659569933,3.0172295707766525,188785.72031154973,76.46422887899222,178,1,7824.422887899222,2.994931678856691,31606.977589381357,7063.406416252049,8997,15546.571173129309,-0.46834747018388423,0,96.03066150320633,1,1,1,1,1,1,1,0.3973105012041309,0.840084191422142,0.8088189590546883,0,0,1,0,1,1,1,1,1,0.666752669494983,30195.064450740043,1003374.1440486629,10062.424622636056,983241.5042205589,60.900000000000006,609,1,1,1,1,7.26786769054282,0,-0.5496758733585101,4730.849410975784,4846.183330873073,59.97803793545505,31357.105897136178,0.7253950922629845,0.9762010819602008,0,0
600,9814631,2682689,2388953,1095727,3647262,0.9351979102625935,0,0.3264496790675116,0,0,0,0,15801,15705,16979,0.19517973303968061,7.163064849136933,0.027248075670178742,2.0183531710681457,1.7313228257765052,7.905592756183702,35.903157916332425,5.123033831785142,4.5662152883810165,20.73741383281868,0.9048930442971059,321699.2761642082,544446.8357872638,291103.4373564058,2996124698.063883,0.360591321221323,0,2630534383.24102,2630534383.24102,1915617.0584642475,2630534383.24102,185149213.58449072,1798413014.635241,646972155.021288,0,0,0,2628618766.182567,0.9681803505845318,1.1915027285399415,7,35,429005,760323,428916,722568,0.9997925432104521,0.9503434724452634,1,5448,19175,3856.2582239249828,6847.582464446843,40.823264122338024,562.488646781066,0,0,0,20,0.9953465715729454,1,0.9953465718299557,1,1,0.9998852459017752,0,751118.1773759316,26.09217939201697,0.0006764211615318873,4.407978913465297,9946.73624357558,10978.480629635664,37367.44435835729,1031.7443860600833,27420.708114781708,0.09397879550608847,0.7338127770209424,1.1503752415946948,43160.84321497431,2.5006283390778483,240347.28374061116,126.63499179268109,178,1,12841.499179268108,3.1497907140016563,56605.05759949574,13296.713550800825,13502,29806.34404869491,-0.5056707960772532,0,96.62896191249006,1,1,1,1,1,1,1,0.9140227436789785,1,0.948193475014392,0,0.16996745685980938,1,1,1,1,1,1,1,0.34922292096920615,30148.309674499127,1005471.5100246631,19619.828907686366,994943.0292578503,60.900000000000006,609,1,1,1,1,24.113705383013848,0,-0.44065712646067573,5961.325918957365,5824.2306835185245,0,47478.50728015485,0.9060212044939115,1.0235387715371222,0,0
630,9815967,3191832,1873715,1088811,3661609,0.937790134017116,0,0.42541844424087333,0,0,0,0,15705,15630,16966,0.19687407600950396,8.744867017557127,0.022513101184299153,1.7008401515855394,1.602817318031388,5.523048694093164,33.58745150976016,5.0568171991539925,3.4458379204915763,20.95525867602487,0.7854934914886582,315651.5164141963,492660.77504989906,247942.21172187655,2900285865.2446623,0.39909393808198423,0,2630534383.24102,2630534383.24102,1932509.4332660248,2630534383.24102,185149213.58449072,1798413014.635241,646972155.021288,0,0,0,2628601873.807767,0.9666532645676394,1.2256327753354415,7,35,336636,643310,332973,614295,0.989118810822372,0.9548973278823585,0.9863192770797978,5448,19039,3240.9417536834167,6615.086959367577,66.88826327421957,462.5240929307105,0,0,0,22,0.9899445134267408,0.9994221270845405,0.9899445237291978,1,0.9999999855283205,0.9994891857890051,0,770010.4107545351,32.51499726601279,0.0001451862020160502,4.512594135409444,7195.894632070985,10908.654849660656,23805.772946314843,3712.760217589671,16609.87831424386,0.34034995778651544,0.6977248061510678,1.0642117019389945,13722.66152032639,2.727017281792544,140733.0322979613,88.13999999999996,226,1,9039.999999999996,3.279017226476524,40793.85098410135,10010.461766292206,9340,21443.389217809145,-0.36337624806051805,0,3.5399844864583048,1,1,1,1,1,1,1,0.15543907911057114,0.14366917690451814,0.5048096705119312,1,1,0,1,1,1,1,1,1,0.46695258541570955,30151.027800929696,1008261.1872192323,16071.927416344639,994182.0868346472,59.300000000000004,593,1,1,1,1,10.468786090543555,0,-0.44686997094465475,5545.141437459523,5335.335684182165,102.94468847394552,31077.11805105909,0.6596500422134846,1.0393238149755741,0,0
660,9817200,2962459,2096832,1081989,3675920,0.9404299930563393,0,0.3621439240833651,0,0,0,0,15630,15718,16951,0.14894321981436598,7.473289455585224,0.019930075062602057,1.401146627490273,1.6410747132106323,4.190011970422822,30.49185472694463,4.651146244801439,2.5532121948460205,18.580418357242092,0.7814282765139913,327860.19302845,789061.6229372504,256199.2255757662,3022110521.2901244,0.32643101332408614,0,2630534383.24102,2630534383.24102,1462205.3775628204,2630534383.24102,185149213.58449072,1798413014.635241,646972155.021288,0,0,0,2629072177.863469,0.9685480509757217,1.228232675588433,7,35,375205,802846,370205,770794,0.98667395157314,0.9600770259800758,0.9796294183791535,5433,18927,3415.410941972194,7594.849387917933,57.98144831480177,470.7388067871334,0,0,0,20,0.9831599619920663,0.9993200964067528,0.9831599619920663,1,0.9999999806237587,1,0,726545.1301924299,25.470491391926895,0.0019577865167980843,4.4665182409778135,6814.713167651404,11423.616089636218,44660.23779898578,4608.902921984814,37845.524631334374,0.40345394013775754,0.8474098324705704,1.157635706636694,14779.083007541,2.9917627820933923,188928.99284027342,140.233933457224,226,1,14249.3933457224,3.13838144216913,63645.17530153697,14453.368742206345,14745,34446.806559330624,-0.5318685974560357,0,5.797804199430266,1,1,1,1,1,1,1,0.6831540887197994,1,0.21816439474847682,0,0.1619657404072398,1,0,1,1,1,1,1,0.563373351545988,29100.29021592757,1008824.9965765122,12705.962186019533,992430.6685466042,59.300000000000004,593,1,1,0.9689364712253912,0.9689364712253912,27.37639814674335,0,-0.5560934343536843,5907.081143767009,5953.061476186289,109.25955658177578,55934.64146591978,0.5965460598622425,0.9922761872016251,0,0
690,9818708,2866608,2186608,1075313,3690179,0.9430612109199369,0,0.2633164260883522,0,0,0,0,15718,15430,16938,0.1947247588465638,7.269794320098558,0.026785456406684675,1.3751855418457803,1.2632850691205348,4.006564252354558,27.888411146905025,4.254526103243189,3.1715440562784614,22.076102875434273,0.8107064717397324,336679.54118239554,707430.45236245,272948.28293893184,2814017285.4750934,0.3168328922372242,0,2631550479.922178,2631550479.922178,1911945.5474863674,2631550479.9221773,186165310.26564822,1798413014.635241,646972155.021288,0,0,0,2629638534.374704,0.9982909718647769,1.2504276668050651,7,35,444608,598675,444608,596892,1,0.9970217563786695,1,5421,18745,3607.442534616078,5433.258468831119,73.71858296838447,537.4240962982906,0,0,0,21,0.9912579440424174,0.9987947117667085,0.99125794449949,1,0.9999999688182053,1,0,716664.7770643705,27.52433133228499,0.006715712180973441,4.064782429003482,3675.9361238175243,11051.103112016932,21616.891069901547,7375.166988199408,17940.95494608402,0.6673693036290356,0.8299507495351288,1.0913981679669162,36186.66323916813,2.6229990002889996,182846.4974874129,72.43393345722392,226,1,7469.393345722392,2.964307157858197,30361.458827007908,6543.526576095516,8337,15480.932250912392,-0.30950440396789874,0,20.512804544964066,1,1,1,1,1,1,1,0.6583179253595944,1,0.1000393836317244,1,0.15497261416327235,0,0,1,1,1,1,1,1,36350.95575014932,1010071.8301599361,0,973720.8744097868,57.800000000000004,578,1,1,0.9891776341180541,0.9891776341180541,14.091118177196613,0,-0.5624491860052109,4921.16551552602,5016.857721347696,275.29740457374777,27208.11800437862,0.33263069637096443,0.9809258681157157,0,0
720,9820268,3447890,1837825,1068685,3465868,0.8578882894745554,0,0.2918599638753975,0,0,0,0,15175,15094,16654,0.1893018450305021,6.169646151139162,0.03068277181432025,1.4263655570816731,1.188462370277469,3.4931067974355936,23.739721299866634,4.278229575912338,2.9391816558904273,19.97515604496939,0.8437348470075823,362510.6146957573,722573.8918208563,305862.8380289494,2166830725.825051,0.2874508364112717,0,2631550479.922178,2631550479.922178,1858994.8510954832,2631550479.9221773,186165310.26564822,1798413014.635241,646972155.021288,0,0,0,2629691485.0710945,0.9960638611891837,1.2598699996829732,7,35,330771,448419,330774,445349,1.0000090697189294,0.9931537245299598,1,5390,18524,2617.36945735559,4123.700373607115,114.88502955354171,448.1566061962618,0,0,1,21,0.9896597180436733,0.9996734488340058,0.9896597180930276,1,0.9999999913323905,1,0,769349.6833368168,39.650915297540045,0.001737634160611357,4.046491024226727,3814.9165461262623,6244.327028866881,24582.472262029543,2429.4104827406186,20767.55571590328,0.3890588163479754,0.8448115183264605,1.0480208405916356,16288.309464346281,2.836337458660764,189329.59223740402,72.93545666006145,226,1,7519.545666006145,2.9562697275696332,30427.774043756854,6394.698965817849,7766,16267.075077939004,-0.5118802336101993,0,25.43639198771451,1,1,1,1,1,1,1,0.1643076908940273,1,0.852469520724003,1,0.6227136654872739,0,1,1,1,1,1,1,0.9704562758564711,101867.82629348352,931204.1478221007,3009.5549591156014,832345.8764877327,57.800000000000004,578,1,1,1,1,29.895549449129177,0,-0.5686144659125285,3709.075789557289,3729.1362598930054,70.27061247085032,31475.70029960376,0.6109411836520247,0.9946206121370604,0,0
750,9821378,3255204,2023947,1061617,3480610,0.8604086149458502,0,0.11398961287969844,0,0,0,0,15332,16054,17164,0.2895921808915049,6.109962010133746,0.04739672364757728,1.466741087737686,1.1660175019803283,3.7927630560659,22.132089270728763,4.275618776398866,3.2527496796783817,18.980923728108973,0.6192842250809947,359592.08109143574,349565.1984002092,222689.703283972,2500730065.623325,0.27661540046318434,0,2557596943.966101,2557596943.966101,2844194.2743819878,2557596943.966101,122407875.33735545,2240811988.0553436,194377080.57340273,0,0,0,2554752749.6917334,0.9920072700709615,1.2850363036529355,7,35,448407,701513,445083,695646,0.992587091637731,0.9916366482160701,1,5351,18361,3282.135099000715,5143.936905216271,66.29311264540479,556.3048802124903,0,0,0,18,0.9870177632873303,0.9992500000000456,0.9877698703345631,0.9992478960777671,0.9999999919750003,0.9995081967213412,0,691891.8143696182,24.2613912461108,0.001969739232899989,4.033428200936799,7528.802922908468,7528.802922908468,39292.42946571659,0,31763.62654280812,0,0.8083904959483991,1.0966716853498406,13876.831769534652,2.477902404932078,185059.70643574672,131.49955324370896,220,1,13369.955324370894,2.774808281739072,53926.75485058268,10036.587892213574,16070,27820.166958369104,-0.6462475004500686,0,2.8752547626552376,1,1,1,1,1,1,1,0.7589807598508616,0,0.15743122976188226,0,0.38133308220063683,0,0,1,1,1,1,1,0,41896.0983407609,857150.4134045457,41896.0983407609,857150.4134045457,56.300000000000004,563,1,1,1,1,15.740217289490587,0,-0.408120585834996,4625.881180590412,4632.830745248547,0,50864.14195986628,1,0.998499931242845,0,0
780,9822649,3157000,2115650,1054710,3495289,0.8629434914132362,0,0.04428966864790887,0,0,0,0,16054,15884,17155,0.23774032478313897,6.507648135809889,0.036532449176979315,2.0643398763592096,1.4407453472886351,5.091543157832429,28.76645322959254,4.918708792133351,3.5339646714211477,19.966368993471782,0.8637255048408381,337116.39917638886,371655.80390208826,291176.032068752,2744868599.688829,0.3134333381657192,0,2665481070.435258,2665481070.435258,2335239.763492835,2665481070.4352593,105746011.70240599,2351570789.9806423,208164268.75221145,0,0,0,2663145830.67178,0.9696142419132692,1.2924455599262035,7,35,495217,683164,494919,647656,0.999398243598261,0.9480241933122939,1,5351,18210,4647.161201942787,6042.114032831509,45.02176890066437,341.3261749858665,0,0,0,17,0.905929058789914,0.9990705417065717,0.9796627205740341,0.9262663382158941,0.9999999610931006,0.9999344262295082,0,749155.1242098527,26.22690411429806,0.002017342734070613,4.118015321062352,1005.0508065446404,12489.719530339473,12698.226132315778,11484.668723794832,11693.175325771137,0.9195297537223941,0.9208510861224244,1.1501569992315155,44210.20216838544,2.5996430731601445,175726.44459545484,71.44609455538544,220,1,7076.228254111348,3.000366421468708,29140.016365764826,6249.871601450031,7321,15569.144764314795,-0.13971668103836996,0,16.794565007215947,1,1,1,1,1,1,1,0.9526273661129658,0.14071239248239184,0.253082277174483,0,1,1,0,0.05065351352663226,1,1,0.05065351352663226,1,1,17126.754061522013,871028.8096659249,0,853902.0556044029,54.800000000000004,548,1,1,1,1,2.2633667594705162,0,-0.6333203326367568,4814.227755658976,5591.75365864202,804.2134458043607,20055.10971944403,0.0804702462776058,0.8609513311121311,0,0
810,9823893,3382092,1884005,1047876,3509920,0.8654979199965364,0,0.17204973160004178,0,0,0,0,15884,15896,17140,0.3503876854361242,7.173667272749046,0.04884359311828675,2.858474312914425,2.2555500275769442,7.191789652048647,36.89488396476441,5.266167253300351,3.1884859852895953,16.35737780748727,0.846816029120935,331595.0474514907,280800.0013590391,280800.0013590394,2927424146.316259,0.36207594873588334,0,2828649380.8612633,2828649380.8612633,3442171.130244302,2828649380.8612647,106132791.44164237,2514352320.667411,208164268.75221145,0,0,0,2825207209.7310343,0.9616051703814397,1.253607179453176,7,35,442718,669463,440562,628917,0.9951300828066625,0.9394350397258698,0.9973671555662419,5351,18061,4351.50557646786,7025.770337763783,45.63362218808517,468.20665898908754,0,0,0,20,0.985610648991968,0.999246972152403,0.985610649118315,1,0.9999999670167963,0.9996243176617516,0,754671.3834514803,28.225757904605153,0.0005303314417365057,4.516670354292276,10007.909575518235,15111.350860990991,28680.40317213208,5103.441285472756,18672.493596613844,0.33772237389093857,0.6510540833246503,1.1073071934900138,31474.681850463872,2.930152305933235,151176.20702099253,89.93166443632768,220,1,9213.166443632768,3.340606157292975,41612.83574511652,10550.41703356621,9519,21543.418711550312,-0.3369064043237148,0,19.98948685752956,1,1,1,1,1,1,1,1,0.8372867089468005,0.868047264935179,1,0,1,0,1,1,1,1,1,0.6847159945874051,23771.09064067321,887370.2285563778,7494.644670217298,871093.7825859219,54.800000000000004,548,1,1,1,1,19.016446427478638,0,-0.5223064407287344,6002.304088770017,6162.791863072763,408.8538179630929,33218.91185797662,0.6622776261090614,0.9739585924904616,0,0
840,9825299,3252901,2006708,1041140,3524550,0.8680664285120814,0,0.3866948300246715,0,0,0,0,15896,15725,17131,0.16561366624971274,5.994624240452998,0.027627030420375065,2.4927991295898804,3.2228248702426416,7.705779199600733,42.227397675509955,5.204820180784929,2.3910015312189694,13.102603888101036,0.7843622348933007,329792.6067113577,464060.397948221,258676.8660514079,3132694913.6409454,0.3394781444618649,0,3123223382.1834993,3123223382.1834993,1627203.7893918564,3123223382.1835003,107251311.44164237,2797239635.5223227,218732435.21953553,0,0,0,3121596178.394122,0.9485584796577474,1.2142592475648804,7,35,347880,723142,340986,674941,0.9801828216626423,0.9333450414994565,0.9779086426560247,5321,17929,3510.4546335064742,7502.094612228488,51.947794709251674,362.9731561372674,0,0,0,20,0.9774025857871337,0.9996028497253574,0.9774025857873803,1,0.9999999892115566,0.9995057074354387,0,761742.9431496339,29.992034591053645,0.0001881659200212328,4.894148531112926,3800.994287658876,10757.748450250552,37317.051949217275,6956.7541625916765,33516.0576615584,0.6466738086285752,0.8981432324066907,1.1262087329401254,11469.2290632751,2.7963060451019657,172967.26672852345,118.9759864161018,220,1,12117.59864161018,3.546382981055702,59305.32759245245,15820.292276400836,12750,30735.03531605161,-0.4328022158502852,0,21.84772893772596,1,1,1,1,1,1,1,0.5569621615315535,0.7915432888180653,0.1417913484165717,1,0.35695587875394663,1,1,1,1,1,1,1,0.4593907673324465,26100.08475318664,891615.7170243915,14109.946790978342,879625.5790621833,53.400000000000006,534,1,1,1,1,5.764474223565535,0,-0.5196165452250924,5564.734146809978,5863.9641294365565,327.9900874225154,47570.26525258017,0.3533261913714249,0.9489713824945701,0,0
870,9826829,3290337,1962807,1034482,3539203,0.8706566962565656,0,0.5601415447120984,0,0,0,0,15725,15590,17120,0.16598687326664993,6.821408573316518,0.024333225532911944,1.4422584315158822,3.754204303340307,8.091091955016864,38.33670766849865,5.509352981908295,2.1552082149119607,10.21167325240891,0.7116306822491667,326288.58065002464,669156.4422468431,232196.96525808927,2959475525.6600447,0.3624366150636149,0,3112165377.504245,3112165377.504245,1631124.6198382834,3112165377.5042458,104998143.42902774,2785320568.588559,221846665.48665935,0,0,0,3110534252.8844213,0.9743646742707918,1.1796830074935212,7,35,280457,646233,280457,622477,1,0.9632392650947877,1,5306,17836,2773.531422238284,6699.44132392293,84.21344970309714,451.76469237028147,0,0,0,21,0.9894488180639922,0.9996076620778294,0.989448838198568,1,0.9999999892382359,1,0,764960.4039943345,33.887766060169824,0.00024066334411674097,5.290744516603253,6684.955841106643,9417.460700596343,6684.955841106644,2732.5048594897,9.094947017729282e-13,0.2901530408634112,1.3605096628766486e-16,1.1277856051340869,16868.266413030662,3.970054025589621,118083.8262564355,85.14370885396113,214,1,7923.392982143223,3.5346146085689156,41920.64797316695,10222.418608907838,9527,22171.229364259118,0.11108542084262968,0,0,1,1,1,1,1,1,1,0.8705425269447293,0,0.13552176101643498,1,0.8500329683173254,1,1,1,1,1,1,1,0.5526189939795474,25893.98619103549,893808.5694066053,11584.477592025163,879499.060807595,53.400000000000006,534,1,1,1,1,22.7294228772019,0,-0.6197177845836332,5283.087658957256,5147.682131445055,11.293955800509593,15233.31528687755,0.7098469591365888,1.026304174200086,0,0
900,9828340,2785796,2460839,1027889,3553816,0.8732654358460232,0,0.24293372409734154,0,0,0,0,15590,15597,17108,4.107026741320503,7.808280727879864,0.5259834891253532,1.3287866073099746,2.000881520162125,7.9859147063442295,36.433501015099274,6.819434656482484,3.9911981923333255,18.208724828518175,0.9221873536538273,343820.2452301072,1021340.9686086792,317066.6820813625,4756371335.209933,0.4288341805682674,0,3128450004.3512588,3128450004.3512588,40365255.202797756,3128450004.35126,104894630.36839293,2801236397.419318,222318976.56354946,0,0,0,3088084749.1484804,0.9842420223354134,1.1508183597976565,7,35,492060,1266224,492060,1238517,1,0.9781184055901642,1,5306,17719,3425.4064823162616,10754.09131141126,137.76817073004264,369.5526331567705,0,0,1,12,0.9422196604301443,0.999915952316155,0.9704375188245333,0.971782147547259,0.9999999978367221,1,0,660575.4314749708,15.268327996384345,0.0037850760993359696,5.414386168272331,12743.987088304717,16607.067714466302,26158.43822778934,3863.0806261615853,13414.451139484621,0.23261666012215285,0.5128154449692574,1.3039731100332732,94130.92024277136,6.385836733728388,274249.0976499141,179.1639703075516,214,1,17713.403528611783,3.431118493026482,95907.20705834194,23224.19780452331,20604,52079.00925381863,-0.06993263058601491,0,0.06993263058601491,1,1,1,1,1,1,1,0.025687282192642234,0.18439932460975386,0.9796163972047826,0,0.6523243490951312,1,0,1,0.9944497722664075,1,1,1,0,29567.38596484866,892067.2997195525,29567.38596484866,892067.2997195525,52,520,1,1,0.9217142215090373,0.9217142215090373,9.904101357221649,0,-0.4342096421304682,7740.601905651462,7727.917642640292,300.4939301247288,41459.96548868667,0.7673833398778471,1.0016413558733057,0,0
930,9829925,2848628,2391509,1021424,3568364,0.8758908402585658,0,0.2358550967908437,0,0,0,0,15597,15514,17099,0.6552848096537386,7.04775307185166,0.09297783321480292,1.3230119860656817,1.462892621558111,6.047972315154293,49.40438435930625,6.757038114182119,4.1342558066310175,33.77170930473774,0.7892451972321013,337413.5929142324,363201.25717334787,266302.0576883853,4634645436.682987,0.3470134958680422,0,2881737912.204186,2881737912.204186,6441400.532543713,2881737912.2041883,77700405.80256847,2581718529.83807,222318976.56354946,0,0,0,2875296511.671664,0.9704004963796324,1.155433503718153,7,35,378808,1050743,378808,1008429,1,0.959729448590188,1,5236,17576,2606.774447045123,9754.7150930385,115.43789154717263,398.0526567997398,0,0,0,10,0.9438804152515624,0.9926335679808929,0.9613068725044078,0.9775075075448554,0.9999976482994011,0.998404759023655,0,770338.7973019711,22.21217563551062,0.0022308184860252286,6.971810972781883,1727.2486949969102,14365.853425244946,20099.16890238205,12638.604730248037,18371.92020738514,0.8797670668168147,0.9140636757974503,1.3414127763092518,52819.92916930352,3.730311600757569,224353.56516842233,147.96240088562226,214,0.999440595246609,13869.838213261823,5.440410178933315,96697.89024592824,38015.408565641876,15414,43268.481680286364,-0.06981468379469027,0,8.267177585951949,0.9494471592908919,0.9494471628912637,1,0.9999999998249434,1,0.9494471628912637,1,0.7076598556303776,0,0.36916355848702437,0,0.9842284602816532,1,1,1,1,1,1,1,1,136148.98599539357,765251.4770788699,0,629102.4910834763,52,520,0.9836672476598419,1,0.9369148204742853,0.9369135895470587,24.37033939649913,0,-0.4340571169958328,5356.850137922101,6487.219462032594,1385.5602321942426,32881.123182000316,0.12023293318318537,0.8257544190194049,0,0
960,9831690,2804489,2429282,1015031,3582888,0.8785097781312938,0,0.29409104932500646,0,0,0,0,15514,15322,17087,0.32702246370964594,6.014612652804005,0.054371325734033506,1.4466078948774734,1.7534436061391248,6.790327349852034,56.67676194845023,7.866953807230319,3.8725667173314635,32.32311649488731,0.899284320509417,328474.68750691746,561745.6785012231,295392.1361592013,4915329555.304582,0.31562828604796694,0,2952581770.3218164,2952581770.3218164,3215183.486237423,2952581770.3218184,78000340.71598634,2652262453.042283,222318976.56354946,0,0,0,2949366586.8356004,0.9605803662748263,1.159238596844472,7,35,320892,935487,320893,885960,1.0000031163132768,0.9470575219110474,1,5236,17363,2751.3173507757588,8968.076053676175,149.46445324863703,225.91103741086354,0,0,1,7,0.9260959808851805,1,0.9399398508286984,0.9823325875600822,1,1,0,753579.52121578,24.97667971876542,0.000579716240595622,9.182774756622468,8973.40902990027,11711.447184031787,52290.7013429234,2738.0381541315182,43317.29231302313,0.23379161525526515,0.8283937908758866,1.5193187187709223,47941.21888072399,2.597159618538545,309236.0205872538,193.10024672484056,214,1,19524.024672484054,6.752059431946641,179284.72091016083,73009.69219679176,20595,85680.02871336907,-0.5377072893781513,0.22454338166612686,6.502771276054801,1,1,1,1,1,1,1,1,0.4031802942555263,0.18252616803714627,0,0.3866895440108189,0.4074914603453267,0.3702570526866828,1,0.7696758522224836,1,1,1,0,299745.38319655653,518767.01368487254,299745.38319655653,518767.01368487254,50.7,507,1,1,1,1,6.743964643050326,0,-0.20814851489929823,6296.123984304823,6201.373516406622,0,67778.79090327477,0.7662083847447348,1.0152789487115275,0,0
990,9833428,2881071,2346269,1008754,3597334,0.8811533208094365,0,0.19382658866686278,0,0,0,0,15322,15332,17070,0.6346209893497107,6.25643113115304,0.10143498362664022,1.7333914877011933,2.163267529602842,10.630250910561058,55.10819085073455,8.834341474222123,4.913978860724954,25.474514870036423,0.9794073821971166,330142.01841073646,415848.7189873025,323343.5300049317,5366440626.266384,0.3196781900698922,0,4488803360.931473,4488803360.931473,6240499.806067351,4488803360.931474,78299109.32325052,4188185275.044675,222318976.56354946,0,0,0,4482562861.125429,0.9763760731733674,1.1698207304347927,7,35,464935,775079,454919,755801,0.9784572036951402,0.9751276966605985,0.9975904887285257,5206,17278,4076.1647209722933,8013.885518052953,110.04131610669724,340.0174877967827,0,0,0,7,0.9333740425101196,0.9983214672179459,0.959859643428597,0.9716599073466465,0.9999998674132069,0.9998770491803705,0,699318.4274761886,23.104216581081957,0.0001244295773190907,11.740875729896233,5658.591256940505,14366.763750964756,46498.323162858855,8708.17249402425,40839.73190591835,0.6061332005573962,0.8783054770142684,1.9174863627169523,20630.192141920357,2.4956130418125064,177802.66228844694,128.90024672484097,214,1,13104.024672484096,9.716965678449082,153852.72524112996,77874.3802868427,14059,61919.344954287255,-0.35252117328640153,0,19.750203148806687,1,1,1,1,1,1,1,0.7821366569078022,0.5179246868933512,0.4637864284229327,1,0.6903067923486285,0.4205554346048727,0.44435792845074135,1,0.8817098792797586,1,1,1,0.631823955970498,258254.75630647872,163171.5417777563,95083.21452872243,0,211.10493827354134,507,1,1,0.998172122816991,0.998172122816991,5.315052932471499,0,0.21547103320290556,4835.6027277678795,6486.73282868711,1997.507353002192,56533.87994973328,0.3938667994426038,0.7454604429494573,0,0
1020,9835287,2676481,2544523,1002482,3611801,0.8837922744361046,0,0.1439181009591776,0,0,0,0,15332,15206,17065,1.4302367998492747,7.330024346147071,0.19512033416383665,2.9958982007544375,2.6683336894547254,15.386437035168042,77.2008365656235,13.472596053173692,5.766309174888941,28.93222720633547,1,326661.62137456116,332143.6592278837,326661.62137456116,5983545536.634196,0.46087382163551976,0,6508907704.729899,6508907704.729899,14066789.404487511,6508907704.729899,79073573.71932532,6207515154.447026,222318976.56354946,0,0,0,6494840915.325434,0.9732678014864541,1.1973776655244122,7,35,518296,883160,512500,851492,0.9888172009816785,0.9641423977535214,0.9982367624409156,5253,17155,4581.890665729883,9571.641013981241,84.03249386974878,283.90126007823505,0,0,0,4,0.8836092040498917,0.9992848336330289,0.9729526671135307,0.908305710080145,0.9999997298225839,0.9997031322003674,0,741717.0168070574,21.751359738387247,0.0007673943407065969,19.49259709149182,14697.346061902517,17571.919100688483,16864.956255950812,2874.5730387859658,2167.610194048295,0.16358902077311166,0.12852747206405898,2.3319592007959216,11812.665552942542,3.0441083372363966,260900.0731185027,123.4308436130073,214,1,11942.321811662108,13.577088295173368,232786.86741166413,103233.88527347398,13296,116256.98213819016,0.03754877916990871,0,23.532113841718086,1,1,1,1,1,1,1,0.052148599927926274,0.9337674755811896,0.7915327524172048,0,0.9575550252713234,0.349927656395033,0.366588408831152,1,0.8915515691139237,1,1,1,0.589741852408719,279332.4403394378,166868.82349176658,114598.40953580977,2134.79268813855,507,507,0.9992598113615158,1,0.8699013108898139,0.8699013108898139,0,6.413561456784589,0.35150549675565496,9182.01211713513,7043.884384531468,99.55101995247782,23529.472524683093,0.8364109792268883,1.3035438425563939,0,0
1050,9837192,3151782,2062866,996323,3626221,0.8864536973540688,0,0.2660928515297276,0,0,0,0,15206,15142,17047,0.5108929863401961,6.318088355908929,0.08086195658571133,3.0246472883459257,2.684047376272636,19.53877291771668,80.95413968019646,12.544087735559676,7.279593158616438,30.16121861180346,0.7926163470456636,312807.16627686005,258035.87372769683,247936.07346407033,7350119760.625182,0.43904890218551285,0,9960780569.465172,9960780569.465172,5025752.398090746,9960780569.46517,82910296.03635721,9655203504.104853,222666769.3239619,0,0,0,9955754817.0671,0.9741430045587515,1.220578110284653,7,35,443979,940830,437841,911161,0.9861750217915712,0.9684650787070991,0.987566654231858,5239,17074,3980.401809274711,9767.051729275523,56.3759955423753,377.3927413331446,0,0,0,6,0.9560138112276906,1,0.9799790742558196,0.9760347369718708,1,0.9997253548016938,0,742072.5471893421,22.00360109738435,0.0010634541412330393,15.976593731646686,12816.806359423681,13841.624583240091,15064.227222643003,1024.81822381641,2247.420863219322,0.07403886860631191,0.14918925677390404,2.3169486033458004,26571.89622621313,2.5757481656339305,189454.69676764178,99.61523482059938,214,1,10010.008639062062,10.116903050966123,159925.8412765681,59195.99583097922,10733,89996.84544558887,-0.16144546771633334,0,29.244997985064273,1,1,1,1,1,1,1,0.7136261828709848,0.18960581695020126,0.6437470392806645,0,0.06775471681481986,0.5193698114737755,0.3241308754216415,1,1,1,1,1,0.015853353859273434,205898.62292266323,188426.11312812916,202634.43919433313,185161.92939979906,507,507,1,1,0.8759477895258481,0.8759477895258481,0,12.240481384894386,0.06186370172413769,7422.47504235835,7429.1129138998385,0,25204.02193448902,0.9259611313936881,0.9991065054982448,0,0
1080,9839225,3391327,1995828,990233,3461837,0.8264232233897113,0,0.34237189844605925,0,0,0,0,14908,14752,16785,0.3913365678116421,6.0166796685611565,0.06504194827863044,1.5799685186364363,2.8218694646157556,21.417039989796667,64.17867749995071,9.72775264102719,7.589663610720191,22.74331903183541,0.714908715077395,312738.8106733424,373891.1897126906,223579.7012933119,5722296070.69788,0.4139899124213865,0,9961224659.306797,9961224659.306797,3850448.541435231,9961224659.306797,83354385.87798338,9655203504.104853,222666769.3239619,0,0,0,9957374210.765385,0.9494180943061021,1.2591445817956577,7,35,372996,817489,372997,757271,1.000002680993898,0.926337846747785,1,5239,16982,3223.7833296707727,8781.60822575611,102.19175801064358,378.0446938543552,0,0,0,10,0.9816086145754077,0.9995524100357981,0.9816086145754077,1,0.9999999871932644,1,0,733266.3754226665,25.950177318040204,0.00022825848238425728,12.166551437486488,7854.251644259798,10859.210551070497,27790.348973704142,3004.958906810699,19936.097329444343,0.276719830845758,0.7173748465090644,2.1703459991209058,27193.42363684818,2.9372997851486997,128780.1611983673,108.80104548941732,208,1,11088.104548941732,8.66999901599374,134903.9943389275,54857.35261253769,12470,67576.64172638982,-0.4269659217415721,0,2.1980353199757463,1,1,1,1,1,1,1,0,0,0.1547319010422697,1,0.1461512280962346,1,0.9125168726282672,1,1,1,1,1,0.2135625623958732,157719.64571918815,249122.03057067888,124036.63403922901,215439.01889071974,505.96814900437977,507,1,1,0.8945700534940852,0.8945700534940852,0.4611843184138748,11.159878056241988,-0.20372689916895997,6419.420536619218,6444.466148138447,85.93878377103796,39361.18743261227,0.723280169154242,0.996113625094227,0,0
1110,9840941,3384940,1995245,984071,3476685,0.8291082927445803,0,0.5033040615841397,0,0,0,0,14967,15555,17271,0.23010683401203869,5.636179268032507,0.04082674149794476,1.3513647345455309,3.0851082239624246,21.081757644512802,59.26575055620788,8.62157975622198,6.833393227753935,19.21026630310189,0.6605364638853135,322403.8983432626,565643.737482811,212959.5309544988,4286717541.821994,0.3777478155672541,0,8806693008.989294,8806693008.989294,2264467.7772179027,8806693008.989296,22981846.53951259,8694345398.982452,89365763.46733065,0,0,0,8804428541.212101,0.9766482892021625,1.2980575147961892,7,35,310720,811125,310720,784928,1,0.9677028817999692,1,5239,16885,2593.237526809667,8190.724992596823,147.54796984194348,469.5776251792679,0,0,0,14,0.9892124753120756,0.9974182519475241,0.9913774400268605,0.9978352155351964,0.9999998191219561,0.998307050457393,0,730974.6268258381,26.686476927839532,0.00004899311851844773,12.299453136361258,8078.782619418136,8844.65974995733,25763.379291217876,765.8771305391947,17684.59667179974,0.0865920399643287,0.6864237983651469,1.8165713426241825,32385.58566579673,3.4272487822044035,248084.5797709039,121.75124282661673,208,0.9900000007524957,12383.111899540187,7.55586984440255,152305.50449071196,49157.94408975039,14945.564171984493,88201.99622897708,-0.46617639659791255,0,4.048709715080477,0.9999990000002258,1,1,0.9999990000002258,1,1,1,0.8868447693249999,1,0.06975308309450717,0,0.2940402044182389,0,1,1,1,1,1,1,0,83974.17797808231,350870.6414137245,83974.17797808231,350870.6414137245,366.8054582447985,507,1,1,1,1,13.065811392751307,9.659878056241967,-0.4722173748887598,5930.570093689444,5887.366421929002,0,39155.0446577943,0.9134079600356713,1.0073383697674259,0,0
1140,9842670,3544614,1828543,978043,3491470,0.8318225207266418,0,0.5868144776602521,0,0,0,0,15555,15534,17263,0.15901166430433744,6.144044605165256,0.02588061684491311,1.3386901430809797,2.3291719144012024,12.261015165752037,47.927113266724206,7.023777113375544,5.264109141082518,20.57688956765804,0.613069761071027,326216.2410204226,946138.8421555414,199993.31293987902,3828013896.384824,0.3726549832489549,0,8318083446.82642,8318083446.82642,1565099.3379069876,8318083446.826424,24730576.63340837,8213189885.11649,80162985.0765252,0,0,0,8316518347.488542,0.9976665025368757,1.3100678185726036,7,35,319894,661037,319894,658748,1,0.9965372588826344,1,5170,16753,2495.1786615479896,6770.74162075957,72.13695735734858,537.4229684613683,0,0,0,16,0.999514087045122,0.9991440233781619,0.9995140870460923,1,0.9999999497650345,1,0,739559.9910648491,30.228009468829217,0.000010515822400509448,8.587488494250183,3983.5876657905146,8067.375425617641,7794.090689004569,4083.787759827126,3810.5030232140543,0.5062102039852038,0.4888964184865954,1.2330976740259423,18371.659645514545,4.890103719132278,154508.14624458717,89.06778776672769,208,1,8547.062824524603,5.4823766523811255,73397.80366523849,21952.319921754086,9603.645611721236,41841.83813176317,0.0428653149409765,0,12.778917686800598,1,1,1,1,1,1,1,0.2594446443132904,1,0.7234403447503651,0,0.8722349211095412,0,0,1,1,1,1,1,0.9081801904656107,25074.08550352735,501297.78663498536,2302.2977551828735,478525.9988866409,214.7054582447987,507,1,1,1,1,28.837124643721616,8.159878056241945,-0.6552356996683487,4986.011366607178,5136.616881591221,190.92855193748576,17817.366975124558,0.4937897960147962,0.9706800179075478,0,0
1170,9844505,2916955,2449064,972229,3506257,0.8346012192651573,0,0.22038478326248281,0,0,0,0,15534,15417,17252,4.810990765918065,7.08154064867435,0.6793706348093438,1.3507293552734336,1.7537140926198524,5.302983418656134,38.03300343751855,8.29315849433232,3.0238585873105865,21.687117414162707,0.6426550137183874,338342.2655605389,1114548.9445381006,217437.3533153184,5738620570.387878,0.4465264925400705,0,8000442244.033634,8000442244.033634,47361822.65004698,8000442244.033639,25607756.894171987,7883924212.4723625,90910274.66710323,0,0,0,7953080421.383619,0.9837360259000488,1.3071279981743638,7,35,515026,1159411,514572,1132632,0.9991184911053034,0.9769029274347061,0.998517852547502,5170,16655,3612.054589505972,9580.837274010073,100.68307721976657,503.3377706045699,0,0,1,13,0.9737962493006996,1,0.9737962626671532,1,1,1,0,661042.4526611131,16.052473225201325,0.0037539617421616413,8.234162419143313,11093.2500200147,11367.129365405235,24810.660388700337,273.8793453905346,13717.410368685636,0.024093976287809307,0.552883726340998,1.248845434279089,35793.60040785235,8.368563842071332,225191.38229656994,166.98580734333652,208,1,16867.216107333596,3.7674663620100457,138887.39698657507,23893.83605090089,20948.114979643997,94045.44595603018,-0.21396169113316602,0,8.066033210205918,1,1,1,1,1,1,1,0.1908638984960393,1,0.973294801653289,1,0.8224636160584297,1,1,1,1,1,1,1,0.24426511242207313,9173.065083884663,586795.5413452629,6932.405309914582,584554.8815712929,61.00019008467575,494,1,1,1,1,16.041443120766047,6.659878056241948,-0.433680832568485,7646.840950631851,7228.030544111901,0,42239.41211560998,0.9759060237121907,1.0579425341334676,0,0
1200,9846321,3064013,2294767,966541,3521000,0.8374184049354517,0,0.08634866228072792,0,0,0,0,15417,15426,17242,1.2281213577872876,6.70012843137682,0.18329818157454617,1.6498170593827752,2.105881972391569,5.671849652128883,52.271277147299244,7.425588815045588,2.6933369136958714,24.821560672717457,0.8641766146376241,333417.0614751177,364997.3395571362,288131.2274479918,6473763752.551021,0.3641306654381211,0,7215127044.343696,7215127044.343696,12092477.115743028,7215127044.343701,27006277.142093323,7102760275.478836,85360491.72277226,0,0,0,7203034567.227993,0.9804065745450494,1.2985977631895032,7,35,462291,973854,462067,945939,0.9995154567144937,0.9713355390027664,0.9991126323128605,5170,16543,4205.358426650037,8100.084326355701,81.61368011426065,471.8744390741856,0,0,0,13,0.9788827369498805,0.9993958284888912,0.9788827369844528,1,0.9999999847411676,0.999891162132627,0,762988.4692231431,21.675716416638654,0.0008057457082266497,5.011101848694809,11868.464754588827,15256.267326482883,25355.733600428903,3387.8025718940553,13487.268845840075,0.22205972793969556,0.5319218547718112,1.3594804685552428,25142.793964443164,6.7208417760919374,229813.94318949987,104.58580734333631,208,1,10666.580734333631,3.519159798917833,53451.322437071685,13031.121208856108,14745.515087445368,25674.68614077021,-0.3323352562906099,0,22.6596866629454,1,1,1,1,1,1,1,0.5702601647434561,1,1,0,1,1,1,1,1,1,1,1,1,16659.87084936094,614271.9115554867,0,597612.0407061258,48.1,481,1,1,1,1,2.834666439575666,5.159878056241953,-0.5924110671505193,6693.572229888137,6733.822361454179,102.07785739047048,33673.74058484183,0.7779402720603045,0.9940226918077848,0,0
1230,9848155,3015420,2336143,960853,3535739,0.8402390105470121,0,0.12909044962878266,0,0,0,0,15426,15400,17234,0.453111311417698,6.172207984048363,0.07341154293386294,2.3448113817917813,2.897965731437196,7.089530040479937,55.387395383996726,7.3466600226342855,2.4463815991930336,19.112508744721527,0.7520054389096116,332353.55815754784,862674.7563506708,249931.68337543786,5733955180.403045,0.3379361606228347,0,7213099911.184546,7213099911.184546,4462310.427108157,7213099911.184552,25765086.785793953,7102760275.478836,84574548.91992283,0,0,0,7208637600.757472,0.9626730547365723,1.2967671174176052,7,35,404560,843600,398511,803059,0.985047953332015,0.9519428639165481,0.9826379366358523,5129,16369,3728.3603711396745,7613.521995019103,65.97559305381107,352.9039664381112,0,0,0,9,0.9614831236878102,0.9996985333552963,0.9614831237057544,1,0.9999999914132897,0.9997988437744434,0,746394.6815239758,24.847314148122067,0.00018160704504588293,5.395292441620381,9998.038206568312,12305.323990875706,30211.13472946039,2307.2857843073944,20213.09652289208,0.18750305038845197,0.6690611492716053,1.5943173541466713,12994.324515406197,3.4805100975739727,221474.50136141785,117.2014006623937,208,1,11928.14006623937,3.9173680934783484,64355.8039419705,17978.536135488008,15329.520195553669,31047.747610928825,-0.3782709214923694,0,23.992993739137088,1,1,1,1,1,1,1,0.7117818105423949,0.5892978515317491,0.7747416503872339,1,0.19373003274381667,0,1,1,1,1,1,1,0,133099.05684284004,517900.3630912788,133099.05684284004,517900.3630912788,48.1,481,1,1,1,1,17.030489893971694,3.6598780562419586,-0.36110284897511574,6131.614143372184,6115.730156043879,73.41292571288061,40244.05190986806,0.8124969496115481,1.0025972348228294,0,0
1260,9850134,2968758,2375635,955317,3550424,0.8430781568645869,0,0.27737015496105616,0,0,0,0,15400,15241,17220,0.43611427182865226,6.451157928666257,0.06760247953173526,2.01678186833055,2.7920679058960136,9.64796587584033,45.77593785641099,6.750787669765344,3.4554911273707587,16.394994462615283,0.8373152906720643,333482.8167929361,497121.97854310577,279230.2616771161,4481746540.49277,0.34958108596893933,0,7203557811.578686,7203557811.578686,4295784.016837993,7203557811.5786915,28069089.881941836,7087163497.174458,88325224.5222923,0,0,0,7199262027.561879,0.9763642963034228,1.3260893516627739,7,35,310406,832949,303866,812465,0.9789308196362184,0.9754078581041576,0.9787018255578094,5101,16259,2801.9070851363967,8764.922953011132,78.42750013382397,372.95368293965106,0,0,0,8,0.9630508284235282,0.9981562191290914,0.9630515729228888,0.9999992569863373,0.9999998484443487,0.9998460329483967,0,723227.1978073784,25.914435693620565,0.00006617750025650385,6.626257134397994,10687.457312424402,15742.22232641362,15823.910215024118,5054.765013989218,5136.452902599716,0.32109602501979084,0.32460073602559225,1.4175095138243046,24854.983649275033,2.9471030044503665,186350.35236950152,128.00856641940896,202,1,12277.133753225691,4.195504182453052,81351.44512227016,20588.899917396586,16888.84833728686,43873.69686758671,0.12316307668997568,0,0,1,1,1,1,1,1,1,0.8485045743563707,0.943141089920488,0.9681163707194753,0,0.35476569254237056,0.5152395374733009,0.6880248764338647,1,0.9706796112565511,1,1,1,1,198940.84375191046,323295.2158276066,0,124354.37207569616,48.1,481,1,1,1,1,27.674755528470627,2.159878056241964,-0.26220752262604335,5964.837676239855,6301.240167396256,662.627872135388,24618.078704803866,0.6789039749802092,0.946613288460737,0,0
1290,9852184,2818763,2518462,949876,3565083,0.8459375424494939,0,0.47897654027897363,0,0,0,0,15241,15156,17206,0.29540298999293185,5.0247484250796965,0.05878960795698872,1.367273969066283,2.4672164907341014,9.506739544028003,38.21710613001708,5.785974449573077,3.853224708788869,15.489968664503321,0.7248446416288223,330374.6162485676,793476.2143776467,239470.27031795267,3926434199.4695663,0.2897052304654467,0,7202657672.316909,7202657672.316909,2910364.611573768,7202657672.316915,27068089.567135185,7087163497.174458,88426085.57532205,0,0,0,7199747307.705372,0.9710063444786715,1.3606798584730353,7,35,299508,925967,299508,890436,1,0.9616282221720645,1,5078,16111,2228.5278119903437,9781.872877093343,97.74414844465154,344.97171971700624,0,0,0,5,0.9624532965829593,0.9978592173742775,0.9624534236127398,1,0.9999998571202038,0.9992701197890487,0,697265.9425604672,23.438613667885786,0.000373772101335053,6.130102254118523,11061.6378270718,17274.050202116094,14975.302895807818,6212.412375044294,3913.665068736018,0.3596384346667735,0.26134129613041807,1.4651297969233201,39473.97912111617,2.959092809341946,204499.10999222018,102.51013846382611,202,0.9900000026151873,9957.659117747558,4.151022885089668,61041.468603448164,16990.527658387364,14567.897191597325,29483.043753463477,0.01964305570474168,0,6.239846669092569,0.9999990000007846,1,1,0.9999990000007846,1,1,1,0.6274714238427954,0.785043329992266,0.03287869659818461,0,0.4749343337234764,0.6513425020926203,0.609765970141821,1,0.8198912768623656,1,1,1,0.30074113320594836,254523.47481182893,125253.73726515821,177977.79656940384,48708.05902273313,481,481,1,1,0.8142797368744612,0.8142797368744612,17.76395613600262,1.9926526629998214,0.33692021951806195,5961.75388592326,6511.242018818002,736.0977880890613,21732.417306865947,0.6403615653332265,0.9156093213388969,0,0
1320,9854233,2814179,2515853,944462,3579739,0.8488131028106398,0,0.26149085830714,0,0,0,0,15156,15142,17191,1.2840742456161156,6.486678040166668,0.1979556003342387,1.3862595293469209,3.0296089555786576,8.91414762761504,44.07992582383575,6.723249736448211,2.9423426449808705,14.54970805478638,0.680212558677794,345579.06328745163,1231237.2632560823,235067.21886423277,4979065495.590851,0.3387438955191131,0,7745395009.09899,7745395009.09899,12653566.805614203,7745395009.098997,31294353.54707908,7615087685.561721,99012969.9901966,0,0,0,7732741442.293412,0.9914826685308388,1.3651287464166948,7,35,473257,1214713,473257,1200336,1,0.9881642824272071,1,5053,16092,3710.155312266639,11356.536117527714,69.92308129969621,465.3139348497235,0,0,0,7,0.9779048262118881,0.9996962598269767,0.9779048262118881,1,0.9999999913854619,1,0,677768.7688379722,16.199130107211783,0.0026228433683895625,6.940305734704672,7489.827857079014,13981.206278024853,17414.356544003924,6491.378420945838,9924.52868692491,0.4642931583914007,0.5699049897047218,1.2336390032525328,68632.03077762004,5.1098351179418,263988.66263204074,146.42838338723928,202,1,14581.872251526956,4.6516097390513345,101202.65161000346,30383.72736047688,19379.795606524058,51439.12864300252,-0.07777532646859435,0,4.4936101497772984,1,1,1,1,1,1,1,0.13281983946257925,1,0.9510152105254348,0,1,1,1,1,0.8550740336228523,1,1,1,0.8187214281104381,208231.65724218969,170483.7197951288,37747.93744706089,0,481,481,1,1,0.8219660531266813,0.8219660531266813,2.7639561360026192,10.168136376501018,0.14565187591443413,8294.691400496173,8285.827001188143,36.95907997397663,33952.348727954966,0.5357068416085994,1.0010698267423106,0,0
1350,9856399,2975714,2347258,939092,3594335,0.8516721485666278,0.0003190879748429059,0.3160947311518016,0.1397992333969692,0.004787549692336928,0,0,15142,15022,17188,0.27552802713786567,8.675524210300381,0.03175923672839659,1.4888892411216408,2.3820363364383046,7.26320370859307,48.42100090322916,6.6248934004680216,3.0491573942374197,20.327566025138708,0.4754525090803893,328535.78762840544,1191659.6261818428,156203.1645506273,5356895595.039864,0.38702298763015786,0,6222055605.023838,6222055605.023838,2715714.1711672368,6222055605.023844,31570836.209269762,6091245304.4287195,99239464.38585508,0,0,0,6219339890.852707,0.9968042469281031,1.3607012274474755,7,35,338583,987552,337519,984378,0.9968574913684385,0.9967859920287742,0.9947974221813666,5026,16029,2970.767052031409,9329.1779340996,73.0405109389764,483.48842564713414,0,0,0,6,0.992218158807989,0.9991083568055942,0.9922181589173705,1,0.9999999495478761,1,0,759020.4295170766,22.96761183411647,0.0005629638586070659,6.416010074193197,1525.019566989441,10864.114535097471,11534.91951550608,9339.094968108031,10009.899948516639,0.8596278084088003,0.8677910526432889,1.3602419032410424,43366.33529854628,3.427289282501431,172210.52252045012,121.08470930334181,202,1,11929.763303528856,4.037669590581454,76541.48153818146,19020.066998387003,14941.505118536887,42579.909421257566,-0.004936406374869533,0,9.303155829951084,1,1,1,1,1,1,1,1,0.9777340456779423,0.9479863457108928,0,0.29979890182466123,1,1,1,1,1,1,1,0,113896.64388149345,245410.9523298298,113896.64388149345,245410.9523298298,458.5222585429903,481,1,1,1,1,2.042646097424037,10.215185984492045,-0.3041273749999039,6665.823069093748,6796.729426596943,218.9809731406738,26628.149017825577,0.14037219159119982,0.9807398015594188,0,0
1380,9858752,2976210,2339709,933945,3608888,0.854571523757228,0.011572900668356756,0.44187995320532125,0.39374463374152335,0.15134400378465754,0.0005253200405081698,0,15022,14819,17172,0.22877804448396952,6.634902317899757,0.03448099663302775,1.924954883744373,2.1005642988624103,6.439130271287731,37.992760627643015,5.485765615898048,3.065428787290602,18.086930568237555,0.5450971250377877,325273.56964675325,854382.2243432021,177305.6876652238,4230832454.2960362,0.2945680540603911,0,4207573480.1155243,4207573480.1155243,2255466.0036260476,4207573480.1155305,35739210.80541764,4071915425.0263686,99918844.28374404,0,0,0,4205318014.111933,0.9931183577288605,1.3647128566074727,7,35,286275,726274,282491,723090,0.9867819404418828,0.9956159796440461,0.9814338704296116,5026,15761,3003.3173247434647,6992.646996308994,96.78912610078308,363.1085645510383,0,0,0,8,0.9852825420377604,0.9999084204873838,0.9852825420377604,1,0.9999999977872429,1,0,715279.8160016283,28.452399796799195,0.001208325392703311,5.762853461826273,7676.613675163833,10652.605273495392,10950.529572001247,2975.9915983315586,3273.915896837414,0.2793674901046117,0.2989732939682016,1.3590474574779516,36145.189128041595,3.098878916308116,176584.49529041757,100.5712049462587,202,1,9871.05802186599,3.835008646247289,56885.460893198426,14473.985423052543,11772.39490404085,30639.080566105033,0.009072306048028306,0,11.927232320224151,1,1,1,1,1,1,1,0,1,0.7396680398016868,0,0.416016792673699,1,1,1,1,1,1,1,1,133269.66829794907,344362.32822040934,0,211092.65992246027,315.40715408647947,481,1,1,1,1,16.1948017321209,8.715185984492024,-0.4289684223405228,5442.910471468935,5516.6622335686225,125.51771425285222,21281.622137068243,0.7206325098953883,0.9866310897827111,0,0
1410,9860665,2835610,2473307,928306,3623442,0.8573778795185534,0.020231432449372155,0.4652361109885454,0.3830357606123172,0.20865894947247474,0.022888010088569076,0,14819,15249,17162,0.29934410259085087,5.460851756208038,0.054816375897871375,1.9256074715879314,1.8858686875465125,5.417884655355054,33.4439190333619,4.821747516093487,2.8728854193998217,17.733959556257307,0.7655388440998037,337691.7366224335,1499293.8319521581,258516.1417159931,3779707308.247483,0.2550255008678126,0,2138944150.0439363,2138944150.0439363,2951731.9153873418,2138944150.043942,137358011.80722824,624227075.3685403,1377359062.8681736,0,0,0,2135992418.1285844,0.9949798798824675,1.3920947426469628,7,35,477846,682684,472936,681768,0.9897247230279211,0.9986582371931962,0.9970175847656698,4985,15641,4227.261277441786,5672.0695068308,64.6302234520825,454.88318894106203,0,0,0,6,0.9902512662486733,1,0.9902512662486733,1,1,0.999852480572539,0,695365.0633307104,24.08808017745536,0.0007171403128323305,5.1637209964363935,7990.0974187757165,7990.097418775716,23116.734936308294,0,15126.637517532577,0,0.6543587387756014,1.1237351613375284,34617.32172292608,2.889778981804828,198576.69102175982,111.14850140801155,202,1,11316.850140801154,3.092119603169111,58437.056685579075,10886.275000921989,13701.674994233501,33849.106690423585,-0.4774862694946926,0,11.228228915565431,1,1,1,1,1,1,1,0.26668778757847156,0.24648045497331114,0.11627615805527557,0.8884099340774271,1,1,0,1,1,1,1,1,0.965268036720346,55877.4889869224,415248.3876539045,1940.7348956530623,361311.63356263516,172.9312915348297,468,1,1,1,1,0,7.215185984492017,-0.47853265330413364,5534.359534056214,5479.341929229509,0,35689.70396250596,1.0000000000000002,1.0100409146823297,0,0
1440,9862268,3265876,2208510,922341,3465541,0.8015295231282559,0.009928004642871463,0.4604211894559694,0.18841033467587137,0.2475832131108179,0,0,15030,15312,16915,0.35353532121877096,4.9849712537595146,0.07092023267980639,1.4777142176127456,1.3815455700372896,5.365968041432496,28.052279839626177,4.627735591889206,3.8840326065304254,20.30499785748581,0.8534581095755048,346557.6192731828,461032.26174963306,295772.41060387815,2802411525.6725874,0.25129198361328947,0,2139375899.2083044,2139375899.2083044,3486660.08533911,2139375899.2083101,137416661.96560207,624227075.3685403,1377732161.874168,0,0,0,2135889239.1230004,0.9942701701031273,1.4386499485142399,7,35,438233,605428,437819,599862,0.9990552970679981,0.9908065038286964,1.0000034034095358,4945,15458,3751.0400986459204,5367.579736070419,83.50416744031597,468.126638241862,0,0,0,12,0.9705767074089927,0.9999214573243492,0.9955767414921894,0.975,0.9999999978518328,0.9994990454113565,0,751201.7813474891,28.956944623539954,0.00015392611031998278,4.154390794650118,8258.49057967003,11354.172468054363,8258.49057967003,3095.6818883843334,0,0.2726470728795267,0,1.0589875880732083,11031.49565817987,2.666615396500333,190521.29177493902,61.56819914500966,202,1,5841.657553017319,2.825565658971852,24268.528363753485,4640.867229365991,8082.498229121276,11545.162905266217,0.06820284715211306,0,22.587727103414725,1,1,1,1,1,1,1,0.4554372155024629,1,0.6264029064733679,0,0.5192159017057719,0,0,1,1,1,1,1,0.43806579660403056,17120.715787768477,440759.01321773604,9620.715787768477,433259.01321773604,46.800000000000004,468,1,1,1,1,16.463154984440244,5.715185984492022,-0.6504535215526983,6361.821546158571,4888.168076032459,2.7731408716663966,11094.15361804938,0.7273529271204733,1.3014735678488005,0,0
1470,9863938,3127926,2338732,916757,3480523,0.8043817630442585,0.003636178609790219,0.18988363027522684,0.07499478839779675,0.24674952336480624,0,0,15517,15717,17387,2.0068070984091,6.8679896128487306,0.2921971656239458,1.4005823914808149,1.451945086357771,7.131392597652524,35.30355041437543,6.218138651810179,4.9116131626863,24.3146595185187,0.8498971009043298,385297.8558116758,777694.500371056,327463.53063899773,3944732872.3846736,0.37414926754833067,0,2143718115.6688418,2143718115.6688418,19795020.796679165,2143718115.6688476,138504943.6482242,624227075.3685403,1380986096.6520832,0,0,0,2123923094.872197,0.9800633691985394,1.4128180062122364,7,35,552845,1174177,549963,1142628,0.9947869656051878,0.973130967477646,1,4945,15373,4488.519367791523,9838.78792432838,85.65744515306575,423.960663120999,0,0,0,12,0.9374248822668372,0.9988588476581537,0.9874250036270776,0.95,0.9999999370068275,0.9991772974086541,0,566215.7229462886,13.381040616340005,0.01199255638411837,4.278909461793576,14509.290136843738,19780.763021995244,14509.29013684374,5271.4728851515065,1.8189894035458565e-12,0.26649492131774116,1.2536722240648144e-16,1.2126136937518095,41704.107524929175,4.958572766003936,324712.059876416,107.95543411232543,202,0.992,10433.122557011553,2.908945079021295,44642.38682524872,9779.514151856889,15226.619091621478,19636.253581770354,0.07956654610215107,0,21.26050534738622,0.999999271,1,1,0.999999488,1,1,1,0.154007452853069,0.9288586304543696,0.026181052152727324,1,0.2714716044929215,1,0,0,1,1,0,1,1,52432.21035737319,434915.0193873765,0,382482.8090300033,45.6,456,0.9984494786704152,1,1,0.9999999834084531,1.7901920328654135,4.215185984492027,-0.5926005321377732,9236.405871943976,7750.557368972323,176.05329498451349,19234.664540464186,0.7335050786822589,1.1917086000704833,0,0
1500,9866021,3153396,2305407,911774,3495444,0.8073597819888353,0.0013060255205047673,0.15590417044311086,0.0271227286736804,0.2459583250430949,0,0,15717,15291,17374,0.4828703835532154,5.426874234416759,0.08897762555301059,1.473294750055049,1.6742343372967936,8.216229117938337,51.69092615233814,6.681438686897449,4.907454670416209,30.874367465069394,0.8363106929504818,351601.76542014437,739200.9106935111,294048.3160811337,4731762827.212355,0.34129183364974813,0,2169932314.777256,2169932314.777256,4764009.34442608,2169932314.7772613,137041095.68838343,657772158.3789556,1375119060.7099223,0,0,0,2165168305.432864,0.969495841525344,1.3868949088722762,7,35,443237,1246926,443237,1195369,1,0.9586527187659893,1,4945,15349,3775.9963185837782,11282.555823140834,100.49383570170939,270.81934483959276,0,0,0,8,0.9779353753777098,0.9997482777832849,0.983376603119002,0.9945587726685741,0.9999999805717369,0.9999715482692882,0,760861.4785476287,18.573384414499365,0.003187596441305724,5.54270996063159,12211.991605102676,19078.943755459026,43865.89727864284,6866.95215035635,31653.90567354017,0.3599230774183461,0.7216062508073129,1.1722506000519195,33722.52505322306,4.402198842981268,275186.29748457065,154.80797177240686,202,1,15682.797177240687,4.259412746944265,86925.19612485694,29771.520530811893,21297.87660097348,35855.79899307157,-0.3436793888641133,0,19.303321208137504,1,1,1,1,1,1,1,0.49480882306929297,0.03690366203853007,0.3959252123013719,0.5788761189759625,0.10407379875988715,0.6514642200537981,0.7097605266445979,1,1,1,1,1,0.3017806400481379,70104.62320290405,419598.6567343408,48948.40514239813,398442.4386738349,45.6,456,1,1,1,1,17.564643137818347,2.7151859844920327,-0.38906301701392004,7864.699125886862,8117.181763453877,553.2291666903204,54732.250015540885,0.6400769225816539,0.9688952834955882,0,0
1530,9868292,3030570,2420542,906844,3510336,0.8103264067955309,0.00046914596852094933,0.2548753098785743,0.00980924710133187,0.2451794089595241,0,0,15291,15092,17363,0.46439304324182973,5.05179850074276,0.09192627995228839,1.7341764480349193,2.2888269707168822,12.53402429714878,62.59125101814704,7.553766247492399,5.476178172272675,27.34643195791374,0.8811973966809024,344101.7853189301,956751.0607783264,303221.59741629194,5220940685.040406,0.35323934300141724,0,2156514316.6109324,2156514316.6109324,4582766.1534905415,2156514316.6109376,136793935.53999478,654163318.083059,1365557062.9878843,0,0,0,2151931550.457475,0.9684119209679785,1.3534326598217061,7,35,419689,1100758,419689,1052730,1,0.9563682480617901,1,4945,15275,3692.621998250393,11433.742279683203,122.14949582371142,249.3245030866939,0,0,0,2,0.9538924020770484,0.9983159282058182,0.9584278662301777,0.9923221516719947,0.9999997268473868,1,0,751078.351573353,20.40392990238113,0.0006841817601107662,8.860223063109023,7562.522142912778,18173.550055070882,19607.708122117376,10611.027912158104,12045.185979204598,0.5838720492145869,0.6143087149291916,1.2123941174421566,53551.04208911702,3.6751284234041566,200880.7674082123,146.5200978459997,202,1,14465.602584771937,6.358380394888384,128168.46564336582,49060.16814798489,14983,64125.29749538093,-0.008958160474942191,0,21.29865046309981,1,1,1,1,1,1,1,0,0.5026868593158663,0.29443559120707913,0.31776059812236124,0.674668905330164,0,0.3242619448649313,1,0.8433201850903826,1,1,1,0.6759791330207958,281697.5930651872,190421.6947342502,91275.89833093702,0,144.08254757643945,456,1,1,0.8816839627610159,0.8816839627610159,21.689639668346896,1.2151859844920345,0.14284289396429192,7530.796981941843,8178.213359475292,1617.344215154847,32491.902465599953,0.4161279507854131,0.9208364530153336,0,0
1560,9870662,3294235,2148895,902376,3525156,0.8134165452598046,0.00016853653042467939,0.5068955199236638,0.003547627152586601,0.2444250446423958,0,0,15092,14980,17350,0.21145798245858066,4.376068893839832,0.048321447305422656,1.8058901116536075,2.9855473285175336,18.9563817742328,71.65671026671804,8.987142367515645,6.349382437573196,24.001197228482393,0.5687957218993241,326964.3711405127,564347.8515298442,185975.93551822647,5225856438.724371,0.37423942608314487,0,4143408953.1279902,4143408953.1279902,2087230.272062186,4143408953.1279955,140556735.29207343,2636920642.112869,1365931575.723054,0,0,0,4141321722.8559613,0.982924293419038,1.3278373402328936,7,35,271694,888258,271694,868451,1,0.9777012984966079,1,4910,15264,2506.306038088587,10726.317538374575,112.25157805054191,280.01917525604824,0,0,0,3,0.8886797287804459,0.9991220441069038,0.9675345661482236,0.9128593887953776,0.9999999763191869,0.9999676530329801,0,753796.2004332945,26.445625790870267,0.00014685192730247814,12.291733359119178,10761.756313245718,19017.435915312493,24125.40691034083,8255.679602066775,13363.650597095111,0.4341110777935869,0.553924360602891,1.4478120987201586,30211.39620976268,4.522163318303132,228561.03671090183,103.62273788050418,202,1,10484.547994657762,9.266112375466328,128873.26834122089,58284.57321948358,12663,57925.69512173731,-0.14692751346020694,0,26.98803744798309,1,1,1,1,1,1,1,1,0.6920868631548933,0.48714076332879774,0,0.7039408597741765,0.30218575909122386,0,1,0.9087484404869001,1,1,1,0.553706352803284,300522.4092226669,166401.16714633885,134121.24207632802,0,456,456,1,1,0.931948796449374,0.9319485427205453,6.689639668346896,7.504490986167696,0.32536685901908724,7780.52737211332,6751.931021288174,471.48860095175564,28773.006438780754,0.5658889222064131,1.1523410632576196,0,0
1590,9873022,3146806,2288368,897892,3539956,0.816505230559316,0.00006054875867260449,0.5881180833014457,0.0012830402052019742,0.243674226594451,0,0,14980,14979,17339,0.2664704121254588,3.931128783001032,0.06778470684494714,1.3364377711383346,3.248561015280685,22.57809410082101,87.06669922961675,10.850527028536586,6.950183171754339,26.801620415953284,0.8118583581249706,329439.07728187414,713194.281245508,267457.86838426767,5921171146.057176,0.3656937083605666,0,5506713628.115989,5506713628.115989,2630868.2412753133,5506713628.115994,141600735.29207343,3999506537.120988,1365606355.7029335,0,0,0,5504082759.874746,0.9921422361287495,1.2971928758138525,7,35,343606,929657,343606,919652,1,0.9892379662606746,1,4867,15202,2297.23694877185,10509.76695614133,91.79139220896997,319.79597722726396,0,0,0,4,0.9125226873356398,0.998438918280347,0.9741105591758712,0.9384121324606,0.9999999586950828,0.9999426229508581,0,705771.9957470476,22.34767547870815,0.00003152011615884199,19.828541719926115,3160.8908090083414,14775.348464717248,31475.277855585227,11614.457655708906,28314.387046576885,0.7860699653509775,0.8995754438289272,1.8208035686779653,33130.98967691525,4.255233702882006,154825.52495050308,127.34541372410614,202,1,12936.541372410613,14.78604089172202,256512.75031439407,122250.01522836942,13577.448575282491,120685.28651074215,-0.24983398943648383,0,24.20912462104676,1,1,1,1,1,1,1,0.05599949002051237,0.8521494412452614,0.3225628561553201,0.6734182402623666,0,0.37080613508277716,0,1,0.8837941302839959,1,1,1,0.6177815169335575,256220.21383264277,164666.94371852488,97932.10146207223,6378.831347954343,456,456,0.9994211513433184,1,0.8981317498743592,0.8981317498743592,0,16.453876273146868,0.3090589735673454,6178.313491812766,6588.31764230122,654.3613699597141,42622.14653234453,0.21393003464902244,0.9377680050129998,0,0
1620,9875355,3226018,2201075,893485,3554777,0.819639906668266,0.00002175383366033148,0.39328916673498376,0.0004640262624454414,0.24292949468652014,0,0,14979,14997,17330,0.6672412948783422,5.012780020416169,0.13310803429649534,1.3351432716608724,3.6124056585682953,16.943646436624345,81.91295146499561,12.293556550937334,4.690405241846404,22.67545763325489,0.9417594939395099,371882.4342748494,719280.2901220612,350223.81310767523,7627998925.923715,0.34133822569162153,0,6004693516.8123255,6004693516.8123255,6589244.657594751,6004693516.812334,141163021.04680985,4499588948.573634,1363941547.1918893,0,0,0,5998104272.154765,0.9975121652138692,1.3051260850742177,7,35,454610,987206,454610,983619,1,0.9963665131694904,1,4843,15153,3396.4438155937614,9671.45724600602,60.644947750231324,464.77781748123795,0,0,1,4,0.9902375076081871,1,0.9902375203592516,1,1,1,0,724934.8295955162,20.161874905749116,0.0014483473015256586,24.54510795095808,10992.214963421951,13765.039838903642,22996.49273533504,2772.8248754816905,12004.277771913088,0.20143965494708954,0.5220047208967666,1.8486748091737164,17592.2685302529,4.506842195190951,180289.44462016172,160.15830395269168,202,1,16000.18940461235,14.287469909102722,392726.3761719858,143415.88055051732,18550.081135019842,230760.41448644866,-0.0857702775757235,0,23.709235420966113,1,1,1,1,1,1,1,0.992638260130711,1,0.8570373797540665,1,1,0,0.6546167443938363,1,1,1,1,1,0.01264568505010279,201959.84876805037,191399.12065047794,199405.9281277632,188845.20001019078,456,456,1,1,0.9308243739004919,0.9308243739004919,0,21.014395400923295,0.042606747480251575,8248.891772439296,7233.040278977146,0,37313.11562406653,0.7985603450529105,1.1404459887240952,0,0
1650,9877750,3410898,2008166,889149,3569537,0.8227778819368068,0.000007815553859226535,0.22968729306228663,0.0001678204403619528,0.24219462934372707,0,0,14997,14926,17321,0.49173750241677056,7.370511217150789,0.06671687864371245,1.3666574032070293,2.585659193417157,11.744811811103729,56.99893727549632,8.47249418810068,4.542289193024705,22.04425758066268,0.7903446684105085,336856.3254109829,486627.61713740346,266232.60080892564,6059127356.445947,0.3662341920206447,0,6013650447.18662,6013650447.18662,4857260.114508601,6013650447.186627,141042961.04680985,4508301947.656336,1364305538.483482,0,0,0,6008793187.072146,0.999905385145858,1.3371875901257968,7,35,320100,705109,320015,705097,0.9997344579818807,0.9999829813546558,0.9996159493956851,4804,14962,2700.4181829700296,6817.611278543048,69.61998282865801,426.65201469877746,0,0,1,10,0.9996003236316582,0.9990607937605256,0.999600438161815,1,0.9999999512393745,0.9987834751315475,0,732158.7198550722,28.568925926340622,0.00031087147455955577,11.333817754745873,7160.060029543912,7971.443281468037,28683.550684102338,811.383251924125,21523.490654558427,0.1017862416220691,0.7503774860930197,1.5133884670913251,16249.858817081124,4.065001312878517,170307.476288871,96.60112660756222,196,0.9930000000485286,9856.107614426632,7.987330956285216,111707.32747307455,43956.06946160874,13835.046428050511,53916.211583415294,-0.568904944289192,0,10.662294375635435,0.9999994880000093,1,1,0.9999996570000071,1,1,1,0.6818326820707457,0,0.8250116668709233,0,0.9484997511580133,0,0,1,1,1,1,1,0.030064004511604896,117900.27468930362,269679.5467916471,114355.72029912495,266134.9924014684,427.9629145904195,456,0.993,1,1,0.999999488,2.6056814279968967,19.864847557345353,-0.29005531631813897,5363.3915556413795,5286.461960348737,0,39114.58376304711,0.8982137583779309,1.0145521893223965,0,0
1680,9880328,3198595,2212494,884982,3584257,0.8259407671912253,0.0000028080248138607754,0.14514230465767097,0.000060694194451097814,0.24146961517876733,0,0,14926,14729,17307,0.7353511694175144,7.860233612996913,0.09355334785490468,1.5491210125039805,2.422614385056146,8.962125550214793,61.06198543340215,8.25177934117769,3.6993611552451378,25.204995813639155,0.865755958588384,333981.82196454814,839366.2988313412,289146.75242601236,6032766670.393377,0.40845249661070143,0,5417191864.417267,5417191864.417267,7265510.749038021,5417191864.417274,140488328.4096258,3909833836.06486,1366869699.942789,0,0,0,5409926353.66826,0.9928268368591431,1.3740351340033456,7,35,501555,779191,494474,777085,0.9858819072683953,0.9972971967078675,0.9827502815874909,4804,14886,4078.3311988891633,6526.082792210591,68.74519945874371,571.0515799680545,0,0,0,10,0.9874333898168928,0.99985,0.9874333898168928,1,0.9999999976,0.9998688524590162,0,678686.7418560339,21.349752291668224,0.00237244751785538,10.796363833242514,7291.743310896991,8692.557061600672,27041.093905284266,1400.8137507036809,19749.350594387273,0.16115094106103356,0.7303458456067834,1.459958201050628,35271.268493444986,3.9696890903814825,193589.4601743825,143.99789538729928,196,1,14595.789538729929,5.909637753468562,157581.45429356323,42133.1281939747,21285.82856072431,94162.49753886423,-0.36111892197027756,0,12.48510561067404,1,1,1,1,1,1,1,0.6166919775647167,1,0.4505875010071486,1,0.7181149233924043,1,1,1,1,1,1,1,1,72385.9017512366,359175.95819465676,0,286790.0564434202,291.1629145904194,456,1,1,1,1,19.00371012795127,18.364847557345332,-0.6047625999558205,5885.686692053378,5841.281074526793,0,42082.95768695092,0.8388490589389664,1.0076020340332932,0,0
1710,9882882,3037180,2365753,880941,3599008,0.8291698231312511,0.0000010088835813215342,0.06307682260971428,0.000021950754223517318,0.24075780728738844,0,0,14729,14739,17293,1.5943146561144057,8.067739582966079,0.1976160285937565,2.2478389162841284,3.1573723343738407,7.823261688581518,89.63546490596865,10.837968053151995,2.4777760935607236,28.389260249771855,0.7521564198601164,325595.24716293183,951847.8680422762,244898.55542954052,6971306353.46054,0.5482473092259612,0,5410072078.910102,5410072078.910102,15756423.617260275,5410072078.9101095,142097197.14017093,3897753395.1954694,1370221486.574469,0,0,0,5394315655.292876,0.9822998231438776,1.4089712551916524,7,35,494443,947407,480119,936210,0.9710300277281709,0.9881814257230525,0.9809996613515675,4804,14746,4394.319192398896,7769.627463464965,49.59368427669163,476.0941994446483,0,0,0,11,0.9278815291901287,0.997375971773535,0.975509090773737,0.95,0.9999997611701226,1,0,738771.9857305379,20.864417398232696,0.0005092192027519684,5.849011664055824,3286.6043590480463,14839.654067019168,18598.2852489234,11553.049707971122,15311.680889875353,0.778525540810789,0.8232845493517582,1.6796730973954561,22504.462534960767,4.3443937186569554,241145.81739800159,85.52126642168619,196,1,8715.789538729934,4.084192869614683,50978.754673487114,13823.582495740862,12659.782543256828,24495.389634489424,-0.20820754879985032,0,29.240413802315548,1,1,1,1,1,1,1,0.8768083425078457,0.9934733681967227,0.9528163322566388,1,0.6071597523681863,0,0,1,1,1,1,1,1,51900.14685597227,455836.15811955184,0,403936.0112635796,150.3007326275136,444,0.9939690815687842,1,1,0.9999999998925824,6.159839678018382,16.86484755734531,-0.5552269947599532,5386.555672425955,6614.133861659964,1478.720531079652,26843.476210954886,0.22147445918921102,0.8144007643465019,0,0
1740,9885579,3152557,2242572,876757,3613693,0.8323155943073836,3.6248255440753466e-7,0.14989984559030817,0.00000793874299410111,0.2400375334616212,0,0,14739,14581,17278,0.4882350519549151,8.852795353148686,0.05515038272981922,2.416708753527906,5.165657182429047,11.052924574165075,140.27582673511216,13.566175625589267,2.139693786061052,27.15546575801808,0.5263558107963461,322474.6967775171,573889.6176935588,169736.43048363586,7767470448.044678,0.7217618401601582,0,5411893692.541973,5411893692.541973,4826486.17667991,5411893692.541982,140490912.00498506,3897753395.1954694,1373649385.3415267,0,0,0,5407067206.365328,0.9642858970226309,1.4138737847380174,7,35,360591,1007496,352423,966804,0.9773482976557929,0.9596107577598323,0.9916828908239019,4779,14753,3493.571515768669,8833.766128367031,45.0511693222059,401.9753081906106,0,0,0,9,0.9375798061604378,0.9999175272974924,0.9652819534994512,0.9684409324550245,0.9999999978425003,0.9999590163934426,0,729448.419568629,22.11744967526071,0.00010929818025469044,5.394801172281895,8804.292998360306,10587.868412100634,32052.61230608698,1783.5754137403273,23248.319307726673,0.16845462602292258,0.725317458861588,1.8613081832769527,41450.00585364059,3.053920485016529,234134.41385083887,116.03507625495486,191,1,12103.264369618404,3.875684914683918,65294.70480965506,17616.887397280174,14988.896909557223,32688.92050281766,-0.4899055954555985,0,0,1,1,1,1,1,1,1,0.7409581644320798,0.7564348183965165,0.7631954179503491,0,0.8363505888509262,1,0,1,1,1,1,1,0.9368113306006494,47058.9408086963,469257.3307725908,2973.591853044323,425171.98181693885,44.400000000000006,444,1,1,1,1,22.13289699971416,15.36484755734529,-0.5839803075544149,6639.886042852394,6580.435587570653,13.095826104743772,43839.09153592875,0.8315453739770774,1.0090344255316521,0,0
1770,9888281,3105779,2281647,872520,3628335,0.835436997185669,1.302360597445671e-7,0.29024540084147676,0.0000028711378062293643,0.23931480102557764,0,0,14581,14571,17273,0.6434855586558877,12.790361557666499,0.0503101930117202,1.5504506897720574,7.231071860108852,18.43494154775567,136.08745722562628,15.051309409052756,2.5494064924806548,18.819818120792082,0.6199742734681453,347700.1673468869,780018.5353228861,215565.1586356387,9375491388.157867,0.8563187990659283,0,10187833180.93673,10187833180.93673,6362966.0234427,10187833180.936737,120945536.03768907,9481561664.220814,585325980.6782336,0,0,0,10181470214.91332,0.9620257638493861,1.4189838167947477,7,35,379674,1119869,379676,1062923,1.000005267677007,0.9491494094398542,1,4779,14687,3375.816876107135,10523.280618232153,81.89722055439393,315.17972171111006,0,0,0,9,0.9768266152840764,1,0.9768266153018879,1,1,0.9999755501001506,0,714400.1650669997,19.808697082612696,0.0007582199006131419,6.9443247975700215,11355.034968734548,13677.352748024836,23763.411730549575,2322.317779290288,12408.376761815027,0.1697929286517566,0.5221631010947458,2.0572061282482883,17809.60654836554,3.061204268065099,192016.9836397001,170.38630502640092,191,1,16999.78462621318,4.651134270022574,118052.0259331618,33906.25284640762,21806.940432208994,62338.832654545186,-0.11382333607993543,0,0.1254123137185621,1,1,1,1,1,1,1,0.7081276395943233,0.7281533995390144,0.3084150459266119,0,0.2967352014829533,0.9927843373193059,0,1,1,1,1,1,1,119031.33554992233,352482.0284303585,0,233450.6928804362,43.2,432,1,1,1,1,4.540266741837661,13.864847557345268,-0.3625712140200298,7637.873122565019,7531.641666540038,0,40437.44436549463,0.8302070713482435,1.014104688025311,0,0
1800,9891086,3436567,2128742,868412,3457365,0.7772752600080247,0.00297487720709878,0.5175701074866081,0.15523898965472727,0.2567214560666038,0,0,14375,14245,17050,0.4178589039092262,13.56333850371789,0.030807968391755876,1.4309648411033709,7.170529305312706,21.39140553074117,90.7825669424978,11.770048381550778,2.983239398365208,12.66051125057619,0.3849442817507269,323685.38043688156,499847.7733717067,124600.83628548619,8126748762.608569,0.7035164021937914,0,10187683287.038593,10187683287.038593,4133078.3544432814,10187683287.038603,120500216.03768907,9481561664.220814,585621406.7800988,0,0,0,10183550208.684193,0.9726103345192907,1.4567592943329448,7,35,222484,987790,222484,954641,1,0.9664412476336063,1,4746,14661,2082.449367459701,10398.467801462299,103.22652474331186,357.38728818200576,0,0,0,7,0.9796147377982051,0.9996987376814532,0.9796147377982051,1,0.9999999914179526,0.9999262295285403,0,767931.8899243766,26.09516881977281,0.00024608690404218206,7.027781582000682,3980.2914837550056,11927.00693414193,32407.712982588735,7946.715450386924,28427.42149883373,0.6662791003867761,0.8771807351572929,1.475879376279343,3548.9644064409213,3.5476846688380603,179854.5163870986,113.61932824968923,191,1,11552.932824968922,5.258324279681359,81191.48852540771,28196.19270498131,14758.64999450929,38236.64582591711,-0.3756950938773549,0,12.413074916019543,1,1,1,1,1,1,1,0.8406482103961841,0,0.6123127961358737,1,0.6412272768509713,0.5587253430619178,0.5689058110465304,1,1,1,1,1,0.49086473801286046,268834.0715963034,131961.16612305003,136872.90547325334,0,163.11267530399175,432,1,1,1,1,7.658258991344569,12.364847557345247,0.34773075658436947,6667.178826834085,6800.739603757701,161.11994600435082,43366.022897259114,0.33372089961322404,0.9803608453336726,0,0
1830,9893442,3342969,2213595,864481,3472397,0.7804963642999523,0.05895284483927106,0.5717297637984674,0.424980621737796,0.6587309047751025,0.014851454124863724,0,14444,15140,17496,0.2912776283289514,10.271265457107509,0.028358494826690818,1.383882733263042,4.500579192098072,20.541214526700088,61.73793269664584,8.325317228063689,4.564126893437514,13.717774993281468,0.4134481165202992,337195.98576704034,1802262.9149749086,139413.04521358846,6647097271.154468,0.5158182576907218,0,10188622890.95825,10188622890.95825,2881738.3217815976,10188622890.958258,119307394.71977401,9481561664.220814,587753832.0176697,0,0,0,10185741152.636507,0.9864718643360355,1.4758839294332216,7,35,365043,957460,365043,939569,1,0.9813141018945961,1,4707,14583,2488.940214370234,9771.775370779693,89.77416832078237,400.48601069646,0,0,1,6,0.9755525684489639,0.9993811298514986,0.9755526344624175,1,0.9999999703815046,0.9993518550803207,0,688207.3654655503,21.100752268584078,0.0011138611883601361,7.733033234842767,13250.28445510633,13929.165507595573,33289.160156043996,678.8810524892433,20038.875700937664,0.04873809935843246,0.6019639908908725,1.4223108684107961,51271.15673247163,3.880597786338049,187874.02568444327,145.42284900612503,191,0.9900000000305871,14733.270167327739,5.342019654971605,113932.86786186286,37227.888241528744,17476.46087774435,59228.51874258976,-0.34243728218464026,0,12.477085557373247,0.9999990000000092,1,1,0.9999990000000092,1,1,1,0.3162013704350286,0.8914331023259554,0.29571214994512784,0,1,0.5853888562857092,0.6618191127367631,1,0.9103528761666176,1,1,1,0.4462294244427513,309010.1415555842,137889.41761332145,171120.72394226276,0,432,432,0.9930000000285638,1,0.8035599526321916,0.8035595412095002,0,21.96217633644598,0.3611826163135397,6976.07154406294,6711.695555542279,13.733867529279387,44500.66744625652,0.9512619006415676,1.0393903427729747,0,0
1860,9895450,3263394,2284121,860499,3487436,0.7837626396683921,0.023067874178946998,0.3529343617555673,0.1781125539688845,0.6841439247330844,0,0,15140,15476,17484,0.5483038653257715,9.787008664670429,0.05602364155506091,1.4967454030796379,4.004817138306991,14.914683055218985,65.31769404684336,8.095835933373593,3.7241857843037662,16.309781892927067,0.648640363569545,346683.49857489817,1346340.5849363739,224872.91055918377,6719301268.532585,0.4560123535919872,0,10911854742.679256,10911854742.679256,5425713.484148991,10911854742.679264,121563661.72292808,10168965576.770618,621325504.1857183,0,0,0,10906429029.195139,0.9946170590622034,1.4981623939732829,7,35,459514,972417,459515,964708,1.000002176212259,0.992072331108979,1.0000033358463376,4656,14520,3466.65493376234,9009.580371333064,72.43737524871285,351.07125924355563,0,0,0,8,0.9863294449073428,0.9981388229235121,0.9863294506721892,1,0.9999998663226393,0.9990744259645815,0,738276.8257910019,20.734865980706726,0.0008236059736695769,8.774931800463605,4265.450848782278,12405.05983930455,9521.097948274171,8139.608990522272,5255.647099491894,0.6561523358986548,0.5520001083955397,1.4257240111281264,29337.539110577745,4.942426296873415,234152.29279545348,110.90592419973318,191,1,10784.102777532049,6.038463991987315,94629.76640203387,32653.649140340858,12529,49447.11726169301,0.026355405961849987,0,20.861363608375143,1,1,1,1,1,1,1,0.9560209890275209,0.10553220828647009,0.6862309651564509,0,0.24268088987331268,1,1,1,0.8780338916618872,1,1,1,0.5482666612499156,263995.55316337117,144739.96051770612,119255.59264566505,0,432,432,1,1,0.8414040129202629,0.8414040129202629,0,34.42888735301886,0.3314817932594101,6648.728977334149,6894.09920559059,353.3431467320912,22991.59828473631,0.3438476641013452,0.9644086600817313,0,0
1890,9897932,3073632,2464747,857109,3502444,0.7871532446587711,0.008500150142619355,0.14126019841321913,0.1409863718932065,0.6827353430999525,0,0,15476,14989,17471,1.7782530679180593,14.261605564607645,0.12468813976534775,2.174486487751752,3.578061101188988,8.254021045815865,79.4675550782549,10.270965185806203,2.3068418376290607,22.209669659315733,0.5846790473655148,365089.35853730276,1061643.2520862792,213460.09835287704,8398219159.083707,0.6454598005830856,0,10912336738.694439,10912336738.694439,17601027.94505342,10912336738.694448,121636212.76055183,10168965576.770618,621734949.1632785,0,0,0,10894735710.74941,0.9932842170852715,1.5163840410450735,7,35,522034,1053955,519107,1046298,0.9943930855078404,0.9927349839414397,0.9920953438942792,4644,14420,4286.283985208694,9350.103202177665,21.56957271439811,379.14485359467477,0,0,0,5,0.9690336564269568,0.9996446071733379,0.9752295805061906,0.9938040791776871,0.999999991743643,0.9999649203682055,0,629001.7127212712,16.072561738879617,0.0020610630529249545,8.043603715052088,11218.668360515128,14985.607093839755,11218.668360515128,3766.938733324627,0,0.25137044563734295,0,1.5716618567308718,4531.891761090635,7.643211297928372,217887.09066995184,137.28151623261417,191,1,13121.49958503175,4.700532397833452,105544.14280921582,26327.40646369852,14765,64451.7363455173,0.18605528234480379,0,18.805508075605395,1,1,1,1,1,1,1,0.2984063431276294,0,0.9784307568962127,1,0.21205119997326596,1,1,1,1,1,1,1,0.9843800092774904,152126.35538743873,197982.21463898756,2376.2122598009882,48232.071511349815,432,432,1,1,0.9424045506616961,0.9424045506616961,0,38.32728114367495,-0.14384590080159015,7517.355186713284,7523.9496406078915,40.8579792161649,24738.478439261606,0.7486295543626571,0.9991235382731676,0,0
1920,9900224,3204586,2324904,853328,3517406,0.7904407097218731,0.01605145158341178,0.14396041684531552,0.5704193979116049,0.6610740322643205,0.020253582141171754,0,14989,15169,17461,0.5075906786243991,17.68288786817689,0.02870519127918509,3.1675805408042894,3.0308354173166365,8.896372093598915,98.15621284278645,11.201835508340896,2.9352870970061966,32.385860440316975,0.3715567445899567,344742.5454191712,1730616.423239474,128091.41789760256,8890241643.022694,0.7705153010148498,0,8934622699.288668,8934622699.288668,5025261.418701528,8934622699.288675,121061292.76055183,8189420699.7642765,624140706.7638469,0,0,0,8929597437.86999,0.9905272188382196,1.5334858764242847,7,35,453108,966644,445826,960477,0.9839287763623683,0.993620195232164,0.9913537005098125,4620,14341,4081.802086780589,9224.583720180033,11.969035107937339,386.89607628530047,0,0,0,5,0.9767788628461593,0.9985849814259374,0.976778862909779,1,0.9999999362901585,0.9999183360552466,0,762357.5242233687,21.684018997993142,0.0008313291788785066,6.011785986041597,5544.5496873665215,14119.850169533172,20704.443502717684,8575.30048216665,15159.893815351163,0.6073223426031699,0.7322048435332861,1.696001527951369,20846.54893641083,5.687264810586693,238432.79705938732,106.3353874095678,191,1,10824.53874095678,4.218068719423082,65074.81030824832,17947.59089517498,12188.012971423106,34939.20644165023,-0.24200436502604247,0,26.976377915712956,1,1,1,1,1,1,1,0.33473064945687614,0,0.6963375890040804,0,0.3937572379614461,1,1,1,1,1,1,1,0.7242174289537151,103747.08277467203,294741.8003850854,28611.637226150793,219606.35483656416,340.06921141793083,432,1,1,1,1,9.617967333888762,36.82728114367504,-0.49711545601631324,6991.6809298493445,7322.633139249134,328.05091655337685,31826.03421216826,0.3926776573968302,0.9548042072972502,0,0
1950,9893426,3264989,2253978,843223,3531236,0.7926227861119662,0.20218089682393947,0.36383771692994366,0.7426611995899542,0.42890177780679817,0.3792332403355521,0,15169,24246,17448,0.4113082988864858,13.70224816083602,0.03001757770393428,3.901345764800246,3.3724679995096647,12.000689209917534,79.17973290892655,10.119256199396245,3.5584293792149717,23.47827553009807,0.4218986803677721,331933.3299920148,1010107.9992068434,140042.2338937113,7733490665.2084465,0.6363456090552835,0,7573089706.850181,7573089706.850181,4069248.218227221,7573089706.850188,120649092.76055183,6826834804.756158,625605809.3334786,0,0,0,7569020458.631981,0.9898958945922419,1.587905975999347,7,35,317023,1014416,316457,1001529,0.9982146405781284,0.987296138862163,0.9978519142748559,4620,14328,3162.3013764350403,10504.005388533968,62.2497889776418,411.12512469237424,0,0,0,4,0.9757793579991094,0.9997412458599062,0.9757793780442645,1,0.9999999829704747,1,0,657946.397124021,19.968236297624433,0.0010325222401718535,6.919333311192691,11262.649770934035,15678.837525617051,29065.610320323096,4416.1877546830165,17802.960549389063,0.28166550915956473,0.6125094347989994,1.9422716952627568,8386.806665098457,3.973141974405979,193816.45182005074,119.9983832479717,191,1,12190.83832479717,4.890439381880678,84352.47371213356,25988.77836212835,14784.212834380922,43579.482515624295,-0.2889723432014594,0,26.694554711701812,1,1,1,1,1,1,1,0.3821432267454026,0.728531113213005,0.746229641102811,0.39126807454404433,0.5295381423701101,0.980485030761519,1,1,1,1,1,1,0.42502618550511806,104617.62658347687,300059.2695415821,60152.39582010286,255594.03877820808,210.46921141793104,432,1,1,1,1,25.85670452150103,35.32728114367512,-0.48369006700223527,8300.125461960539,7533.034325176567,301.77364009974707,37352.020793675954,0.7183344908404353,1.1018302988770718,0,0
1980,9883052,3123009,2383562,832216,3544265,0.7947742796742292,0.21128962809857174,0.4006424403496736,0.6508021111457604,0.6106950565473095,0.37873482806728126,0,24246,27790,17416,0.42693683937215116,10.699177560233657,0.03990370633337048,3.1685898874635723,3.3987281388348762,13.202471664679528,58.65693178007254,9.06119979466964,3.8845330151076722,17.25849476156714,0.5489557553711185,340915.18748346553,1868684.4516394814,187147.3542624723,7116625140.515479,0.5306949410852673,0,7078935492.25924,7078935492.25924,4219438.98423865,7078935492.259247,120979212.76055183,6326433342.77713,631522936.7215638,0,0,0,7074716053.275027,0.985547386716628,1.6696653054647896,7,35,440681,1035661,440681,1014324,1,0.9793976986678073,1,4620,14305,3764.173039720663,10620.277343604504,106.6601173041588,342.55711357787374,0,0,0,3,0.9851576676890081,1,0.9851576676890081,1,1,0.99996725284578,0,721222.7632220797,19.82736178149435,0.002157208596724578,7.996006455905615,12073.4378359893,14740.091665343703,38157.99686654244,2666.6538293544036,26084.559030553137,0.18091161777671508,0.6835935104713138,1.6813920006745324,34736.130565585976,4.041965811681551,267765.66729199147,172.8159856453857,191,1,17472.59856453857,5.388484000152459,139711.01092349758,42896.97435794651,21721.149844887692,75092.88672066337,-0.41698327974696237,0,24.54948437741383,1,1,1,1,1,1,1,0.13644008193180138,1,0.5416567396570566,0.618732020929873,0.372901131632792,0,0,1,1,1,1,1,0.8324545176708444,231203.54986542944,192466.4395870131,38737.11027841634,0,216.87458273053895,421,1,1,1,1,1.313744472800459,33.82728114367521,0.07648662196294939,7945.257814527433,7907.898686597043,0,53999.11288576382,0.819088382223285,1.0047242800408798,0,0
2010,9859418,3405857,2081981,816968,3554612,0.7965942143335863,0.316512693325107,0.5561273809592446,0.6993412262210571,0.4777620747999527,0.5222379252000473,0,27790,40969,17335,0.30783217771287436,6.396087275276881,0.04812820158079356,1.5043889841087188,2.6156562204135656,11.545740199693961,44.45389150226478,7.61622248214111,4.414089324731079,16.99531121686783,0.6187871160910046,332029.935362862,1098612.8877698623,205455.84615906802,4807299380.371727,0.35316571462469304,0,7103691710.189544,7103691710.189544,3035046.1139295227,7103691710.189549,121100172.76055183,6350636049.611334,631955487.8176639,0,0,0,7100656664.075639,0.9951530680735102,1.746534281272493,7,35,293415,898473,293415,892696,1,0.9935702018869793,1,4538,14158,2404.5767521013513,9466.734381435634,84.56531695975801,309.2094502787006,0,0,0,3,0.9966178623009443,0.9985439285682624,0.9966179977821377,1,0.9999999278071645,0.9993462390639403,0,763333.25277311,25.742388453462116,0.00046302058676804173,7.164410000366767,7232.781593325142,13638.54216501097,34449.397431946694,6405.760571685827,27216.615838621554,0.4696807396408907,0.7900462088600189,1.3387466706689863,32353.473497586052,3.6953326218269407,226833.156291286,112.49200696356924,186,0.9900000000376695,11435.189261156356,5.340619893094766,81926.38429871526,27352.278227445742,14541.785843457063,40032.32022781245,-0.38214202613311615,0,8.231322210605027,0.9999990000000113,1,1,0.9999990000000113,1,1,1,1,1,1,1,1,0,0.8682197127803127,1,0.9724335544155187,1,1,1,0.3150964326951543,210494.62535118236,181457.75352411298,144168.5198015218,115131.64797445243,421,421,1,1,1,1,0,35.97810566957361,0.08981266650810235,6928.898594236893,6567.6426554435175,63.437820168774266,42907.19133076404,0.5303192603591093,1.055005419409345,0,0
2040,9850875,2993076,2481293,809388,3567118,0.7994539644660417,0.11590148582258405,0.22126565886120664,0.2653958929722961,1,0,0,40969,25864,17321,3.6852993896857145,9.047205461544783,0.4073411845624716,1.3340875987660028,1.6025507796813365,7.574295282248701,41.5169780737396,10.899964589067066,4.7263995489458575,25.90680969372787,0.8319085207073486,444213.1941144722,376415.59366922866,369544.7411944568,6399376355.798806,0.5268943412060402,0,7104324476.221539,7104324476.221539,36303423.62537099,7104324476.221544,122016506.50437413,6350636049.611334,631671920.1058363,0,0,0,7068021052.59619,0.9971402744484646,1.7618831257342538,7,35,497928,1192444,496634,1188904,0.9974012307000208,0.9970313071305654,0.9956942985197696,4501,14260,3534.890792256045,10263.726882967065,27.28574530192397,387.95347511299303,0,0,0,6,0.9913103688602227,0.9981776045024017,0.9913103742607504,1,0.9999999166683404,0.9986328554114109,0,544874.8812318232,12.930586702449267,0.008331723519776534,8.509180347054254,14010.307140886638,14219.80843401382,29332.073774632358,209.50129312718127,15321.76663374572,0.014733060160364301,0.5223553831027332,1.6230614812095787,44557.65812713781,7.604505319707367,244708.92170368283,167.38630780453875,186,1,16924.630780453877,5.255668922507339,144014.73561818764,38925.43012460164,22784.69733387704,82304.60815970897,-0.2978658325446677,0,7.379576436492105,1,1,1,1,1,1,1,0.1519749527433206,1,1,0,1,1,1,1,0.9866508841442538,1,1,1,1,142694.37606447635,222817.11794381053,0,80122.74187933418,421,421,1,1,0.9538835649127595,0.9538835649127595,0,35.700092179775105,-0.22519364126087082,7635.6866522153605,7641.327298927646,0,45795.04724061078,0.9852669398396356,0.9992618237000427,0,0
2070,9852980,3213083,2252112,806042,3581743,0.8028597332757569,0.04184260940468313,0.08122669132294465,0.09598348031885619,1,0,0,25864,15236,17341,5.121866668440405,12.194280132554084,0.4200220605697725,1.4859461595910821,1.447405341828606,5.3217283347565925,55.01671503964083,12.528226310522548,3.676736696323982,38.010578964793964,0.8814724061576314,400167.03653611126,630160.3830439593,352736.2005604548,8523995904.721284,0.7002164998549292,0,7102626096.166338,7102626096.166338,50465649.84681522,7102626096.166344,121345268.25992003,6350636049.611334,630644778.2950896,0,0,0,7052160446.319543,0.999796049718123,1.742484768754368,7,35,495543,1078370,495543,1078049,1,0.9997023285143318,1,4501,14187,4041.485012292953,9334.410922585343,17.162818707412374,518.6668855313127,0,0,0,5,0.9978179892451337,0.9994472367191511,0.9978179912120797,1,0.9999999860126005,0.9996862466625331,0,779258.7234668307,19.808405824809245,0.0017883108377991339,6.442205343750527,13004.55849139127,16821.093061327352,20481.94116206386,3816.5345699360823,7477.38267067259,0.2268898076968917,0.3650719729886741,1.4466558539742005,29788.3252981674,8.797087309953,302375.9454877161,113.01766295301222,186,1,11396.33085347448,4.39149916898813,73417.5035234023,18531.534854750338,14749.23812420268,40136.730544449274,-0.19237209446140016,0,18.99162130880426,1,1,1,1,1,1,1,0,1,1.0000000000000002,1,0.9363263936811095,0,0,1,1,1,1,1,0,97093.25230587044,347131.17784905666,97093.25230587044,347131.17784905666,306.74098820044395,421,0.9998282248192966,1,1,1,11.585124401856321,34.20009217977519,-0.2987430409444786,7267.586823037694,7429.679916805818,212.7941210152098,30463.694024684646,0.7731101923031083,0.9781830313575862,0,0
2100,9856057,3233315,2223344,802930,3596468,0.8062438939285009,0.015107274229766652,0.05387154305491726,0.03471353075943023,1,0,0,15236,14256,17333,0.6131232162816305,8.494343034640043,0.07218018083109028,1.9311885792521866,1.810702998952611,7.238223943592685,72.42376473811481,9.71792287578309,3.997466148661369,39.9975947353088,0.6532825684039594,336987.89344956895,1171092.016669905,220148.3165537742,7347589611.494284,0.4433864476804131,0,7109878797.010916,7109878797.010916,6042977.367701175,7109878797.010921,123329268.72378369,6353573585.465174,632975942.8219627,0,0,0,7103835819.643235,0.992695100743671,1.7700730301182546,7,35,439290,933898,436614,926543,0.9939083521136379,0.9921244075905505,0.9985381635179934,4501,14111,3923.0500914935433,8752.767589537658,27.804851189095658,446.2432350235688,0,0,0,6,0.966530604701123,0.9997670858797875,0.9901637555986662,0.975,0.9999999934749055,0.9998244493537624,0,736937.7077631166,21.62444113959336,0.0003981387567014229,6.6259920491718995,8149.632133219942,12140.009616104455,20651.68266272765,3990.3774828845126,12502.050529507707,0.3286964021503769,0.6053768467046767,1.501005105606933,25971.800896828485,6.6088255882387035,238007.7112080058,110.22554735565956,186,1,11208.554735565956,4.654168346563794,74267.79456056807,20520.029037305514,14241.736370738605,39506.02915252395,-0.2780904051158096,0,23.010173461875578,1,1,1,1,1,1,1,0.3407468216499209,0.7964179372070995,0.30283837746077696,0,0.6474627668961981,0.9381962822838611,1,1,1,1,1,1,0.3993371386747367,146839.36413796246,366465.0780089735,88200.95261829079,307826.66648930183,183.9228291692077,421,1,1,1,1,23.44844088801702,32.700092179775275,-0.3238905709930324,7133.42851878275,6997.1667674430355,2.753048130484359,32748.976726246587,0.6713035978496231,1.0194738464679338,0,0
2130,9859434,3234481,2213603,800169,3611181,0.8097066785313883,0.005454667282246398,0.1736597041233428,0.012554548072051712,1,0,0,14256,13937,17314,0.5841254152887699,7.216002632292019,0.08094861449672644,2.7956706327701757,2.5163768190500124,11.828921985870759,65.32895967058693,9.39268621336469,4.700775295782782,25.961517041493828,0.8871134630200606,345711.1180270164,634814.9364339851,306684.9871174834,6998881255.536052,0.3952386007606175,0,3428425603.440998,3428425603.440998,5759145.979767972,3428425603.4410048,122723982.20357387,769765316.4398303,2535936304.7976003,0,0,0,3422666457.461246,0.9933874457148628,1.7989708735244876,7,35,389615,927274,387127,921054,0.993614208898528,0.9932921660695759,0.9947394923362147,4501,14051,3741.555049173139,9612.973404256096,51.275213377490836,234.5660150992099,0,0,0,4,0.9865187726315503,0.999690806676228,0.9865187726526967,1,0.9999999913854335,1,0,720561.4161945725,22.03246847934873,0.000767110741883875,7.19210845284535,11799.144531690106,14570.422157367719,34219.6896765142,2771.2776256776124,22420.545144824093,0.1901988559937696,0.6551942860023028,1.8528514145992294,50071.121737047935,4.903884759249082,197048.49711730942,139.32637473310982,186,1,14118.637473310982,5.0137974700012,101542.77191445902,28764.979910446844,17789.960504032344,54987.83149997984,-0.38371797397896135,0,22.14939622139771,1,1,1,1,1,1,1,0.8266528934962792,0,0.2747068793900649,0,0.7453193392563111,0,0.8360290324856852,1,1,1,1,1,0.9059601597783611,219553.6317532226,198906.843303069,20646.788450153603,0,186.68606056509634,421,1,1,1,1,28.091207880291172,31.200092179775304,0.02853735213792008,7412.712105500187,7385.850180525156,90.55856809537607,45830.10002703549,0.8098011440062304,1.0036369441998512,0,0
2160,9862804,3547854,2081828,797478,3435644,0.7519291498169879,0.0019695062607679122,0.43660552234922456,0.004540496856564766,1,0,0,13731,13735,17105,0.28337006953681293,5.458501653863061,0.05191352636785734,2.976115840478374,3.354884726449262,15.848418947861,56.98364688667289,8.766139838076821,4.723983158919033,16.98527715048593,0.5595088654701794,328482.88764469326,1133886.9419027756,183789.08779245077,5221382665.060255,0.3683372140527706,0,3428656652.222562,3428656652.222562,2794823.4553139494,3428656652.2225685,123204042.20357387,769765316.4398303,2535687293.579164,0,0,0,3425861828.7672644,0.9827549763856478,1.7923946842874838,7,35,277756,890813,277526,870891,0.9991719350797102,0.9776361593286133,1.00000493529824,4478,14027,2862.5525835707663,9792.951638439914,77.73777612245456,315.440315801699,0,0,0,4,0.9817951529385637,0.9996135305615145,0.981795167514804,1,0.9999999892335472,0.9999180348029394,0,724519.2402770412,25.235406312412344,0.00016465170144530452,7.6571541494655335,10169.503225092016,13397.099639584654,11375.668732189702,3227.5964144926384,1206.1655070976867,0.24091754941912955,0.10603029461332704,1.9676255966888931,42907.71417010614,4.1655315757625635,221078.77425779964,117.01349044478424,186,1,11342.630473298615,5.132271523926953,86852.2699944727,23473.79478689451,15091.750249923134,48286.72495765507,0.07694294871380059,0,27.6823069597713,1,1,1,1,1,1,1,0.652833014503648,0.9308964930223429,0.6129312193122858,0,0.6449922416342752,0.7491552350484029,0,1,1,1,1,1,0.7763730654891973,228797.2889749928,177632.0526171329,51165.23635785992,0,421,421,1,1,1,1,13.091207880291172,32.76534918662596,0.17161246871397332,7131.510201408417,6952.016730154054,46.3219641610418,22853.081257381058,0.7590824505808704,1.0258189066887335,0,0
2190,9865947,3295539,2324621,795011,3450776,0.7554566062176166,0.0007106151645552206,0.20612601845962109,0.0016421229650128988,0.9982222689823896,0,0,13933,14401,17544,6.110946135171257,8.26725855625698,0.7391744305065017,1.8634148664047343,4.267923353420158,21.106091674437458,60.54647373164932,14.568631690377918,4.945283672333011,14.186401375537729,0.9235836133813783,413367.32229178335,381779.2851760299,381779.28517603,8289913869.080401,0.7587506757601379,0,6773768164.523794,6773768164.523794,60290270.68946102,6773768164.5238,124231803.52148895,4114043726.1539617,2535492634.84835,0,0,0,6713477893.8343525,0.9889377005761012,1.7377221697325662,7,35,483157,1211337,483157,1192592,1,0.984525363296919,1,4466,13995,3763.0291103494887,11207.758903843693,64.95548626787749,329.20593586461973,0,0,0,4,0.9824830174431691,0.9991075901849991,0.9824831019669482,1,0.9999999436120965,0.9995714908690234,0,637470.829678191,15.216379772345165,0.011041984683924201,7.777234408857965,14666.303167080674,18113.713717336886,21147.643990957247,3447.4105502562124,6481.340823876573,0.190320472325708,0.306480515117807,1.8147281121686156,45656.700505058354,9.095997023377304,361012.7318398553,150.96589012041844,186,0.990000000005444,14977.376755565847,5.15101996746701,116482.56985781618,31249.190796258194,19757.479825793598,65475.899235764395,-0.034649670629880426,0,23.905349055113206,0.9999990000000016,1,1,0.9999990000000016,1,1,1,0.08377978639592082,1,0.6143014407413336,1,1,0,1,1,0.9978125208132852,1,1,1,1,168203.94663189084,205246.37081221025,0,37042.424180319416,421,421,0.999241734356693,1,0.953917539040495,0.953917539040495,0,34.59820320982598,-0.07809663787783667,8377.422706954512,8236.757991953504,36.992200316035465,33789.04878219979,0.809679527674292,1.0170776797301104,0,0
2220,9869078,3444711,2165880,792648,3465839,0.7590086320674596,0.00025639838974464527,0.1533140193122721,0.0005938926768166321,0.9964492123782992,0,0,14401,14398,17529,0.6826175676680732,8.806026195897278,0.07751709482605268,1.435328905550206,3.9088703147474773,18.126918606011557,59.85491576033501,10.776953927369856,4.637380405694683,15.312586742648634,0.6094687867135711,343196.27986382315,1408406.8861964908,209167.4202932155,8370886959.469578,0.5375157492580178,0,6120123193.978604,6120123193.978604,6736806.019494069,6120123193.97861,126822072.8254401,3493244796.3909316,2500056324.7622385,0,0,0,6113386387.95913,0.9877756709225441,1.738538920966941,7,35,442835,1040682,442835,1022547,1,0.9825739274821703,1,4466,13979,3342.8679641508193,9884.519053336364,102.16879749818311,497.4852741073626,0,0,0,3,0.987963376593109,0.9971014449521969,0.987963556316932,1,0.9999997916172209,0.9979677029388189,0,759345.1828232472,20.727569543593333,0.0023700379440343353,7.406669413747038,13790.36399465521,15472.39885108834,15540.181492697857,1682.0348564331289,1749.8174980426465,0.10871196332395563,0.11259955354220699,1.663368227126518,49337.90124770333,7.98766692588258,292440.4723140472,126.44039528986664,186,1,12499.250805925223,4.920463976948792,92577.81863899936,23208.45575414818,16785.291357373062,52584.071527478125,-0.004358630240648031,0,28.42288134542379,1,1,1,1,1,1,1,0.8583377476854092,1,0.8730100350033361,0,0.9202855375815485,1,1,1,1,1,1,1,0.21369920118904717,110124.78719347177,270904.8103963649,86591.20813911303,247371.23134200615,340.07499319745597,421,1,1,0.9552950913584053,0.9552950913584053,8.052512171770061,33.09820320982607,-0.3195525943328978,7485.152839126382,7284.119650968965,0,27335.612023118127,0.8912880366760444,1.0275988311272006,0,0
2250,9872381,3506190,2094403,790855,3480933,0.7627385171534514,0.00009251333343238355,0.25725374400614864,0.00021478812433127029,0.9946804119492552,0,0,14398,14214,17517,0.37841181537697605,6.170125529358401,0.061329678557824265,1.4639464813194416,2.327744132462502,11.128182038159808,51.18437961591837,8.068272031349442,4.7806723612648065,21.988834125755403,0.4731864727128049,332205.5395265625,1107116.931909708,157195.1674642284,6027918922.93002,0.3687051482867307,0,6119110097.590291,6119110097.590291,3735825.6163102896,6119110097.590298,127283289.54394957,3493244796.3909316,2498582011.6554165,0,0,0,6115374271.973998,0.998568195799678,1.7772190939986123,7,35,332916,769190,332916,767612,1,0.9979484912700373,1,4456,13849,2534.2440186179956,7364.314470532893,131.05382749996988,399.8589327942954,0,0,0,5,0.996004156244869,0.9989878521482529,0.9960041593525204,1,0.9999999719981381,0.999775663529663,0,728074.3427268283,26.46272853491518,0.00088344853988459,7.348981627695354,5524.724587265634,10365.995215158928,11586.507587417573,4841.270627893294,6061.783000151939,0.46703384744125304,0.5231760264615684,1.5534091068718863,22088.83596621885,7.242034897819861,219501.74806924295,89.75006616952449,181,1,8995.033229305189,4.907681011115383,66104.33394267304,16294.501885077974,13332.59144379527,36477.24061379979,-0.07704001676977201,0,2.951115145497377,1,1,1,1,1,1,1,0.8613570738677645,0.9681106577252648,0.6702628679674428,1,0.5305361418108443,0,1,1,1,1,1,1,0,92598.58396569052,341573.2413750659,92598.58396569052,341573.2413750659,215.92493119962768,421,0.999969097120003,1,1,1,20.044012231693788,31.59820320982612,-0.38563095393903185,5411.532609258981,5489.076362233044,162.35918202112265,21715.199315304595,0.5329661525587469,0.9858730781179155,0,0
2280,9875607,3506191,2084102,789315,3495999,0.7665633983764357,0.000033380724143027737,0.36347152565566526,0.0000776805981192278,0.9929149671508799,0,0,14214,14286,17512,0.7840880014651489,5.648597487845261,0.13881109481643214,1.5074515997534255,1.6446437422355673,5.362444247947792,38.612990599339525,6.951054628249979,3.2605506653122407,23.478027251575355,0.7816822183001255,392288.40911879815,1019267.1290775911,306644.8738534093,4194409871.611431,0.3116100491009822,0,6109532400.36721,6109532400.36721,7743344.955892116,6109532400.367217,127053508.47864507,3480281717.282068,2502197174.606505,0,0,0,6101789055.411338,0.9991666217246148,1.8506579800155722,7,35,400047,582700,400047,581881,1,0.9985944740003432,1,4422,13677,3170.081655458206,4927.776845274477,97.12052014424377,398.9164461535272,0,0,0,9,0.9975335293150647,1,0.9975335293150647,1,1,0.9992783937892322,0,750398.9771042865,30.56839104717603,0.00018962230260802102,6.6331121261709765,6956.571198392116,8471.419405143646,15593.80287434146,1514.8482067515306,8637.231675949344,0.1788187001852075,0.5538887303854098,1.6178196823626783,33071.1710391305,4.424484164611508,173996.7283307465,79.8017735594798,181,1,8161.17735594798,4.433830582758935,54134.004483570534,11100.427678327698,12916.766066110496,30116.810739132336,-0.3078559847856194,0,2.425685957204931,1,1,1,1,1,1,1,0.10742043261980151,0.11305585764804553,0.5128137664057922,0,1,1,0,1,1,1,1,1,1,40004.485335549776,376756.718263078,0,336752.2329275282,87.28318715403161,410,1,1,1,1,4.1014065646853926,30.0982032098261,-0.6513808777030272,4491.172330291205,4493.002362903553,0,23434.25668570876,0.8211812998147925,0.9995926927109013,0,0
2310,9879000,2970806,2609699,787483,3511012,0.770269894928864,0.00001204451715930934,0.1360126218887019,0.000028094082682403054,0.9911540641765361,0,0,14286,14105,17498,8.985569369244926,9.468476941123376,0.948998389616276,2.173376888463501,2.200537395355413,7.19668774251771,46.45579770829446,13.538006576105754,3.270422832944113,21.111114860554913,0.9943821659690975,373402.8028879677,380874.2797991837,371305.08791466925,6303205549.6224,0.6819044250692086,0,6110852626.689349,6110852626.689349,88768439.79878387,6110852626.689356,128407808.0303997,3480281717.282068,2502163101.376889,0,0,0,6022084186.890593,0.9940447067265834,1.8988226637289392,7,35,512497,1081715,512497,1072221,1,0.9912231964981534,1,4422,13644,4376.825805169877,8557.679165259036,32.49282667373345,424.37339948872386,0,0,0,11,0.9592993350470831,1,0.9916646681724919,0.9675788719058123,1,0.9999222333344292,0,651021.2956715736,16.43248314644179,0.012497960326546164,6.988487914270963,11554.633990105147,12491.863011064934,24724.812941877062,937.2290209597868,13170.178951771915,0.07502716129128348,0.5326705193981565,1.9803464781230238,47232.83333241611,9.016067629758963,271226.4751199127,133.10039008764886,181,1,13491.039008764887,4.434313288362677,94281.96306371152,18511.123955134364,23131.190247511993,52639.648861065165,-0.35466096560739896,0,1.3318601718839718,1,1,1,1,1,1,1,0.4672944614628862,1,0.4010204741821591,0,0.959400962458391,0,0,1,1,1,1,1,0.5313199089586506,17669.61986514012,381706.03524937807,8281.39904705991,372317.8144312978,41,410,1,1,1,1,20.05234650709068,28.598203209826078,-0.48559801643364264,6405.998926199865,6507.808894509567,0,39144.27605892027,0.9249728387087165,0.9843557224927739,0,0
2340,9882462,3409101,2161652,785701,3526008,0.7739903384695032,0.000004345931205986533,0.04989657371803546,0.000010160548462233508,0.989396974154821,0,0,14105,14027,17489,1.4864074069068682,10.436195606710251,0.14242808997860676,2.886111469285059,3.3529074878213136,11.907343985499887,70.8907652314356,13.299403100777836,3.5513488006306915,21.1430722407136,0.579837143805259,330584.038698708,1479225.220573098,191684.90478666607,8135716174.084368,0.7308616949426688,0,6117766275.931295,6117766275.931295,14689364.71528714,6117766275.931302,126662505.77446018,3496647724.770216,2494456045.3866262,0,0,0,6103076911.216032,0.9867974808412856,1.9048386381737576,7,35,469721,1173526,468442,1153110,0.9972771070486522,0.9826028566900095,0.9954834540452926,4422,13575,4088.9615146385186,10234.225935730336,22.668245412332205,379.86343344728493,0,0,0,7,0.9726851866723816,0.9994818955458881,0.9793737714329026,0.993311430022354,0.9999999865735771,1,0,739582.6477937056,18.243821913665563,0.002682546756297737,8.34089918662767,13519.475513533469,17321.415537891768,15922.919260105586,3801.9400243582986,2403.4437465721167,0.21949360986354133,0.15094240618263233,2.02453424119463,44124.2343349925,8.382388724392342,239720.8272867254,148.71534586645438,181,1,14534.03493123447,5.606215787758415,121226.92013635173,32097.686312333848,26348.031274490375,62781.202549527516,0.0986483994911696,0,0,1,1,1,1,1,1,1,0.9591849677856127,0.4156464759629652,0.739846567256091,0.8174183040224043,0.8555153790189568,0.4552091793518145,0.5269492906149038,1,1,1,1,1,0.9778335505107119,168420.47370676597,331455.0404880713,3733.2839233830164,166767.85070468832,39.900000000000006,399,1,1,1,1,4.373684794511382,27.098203209826057,-0.3546183596729536,8142.647540993763,7849.95298617636,71.91065422855203,28623.480422117285,0.7805063901364586,1.0372861538575877,0,0
2370,9885924,3382458,2178728,783801,3540937,0.7776646923875591,0.000001568136881823041,0.21837346721136594,0.00000367467933445141,0.9876445540143743,0,0,14027,14011,17473,0.7016296768025467,10.508792169158555,0.06676596753542292,3.0794845345714736,5.348034898437522,19.24129157428736,93.83750062020323,12.274598911577948,3.5978246102898246,17.546164601060987,0.49997336060269815,326222.15545941266,953442.8076521787,163102.38736809837,8155650456.73795,0.6191366550768139,0,6112204320.575687,6112204320.575687,6936257.661025778,6112204320.575694,126148065.77446018,3490970215.5956736,2495086039.2055607,0,0,0,6105268062.914686,0.9640933877276269,1.9116950784540838,7,35,336949,1136735,333590,1087179,0.9900311323078567,0.9564049668568312,0.9831630428791197,4422,13555,3293.2632077173657,11340.927275123888,62.18844499395414,219.76480645882677,0,0,0,2,0.920273987251632,0.9985445634456532,0.9464296881631478,0.9738444457557793,0.9999999413279369,0.9997766452922904,0,737257.562045462,20.756577939002383,0.0005757785199908818,10.528317283558275,16888.272668838094,21924.08345191638,22427.350145711745,5035.8107830782865,5539.077476873652,0.22969310412098926,0.246978686331018,2.5152288949354604,17490.767308773695,5.3025171453280056,249684.69003882018,119.04893747077979,181,0.9930000000875665,11864.591019625763,7.723609308254296,124914.17869427621,45259.733648294656,18994.72911034826,60659.7159356333,-0.05415827833395187,0,4.816564057704601,0.9999994880000168,1,1,0.9999996570000129,1,1,1,0.02163800469548308,0.4306472971505346,0.2175263796574584,0.4738332079783286,0,0.2899783659674068,0,1,0.8300614343139981,1,1,1,0,260413.84707607297,124022.45807797159,260413.84707607297,124022.45807797159,399,399,1,1,0.869371666667314,0.869371666667314,0,25.87621032169074,0.2280071118647015,9149.077278858786,7776.25422221223,394.271834318817,26592.1677422241,0.7703068958790108,1.1765404033120728,0,0
2400,9889407,3366408,2185222,781944,3555833,0.7813519632972659,0.004714259478113802,0.47473695018345474,0.2262203088142815,0.985897031035329,0,0,14011,13975,17458,0.5632800538319713,12.419106440665406,0.045355924480005604,2.501942568261314,7.192927770499548,33.13932565839286,123.55750130378534,14.785043089496996,4.607209569698118,17.177636874171515,0.45936157686102175,324602.32596485055,1305568.15306127,149109.83630796915,8901462342.430311,0.7116868677928287,0,9450340801.073452,9450340801.073452,5570505.70733703,9450340801.073458,129690338.19026147,6825183570.983065,2495466891.900132,0,0,0,9444770295.366142,0.9780198109572273,1.895995078115348,7,35,304547,1018963,304547,989872,1,0.9714503863241354,1,4364,13554,2936.3700607942214,11043.878544181081,50.9575023875034,225.8597767122158,0,0,0,2,0.956584906491724,0.9972330732196442,0.9612368845491577,0.9953480411979598,0.9999998225226887,0.999479087029377,0,715083.5595196873,22.097437059242402,0.00012358438983573668,18.0918747383943,3888.667611797578,18544.041563470742,16720.765788186367,14655.373951673164,12832.098176388788,0.7903009654886813,0.7674348375512192,2.396387353125854,7604.744327229042,5.2667894980703425,167884.24520026374,164.37080313078036,181,1,16436.105210146714,13.09419581223828,297359.95664904424,130535.31262309749,26965.557936404024,139859.08608954272,-0.07539028984508228,0,0.3213388748925158,1,1,1,1,1,1,1,0.07523772080626993,0.4338264027431837,0.400979432035092,0.36452641653126266,0.4754129549405692,0.2849171436454409,0.27130722673085567,1,0.8218649147924154,1,1,1,0.00858326102845598,253707.44844545965,127393.10340036196,251529.81119058875,125215.46614549104,399,399,0.9995590318510192,1,0.8315766259603615,0.8315766259603615,0,37.45071130300117,0.26895998394414605,6548.5906820185955,7613.858298177872,1159.297114696654,30618.887746749035,0.2096990345113186,0.860088331770738,0,0
2430,9891886,3505386,2035508,780321,3570671,0.785250899945027,0.1300431957436988,0.6310251429325502,0.47710600341201376,0.7882885023139167,0.19586376147076504,0,13975,14968,17447,0.5320767224747527,9.780613570258787,0.05440115987126914,1.4472454419610896,7.054823721839327,41.1521764244474,165.29692181328835,19.256039971012154,5.833196979402094,23.430340477762115,0.5381113977266501,323241.2944994861,344620.2678473314,173939.8247860902,10414260247.11344,0.6270510052065852,0,14565657633.81694,14565657633.81694,5263242.28198483,14565657633.816944,128968376.43471555,11943104419.201283,2493584838.180947,0,0,0,14560394391.53498,0.9920552776340252,1.8578962346151986,7,35,219030,928776,219030,919657,1,0.9901817015082216,1,4352,13484,2005.9987318128988,10401.297691072903,104.84203752130435,245.81310406407968,0,0,0,2,0.9843105608314907,0.9986264726501272,0.9843105826316437,1,0.9999999560357467,0.999922766049967,0,688121.0003554291,24.172437214280276,0.000026526000676984615,29.55387062208816,7026.858524457342,17091.207102786484,29095.349746141954,10064.348578329142,22068.491221684613,0.5888611914771245,0.758488604338255,2.865412880074895,11468.944689638363,6.701601601605799,188732.37718596484,113.49134805259634,181,1,11530.134805259633,23.533605809848982,340760.11228987883,179987.3731689253,20389.063588803798,140383.67553214973,-0.20430479351733966,0,6.342427082562283,1,1,1,1,1,1,1,0.35800505242191893,0.3830867724018467,0.3693562265658093,0.55070176341969,0,0,0.4647981700743527,1,0.9509496731888288,1,1,1,0.5055842835037659,284657.2312369657,143918.22229910712,140739.00893785857,0,399,399,1,1,0.9675950309719114,0.9675950304759757,0,48.786497413780886,0.3713995647860297,6378.105447931024,6842.8103091357425,848.9919687484096,35929.64857187755,0.41113880852287554,0.9320885951515714,0,0
2460,9893754,3487914,2042146,778239,3585455,0.7890861943631715,0.049924273890455916,0.5012498681720031,0.20163056968933674,0.9824103166502826,0,0,14968,15563,17431,1.3232662360117293,9.072902475631142,0.14584817147168536,1.3585245470371616,4.789912530574097,35.3555382406112,212.10306343187167,26.573155747155354,7.3812492430573995,44.28119763732929,0.927129463597252,452112.9513146421,419167.2380377136,419167.2380377146,14180382695.813402,0.5313811082375862,0,14561107112.48916,14561107112.48916,13092070.615616726,14561107112.489166,128578501.05308707,11940166883.347443,2492361728.0886354,0,0,0,14548015041.873566,0.9998498645851795,1.8683482285287507,7,35,434449,930985,434451,930778,1.0000046035322903,0.9997776548494337,1.0000068726396778,4329,13471,2781.3282984293032,9484.391734432547,113.55126944973684,348.61967109731074,0,0,1,1,0.9987193580336623,0.996383620933001,0.9987193676447801,1,0.9999985124885917,0.9998279859350243,0,688356.3976082618,20.168232512150322,0.001012216430459503,58.17049139889782,1218.7562192982468,17235.109828379915,19227.293254341108,16016.353609081667,18008.53703504286,0.9292864257069368,0.9366132193868173,3.5357372735829995,35457.11549511166,7.018067026821525,194298.14909881412,133.12448598639494,181,1,13190.812354076488,42.112549770409714,767316.0365872815,381472.3990979447,24402.023980711132,361441.61350862565,-0.0014381292643048083,0,0.6504018906583161,1,1,1,1,1,1,1,0.5290355902794764,0,0.2637947280695514,0,1,0,0.5952643904842497,1,1,1,1,1,0,283838.2204380724,188733.52438098076,283838.2204380724,188733.52438098076,399,399,1,1,1,1,0,55.845205411242965,0.1659468535414134,4478.766406704553,6812.514591451775,3109.2877079937284,31131.031015485863,0.0707135742930632,0.6574321928534923,0,0
2490,9896901,3566851,1953491,776277,3600282,0.7928057718163114,0.018016890760797905,0.3437799845519341,0.07292201699397227,0.980673950360825,0,0,15563,14276,17423,0.815121231010918,9.575200118623698,0.08512837548173148,1.4395487979217316,4.0954069991047,19.158009258586958,186.14442918945988,24.43293518024318,4.67792560367629,45.45199762322843,0.9655801338438981,366791.3539430659,635082.4461526214,354166.44463313016,13923080156.79818,0.5071994202329969,0,18149262911.554127,18149262911.554127,8067174.126323521,18149262911.554127,44533587.34617077,18002879566.000034,101849758.20792612,0,0,0,18141195737.427814,1,1.8952860516535306,7,35,443302,735864,443302,735864,1,1,1,4319,13410,3379.7503226357035,6878.133800480951,99.11565748743074,540.6366475627177,0,0,1,3,1,0.9992474468019873,1,1,0.9999999784912184,0.999729545408782,0,732362.0767828033,24.843391915397945,0.00021726088347655986,53.05808971381922,6089.791892458154,9827.620786057232,12199.29962057277,3737.8288935990786,6109.507728114617,0.3803391456558905,0.5008080724414381,2.7977744359760597,31509.91051891187,6.307635653509642,125719.13866507437,84.23050268554121,181,1,8604.050268554121,34.727985515033204,456514.47105115495,197451.60931773475,16890.178423764515,242172.6833096557,-0.20054638444842196,0,9.090961650241754,1,1,1,1,1,1,1,0.27472256201925854,1,0.6388471525886433,0,1,0.5294916938354524,0,1,1,1,1,1,0,207529.35472771263,198952.5703251618,207529.35472771263,198952.5703251618,399,399,1,1,1,1,0,59.360447721622414,0.03309186638227276,5560.82308960497,5698.824512842588,191.55976559934567,22909.28116963854,0.6196608543441096,0.9757842300764614,0,0
2520,9900471,3876702,1829088,774554,3420127,0.7351621773672007,0.006543520788658487,0.4489714282610507,0.037616679660428455,0.9789430220037006,0,0,14087,13622,17192,0.6539065458218926,9.159064658397034,0.07139446768971008,1.691970697571587,3.4433928894939627,14.227481931983492,102.77744266090643,15.472433657637882,4.13182067471666,29.847724601653137,0.6505320935479137,337541.56338081806,1315837.7789893604,219581.6198855594,8006552935.623127,0.4821598889892195,0,18149590620.404137,18149590620.404137,6473982.7936302405,18149590620.404133,44404403.9469914,18002879566.000034,102306650.45711169,0,0,0,18143116637.610527,0.9958935280498349,1.9578519911680636,7,35,386123,518303,382800,517912,0.9913939340572823,0.9992456150166987,0.9980155136433437,4298,13336,3478.2698991560974,4716.98865363822,66.99073056126032,648.9545382628793,0,0,0,9,0.9969910449333733,1,0.9969910449333733,1,1,0.9999426257474853,0,762804.3203638622,33.87561486307997,0.000046632607482559316,39.91958747004458,6400.067364304906,7380.85194917749,15864.991711450262,980.7845848725838,9464.924347145356,0.1328823002582894,0.5965918242689168,2.1844482056576693,19952.304821908278,5.471970958102813,184029.74087300315,75.45296422527625,181,1,7726.296422527625,11.875877670039902,308430.5658585841,52174.11684574318,17982.68000096394,238273.76901187695,-0.46783943451806376,0,10.835871739218033,1,1,1,1,1,1,1,0.8010570965024987,0,0.503527634622087,0,1,0,0.9143558454931832,1,1,1,1,1,1,107108.56797368261,248078.7867106283,0,140970.2187369457,373.8241922681158,399,1,1,1,1,3.5913354389241086,58.126802285396614,-0.5000465388244554,4562.725374474478,4541.975060576109,0,24686.725808022264,0.8671176997417106,1.0045685662342092,0,0
2550,9903838,3377283,2318120,773082,3435353,0.7389178605973976,0.002361369095548261,0.19874106051392124,0.012863996988686479,0.9771819773304047,0,0,13829,14272,17639,1.3674096426605522,11.275302214433815,0.12127476644573612,2.417138914468544,2.396652066949025,12.730554547860235,85.78799124088704,16.71334243356148,5.311807551634488,35.79492927819785,0.6091741617511467,353251.8220780262,842234.3085751138,215191.88260144682,9907237412.975351,0.6492506248763599,0,14801033342.107416,14801033342.107416,13542603.580555132,14801033342.107412,43656866.82635062,14658601156.2859,98775318.99516049,0,0,0,14787490738.52687,0.9969603663869924,2.0197474831447915,7,35,481679,1038899,477118,1038838,0.9905310383055935,0.9999412839939205,0.9868308816835972,4325,13246,4267.672233812585,8035.487838592212,34.72814685150455,686.9118358849904,0,0,0,6,0.9681630232825776,0.9998093373907212,0.9931630324968189,0.975,0.9999999962486816,0.9998749753381778,0,552236.6180182036,14.571309932958574,0.008304845741124802,37.09594605445339,8885.789975543234,9343.7972943707,31743.916047454048,458.0073188274655,22858.126071910814,0.049017257587918604,0.720078960571221,1.910132766220529,24967.323965928575,9.03850140088118,256621.39995528565,146.29928543447062,181,1,14810.928543447062,8.303586311485107,549425.4062640761,62555.09237079593,38681.873873371136,448188.44001990906,-0.48986907866000406,0,8.880045966102555,1,1,1,1,1,1,1,1,0.9164412258177799,0.554960510321441,0,0.8117909704810788,0,1,1,1,1,1,1,1,65718.42958109091,314148.2178513771,0,248429.78827028617,254.1241922681155,399,1,1,1,1,19.565116390435655,56.6268022853967,-0.6824936661240076,6769.094455315749,6781.918149432385,0,47690.86743023885,0.9509827424120814,0.9981091346380067,0,0
2580,9907311,3419165,2265156,772455,3450535,0.7429189871578329,0.0008521666038526737,0.0862219886094918,0.003992179852105813,0.9754248150683874,0,0,14272,14158,17631,4.307815950166855,15.824182711321608,0.2722299172572606,2.6492462631404248,2.6797758326533465,15.520496786740814,118.49173485053115,22.871934184226536,5.791714589564527,44.21703241244923,0.9835363458194024,365899.53431955905,390892.9841391056,359875.4909216801,12663071228.777273,0.966114711034199,0,14776901029.203243,14776901029.203243,42678872.34907376,14776901029.203234,47392963.75967383,14645389550.70663,84118514.73692934,0,0,0,14734222156.854172,0.9758483945834323,2.024421145707631,7,35,479314,1162316,475917,1126065,0.9929127878593156,0.968811407569026,0.9912415837362365,4325,13195,4325,10207.305928020223,11.496515466158776,537.846930882439,0,0,0,3,0.8763755898389007,0.9984300645919714,0.9696674421248179,0.9039990745118404,0.9999998901491318,0.9993445751737632,0,752873.6464232026,18.798554451253572,0.0019193379748321962,20.698821195380344,11051.318676290057,15934.385852323001,11051.31867629006,4883.067176032944,3.637978807091713e-12,0.30644840794545364,3.2918956675249785e-16,2.0914042409419302,30247.195908776393,10.877308599021603,244028.28001240213,125.08001088874093,181,1,11908.927685763705,6.3417055616075695,246500.76479633755,33852.2654511654,30968.308581409994,181680.19076376213,0.22092759356119662,0,18.533772312094875,1,1,1,1,1,1,1,0,0.03062936862109835,0.0824656524785351,1,0.11233940117514814,0,0,0.12946595640979622,1,1,0.12946595640979622,1,1,89975.89802182157,384003.1111786403,0,294027.2131568187,131.05516489297486,389,1,1,1,1,10.005305289426465,55.126802285396785,-0.5740428978180739,8483.705449389738,7678.640754171791,312.0279308952306,21347.312845568882,0.6935515920545463,1.1048446881410041,0,0
2610,9910928,3531858,2141682,771658,3465730,0.7468684454502832,0.0003075302252167597,0.05191471049407835,0.001397460603541014,0.9736726974507331,0,0,14158,14005,17622,2.9875400879356286,14.710574820615795,0.20308792310065338,1.9822128575966442,3.8779022294755423,27.203802609750557,144.97867582638796,24.647247339704474,7.0150821242931825,37.385851227609535,0.5067527744081433,330569.7573435153,1688145.6559106763,167517.14166925306,14710967397.434254,0.9210107823785262,0,14776587746.343956,14776587746.343956,29609294.708661348,14776587746.343945,46653116.15192926,14645389550.70663,84545079.4853862,0,0,0,14746978451.63531,0.962239742597106,2.043289282894186,7,35,421037,1238618,420882,1176104,0.999631861332852,0.9495292333875335,0.9999840820728325,4325,13193,3991.484427228695,11574.935630231228,16.03749502188376,451.82827417777656,0,0,0,1,0.9243110025945445,0.9971844270535801,0.9521902575946296,0.971081310265439,0.9999997774775791,0.9980717554449886,0,715999.4208891011,17.933768258183882,0.000411964330506723,15.67287226826921,13617.25267888033,14335.541113991094,19547.350331944213,718.2884351107641,5930.097653063884,0.05010542883586964,0.30337091996417226,2.4945794142749014,12432.606835024651,9.774732555274944,247092.6458966031,122.11928463937119,181,1,12392.928463937118,7.526986507742564,194232.78484508418,44854.862809492326,33227.38506846744,116150.53696712441,-0.291892886644313,0,21.945037214315956,1,1,1,1,1,1,1,0,0,0.6472810441588179,0.7648978690487351,0,1,0,1,1,1,1,1,0.9090194235017628,118447.73960814462,278089.91613091994,10776.443634462077,170418.6201572374,38.900000000000006,389,1,1,1,1,22.019828072265298,53.62680228539687,-0.4298478439643477,8294.634152272743,8265.31674463332,0,33831.25358059195,0.9498945711641303,1.0035470398225768,0,0
2640,9914602,3514772,2148155,770796,3480879,0.7507910661747891,0.00011098175101378245,0.15566660402764035,0.0004917823117246261,0.9719245411969134,0,0,14005,13936,17610,2.3412024265146276,12.877689350406037,0.18180298986951482,1.5136480544715516,5.714625610257105,36.43925608011104,171.53922281336065,25.208750786993168,6.376490528917015,30.017578492888003,0.7844873788747895,381633.1062457104,299386.35521054117,299386.3552105414,14553824763.503782,0.7575082327327294,0,15390258861.102858,15390258861.102858,23212090.260344923,15390258861.102846,49480108.59288749,15254658211.591473,86120540.9184876,0,0,0,15367046770.842524,0.9792322356983575,2.133676777875434,7,35,364062,1100997,364062,1070571,1,0.9723650473162052,1,4325,13193,3548.635722128363,11715.763927125348,62.63006825694684,405.8684724330172,0,0,0,0,0.95855187993921,0.9971730500576468,0.9622723106312774,0.9962796871566646,0.9999997774289943,0.9982968348819808,0,744026.574704427,20.744722161122098,0.00008842351468854272,13.551497656913192,12304.346595012792,14481.286614563305,29233.138187340224,2176.940019550513,16928.791592327434,0.15032780425471612,0.5790959384462753,2.4979469355917034,32186.46513363297,6.80200708859774,230688.23051385046,136.0518347317032,181,1,13786.18347317032,9.497924185407795,186823.43303444298,67845.9209590877,39775.55212430929,79201.95995104598,-0.3406928063399797,0,21.024047714162634,1,1,1,1,1,1,1,0.6987832322852364,0.8107766420033751,0,0.4380674127816854,0,0,0.7288634400924522,1,1,1,1,1,0.436185524051108,242200.93873734117,105644.54338881746,136556.3953485237,0,248.71028592814838,389,0.9978180602830916,1,1,1,19.44099829302958,52.126802285396955,0.38059914110421256,8150.773689906248,8317.23794413991,248.79294047832354,42532.38897058743,0.8496721957452839,0.9799856328084317,0,0
2670,9918248,3371739,2280772,769759,3495978,0.7546623084855563,0.000040051322181716615,0.25920559460493553,0.00017460041722941783,0.9701807214338661,0,0,13936,13954,17600,2.4350312697396377,14.294264967516618,0.17035022614126638,1.5827515053457586,8.407542563681236,47.03302285598082,202.48386420415363,28.99465537861346,5.594146268037143,24.083596683630255,0.9989817558365642,403249.1979413744,793387.8396219146,402838.5917991604,16819762007.52764,0.878074488703002,0,15390049719.919703,15390049719.919703,24151244.02105049,15390049719.919691,48417229.04113286,15254658211.591473,86974279.28708726,0,0,0,15365898475.898657,0.993067907178077,2.1696037109073782,7,35,372576,1068980,372576,1058987,1,0.9906518363299593,1,4325,13164,3414.73597161428,11810.245842445524,86.08833550470855,299.88338746598873,0,0,0,0,0.9606122147345193,0.9995599025421997,0.9834688598067673,0.9771433598145329,0.9999999960889581,0.9989507488550938,0,669755.2936990454,18.713959321358413,0.0005110016194668491,16.772070989693447,3833.6985656854804,11193.411737800947,19469.021640160336,7359.7131721154665,15635.323074474854,0.6575040161581113,0.803087251298884,2.755799432541848,36288.79956295589,6.749368105687838,208640.48454040271,145.98242633068935,181,1,14675.055744609961,11.383910862880159,246131.0767263069,92708.14265636267,46338.93898718258,107083.99508276166,-0.13753784405153902,0,20.556064056641247,1,1,1,1,1,1,1,0.24369974637501,0.7176216424425658,0.5008185995268107,0.3545960260760921,0.37154450322815036,0.6886624857513001,0,1,1,1,1,1,0.40131328253862125,272856.1615505489,152101.84225196275,163355.3596978098,42601.040399223624,389,389,1,1,0.9977168391160192,0.9977168391160192,4.44099829302958,61.44034183080399,0.2915238531848915,8374.128392075794,8309.757382596545,0,37158.74092947934,0.3424959838418887,1.0077464366906865,0,0
2700,9922082,3618085,2024024,768905,3511068,0.758576801688872,0.0026327255505240186,0.5069376719873456,0.12472582923968645,0.9684413009285753,0,0,13954,13751,17585,1.7255535846081083,16.75962338852717,0.10295897136861315,1.581695393543925,10.975044898669232,43.287107497480804,220.40352100035682,31.64001453175347,3.9441394451816354,20.08224321953176,0.40404528798024897,328890.10787888983,1165780.4738233031,132886.4983517812,18259450156.805214,0.9679265689738462,0,15402638915.117203,15402638915.117203,17121084.16189316,15402638915.117193,47945651.29707238,15268135645.109268,86557618.71085179,0,0,0,15385517830.95531,0.9966072161161166,2.20669347791686,7,35,270102,1129044,270102,1124297,1,0.995795558011911,1,4304,13109,2498.2361170285276,11623.005805832083,114.25635331877825,311.0297628153133,0,0,0,0,0.9554804514340571,0.9990967084877707,0.9902757322670513,0.9652047657019394,0.9999999659320142,0.9989992174087334,0,742170.2319707832,21.290039134301825,0.00010968075597520374,18.60448443743558,10381.905456339871,18749.5930932905,20037.2822931649,8367.687636950628,9655.376836825028,0.4462863591394411,0.48187057983001325,2.824918816704899,28777.134409235907,7.684869837631044,190994.94604492193,136.83035966686592,181,1,13454.977449655533,12.258098024653568,250322.91856816303,92699.69451427113,43033.83641165983,114589.38764223206,0.0379921850100242,0,21.19947348200797,1,1,1,1,1,1,1,0.7574511701089004,0,0.5769666875157112,0.6064126787346418,0.1284225587562751,0.45872908530432044,0,1,0.9223184861179107,1,1,1,0.5121472752767204,268362.762132342,137441.2574118136,130921.50472052838,0,389,389,0.9996496085836971,1,0.8984710038081088,0.8984710038081088,0,5.739664656564535,0.41321528256824447,8531.14963896356,7737.805601614641,342.73888674335876,28681.32427090864,0.5537136408605589,1.102528297839813,0,0
2730,9924013,3791286,1839085,767537,3526105,0.7625859823446803,0.14575615430771588,0.6267283803469132,0.5100678894210946,0.7140617409509641,0.2526386251207047,0,13751,15643,17574,0.9118161397335934,13.556194344404448,0.06726195542556243,1.5299755407882192,8.160292499809914,32.07012657653702,226.70829900360985,34.03825994825444,3.9300216968060964,27.781883922529833,0.7115712781507326,330645.4589018209,238144.27478034756,235277.8118055042,18851413964.05744,0.7762623253756029,0,44558691724.17535,44558691724.17535,9048875.224343738,44558691724.17534,48312144.61257776,44424406076.24011,85973503.32264338,0,0,0,44549642848.951004,0.9998746544014269,2.241493761880662,7,35,202294,1050243,202294,1050086,1,0.9998505107865513,1,4243,13133,1794.4729177114114,10730.293012695565,117.46017665406336,321.44323744686216,0,0,1,2,0.9963893200247543,0.997767635677679,0.9992950204784433,0.9970959902199785,0.9999971644601058,0.9992278668089047,0,676733.8038862698,21.614328043765305,0.000023541741890844667,20.840528598168323,11893.18530221019,15398.45998061252,16257.68878802198,3505.274678402331,4364.503485811791,0.22763800294416833,0.26845780742385617,3.0349879497158727,12493.08182207519,8.026993833887452,118491.5736789215,96.5302982890419,181,1,9723.252647250996,14.426086072105118,202637.72486225024,80830.84198111441,31416.318335633616,90390.56454550222,-0.11651764065394171,0,26.39831076083546,1,1,1,1,1,1,1,0.9373030703579343,0,0.9860181174388407,1,0,0.5027540993563311,0,1,1,1,1,1,0.6082637294026702,284816.5217000976,173243.5596847979,111572.96201529971,0,389,389,1,1,0.998625055872056,0.998625055872056,0,14.792999485523088,0.2914574701890523,7468.504555797711,6946.944299315076,122.67736314390308,23825.24646603125,0.7723619970558316,1.075077650548322,0,0
2760,9924954,3596629,2021816,765567,3540942,0.7664948219658643,0.05467030420692299,0.2729759417450554,0.19415721536443384,0.9649594345726943,0,0,15643,16619,17560,6.264681886975959,20.870532497277907,0.3001687612806739,1.58023288224458,4.825642844783726,24.382987106669002,217.56551266352292,44.96847887638387,5.052795635927713,45.085291154255266,0.7766794101399785,466872.1679312195,362609.99999959284,362609.99999959255,26061852850.554375,1.2654512477849678,0,41223870332.02121,41223870332.02121,62176679.552890085,41223870332.021194,47038232.19677648,41092350158.90984,84481940.91456598,0,0,0,41161693652.46834,1.0000006971701862,2.251378222911193,7,35,425114,1009256,425115,1009256,1.000002352310204,1,1,4209,13071,2924.2757663726566,9796.088823976033,72.59014523389837,309.20831347883524,0,0,0,2,0.9759386107016347,0.993663854501284,1,0.9759399027337412,0.9999274381210608,0.9985773231248918,0,727300.5726113038,20.282076885584097,0.00604042330009049,18.664382607197062,13482.602093335316,14293.002648187163,21550.922028874942,810.4005548518471,8068.319935539626,0.05669911178213021,0.374383978779623,3.1879576171170254,35430.67259713079,14.354000367851663,300740.0041982945,111.95694832791398,181,1,11376.694832791398,12.672128351072573,212338.98516454047,79557.83111895801,31611.453158082804,101169.70088749965,-0.2804421028199225,0,25.25248393286988,1,1,1,1,1,1,1,0.8113909452051397,1,0.7158056336842246,1,0.7968695069699293,0,0.5465185538688683,1,1,1,1,1,0.43564877994170137,288746.9555283537,195339.2779963836,162954.6966405457,69547.01910857562,389,389,0.9933480114919717,1,1,0.9999997056564858,0,20.813345508219754,0.18160172760646823,7153.916113617984,7010.728012325475,45.37850798953926,31770.32068059427,0.9433008882178698,1.020424141550032,0,0
2790,9928378,3680596,1927638,764218,3555926,0.770321637791861,0.019718666840302487,0.14546128102268716,0.07008668358885342,0.9632315570579605,0,0,16619,14121,17545,1.146098231955175,18.21834729037087,0.06290901220007668,2.547319837596107,4.684713086626572,21.60449007039583,201.5503697361527,53.53533387516105,4.611699728649352,43.02299116492696,0.6923444935232348,433541.18100558635,728100.0068629188,300159.8493847778,22500040825.734722,0.9769885149996149,0,36116674530.172356,36116674530.172356,11378896.472003771,36116674530.17234,48271049.365066506,35984309723.23719,84093757.5700815,0,0,0,36105295633.700386,0.9964292667213445,2.246142844049979,7,35,448218,830791,443665,830777,0.9898419965284749,0.9999831485897175,1,4209,13071,3679.1074456201577,8619.298160493858,64.84451152239596,438.37954288928324,0,0,0,0,0.9891539367140982,0.9860509071345389,0.9967217244407909,0.992469590985845,0.9998908336530148,0.9967019969643321,0,679337.8456165419,21.321891325506908,0.001296508990823541,18.45166029467281,9350.972234371198,13640.634134769018,22652.271673412084,4289.661900397819,13301.299439040886,0.3144767213911099,0.5871949458673135,2.5567799016895365,24389.57906757271,10.141414630185604,226223.41107037207,108.25805962186547,181,1,11006.805962186547,12.848796762871979,203093.84454364545,77649.28504351755,25695.515171061288,99749.04432906662,-0.2682849959183138,0,25.48109823051097,1,1,1,1,1,1,1,0.044051241935090926,1,0.5778534815334839,0,0.7140157251534861,0,0.48833193386478296,1,1,1,1,1,0.699081822613332,275966.6794840512,192923.2892742597,83043.39020979148,0,389,389,0.9232890506256897,1,1,0.9995960763069313,0,26.27352148746977,0.2174406402007822,6695.38209638841,6800.2498084328245,3784.4120561279155,32068.527422481347,0.6855232786088902,0.9845788441603468,0,0
2820,9932024,3368098,2230120,762912,3570894,0.7741402710648281,0.007112645228108336,0.05491137871297208,0.025240870910706797,0.9615078457321489,0,0,14121,13886,17532,24.054447190651647,28.50010292900272,0.8440126427113,3.480272420478955,5.675894645815034,27.567458741581827,239.3643265578413,74.72387976050062,4.856936300237345,42.172087660987515,0.8210061948957349,423516.2622373343,347709.47493593825,347709.474935938,31732994825.235397,2.112745110346981,0,37049550157.9667,37049550157.9667,238909346.8043211,37049550157.96668,52810211.66555464,36908946798.02192,87793148.27920108,0,0,0,36810640811.1624,0.98468841775918,2.299869228357289,7,35,492558,1174546,468770,1172808,0.9517051798975958,0.9985202793249477,0.9681602807439168,4209,13087,4120.910656729126,11322.480323322641,25.122823668721292,381.9102624885189,0,0,0,0,0.8199377311173214,0.9849448582983429,0.9787985450667837,0.836361101510682,0.9995481358113467,0.9970261242799772,0,661737.3888926457,16.124421474767466,0.00396627156011598,23.35532339318438,15011.505020845632,15608.443328019946,32652.041556882854,596.9383071743141,17640.536536037223,0.0382445766454303,0.5402583022352765,2.9215254244157354,46096.583328231434,13.770467726555752,319032.183879351,174.11542512992844,181,1,17592.542512992844,15.092171362602985,410879.51969929255,156399.4365440313,38540.47971384981,215939.60344141143,-0.2968062795222408,0,22.006366561226084,1,1,1,1,1,1,1,0.975643254770356,0.05481921682261069,0.49858492216432715,0.6530710869810509,0.568036613971702,0,0,1,1,1,1,1,0.3900844236554855,245024.91150548222,197984.72700113198,149444.51011962985,102404.32561527961,389,389,0.9517449718464837,1,1,0.9997520058578421,0,30.60391758404954,0.10281587761493485,8399.974170174053,7907.402793138732,3131.8896765829095,48449.99546138317,0.9617554233545696,1.0622924353193095,0,0
2850,9935984,3458758,2129607,761795,3585824,0.7779769216935544,0.002565646819462391,0.2037326395135308,0.009095093174088182,0.9597900922545769,0,0,13886,13566,17526,2.79590518940999,28.294931779961573,0.09881293268888693,3.7215057742600233,6.251506557746118,31.399603723905557,308.5673766733785,59.93790793556127,5.022725871573938,49.358882346694294,0.38483703139076353,395626.05785439984,152251.5576455178,152251.55764551772,28859249002.763657,1.7957375819988326,0,31066501720.195763,31066501720.195763,27780069.22754112,31066501720.195744,65717114.00436592,30906037395.27002,94747210.92135864,0,0,0,31038721650.968243,0.9845767155839463,2.445559647475857,7,35,432756,1097787,429459,1077478,0.9923813881263345,0.9815000541999496,0.9878764032962063,4209,13082,4099.676371694506,11157.607588655013,14.183632381407001,381.16868516519867,0,0,0,0,0.9461925202141298,0.9874557485772142,0.9814331357738372,0.964760598496429,0.9993699788867246,0.9971268255949084,0,706188.293192753,18.7449984489797,0.0016025967739218261,24.687721608988927,10156.641022780484,16416.80068158394,25882.32703963355,6260.159658803455,15725.686016853066,0.3813264094645423,0.6075839314128268,2.4309948168600566,20728.339697003445,8.31436756754685,247188.2139230314,116.50560675617344,176,1,11826.560675617344,17.960266328958404,291970.837551457,125499.46828524947,22370.374590987714,144100.9946752198,-0.2564145825932698,0,2.5708863265287065,1,1,1,1,1,1,1,0.9314164098578293,0,0.07300439460117841,0.834138983018383,0.702766957584536,0,0,1,1,1,1,1,0.9762983634273344,195238.96357644338,190611.48061693064,4627.482959512738,0,389,389,0.9709415369955681,1,1,0.9999870172477255,0,32.32714116963928,0.018974068113758534,7481.393016939987,8126.613568628171,2305.386599207412,36390.622350866804,0.6186735905354577,0.9206040072855215,0,0
2880,9940129,3543322,2226348,760526,3409933,0.7228245289591952,0.0009254906804890484,0.45134046444946774,0.0032830862213555274,0.9580773046305536,0,0,13372,13156,17301,4.079301246243958,25.65206464388818,0.1590242852914331,3.2939467450096256,6.049420259914038,35.37417226150567,300.9967679376221,61.096915358686466,5.847530960265659,49.75629977836905,0.9873030208622059,407669.4623439076,622481.969648816,402493.2916854113,26235607191.830444,1.6722442903464196,0,31300380224.915066,31300380224.915066,40548780.61757245,31300380224.91505,74244678.36828592,31132264741.764015,93870804.78274964,0,0,0,31259831444.29753,0.978709225796268,2.6427394695962585,7,35,374702,1082408,371737,1054350,0.9920870451718966,0.9740781664584889,0.9879267378982344,4209,13075,3609.4020197003883,10864.69152679214,28.41533822879185,421.98289297926635,0,0,0,0,0.9817940617961088,0.9875993221566786,0.9860020834935103,0.9957936890146456,0.9988950830764886,0.9966294804909777,0,714951.5178327982,20.05351757172734,0.0014009106070845133,29.240573500364366,10013.708546875327,13004.085167452193,23339.06013615834,2990.376620576866,13325.351589283013,0.22995670837818355,0.5709463668007153,2.802380056233915,27521.25790591168,7.919119697415185,267856.78240646457,134.27465391556822,176,1,13603.465391556821,20.30306894153823,397773.12964148016,164292.88742378957,27645.7528528489,205834.4893648417,-0.27699785479279243,0,1.8874397297695782,1,1,1,1,1,1,1,0.11442630937086626,0,0.48765696910796846,0,0.41085916988036986,0.6607062961237484,0.46327554586386893,1,1,1,1,1,0.0654010197572758,177809.012876704,200362.60218739114,166180.12211253296,188733.7114232201,389,389,0.9573372961295982,1,1,0.9999366910682702,0,31.20861648171047,-0.09498174748984586,7848.600834596809,7896.443555710871,1710.7936412221911,37824.93719365139,0.7700432916218164,0.9939412317992876,0,0
2910,9943638,3766720,1991547,760076,3425295,0.7268455943428813,0.08679141251634084,0.6206920332069175,0.38852575429156866,0.9260971688631464,0.030234407165667134,0,13360,14240,17749,0.8969691608053213,25.298443960931987,0.035455507152554425,2.429224441109119,5.5339781969321535,38.62394250804457,219.88115187650573,33.53854044061602,6.979417181198212,39.73292702858863,0.3105477610722206,333779.2091336182,1635042.0993025496,103654.38608890159,25915427469.781017,1.2657541917835256,0,31416261494.699924,31416261494.699924,8919136.6322592,31416261494.699913,76625632.5202348,31268604676.552483,71031185.62719108,0,0,0,31407342358.067726,0.9889282408079401,2.7788280034643007,7,35,305748,934344,305748,920614,1,0.9853051980855017,1,4189,13079,3104.5250958581787,9816.962441451062,44.39928789670744,323.615437343467,0,0,0,1,0.9786842822514318,0.9901082481214711,0.9951427450605334,0.9835457065870934,0.9991410431484887,0.9996801355253548,0,685927.0332855296,22.372742576352806,0.0005486211481419869,31.412166176218967,6371.337656367054,10161.624911356852,15939.959513452226,3790.2872549897984,9568.621857085172,0.37300011445548353,0.6002914780937754,2.6870790160760403,21297.14027371659,7.439660196081031,206026.67148324885,99.69179381653883,176,1,10145.179381653885,21.382686487845977,318682.0606240622,130416.45469754278,22247.814558867372,166017.79136765207,-0.23186931102806851,0,6.9377825080086355,1,1,1,1,1,1,1,0.06679872149458099,0,0.9646040760206015,0,1,0.7780441358995748,0.5792841780288278,1,1,1,1,1,1,178415.77785097924,225105.5994548991,0,46689.821603919845,389,389,0.9525201789902871,1,1,0.9999035781791513,0,29.70861648171045,-0.14610101993662575,6425.767130836443,7083.3414718746735,9507.415415312507,27095.169504588855,0.6269998855445165,0.9071660820462751,0,0
2940,9939319,3917307,1823289,758387,3440336,0.7314088990063052,0.20602141920695943,0.699207471950038,0.6092326134871576,0.557805620284448,0.3967507230626163,0,14240,22041,17722,0.7519770349238626,18.608321721058537,0.04041079288052454,1.5225485454521166,4.980791284967939,39.349230752556736,154.94364949950787,51.01963433779336,7.900196675840037,31.108239762450765,0.3447365684043612,330592.8523613322,248510.82440906815,113967.44546205526,18838176566.46044,0.9694331243857373,0,31322312752.304317,31322312752.304317,7474139.630828854,31322312752.304306,76148914.83104502,31181666216.33456,64497621.138701744,0,0,0,31314838612.67355,0.9995907250789634,2.899344553153057,7,35,224950,786595,224950,786181,1,0.9994736808649941,1,4178,13089,2251.405524027779,8370.776026199406,94.3469065459949,499.7779782904424,0,0,0,1,0.9982485735980836,0.9881662609891482,0.998252790845114,1,0.9988377115958766,0.998517187704956,0,750657.0094542999,29.695737128198022,0.00011775536511015115,31.92326638405675,9793.189496914983,10913.145513121768,18761.50060594164,1119.9560162067846,8968.311109026658,0.1026244921649922,0.47801672677432067,2.6968981343510374,30780.230507153632,9.167766020935915,209861.08976145575,109.67474975594965,176,0.9994361642500442,11143.474973597504,20.222532371138303,355736.12002622284,130684.5357649738,26628.321801165483,198423.26246008358,-0.2985676490168089,0,4.693588548999685,0.9999999998207506,1,1,0.9999999998207506,1,1,1,0.24318720942155334,0.3037634474441884,0.8365552876862666,1,0.847084410127861,1,1,1,1,1,1,1,1,155303.18386445686,237957.2041951064,0,82654.02033064954,384.8481414874858,399,0.99,1,1,0.999999,1.6759054454003501,28.20861648171043,-0.2639751741437839,7942.6155649466755,5898.383072595917,5131.370684319282,27726.3088624566,0.8973755078350079,1.3465750642491041,0,0
2970,9938174,3567588,2158436,756855,3455295,0.7356151493601844,0.07654059493989016,0.30964725576552626,0.23159814688209307,0.9527976668550984,0,0,22041,18845,17700,4.493573887828618,27.39204430369556,0.1640466785906291,1.4348563186853258,3.985387964257326,24.553511896310496,112.33827073436595,48.71974066806506,6.160883737422041,28.18753700815677,0.6585324534100139,435133.90569239174,460586.820083922,286549.79847749235,20154546937.042973,1.4227046543306927,0,31327714746.5129,31327714746.5129,44657919.17915309,31327714746.51289,82097897.52736446,31181666216.33456,63950632.65096666,0,0,0,31283056827.33381,0.9967833179577422,3.05218574685631,7,35,441130,1035236,441131,1030486,1.0000022669054474,0.9954116742462589,1,4178,13079,3182.322863609801,9198.4312423626,127.45257392452726,629.9757085714311,0,0,0,2,0.996380644510389,0.9867579393925929,0.9963813971718526,1,0.9991932014160414,0.996223581998361,0,594005.538260454,16.145655785722887,0.005907886372415382,29.21444533790126,12023.942735873241,14288.213343950358,27649.465259346718,2264.270608077117,15625.522523473477,0.1584712205487757,0.5651292846682224,2.6670152714444475,25499.362631233394,17.299451938575533,175536.47882491598,141.13602420807553,176,0.9994361642500443,14289.60241824615,12.869674697248438,417462.8087481938,93443.71260592574,34737.66708588651,289281.4290563815,-0.2842551988866198,0,1.0626398316505932,0.9999999998207506,1,1,0.9999999998207506,1,1,1,0.6608240180433976,1,0.057994603719200885,0,0.7310835145199135,0,0,1,1,1,1,1,0.9999999999999998,76841.25366417004,265022.68812719407,1.4551915228366852e-11,188181.43446302402,270.7971553210701,399,1,1,1,1,12.39586558807562,26.708616481710408,-0.5631654769094848,6838.289489284923,6855.150992968418,134.0318205317763,39289.006326549876,0.8415287794512243,0.9975403162234077,0,0
3000,9941287,3605480,2109151,756148,3470508,0.7396201084549466,0.027611804215602408,0.1163663929804884,0.08352085396784663,0.9510628754606923,0,0,18845,14582,17695,37.33239152145441,30.070394816690786,1.2414998788354052,1.6502808059717442,3.0222810759087424,14.855878751284896,137.20611228405107,56.99563474113395,4.915452394452761,45.398197202024235,0.9761504203110499,451929.82827345986,447824.5922888059,441151.4918202385,28452454191.185825,1.7772786955618818,0,31072646588.984123,31072646588.984123,371132018.5111949,31072646588.984116,87016822.26180403,30932802342.38294,52827424.33937303,0,0,0,30701514570.473007,0.9866502360578716,3.082517964109608,7,35,468355,1108377,457589,1098094,0.977013163092099,0.9907224707838579,1,4169,13184,3621.4524399211696,10078.751835406934,68.87373339240652,668.5949589874127,0,0,0,1,0.9856650961773061,0.995701615440443,0.9870436989049212,0.998623294898153,0.9999978065507328,0.9986052604217293,0,748540.2984438908,19.246602256215198,0.0014015008253996934,21.43573353198045,7582.664596347721,14892.297250792788,12181.197265584586,7309.632654445067,4598.532669236864,0.49083311535807145,0.37751072977276645,2.9060777702871863,27752.671268527098,20.671819770532334,196131.37381548513,143.55456132991333,176,1,13882.976406997273,10.061001135046032,297591.78289116494,60647.263180593174,36185.675371146026,200758.84433942573,0.16605241277062519,0,4.908172467020917,1,1,1,1,1,1,1,0,0.030931082083719117,0.33648671412686154,0.5839377017574982,0.8579195871466644,0,0,1,1,1,1,1,1,33997.75440966496,337259.59799709637,0,303261.8435874314,151.0971553210698,399,1,1,1,1,29.207638943776043,25.208616481710386,-0.6295709672538061,6292.7938096441685,7538.282465159796,1661.1866502478545,27975.68649582029,0.5091668846419286,0.8347781923439472,0,0
3030,9944785,3653425,2049949,755686,3485725,0.7436669943089828,0.009961616402029128,0.10109076833710841,0.03020627845161756,0.9493340479457324,0,0,14582,14185,17683,11.631808001987364,25.51072268223895,0.4559576044502123,2.7741533718061193,4.566443507829484,17.66182564008768,189.77472106842012,52.1334130912568,3.867742064432694,41.55853910007607,0.863337300305232,430698.9587841176,499807.4787577177,371838.4763209545,26668234122.562008,1.6377553715610276,0,31203646072.61964,31203646072.61964,115675829.74109836,31203646072.61963,115206233.6177332,31036512734.919083,51927104.082811594,0,0,0,31087970242.87861,0.9781654420031967,3.129074576086915,7,35,472498,1012808,454839,998036,0.9626262968308861,0.9854148071500225,0.9879651803973775,4169,13164,4104.257065171594,9773.702877087626,25.669005165952825,587.8990376191321,0,0,0,1,0.9323153771536807,0.9982281959637345,0.9791677507413402,0.9507180303764947,0.9999998314523862,0.9991011331805442,0,726993.4401943452,20.01530593325221,0.00030081640482879665,16.552003849437053,6455.052707182186,14912.318049670475,20694.25967384042,8457.265342488288,14239.206966658236,0.567132843754977,0.6880752049641087,3.2039575089175414,14669.369081603334,15.298026674630757,323935.5296163657,108.4068580204188,176,1,11000.951406954122,12.147439464677966,182087.79003537458,65900.03123153823,30868.55021022645,85319.20859360989,-0.1909458136895726,0,13.2642989166433,1,1,1,1,1,1,1,0.5483540482148033,0.4769560436676731,0.291505624030798,0.6422847160708711,0.1089086974708879,0,0,1,1,1,1,1,0,97144.22728420972,284059.7816411662,97144.22728420972,284059.7816411662,38.900000000000006,389,1,1,1,1,12.26168348022301,23.708616481710365,-0.337465112115074,6743.817475968565,7376.070399376776,1125.0350246183898,31653.015451706524,0.432867156245023,0.9142832308838008,0,0
3060,9948652,3601971,2090090,755716,3500875,0.747811908551226,0.0035939916288633316,0.11156954512473258,0.010924448380854835,0.9476106913780882,0,0,14185,13806,17673,6.350228936851235,22.781311803830167,0.2787472903901691,4.2669401824300435,7.485830609939156,27.30854310362534,252.92416993262134,51.71176012141224,3.6480311306225643,33.78705491903684,0.9864577504011958,408028.9074749494,529365.4762995379,402503.2781663962,30362061375.861156,1.5002601248186926,0,31312766884.53957,31312766884.53957,63176217.813111484,31312766884.539566,114831293.6177332,31146360075.82882,51575515.0930087,0,0,0,31249590666.726543,0.9840847723118091,3.237950181088805,7,35,433516,1011201,428061,993663,0.9874168427462885,0.9826562671516346,1.0000077663569185,4169,13091,3881.6239821781937,10538.975216844308,21.896230172598045,403.8722540897719,0,0,0,1,0.9119869091061867,0.9982321745759067,0.9793946659813635,0.9316659823485278,0.9999998863103295,0.9990600430287644,0,717349.8193023746,20.182533861772736,0.00006456686130621109,23.95361545616575,11104.282663960264,15811.908210629177,29243.94016125366,4707.625546668913,18139.657497293396,0.29772659213290426,0.6202877381525789,4.230887979083992,36455.36130725232,13.370484194502877,256081.9316291309,133.37536089168952,176,1,13513.536089168952,17.330424767042835,323698.0469329711,133307.79663623188,37489.52976868944,152900.72052804977,-0.27475071260326,0,9.837313866938235,1,1,1,1,1,1,1,0.6152113410408062,0.5685825856044141,0.7907618181192347,0.5408873451206911,1,0.539609739690013,0,0.8822689438102325,1,1,0.8822689438102325,1,0,194239.71947426655,105437.22062364244,194239.71947426655,105437.22062364244,109.43154424379894,389,1,1,1,1,13.843593500732425,22.208616481710344,0.15220410444796525,7406.75668924861,7681.7665412006245,671.4168468547184,40863.798940229484,0.7022734078670958,0.964199660263428,0,0
3090,9952795,3513175,2168282,755277,3516061,0.751803278630816,0.0012966762855007733,0.2871107370420997,0.003950952535153199,0.9458934902205863,0,0,13806,13512,17655,2.1526674218934154,17.97169638237613,0.11978098094314679,5.4535617515482855,8.564974910138325,39.852152966088894,263.88844724174055,54.16154744804556,4.652921156711862,30.81018333508215,0.8647978637947178,344237.22245977743,1233445.0439648659,297695.6146218426,28165921920.98845,1.084815153982943,0,24666383577.850048,24666383577.850048,21425057.553334415,24666383577.850044,229543017.67587963,19169569139.485054,5267271420.68911,0,0,0,24644958520.296818,0.9855612466597552,3.301284729323073,7,35,386671,1074674,384428,1055817,0.994199202939967,0.9824532835073706,0.9925663190535862,4169,13096,3514.120971711948,11366.118091730237,44.46346955572401,359.0868079038,0,0,0,0,0.9321250012111368,0.9948846433063296,0.9838847735925655,0.9452208195119567,0.9999745443844121,0.9986780774108229,0,683400.0411387708,18.98010522206349,0.002461645414113914,36.31260168339351,10110.726311557362,18408.572364910935,18674.433583501344,8297.846053353573,8563.707271943982,0.4507598899505274,0.4585792245666783,5.10175312512421,47838.009127424266,9.980425848500428,260067.63319791245,137.18220849594118,176,1,13515.54394938138,25.13762488484103,490784.5639682852,206136.86298849413,41388.49186756299,243259.20911222813,0.030864886692733337,0,7.758826154790507,1,1,1,1,1,1,1,0.8750431712133226,0,0.46988051254249735,0,0.7902156378131789,0.537995229348263,0.5682945513055494,1,1,1,1,1,0.5173264616116136,270264.2637982415,139814.85529081197,130449.40850742953,0,389,389,1,1,0.9818430929227812,0.9818429287288326,0,29.58504173371523,0.36703819235109625,9704.531165941142,8027.689554830689,6739.195021599195,26590.54467599269,0.5492401100494726,1.2088822194302977,0,0
3120,9956951,3761984,1908579,755199,3531189,0.7559016626744117,0.0006362584695342164,0.5687749358868126,0.08635549487909623,0.9441810048075963,0,0,13512,13492,17648,1.7554323524078355,12.510771613437866,0.14031367581854975,4.351189116981687,8.037790890452822,41.427803444889065,215.02784457949053,50.57997905732908,5.1541280445721025,26.752107327760626,0.4546246642680458,332434.88058902713,358965.8578075594,151133.09597877436,21868665175.575554,0.8608006924690984,0,24981316109.76476,24981316109.76476,17478753.916790202,24981316109.764755,222386757.67587963,19503414699.848614,5255514652.240261,0,0,0,24963837355.8481,0.9840231606204595,3.339117633709462,7,35,282580,950893,282580,931186,1,0.9792752707192082,1,4169,13094,2459.2057789105093,10299.23808585163,116.9866378674481,353.1759332447324,0,0,0,0,0.9192747212317224,0.9929081761555836,0.9841772965638891,0.9350984508960589,0.9997468141024649,0.9978742452088063,2,744707.3145622173,24.542039060649824,0.0007850918238896486,46.6600159504967,11050.737651863436,16774.20656930428,18955.06066455858,5723.468917440843,7904.323012695144,0.34120653598688977,0.4170033086453969,4.928593746000406,16577.631664497123,8.595704803270449,189895.4416873611,107.22583506395671,176,0.9900000254340763,10773.632172888118,32.15425036099551,502697.849031744,217990.61908124003,36461.05517736064,248246.1747731433,-0.09623288224958466,0,11.082509036529142,0.9999990000076302,1,1,0.9999990000076302,1,1,1,0.3334973353348802,0.04368921107631208,0.6306125062053104,0.7108774557542056,0.2889609189019823,0.38670567300577346,0,1,0.8577866062366456,1,1,1,0.36002462668180896,272127.43203310587,136292.8765908617,174154.8549055076,38320.29946326342,389,389,0.9996689348451503,1,0.8740960866542659,0.8740960866542659,0,40.84041428504394,0.3278208597465445,8551.679940616585,6842.748518705922,256.0429654686364,24287.08812261386,0.6587934640131102,1.2497434206794218,0,0
3150,9961141,3444647,2215333,754860,3546301,0.75992512341033,0.0002295166408718683,0.36990973644679936,0.030322723205127397,0.9424730560484988,0,0,13492,13448,17638,1.2680431276055018,15.155251112092998,0.08367021557258646,1.6840317309728952,6.380656203191964,39.94824262254986,208.43510172220303,50.17021793566113,6.2608360880759415,32.66671876443242,0.5741545818646142,352464.7847953599,674682.4812600549,202369.27113618108,25953614202.49734,1.001870415965246,0,25017266659.887833,25017266659.887833,12631156.388211792,25017266659.887825,220363020.5075896,19541669889.292896,5255233750.087338,0,0,0,25004635503.49975,0.9916992798750688,3.362337747316429,7,35,422505,1159165,422505,1146036,1,0.9886737435999189,1,4157,13219,3377.583303701645,11106.799700794209,103.17730580270936,312.9374394818089,0,0,0,2,0.9659505519752939,0.9939137061394897,0.9909529111794825,0.975,0.9999956273175103,0.9964251804198171,6,569176.0516994932,14.514789264660424,0.00227922301522897,45.197239194201636,9534.825250176196,14823.910894791316,20792.232038260983,5289.085644615119,11257.406788084787,0.3567942145735339,0.5414236801209886,5.578859611894742,33735.28815933463,15.403229975802489,252430.54120567694,129.4075956670688,176,0.9927043633327205,13116.754473208759,22.19992170599603,592841.0893772305,167547.7940956881,46191.47011378344,379101.825167759,-0.22173455227751587,0,5.793302670708228,0.9999996116801492,1,1,0.9999996116801492,1,1,1,1,0,0.3697734431312439,1,1,0.5197845709573201,0.5302514776869703,1,0.9952887188404834,1,1,1,0.4638539075326532,326204.7335142207,151311.3402962191,174893.39321800158,0,389,389,1,1,0.8906055906681667,0.8906055906681667,0,52.21104471100304,0.4004139270074048,7678.845545965623,7912.722506185102,491.5917353616066,34514.02971868841,0.6432057854264661,0.9704429215056303,0,0
3180,9965437,3661677,1987935,754420,3561405,0.7639152918819911,0.012985134639301071,0.5671669092580878,0.29041429034841926,0.9407691805186266,0,0,13448,13330,17626,0.5470236130590835,13.37661239876504,0.04089403181851827,1.5431105397308484,5.428861214009543,32.97649730057281,182.0399499270014,32.169802048179534,6.074293668711724,33.531885003292224,0.39641917959356476,336232.7197281276,1486660.7214070836,133289.09890713735,22385047765.18459,0.7875006607634688,0,25396405549.796265,25396405549.796265,5451329.353505063,25396405549.79627,266746633.6834515,19651112544.435738,5478546371.677083,0,0,0,25390954220.4429,0.9998265550837706,3.3118271342164833,7,35,336246,862982,336249,862771,1.0000089220392212,0.9997554989559457,1.0000135820969853,4128,13141,2715.4728949107403,8978.44331437771,70.65905842286809,376.68958065158813,0,0,0,2,0.9791260482691987,0.9945171707614697,0.998665218298755,0.9804749787183022,0.9999130472324529,0.9992277839829393,2,762315.9616858899,25.431300951973775,0.0004892096107390406,36.11159302363677,14312.502525835162,15024.944587282016,23895.627403561924,712.4420614468545,9583.124877726763,0.047417283791509404,0.40104094008003677,4.2056651309421555,58486.09189176641,11.913069673746387,191313.5433574176,110.30437784624485,176,1,11206.437784624486,23.189857373185546,404682.3205230651,149326.93853742714,43238.14359692526,212117.2383887127,-0.35107698076824956,0,7.817140276481592,1,1,1,1,1,1,1,0.08364280208985371,0.9325387514160096,0.8655037933053256,1,1,0,1,1,1,1,1,1,0.380274522690738,286636.3779758386,193646.91245293035,177635.86615527462,84646.40063236635,389,389,1,1,1,1,0,6.651073023732021,0.17997866245554198,8747.527029015982,6447.640381179282,10464.863906110275,30772.413222718806,0.9525827162084906,1.3567020664722695,0,0
3210,9968659,3658689,1980094,753443,3576433,0.7678742026426625,0.10849865096090912,0.5720006533140318,0.4176933313097922,0.8627582706961889,0.07630544890742075,0,13330,14390,17612,0.828794186050024,11.669880645926845,0.07101993680966216,1.641602052854324,4.370353680817443,22.982841830830818,120.45230269730297,26.80495937310258,5.258805924954807,27.561225359402318,0.4598922122209854,332124.37530397624,1358068.7787180531,152741.41369105843,14686284389.251783,0.5902971452426817,0,25359472786.711365,25359472786.711365,8261966.621968272,25359472786.711372,261600726.26434994,19610324835.291008,5487547225.156016,0,0,0,25351210820.08952,0.9989407546896502,3.1500819808159015,7,35,324642,669462,324119,668932,0.9983889946464105,0.9992083195162683,0.9978887057847043,4117,13111,2727.7008225361183,6953.432154229645,75.49591051997614,594.7326257287135,0,0,0,1,0.9956676974365959,0.9969055745608888,0.9956704843395373,1,0.9999415656196152,0.9996262710360155,2,711569.4080794562,28.661948201228583,0.004307938551039557,26.111335954739168,6714.164172189472,6785.413224084916,23123.91846679424,71.2490518954437,16409.75429460477,0.010500326147056782,0.709644185874857,3.077313153126211,23002.89915486882,9.830181101802758,136303.0740903115,90.51291858810863,176,1,9227.291858810864,15.815779808778787,240936.91767784013,73354.99396814586,40859.26998487664,126722.65372481762,-0.62339289757287,0,12.159229994745147,1,1,1,1,1,1,1,0.19905412312977872,1,0.9118296730095209,1,0.3898437905190179,1,1,1,1,1,1,1,1,166521.1475032937,210433.10328850825,0,43911.95578521455,389,389,1,1,1,1,0,9.239329326357856,-0.09445618810157488,4883.627557472072,5368.967266595024,7127.538798063731,32923.61508593563,0.9894996738529432,0.9096027811265178,0,0
3240,9971056,3456589,2348932,752270,3413265,0.7175126917980316,0.04067094819534687,0.21357701042634547,0.15971277080281449,0.9373571866410138,0,0,14199,14985,17382,100.3133364395847,16.740964973182255,5.992088066624534,1.9744287249465176,3.8876385593029967,20.5964939252578,119.13801852492305,49.067833045358405,5.297944654852504,30.645343363988797,0.7603036104812564,476927.8943322069,362610.00000000023,362610.00000000006,19491436239.500862,1.1402350924990783,0,25323333413.472385,25323333413.472385,1000229895.1860219,25323333413.472393,316798620.93622774,19388292213.77501,5618242578.761159,0,0,0,24323103518.286522,0.9973997011074859,3.07359273771883,7,35,467698,1047897,466233,1045421,0.9968676368083678,0.99763717235568,0.9949569533802182,4117,13078,4055.0321951741025,8739.475145542927,37.485259318065715,735.1756054718179,0,0,0,2,0.9731965875806734,0.9975866710360546,0.9911286313612802,0.9820679810201188,0.9999362621788567,0.9996559560723024,1,582739.9523032259,15.419929489240946,0.012670719618378932,23.452948584195465,10092.00008282579,12481.813662220018,26249.65758802368,2389.8135793942274,16157.65750519789,0.191463648157777,0.6155378389609839,3.2792723256044796,43641.61316389139,18.57303446004244,174333.81639285953,154.30532253730536,176,1,15606.532253730535,10.9363523895994,366019.1985243304,72529.26438043211,74413.96543989859,219075.9687039997,-0.25712530495217445,0,11.637528142550957,1,1,1,1,1,1,1,0.681028111901361,0.9618771607943916,0.9438810517840142,0,0.24252269871454632,0,0,1,1,1,1,1,1,54677.1546214461,313400.2431288739,0,258723.08850742778,306.3788138718915,389,1,1,1,1,12.130297211638151,7.73932932635784,-0.6537188167977019,7018.560599129676,7038.395395505386,0,41156.73774414585,0.8085363518422231,0.9971819150159743,0,0
3270,9974433,3447898,2346300,751542,3428693,0.7214518730633644,0.014665710439789606,0.07709524663525646,0.0577619624076932,0.9356275188775142,0,0,15190,14454,17831,12.851928146602015,26.026840065439753,0.49379517891100805,2.6254145750179876,4.197887338874809,26.307889143220862,187.01501710116955,65.97968133507857,6.266935489095895,44.549794218940754,0.5705577638374884,395662.4580323557,1032573.0929496525,225748.28728938493,27651168520.440483,1.8689229447949212,0,25265373977.634033,25265373977.634033,128190696.21911855,25265373977.63404,316317390.19425315,19324034755.420174,5625021832.019614,0,0,0,25137183281.414986,0.9914652132013678,2.954602100143234,7,35,472552,1131706,469417,1121149,0.9933658094770522,0.9906716055229892,0.9932987778522736,4117,13067,4110.017700510768,9892.82230608287,2.1524434495817277,681.2381835562027,0,0,0,0,0.9357713566371524,0.9969975237484302,0.9850649946111011,0.9507066726292109,0.9999912920793321,0.9983044472876382,1,745760.7219268352,18.754599857581145,0.0027196275971563787,17.4800444347239,16061.00880382803,19211.634362659945,17208.761663480345,3150.6255588319145,1147.7528596523152,0.16399570694284726,0.06669584262347153,3.8621234202090933,45802.45239595106,19.729531723154928,290481.35236650216,109.59491539058047,176,1,10842.335126934564,12.3068439078284,189524.49979498397,61764.443860794774,55972.16641318463,71787.88952100457,-0.027549493694152712,0,22.822090294258054,1,1,1,1,1,1,1,0.41031344366936173,0.5218812372904448,0.7190775414732993,0.7312987456732077,1,1,1,1,1,1,1,1,0.09768476468555375,103555.5186611655,435530.918838894,93439.72218885907,425415.1223665876,189.67881387189192,389,0.9883264484014407,1,1,0.9999979453535485,33.87217722393161,6.239329326357845,-0.33839181235458127,7686.760018425901,7576.748699036194,351.20698241551895,24250.17318154412,0.8360042930571527,1.0145195945859602,0,0
3300,9978309,3699228,2083811,751181,3444089,0.7254438367093841,0.0052887729949391915,0.25972761105151354,0.020890278744878973,0.9339047327558206,0,0,14454,13945,17821,3.4262520824871463,17.739419454116113,0.1931434166348745,3.39500044762234,5.819217722058733,40.270187485913524,289.6240511595915,57.02322942319839,6.920206359226351,49.77027239618864,0.9213219815509668,365828.943486655,1054313.4993338604,337046.2471218216,25501993996.97027,1.3079867313657165,0,25266071848.51379,25266071848.51379,34188201.99097687,25266071848.513794,311516722.6028553,19324034755.420174,5630520370.490764,0,0,0,25231883646.522858,0.9781122547677585,2.94713992895722,7,35,402749,1091192,395743,1065499,0.9826045502285543,0.9764541895468442,1,4117,13067,3654.51856270242,10437.080244364775,19.18403635102533,642.8233842211349,0,0,0,0,0.9013126984386535,0.9928165166884767,0.9780281140680138,0.9191133223539408,0.9998947866558593,0.9960281315216953,3,746111.7300486071,20.42404283612453,0.0005837375058387455,23.044673581430708,11554.165146504623,15457.41247426468,26767.01545434881,3903.2473277600566,15212.850307844186,0.25251621733318186,0.5683431660055537,4.301335932697953,67132.51844865111,16.193979242665158,285709.6586748223,124.013630596754,176,0.9900000130249867,12577.350482361488,16.862930188873534,289840.93638527056,116721.23384779406,55132.76850722226,117986.93403025423,-0.2667233154523094,0,20.63950765314041,0.9999990000039075,1,1,0.9999990000039075,1,1,1,0.5316616733463397,0.623534546292734,0.21864489018960584,0,0,0,0.7221058038970658,1,1,1,1,1,0.5323624327729535,187407.74997837268,306670.84733501496,87638.90427938077,206902.00163602305,85.84734315041607,389,0.8941069990740861,1,1,0.9980307566994149,44.74223242724534,4.739329326357851,-0.2620724717801636,7536.544925697179,7438.212906514273,1351.6819817755977,37421.77445470241,0.7474837826668181,1.0132198446614493,0,0
3330,9982260,3675500,2095505,751773,3459482,0.7297264514586281,0.004307395747660262,0.5187393131816969,0.165894149094588,0.932187200092965,0,0,13945,13859,17810,1.6454883743174813,14.154021168335525,0.11625589327212983,3.571739012561985,7.997702910535957,52.09350142085133,342.4852661206923,61.50116107844842,6.513557955775622,42.822954284724865,0.6528849351164181,340429.9162694374,524495.1321208751,222261.56379525928,25070291908.747807,1.2357568340270377,0,25269001520.572994,25269001520.572994,16425692.779441305,25269001520.572998,310193199.9065358,19324034755.420174,5634773565.246288,0,0,0,25252575827.79359,0.9744044999031345,2.99879208145606,7,35,333276,1013953,333276,979470,1,0.9659915203170166,1,4117,13065,3150.95746298789,11010.770699590841,50.52512781959751,534.6301262291685,0,0,0,1,0.9512587184338825,0.9865197731220166,0.9839762849032422,0.9673003179160954,0.999505103244395,0.994218059708828,3,692230.7883536054,21.092604002712037,0.00012529269672036144,34.23382089932497,5473.817405075406,12664.4696164986,16710.877433671827,7190.652211423194,11237.060028596421,0.5677815517876559,0.6724398568057319,4.387365930074507,11480.82031820571,10.096865758515527,197124.05861834454,138.28583304972523,176,0.9900000130249866,13827.380422140619,23.200026252870813,473364.0648783944,190912.05614175947,58233.77286471582,224218.23587191914,-0.07795099015823162,0,16.776543701463854,0.9999990000039075,1,1,0.9999990000039075,1,1,1,0.4881793067474568,0.5461865568755077,0.9921625094909735,0.7552059384944615,0,0.666443936454163,0.519553559381543,1,1,1,1,1,0.6209822112092008,231461.71135818557,143733.60532947187,87728.1060287137,0,378.2236029843368,389,0.9204487792438321,1,1,0.9995902163429973,36.390517537395134,3.239329326357856,0.2525749597898997,7445.675010264913,7700.121184379262,3014.8263795047374,32329.488336666112,0.4322184482123441,0.9669555623838068,0,0
3360,9984745,3700749,2057714,751464,3474818,0.7339253547344143,0.1337135825494579,0.6685500943862834,0.5406744649236395,0.7550661534170376,0.17539756899149653,0,13859,15311,17796,1.3745766524556047,13.580352734458733,0.10121803750853682,2.396632847945304,8.911453672502246,50.247455649565616,210.96133594378034,45.32319002240187,5.638525149338137,23.673055339415185,0.34462995375848415,332731.48626131046,1321611.8116270544,114669.23672422716,24796932509.393223,0.9180990944481322,0,25482294735.20634,25482294735.20634,13724797.357749652,25482294735.20634,306826258.3303461,19492138829.9367,5683329646.9393,0,0,0,25468569937.84864,0.983709703230854,3.097465491424759,7,35,277308,847472,277308,829149,1,0.9783792266883153,1,4117,13001,2492.2826104159017,9773.11832769062,118.18991840373069,500.9428313733821,0,0,0,0,0.9428855279728495,0.9854359339022849,0.9893932314122875,0.953536755033203,0.9986874350841465,0.99760151505202,3,728344.5654528042,26.330695741553598,0.000026892669555135696,42.379151756948794,6641.6414999806575,11780.493733034045,17342.41840572417,5138.852233053388,10700.77690574351,0.4362170507882343,0.6170291049033584,3.875113426586724,17262.96061358139,9.879948182968509,162219.33069315628,91.10545441346542,176,0.9977227754705283,9286.545331680607,29.188009515586476,393555.91390907683,164488.2681183448,38413.32644284139,190654.31934789065,-0.22422347451229185,0,22.519555649552068,0.9999999881908793,1,1,0.9999999881908793,1,1,1,1,0,0.3840262102338334,0,0.37842346011458555,0.5086207204285675,0.4083263176291357,1,0.8881134445639263,1,1,1,0,234890.40038351328,155815.8445219691,234890.40038351328,155815.8445219691,389,389,0.8756334149316697,1,1,0.9983226589717391,21.390517537395134,10.5745793884652,0.186989240316868,6131.163261827552,6610.933970747194,11369.25170762889,25673.016389518354,0.5637829492117657,0.9274276961405777,0,0
3390,9964726,3919965,1810602,746929,3487230,0.7388726106858187,0.31230803468777757,0.7206716343406396,0.7280462727376049,0.3752922057264796,0.5532956952353733,0,15311,37752,17733,1.3639717258293542,10.633914750782626,0.12826618962024025,1.4199936384472467,6.281633278230169,35.72173316088368,152.38722130157305,47.34185449888831,5.686695096430107,24.259171866923708,0.8151848519775498,343468.16687268746,620176.9540350401,279990.0467711121,17691457112.91776,0.8160211044863793,0,26592803380.697437,26592803380.697437,13591604.519664025,26592803380.697433,315321195.7451466,20580369964.314014,5697112220.638273,0,0,0,26579211776.177803,0.9895938536154117,3.194337921394558,7,35,221192,835299,221192,824305,1,0.9868382459454639,1,4072,12991,1657.7299555592388,8965.049742906125,150.852838767192,590.633403298239,0,0,0,2,0.9942148151026723,0.9858884178889282,0.9942714976840094,1,0.9975198739302831,0.9975283011773821,3,706395.2834132984,27.02620030141831,0.0026880884824095987,41.353706058459245,8575.285671005993,9054.178988113605,24896.87894205916,478.89331710761144,16321.593271053167,0.05289196488564079,0.6555678448305636,3.8222917180857334,21884.79655416231,10.784448072907047,243574.30342754832,122.77092178912248,176,0.9977227754705283,12453.09203185218,22.331155122444407,514981.5074041561,159576.4521998226,47104.89120191363,308300.16400241986,-0.4723715054581714,0,19.56678017808411,0.9999999881908793,1,1,0.9999999881908793,1,1,1,0.9258610588225757,0,0.04127900975696767,1,0.6289782760872699,0.7026870448351612,0,1,1,1,1,1,0.42147648313782643,225946.25706679787,149920.13814016082,130715.22326012864,54689.10433349159,389,389,0.8699261705832858,1,0.9184949997703479,0.9163231638012665,6.390517537395134,17.650688404910387,0.245071967951555,5996.915870464592,5849.756772281419,5524.529152431461,37298.57790405389,0.9471080351143593,1.0251564473381996,0,0
3420,9955797,3611951,2098934,744692,3500220,0.7433019575775033,0.11287152660028534,0.31017716298358916,0.2624038406051125,0.9267927017796767,0,0,37752,26621,17692,8.287171944173854,15.325612825415785,0.5407400042385596,1.4212716803571754,5.322144493173749,27.30706765646667,148.18981992934047,49.98602689489784,5.130839211804766,27.84400538531238,0.5701598784268154,451230.60088558233,417759.9483087734,257273.58454338246,22713035191.907665,1.2065929886219084,0,26492006348.461414,26492006348.461414,82505401.58026338,26492006348.461403,315321195.7451466,20479572932.077984,5697112220.638273,0,0,0,26409500946.881115,0.9999089417206777,3.244099942954897,7,35,437268,1045299,437268,1045164,1,0.9998708503499956,1,4063,12973,2940.1420861213196,9656.022214567603,150.81301729535107,688.5263391645035,0,0,1,2,0.9743654908199926,0.9851346747844489,0.9968625938486653,0.9777491059676547,0.9956008530663851,0.9979344333841434,3,589826.0113105825,15.91509118288279,0.013088863178726332,38.206259195480634,15027.775486020362,17024.433622088443,18313.562359515243,1996.6581360680811,3285.7868734948806,0.1172819125963466,0.17941822617529532,3.522672569620875,37986.2357291809,24.190696139264467,235316.09664288515,160.7886316458788,176,1,15660.891755586124,20.82668378722329,598344.0896462892,183286.03065208206,60512.12680271224,354545.93219149497,0.13796497162885954,0,21.659159018986873,1,1,1,1,1,1,1,0.9812231469707735,1,0.8406255182667368,1,1,1,0,1,1,1,1,1,1,183542.1926070881,187350.30480035068,0,3808.112193262583,389,389,0.7831951114524398,1,1,0.9901703148889908,0,21.582097121236163,0.011774236771314943,7127.507161645763,6940.86172895988,8446.978918022729,29150.67822608502,0.8827180874036534,1.026890815575122,0,0
3450,9959038,3694836,2004376,744505,3515321,0.7474412252079761,0.04072543333376583,0.11613508149414636,0.09468773670713569,0.9250855353699825,0,0,26621,14466,17707,12.446256762763426,23.980142150691943,0.5190234771983739,1.6130788094176853,3.5188735961580546,15.235054383041339,179.91446809700466,49.76944639244164,4.329525902742042,51.1284259523949,0.5112307504609257,372914.52642350976,647344.0883358273,190645.3732012716,28064318599.163647,1.52817547120708,0,18764698074.51706,18764698074.51706,123952744.0580943,18764698074.51705,275181319.53624547,13477049257.69718,5012467497.283627,0,0,0,18640745330.458923,0.9823815483094815,3.277135936956346,7,35,488707,1019144,477779,1003506,0.9776389534015268,0.9846557503159514,0.9987443363998191,4052,12923,3694.478744427841,8817.015098271318,79.20324997673498,816.993303716117,0,0,0,3,0.9898390039268186,0.9839298095236606,0.9900663308742441,1,0.9930464944000535,0.9973073790947145,4,726919.7870314505,19.629437604011397,0.00863266921429873,21.56669515913911,8345.411323054688,12087.470204360396,17795.06155771888,3742.0588813057075,9449.650234664192,0.30958164264643306,0.5310265549806577,3.2561519421686764,46535.5555534909,29.798594343947936,228483.43219800442,112.01294732727983,171,1,11372.294732727984,14.584148376081991,245262.8137606278,81015.45092043509,50245.369545225876,114001.99329496681,-0.2604772011866256,0,3.55127342912105,1,1,1,1,1,1,1,1,1,0.9460130172007146,1,1,1,1,1,1,1,1,1,1,73364.75459044683,256376.46884689527,0,183011.71425644844,343.5672073496833,389,0.7858756183962872,1,1,0.9909237662374276,5.293514307674829,20.183433520404364,-0.5609390231368048,6691.772610502156,6893.656451155316,7383.653070501616,30513.808776898302,0.6904183573535669,0.9707145486457588,0,0
3480,9963117,3674999,2012884,744765,3530469,0.7516388786478203,0.014814997870471025,0.3521062323252529,0.05970548868575327,0.9233883331893021,0,0,14466,13615,17694,3.113350350372044,24.418598126762525,0.1274991436531258,2.3720366364674956,4.064328286741675,14.832327435236962,215.0201725328424,44.62869874371942,3.6493920738690795,52.904233458272536,0.5927251785719452,346930.37474433595,1508819.7725854528,205634.36832236836,21271206984.395603,1.1430364511482471,0,18476909114.186317,18476909114.186317,31018673.802723747,18476909114.186306,283931037.69818,13141046259.276495,5051931817.211633,0,0,0,18445890440.383545,0.9849698185397745,3.32420469850506,7,35,433731,912294,426694,899100,0.9837756581844508,0.9855375569717657,0.9807703494713573,4052,12935,3639.8352755702826,8492.168901433008,56.71538195380063,953.058823172224,0,0,0,0,0.9193937416470679,0.9789569732337217,0.9775678724325756,0.9420405889239009,0.9901552461216069,0.9953898849445239,18,731715.9658671117,22.07630946789959,0.004940963974386242,21.57394156412652,6767.8521561695425,13796.197109559565,21936.04444831405,7028.344953390023,15168.192292144508,0.5094407464300428,0.6914734480906058,3.3198885890233614,20022.12556465708,19.332776879136453,172051.968686333,107.6110270770725,171,0.99,10932.091775604542,15.353557290404916,235848.30914056054,86081.61518628172,49629.13643581896,100137.55751845987,-0.22748689546122064,0,4.063632531612126,0.999999,1,1,0.999999,1,1,1,0.46678405157689695,0.6777360087659626,0.4309200089334959,1,0.8086884877632377,0,1,1,1,1,1,1,1,98686.09771600676,384296.3961921581,0,285610.29847615137,193.92000000000002,404,0.8141665735914386,1,1,0.9914824319756731,25.49570498652559,18.683433520404343,-0.5542093242499999,6487.367186734582,6513.517305414743,4267.863513967916,31403.91747770848,0.4905592535699573,0.9959852538261591,0,0
3510,9967412,3395515,2281726,744563,3545608,0.7556788587977857,0.0054187286343028345,0.22697035660466705,0.09874973744827632,0.9216979292117151,0,0,13615,13387,17682,6.980805606885437,36.455935814175234,0.1914861174451343,3.4057182247207054,6.828574541618618,21.432094518675886,236.01951150546682,46.680799411750336,3.138589816667024,34.56351103249752,0.5929809294586368,424206.0592547255,1028950.6098410042,251546.10329885271,24143488202.42322,1.5792646406799602,0,18519288761.791,18519288761.791,69580565.57571688,18519288761.79099,288101077.05117744,13158719049.26617,5072468635.473641,0,0,0,18449708196.215244,0.9849027884302209,3.46049500704755,7,35,429286,1093578,420258,1079615,0.9789697311349543,0.9872318206840298,0.9862744285407491,4052,12918,3872.8513326201764,10621.806882328485,46.51710509118816,820.7332750181035,0,0,0,1,0.9714553025922943,0.9822041378533873,0.9743094975121493,0.9971478769963593,0.9890687197065864,0.99362730524374,27,586503.7811309247,15.6414251374863,0.0024966955853694245,27.055518338262047,10985.00003681328,15222.92163739484,32707.19675825404,4237.92160058156,21722.196721440756,0.2783908175794047,0.6641411944286821,3.514980951518696,31336.515311216415,21.738964208058892,230193.76947113193,161.27989434611266,171,0.9900000000000001,16298.973135621833,17.942053040729892,440977.16656565695,159679.56866362708,67867.46795973922,213430.12994229066,-0.3197015984301116,0,1.10787844539675,0.999999,1,1,0.999999,1,1,1,0.5684600170095541,0.05093056980633078,0.3313203225364393,0.8261295321050218,0.6663806946526748,0,0.7524180440002091,1,1,1,1,1,0.9261070836017046,247626.22890722746,229328.40467656055,18297.824230666913,0,223.60687769040828,393,0.9962972165139328,1,1,0.9999989881706222,1.076483026210027,17.18343352040432,0.016048506163117763,8074.414972263428,7961.159490367812,0,46366.95188524629,0.7216091824205954,1.0142260033896624,0,0
3540,9969281,3555459,2110437,743111,3560274,0.7595241776411004,0.20244184854920866,0.4740013728609812,0.644433560714717,0.6096233018208636,0.31036912290866314,0,13387,15801,17670,1.5883598717336296,45.082591848837914,0.03523222172006893,4.648934357472482,10.843528011620966,29.961060847341233,232.73355224098984,46.39820209530685,2.7630362383194917,21.46289952786309,0.29645463766305535,346920.0740112765,1778721.5026419112,102846.0648390533,23409064987.565735,1.9115227675874673,0,17785090182.24009,17785090182.24009,15834805.890417876,17785090182.24008,285994931.53344536,12537494208.661566,4961601042.045072,0,0,0,17769255376.34964,0.9901934002902707,3.7205570621050117,7,35,349281,1030810,349281,1017276,1,0.9868705193003561,1,4052,12870,3339.884950681084,11240.892547524569,71.9662813747747,682.6138746190151,0,0,0,0,0.9559546885312933,0.9824992102567206,0.982400445885383,0.9732085018494698,0.9964872823361599,0.9949524234491461,17,742377.5569311733,21.72986730684994,0.0005358876543854812,27.982780735252156,14984.987229974675,18506.692512466747,23865.683349815376,3521.705282492072,8880.6961198407,0.1902936075757313,0.37211153729270446,3.058494303146731,45117.628546095126,10.431333700018618,143782.6358488468,109.97989434611257,171,0.9967091418538331,11168.989036557829,20.14746390657051,312539.3712444329,125316.40678366477,49038.45801148284,138184.5064492853,-0.2223092567027112,0,11.549496461821814,0.9999999643608377,1,1,0.9999999643608377,1,1,1,0.45810482818570947,1,0.9598574972843655,0.6657408633756297,0.5272534894994513,0.6029691598125153,0,1,1,1,1,1,0.9354278049912617,192283.51794843876,179867.34913050593,12416.168817932834,0,393,393,1,1,1,1,0,18.502589793033902,0.04685865339466312,10238.329821222367,7951.655081449084,9170.38350303467,29030.649075629215,0.8097063924242687,1.287572174138691,0,0
3570,9921745,3663543,1969528,732619,3556055,0.7613385309718269,0.44927888606869704,0.6434631955964129,0.8219104071438916,0.2301565903981608,0.7697716480316719,0.00007176157016734455,15801,64939,17403,2.152879039720967,33.990932631781575,0.06333686289348889,5.4469329375529645,15.425750456070402,37.29392133296367,200.88330885170174,50.65220163430582,2.4176406482893427,13.022595524527583,0.8689315252359098,336840.3618702683,774807.8030875361,292691.209400948,19875677705.27829,1.6142371973465028,0,17766770722.586987,17766770722.586987,21360316.84793724,17766770722.586975,292105625.9325253,12518478637.905605,4956186458.748849,0,0,0,17745410405.739025,0.9799921296540912,3.989666275111116,7,35,241043,1027008,241043,1001637,1,0.975296200224341,1,4052,12854,2438.9254510779656,10469.348385039306,129.51260089662728,621.691276645513,0,0,0,0,0.9791074752820336,0.9857804561034573,0.9791095297668871,1,0.9992286746235532,0.9945030442943522,19,717296.1052579313,23.08868269411051,0.0007295805747115413,24.324530733457827,8240.727421158303,12548.487796792217,35577.65418893801,4307.760375633914,27336.926767779707,0.3432892030811164,0.7683735027218137,3.1783237518817535,28353.674756017354,11.554015968239765,268475.2317406929,135.1572067702219,171,0.9967091418538331,13686.720189238931,16.728342320717864,332923.0458833801,117248.0533978326,45643.56272796349,170031.429757584,-0.5020120111785713,0,12.979593968196633,0.9999999643608377,1,1,0.9999999643608377,1,1,1,0.7683170259250328,1,0.37049086740583165,0.5892368514095787,0.4681621930856608,0.6477163180107606,0.5528828300963674,1,0.9335942161007652,1,1,1,0.8814025129909484,212525.1707971835,187320.21961446805,25204.95118271545,0,393,393,1,1,1,1,0,20.97102596725563,0.09176296823514574,7005.507249915605,7066.744128762624,363.85538629943176,48128.84852433961,0.6567107969188836,0.9913344989246495,0,0
3600,9831023,3897531,1846169,716414,3370909,0.7116184689311768,0.5318351379675206,0.6965744969066932,0.8325920444932482,0.19442605311776812,0.7823374027301127,0.023236544152119266,64709,107234,16512,1.4860964105337258,27.90730883040623,0.05325115436836959,3.7573810255895137,16.98413334764935,41.174946266259276,192.42986386087586,47.389498927362375,2.4243183578135294,11.329978393481506,0.423076664114135,324840.564212659,1382950.7934768337,137432.46227604526,20192651004.88489,1.5130919898321764,0,17690093336.31692,17690093336.31692,14609847.992155273,17690093336.316914,260177377.17764518,12585858360.564957,4844057598.574315,0,0,0,17675483488.32475,0.9883637636641588,4.1831141863265175,7,35,253922,797277,253922,785045,1,0.9846577789149819,1,4052,12853,2209.5704784575228,8720.746310812694,185.15999747767472,689.7643544930604,0,0,0,0,0.9638538786321768,0.9935807191169588,0.9897513884432125,0.974102983934165,0.9998160098708692,0.9976542025646453,6,756886.3216349098,29.13995619244537,0.00015659627275286305,25.794461145904197,7107.096513975737,13906.141958227829,13317.868756046622,6799.045444252091,6210.772242070885,0.48892392042850596,0.4663488096960747,3.6530768168108407,32588.17883091559,9.74968561733991,183043.63054377606,93.6642857938524,171,1,9280.179419007512,17.445796841657053,239377.22745060906,83153.62881394291,34672.936019880486,121550.66261678564,-0.057652456945947936,0,21.873663433677248,1,1,1,1,1,1,1,0.8171190754150803,1,0.7344066988696001,0.6405795395212368,0.40366826387322974,1,0,1,1,1,1,1,0.9299392836454395,171753.87620130344,209882.69622106804,12033.199603335815,50162.01962310041,393,393,1,1,1,1,0,21.090280224477482,-0.09265988053518143,6140.221831705378,5956.267357533001,244.82641071970463,20467.964485084372,0.511076079571494,1.0308841868791745,0,0
3630,9788622,3572220,2140735,709714,3365953,0.7134078598553638,0.20207462380143063,0.515602485956476,0.4083072733305772,0.9378950377284975,0.06033464158693634,0,107719,59738,17337,5.688556578752394,26.9932706410543,0.21073980453856594,1.491436670324641,8.178463590801956,28.286690105422792,139.08298476047378,49.97140151275232,3.4586802021391754,17.006004027076155,0.5734128527239324,347439.23303763435,1190695.395427467,199226.12176432507,19696564690.705193,1.4256760882489883,0,17829276535.479656,17829276535.479656,55683130.074997075,17829276535.479652,258876690.88831177,12698752015.07984,4871647829.5115,0,0,0,17773593405.40462,1,4.314693120101721,7,35,411996,1023375,411996,1023375,1,1,1,4052,12879,2740.5017365067793,8758.153096974276,248.3969701730249,892.2033190865479,0,0,1,2,0.9999990350457036,0.995829381416588,1,1,0.9999987521808487,0.9970240627747693,7,654800.0027833503,18.24754722739557,0.005809756860598496,22.781228553524503,6328.178771609362,10990.872377661408,15336.912584085505,4662.693606052046,9008.733812476143,0.4242332588201842,0.5873890043439475,3.14833804586975,26870.392959912937,15.630548825696254,263134.7936181428,103.58132229778343,171,1,10529.132229778343,11.79433629401686,239866.5677968615,55054.42925555469,35557.48118469203,149254.65735661477,-0.21085637019927517,0,20.26153009206702,1,1,1,1,1,1,1,0.19057054359955555,0.8358834778005445,1,1,0,0,0,1,1,1,1,1,0.1348644336815843,77093.1540937286,287529.93073846446,66696.02952615079,277132.8061708866,326.22848208878617,393,0.9683645284720098,1,1,0.999979115780052,7.7574823476441885,19.59028022447746,-0.3179228596957617,6286.717396627501,6388.138908547936,1053.1448215114394,27606.43399819812,0.5757667411798157,0.9841234648506589,0,0
3660,9791397,3632767,2068206,709933,3380491,0.7174957678277024,0.07338422536830701,0.1964476331246528,0.15764589576699198,0.9964359529084563,0,0,59738,14820,17595,19.98991622038582,38.92334540378142,0.5135713801836722,1.527883670550992,4.540348537660438,14.126106736631582,161.0489904246455,62.083224667059085,3.111238403717464,35.470622814263336,0.694096470445102,438345.14250611345,343873.46140049316,304253.81625024864,25379680221.691376,2.062264922363102,0,17851189429.94046,17851189429.94046,195729205.71051642,17851189429.940456,263863592.22702864,12712595953.509005,4874729884.204423,0,0,0,17655460224.22991,0.9912165556360093,4.44271772850351,7,35,482006,979152,469386,978938,0.9738177533059754,0.9997814435348138,0.9836988737403675,4043,12836,3486.439841540059,8310.457394489644,196.93178832147348,1087.4441756091376,0,0,0,3,0.9974508170137811,0.9956741619783867,0.9974519759028929,1,0.9999986675976041,0.9966911382534542,9,716522.2091681266,19.789003266344455,0.0017067955114108784,21.024722498920806,7951.988428274425,10843.024153191262,26085.308937698406,2891.0357249168364,18133.320509423982,0.26662632897169763,0.6951545236720491,3.387542151050463,49157.6820763752,22.17405329120157,225157.180697429,132.7359648171107,171,0.9927247320395586,13444.591304513326,9.761725323507482,282668.80128879636,47976.21096685964,47944.2059097766,186748.38441216009,-0.3816179978527172,0,17.546085226766234,0.9999996149235306,1,1,0.9999996149235306,1,1,1,1,1,0.07546628067557064,1,1,0,0,1,1,1,1,1,1,22752.377864037786,439261.39494189946,0,416509.0170778617,208.62229353129032,393,1,1,1,1,22.79379247579071,18.09028022447744,-0.6615785258161606,6648.072457522534,6527.838302768846,0,39154.09489499107,0.7333736710283024,1.018418678462469,0,0
3690,9795735,3664212,2024924,710973,3395626,0.7218317509020702,0.026489448012565846,0.19354000220774503,0.05701445325410158,0.994647160218197,0,0,14820,13244,17582,5.149866534948638,37.22662244661066,0.1383382696707021,1.7530828981649922,3.7078625221511885,11.377560976751047,216.88063768998273,57.60410921141715,3.0684959080279315,58.49209251807837,0.752265854638826,377897.0547505746,1183180.2935456317,284279.0508574362,24800893280.920437,1.8338094766632014,0,17845739242.799335,17845739242.799335,50446727.86170769,17845739242.79933,260905708.83630052,12712595953.509005,4872237580.454024,0,0,0,17795292514.93759,0.9847767859193884,4.596919521758713,7,35,446376,859590,442418,843667,0.9911330358262989,0.9814760525366745,0.9981512069107599,4043,12891,3709.5467651482463,7580.84847736702,137.28839535391256,1202.544117090209,0,0,0,2,0.9847393448013746,0.9921357857484854,0.988127443195312,0.996621224918886,0.9999803991090305,0.9947117537146242,17,701084.5346196459,21.805231679699116,0.0075659048732923465,14.01529313442301,13111.518017943916,15844.796066827184,20706.943680060693,2733.2780488832686,7595.425662116777,0.17250320151520823,0.3668057333555521,4.0804192672095345,13283.518783192772,12.800532133591311,233364.46018227565,79.64178102980627,166,0.9927247320395587,8108.859522441751,10.36879420611421,113648.04319287853,29746.474035067426,33983.752785845434,49917.816371965666,-0.17852115263773,0,0.8069930662792884,0.9999996149235306,1,1,0.9999996149235306,1,1,1,0.444295004495824,0,0.3685768328673989,0,0.8769946532491774,1,1,1,1,1,1,1,0,36843.77516743116,538507.6599585405,36843.77516743116,538507.6599585405,91.90285108544731,383,0.9955150862627503,1,1,0.9999992164939686,8.811340585653502,16.590280224477418,-0.4141155049386356,7674.263718482196,6196.423233611513,3335.2815998453125,22224.368869203525,0.8274967984847917,1.2384989580528283,0,0
3720,9800469,3512885,2164284,712548,3410752,0.7262950953195157,0.009561955460631528,0.233684751284316,0.02061993345306462,0.9928630966538438,0,0,13244,12837,17571,3.5930912482699973,32.71538021615203,0.1098288090962195,2.405020242457043,4.505189439760771,17.170783558310582,237.61611383430983,65.39360199140954,3.8113344151011694,52.74275743817056,0.5392451270494079,346580.7857685308,1582516.007324093,186891.99985463498,24446069673.61122,1.650200630234012,0,17878585288.110294,17878585288.110294,35213979.39281575,17878585288.11029,264009737.75852314,12455252540.764051,5159323009.587715,0,0,0,17843371308.71745,0.981363617217379,4.742243306615108,7,35,428061,972640,420736,953861,0.9828879528852197,0.9806927537423918,0.9947565032241443,4043,12891,3840.429494903604,8965.128706564674,96.60893793154514,1188.352913402343,0,0,0,1,0.9186329046050405,0.984769933285379,0.9825787643509869,0.9353616514450597,0.999824492565447,0.9917211774229093,27,671302.827615719,19.534534925239008,0.011434033510499386,18.600051726393662,8852.094658995598,12827.680429558553,29140.18608891685,3975.585770562955,20288.091429921253,0.30992242068972164,0.6962238116124319,4.49581295517383,38707.911926354405,14.567537125117486,268871.29967112694,124.92060937488787,166,0.9927247320395586,12658.05606316737,13.272414705774468,235440.497530504,72756.90982933264,55296.77116181484,107386.81653935654,-0.3402386008591522,0,2.567075198815256,0.9999996149235306,1,1,0.9999996149235306,1,1,1,0.5655443803918938,0.691719312914709,0.5784685616261318,0.8935191875116947,0,1,0.8484695236752747,1.662340974317715e-23,1,1,1.662340974317715e-23,1,0.4107247760372516,125895.14688014815,445486.743641763,74186.89087362241,393778.4876352373,38.300000000000004,383,0.9890413725666345,1,1,0.9999997621253367,22.19664860319184,15.090280224477397,-0.41874128226255414,6835.028815285261,6869.394755219776,2619.2235059888585,40526.31600495444,0.6900775793102784,0.9949972390350108,0,0
3750,9804490,3574480,2090435,713794,3425781,0.7307391196513982,0.1626318462389342,0.5496357084619942,0.466161073552002,0.7480303412008171,0.2430533357675922,0,12837,13537,17558,1.2788911163889092,19.56864983614231,0.06535408048576054,2.977656303028279,5.477135912848487,24.893540117083106,177.28426471058836,57.55154005214784,4.544992220968414,32.36806015616807,0.35992291209887306,335155.68979455635,1364120.2489229282,120630.21187736325,24255816644.264538,1.1720778013078035,0,18554935097.74707,18554935097.74707,12538875.161697578,18554935097.747066,261600663.42477232,12957433382.274483,5335901052.047812,0,0,0,18542396222.585327,0.9823709193150924,4.8961102460755495,7,35,324640,901686,323522,881185,0.9965561853129621,0.9772637037727102,0.9945491212345583,4132,12834,3141.531181915299,9482.717315625796,122.18245851507096,1115.1470479257678,0,0,0,0,0.9584734643003896,0.982806228487837,0.9763096759133856,0.9810944985748172,0.9992516530541506,0.9958122679602444,16,723453.0078938702,24.02087836773158,0.007994928457001163,24.17453822253232,10251.853923735729,15427.65336780798,16047.010229228448,5175.7994440722505,5795.156305492719,0.3354884453699421,0.36113620061993035,3.9089343454864443,40142.27455267834,10.698930906867691,202549.6135717925,106.82892505399727,166,1,10518.002506913565,16.295346618910155,254267.8536280727,80287.76558946334,42518.6621152091,131461.42592340027,0.0075087821853964155,0,5.906322367728548,1,1,1,1,1,1,1,0.7689135669023756,1,0.8442374575554625,0.9142598621324589,1,0.3386378403847575,0.40989570846729345,1,0.9816113321023426,1,1,1,0.7931599275769956,242120.3815367897,192040.18428463466,50080.19725215505,0,109.78334281241794,383,0.9016080958589786,1,1,0.9991143885713465,26.03103115338559,13.590280224477375,0.08242172462637813,8089.276916246715,6864.32426484411,15158.336672299207,21114.22210924904,0.664511554630058,1.1784520375408611,0,0
3780,9795637,3615339,2028094,714039,3438165,0.7357585356289337,0.29168507349188144,0.6668011394995963,0.5874041212150948,0.451886283658735,0.5374128298139264,0,13537,26349,17496,1.3120729537156102,14.578600238657623,0.08999992675815521,2.6664879739157277,5.373135876268585,31.89312992397888,150.19262807581,55.89691094522757,5.9356641369969045,27.952508839235314,0.5621597573220452,332646.8368654934,464756.20507432433,187000.6650862517,16680270574.56622,0.8834304966504827,0,18607880732.329918,18607880732.329918,12852590.372089086,18607880732.329914,265116256.50195432,12971584222.203615,5371180253.624348,0,0,0,18595028141.95778,0.9723725728390845,4.901699767602336,7,35,305806,982479,305806,946887,1,0.9637732714897723,1,4132,12834,2682.7209937181133,9836.127653068079,205.8241825609968,1133.0564995298748,0,0,0,0,0.9386222428706036,0.9756778203145142,0.9793772123243683,0.959467032218679,0.9975732164358815,0.9956424615323759,16,696036.7612936156,22.22529418759794,0.00481299226371721,26.163073480047856,11426.720920792735,18488.072791596376,14736.334334491508,7061.351870803641,3309.613413698773,0.38194093837694804,0.22458864861340527,3.7907616182648,39673.81518028498,12.235400923570074,194515.69107513112,111.06021816763202,166,1,10742.784596109434,17.552060954110637,281064.2627683373,93665.70755591485,40894.169019105,146504.38619331748,0.1315933903823175,0,4.992658237390568,1,1,1,1,1,1,1,1,0,0.7332887202268558,0.8304817652872706,0.6522956556080338,0.45583037070726834,0,1,0.8519591541193667,1,1,1,0.4460627999681621,248413.33734529666,140967.5201705268,137605.38853961803,30159.571364848176,383,383,0.7962273834738535,1,0.9913174701310346,0.9831628156169282,11.031031153385591,18.019719037128365,0.3415176863108482,5437.550803894843,6660.416914212779,23995.618370137297,20860.298866475663,0.618059061623052,0.8163979633604556,0,0
3810,9793138,3389669,2238010,713894,3451565,0.7401735244671915,0.10807164144304204,0.27491804157683136,0.22229297814192728,0.9875236109202178,0,0,26349,19974,17475,21.068207744176455,22.782694385714624,0.9247460983976856,1.5196259476945164,5.10401717406399,38.732580475638855,170.2223110239622,68.65717521756403,7.588646188821241,33.35065404735413,0.7546327704804651,459830.15875653643,347002.9066529169,347002.90665291715,24732429792.340897,1.934900472145693,0,16845662913.871174,16845662913.871174,206323865.8514022,16845662913.871172,301255024.4514939,11972769949.937984,4571637939.481694,0,0,0,16639339048.019756,0.9839104939793734,4.893644996691471,7,35,437951,1204486,437951,1178060,1,0.9780603510543087,1,4247,12811,3175.485129735226,10849.470390286479,202.76146351394934,1057.4595975284167,0,0,0,1,0.9653104644440788,0.9778060718638203,0.9861298033162764,0.9795238301315987,0.9972397045869974,0.9962867047842663,17,639989.5485566405,15.841217629252288,0.021387956936114873,33.61528786086818,17492.015603153606,20488.199395245112,23480.87450892778,2996.183792091506,5988.858905774174,0.1462394881214822,0.25505263458126826,4.358391361089127,46865.04297696945,26.849063643897967,349797.6767669441,141.17089693481051,166,1,14057.237932777865,23.592142487436544,472538.09963904344,187122.42675575544,45357.37410000224,240058.29878328578,-0.04138689099761535,0,2.5382780176280173,1,1,1,1,1,1,1,1,0,0.42900761092430184,1,0.474446025906157,0.7986341567967726,0,1,0.9586247895867581,1,1,1,0.6162945332373019,235590.21859419494,145192.9638037833,90397.25479041165,0,383,383,0.7657089010148648,1,0.8770775333108767,0.863402012027113,0,27.03948192174116,0.26411171998533856,10581.125929208,7619.058911545322,9610.579967698055,27418.13822653372,0.8537605118785179,1.388770719855466,0,0
3840,9797250,3515653,2100871,714260,3466466,0.7443618152437343,0.039472824926114314,0.2966036538416565,0.12833059110685915,0.9857577381408048,0,0,19974,13372,17484,0.9776846445108525,19.51337810574877,0.050103300372313295,1.5519504181442039,4.695796512209299,33.57004299055885,200.728787754265,57.595804569933755,7.148956072367087,42.74648342030163,0.420590393691071,350547.3315381968,1853383.0527879964,147436.8401790046,23958930246.404392,1.1887120323207085,0,16930567714.95892,16930567714.95892,9578620.883450385,16930567714.958918,300814804.5890814,12092643509.093002,4537109401.276832,0,0,0,16920989094.075457,0.9985416635197542,4.899057310901251,7,35,409899,1046555,409899,1044431,1,0.9979704841121585,1,4233,12811,2929.712015183548,10152.64276787018,199.01530988137722,1142.9647402010307,0,0,0,2,0.9890479439525549,0.97995390060291,0.9944596918215609,0.9946504106014575,0.9975644851209541,0.9950021266674632,21,746218.5253212659,20.524049571177546,0.00592659237711429,43.468812437641375,14118.31350540756,15555.636739388547,23520.29139794346,1437.3232339809874,9401.9778925359,0.09239886852985775,0.39973900550220137,3.903812732163068,20574.48893735201,21.23197706367238,217385.38893539313,130.08868990352042,166,0.9900005132040631,13174.855817511365,29.708662958544075,572695.3364243698,231252.21795556394,43517.08565639097,297926.0328124149,-0.24592686545867198,0,5.767927876503476,0.9999990001539533,1,1,0.9999990001539533,1,1,1,0.8105444767543907,1,0.6514635278839059,1,0.8078189169025857,1,0,1,1,1,1,1,0.7422326072433254,208835.2740169383,155004.3499179664,53830.92409897188,0,383,383,0.9199935353272759,1,0.9261451778292278,0.9253028562037964,0,34.29781647495682,0.1854821611358511,8970.888528606329,7242.810257355177,3741.180454282641,33125.48103768367,0.9076011314701422,1.2385922328278949,0,0
3870,9795621,3524801,2076528,714522,3479770,0.7488030072863066,0.28796602422963385,0.5573695920005556,0.5821947220578623,0.3976583005814537,0.5863303612910299,0,13372,19083,17454,0.6196671602803141,11.475630740558792,0.053998527339346944,1.6262888695167403,4.436676030890428,23.817045559213653,150.97079339604173,54.89437466932494,5.3682183223176745,34.027905653896106,0.42081529677344176,334340.221327713,1248015.5060562054,140695.47946131974,19458073828.04181,0.6840836031727815,0,17013177823.507917,17013177823.507917,6070024.648269252,17013177823.507914,306959724.68468946,12170042722.881489,4536175375.941735,0,0,0,17007107798.859638,0.9953360784746863,4.934188128017118,7,35,279327,879569,279197,874294,0.9995345956531234,0.9940027445260121,0.9993308110055852,4233,12811,2322.9670470160017,8583.586559147878,243.39874273937863,1273.5631333444055,0,0,0,1,0.991727985081891,0.9851691775969063,0.9919554424038424,0.9997759226299546,0.9991798917255439,0.9939789433005728,27,715037.2120411987,24.795588766317163,0.0012720764622174455,40.90661463574117,12519.583633076896,14534.507455651772,19280.397377319572,2014.9238225748759,6760.813744242676,0.13863034772405505,0.3506573859414192,3.85194835003923,49303.74529243441,16.881273870595425,230705.58388642923,109.33749292909962,166,0.9900005132040633,11078.525011564765,23.0454589625607,453184.95338049985,137094.03660502523,40027.507388089674,276063.40938738495,-0.13641253434598577,0,8.122466897512174,0.9999990001539533,1,1,0.9999990001539533,1,1,1,0.6102682451340135,1,0.7005226536200898,1,0.7292915566311615,1,1,1,1,1,1,1,1,130803.70233095775,201469.09107704018,0,70665.38874608243,383,383,0.9928783754305246,1,1,0.9999996388087459,0,35.547516488422765,-0.21816480060692534,6156.517756870672,6033.3319838958605,125.17726475878112,27085.212101044308,0.861369652275945,1.0204175359989502,0,0
3900,9784332,3385987,2195211,712934,3490200,0.7530881362746851,0.15738991929508714,0.44285380280340436,0.5873237514169726,0.87165204533125,0.11055747086259951,0,19083,28682,17393,4.165641259242312,12.20526277656566,0.34129877705217654,1.9460590624328191,4.025467553750443,19.16121804640802,93.49410357290479,48.92445615963936,4.759998134516305,23.22565076590875,0.7461888509391168,473561.3493005512,353366.19908375613,353366.199083756,18286148078.678505,0.6773941912427519,0,17163219714.031553,17163219714.031553,40758017.07334221,17163219714.031536,270516677.56832963,12233275807.370901,4659427229.092304,0,0,0,17122461696.958189,0.9998859390740517,4.897593219251402,7,35,427930,720579,427931,720447,1.00000233683079,0.9998168139787588,1.0000035365180857,4233,12724,3495.60242265495,6985.2971297063295,255.67901349963708,1398.2705109520828,0,0,0,3,0.9650793106486031,0.9835488958277473,0.9996163042191707,0.9655329533075492,0.9991248143147953,0.9936057378752121,19,710768.6345207575,24.757305852977243,0.00027303691949125705,32.561658092148924,6356.307852871376,10376.99627540453,8034.0166122904575,4020.688422533154,1677.7087594190816,0.38746168118639074,0.20882565227118385,3.545293693003454,18668.06282762898,12.924926417854099,269968.5847811499,100.02146983930945,166,0.9994355623346267,9522.77851990303,14.294307760847206,310077.4582523424,58359.38985374282,38705.00143620412,213013.06696239547,0.22690337755572645,0,10.190068886544081,0.9999999998201758,1,1,0.9999999998201758,1,1,1,0.21603507816594092,1,0.10728081228195235,0.812913007681246,0,0,0,1,1,1,1,1,1,27352.246768784826,330362.74886487797,0,303010.50209609314,281.1858172315577,383,1,1,1,1,15.83761885011584,34.04751648842285,-0.8527084958684514,6284.0695279730335,5714.060951607086,1582.4438206863445,16586.201933794855,0.6125383188136093,1.0997554245909176,0,0
3930,9787274,3353175,2216599,712753,3504747,0.757212052050945,0.056969995597480456,0.16621702511912378,0.23031237997590642,0.9804541080590979,0,0,28682,14473,17415,5.033696792231129,22.025922189331194,0.2285351209798301,3.003586559019142,3.928483071627099,13.036101694870922,101.04206867289345,51.89431317041196,3.318355064076076,25.72037777193319,0.7003741073425855,412168.69528515247,370454.0937286173,288672.28203489684,19400256973.850674,1.2615548328608315,0,17171572087.959219,17171572087.959219,49266169.73850061,17171572087.9592,259323444.44396207,12254299177.49013,4657949466.025109,0,0,0,17122305918.220684,0.9969457451549043,4.792549773655092,7,35,466227,902683,462740,901989,0.9925208106780603,0.9992311808242761,0.9879979210623234,4233,12699,3988.4678175626736,7514.331524928268,191.76037732375775,1500.0838049235847,0,0,0,2,0.9778220122165185,0.9799576077519447,0.9891036541775717,0.9887760476594298,0.9981411251897525,0.9939868311580632,23,714423.6012058917,20.939647393904334,0.006460725307564177,25.21122791699295,13494.734113268069,17722.471072268836,13494.734113268065,4227.7369590007675,0,0.23855234079722107,0,3.9122046190745174,24104.63397303015,16.141917528777785,224772.98688163277,101.8065757584221,166,1,9715.43952574051,9.574998529718398,244938.1601972059,29714.143528823646,42620.89017613949,172603.12649224277,0.20767814777514948,0,11.26533034898291,1,1,1,1,1,1,1,0.8973476291789843,0.9660109387333434,0.9324721664167162,0,0,0,1,1,1,1,1,1,1,13600.718644473958,483763.6194481766,0,470162.90080370265,161.944150985303,373,1,1,1,1,8.805707388670509,32.547516488422936,-0.8328633310588425,7625.211942966484,6312.441419594346,6670.510685870868,16082.015648896468,0.7614476592027789,1.207965577200794,0,0
3960,9791961,3723532,1999360,712937,3356132,0.7110162134808764,0.02055348805171481,0.06123031878485206,0.08329512391103185,0.9787067166627809,0,0,14280,12507,17194,37.55676505105519,29.433042303820752,1.2760068994356006,4.593923242485587,4.106322047581057,18.36047137376209,158.77324165426887,63.69058586504524,4.471269218783712,38.66556003511675,0.9816626815344662,404741.45691271167,397319.58392109885,397319.58392109914,22612042636.862083,1.6360740916399712,0,17323659064.22999,17323659064.22999,367754378.66610664,17323659064.22997,254285877.5622237,12380735832.844103,4688637353.823641,0,0,0,16955904685.563835,0.9948471155926916,4.721993870334347,7,35,459557,1088508,457384,1082704,0.9952715332374439,0.9946679307823185,0.9965473948524796,4233,12693,4233,9530.076413375393,138.70551016668153,1490.5064102820927,0,0,0,0,0.7821942153741006,0.9808068384240316,0.9823503295660349,0.7958401900119956,0.997780932839853,0.9944106883358094,24,679878.0420926029,17.658160886718235,0.009640363634811334,22.625014083418247,13270.660192818541,14942.334568004442,13270.660192818545,1671.6743751859012,3.637978807091713e-12,0.11187504653827025,2.7413698747711254e-16,3.8580479746821332,46497.33203688364,22.63126774728241,48637.76290053898,123.69494774258214,166,1,12104.998819182774,12.572129169082316,273875.7687637715,63273.33591631016,56498.50500383872,154103.92784362263,0.07929223245711334,0,8.940610921705895,1,1,1,1,1,1,1,0.05524586643913072,0.29572716197241267,0.8230088471060243,1,1,1,0,1,1,1,1,1,0.6392820308131991,120986.21575054314,452769.45846300386,43641.90204513207,375425.1447575928,52.473776277907476,373,1,1,1,1,23.125793096390247,31.04751648842295,-0.428809782768065,7551.795869425449,6806.256367068897,270.63362259964265,23659.46154685759,0.8881249534617297,1.1095373818070884,0,0
3990,9796687,3676145,2035279,713865,3371398,0.7152792368418104,0.007415022407169376,0.18966369821945994,0.030124640577636162,0.9769315892199066,0,0,12712,12894,17620,3.30004452614579,25.608484667899123,0.12886527918157056,6.540554348284317,4.828575125119369,26.96890123799304,298.1013831576698,67.39747745907623,5.585271128473192,61.736925580152445,0.46878598524372483,340504.1728622689,1332655.103077159,159623.58415483832,23304770674.85374,1.8870892800940786,0,17531899220.726383,17531899220.726383,32329503.308735605,17531899220.726364,250844277.5622237,12523087767.148018,4757967176.01612,0,0,0,17499569717.417606,0.9779300481303367,4.695668918395334,7,35,418334,1107315,414869,1077109,0.9917171446738731,0.9727214026722296,1.0000040225423272,4233,12693,3965.285833613436,10665.105615819226,105.77445460261167,1412.0190292513932,0,0,0,0,0.922493623562028,0.9778241411520158,0.9746007128617837,0.9470461736470451,0.996461361417832,0.9936081382829031,27,709788.1678248786,19.029453995296944,0.011002133718467814,26.973921204783693,15843.4706876721,22399.593621899247,22469.12305355846,6556.122934227147,6625.652365886359,0.2926893694989837,0.294878102278097,4.291539872796089,19630.643825089926,19.76468278318896,246946.43236180034,115.12454434702447,166,1,11480.474918047928,19.636037860481736,309673.42583292036,117241.81498058632,56794.30039311765,135637.3104592164,-0.03955903956242634,0,9.000155580050514,1,1,1,1,1,1,1,0.7074511186099398,0.03988215667900156,0.24363618278983,0,0.5994692493353515,0,0.7821405372177098,0.6463475793439964,1,1,0.6463475793439964,1,0.6244004162507129,209778.4122104791,253954.82641441235,78792.68430584233,122969.09850977559,38.267300623285706,363,1,1,1,1,2.036979680234401,29.54751648842293,-0.14633695403045788,8134.419693770028,7791.5823895174135,2131.6550978176474,26092.21970443188,0.7073106305010163,1.0440009855653787,0,0
4020,9801547,3662255,2037735,714916,3386641,0.7195726659169578,0.0028652180543849077,0.4927646156853963,0.07460449570386934,0.9751614719594774,0,0,12894,12750,17610,2.5971060048977392,16.236794149454017,0.15995189573707014,6.682111077878926,5.479858182092326,32.3409400628666,503.16795782602077,50.17961407621171,5.901784131668558,91.82134666738776,1,431244.5421014217,510813.8555839357,431244.5421014217,23169777651.317673,1.944381399704454,0,24743373971.6632,24743373971.6632,25455656.57100884,24743373971.663177,248106476.22350684,19731311211.640587,4763956283.799083,0,0,0,24717918315.09214,0.970883209317373,4.766068693667431,7,35,319008,1143035,319008,1100465,1,0.9627570459347264,1,4233,12693,3177.8276318980825,11727.267000476355,124.16130312375684,1242.7496920461713,0,0,0,0,0.8539624435440398,0.9790133195684716,0.9793061692448817,0.8744307589099339,0.9973067989108964,0.9927720227707792,31,744526.6347221995,20.980367635656318,0.0035716628049890344,38.19400062452097,4767.332126685649,13675.20550109521,20959.70492610192,8907.87337440956,16192.372799416271,0.6513886298597965,0.7725477460921356,4.46862770945356,21233.125616821802,12.694205887728641,218460.495357053,124.6959068416906,166,0.99,12635.578048578374,26.542654252572166,482603.2758785859,195440.30297168717,65548.12692426442,221614.8459826343,-0.1748756203800202,0,4.424876385863153,0.999999,1,1,0.999999,1,1,1,0.6436770299408804,0.6711823678679052,0.18639769275782153,0,0,0.7478750022779601,0.4928898192053369,1,0.9020484202047894,1,1,1,0.4956993994859954,246895.2346946658,122385.81957409973,124509.41512056606,0,363,363,1,1,1,1,0,31.086847796827833,0.4346141088772617,7419.398257581166,7771.259188593655,1243.8047213772572,34721.34426247316,0.3486113701402035,0.9547227904161353,0,0
4050,9806502,3607582,2080442,716644,3401834,0.7240612908806292,0.0026765114740199885,0.615937955357684,0.15644503439912189,0.9733961202475664,0,0,12750,12641,17596,1.8694055826302955,14.806109754976905,0.1262590655862129,5.401753230835142,6.654865176150744,39.6062313134168,555.9142182133241,63.664070860967335,5.951470129756338,83.53500837335848,0.7959114326606482,348132.74021821824,767395.2646583155,277082.82802315935,28876604066.78175,1.972235315771684,0,24743271706.31486,24743271706.31486,18332329.584896956,24743271706.31484,248189759.61423495,19731311211.640587,4763770735.060015,0,0,0,24724939376.729916,0.9914113694384379,4.922055247164128,7,35,364754,1033257,364754,1021250,1,0.988379464160417,1,4233,12693,3235.0751700377396,11322.737912864564,138.44868514374392,1121.1355620620886,0,0,0,0,0.9821458146900499,0.9833286820061605,0.9900505538183679,0.9921128201201039,0.9987484820914817,0.9919024214983564,34,675196.0067853181,19.486120005001954,0.0008772827914162195,47.12478563519325,6929.223123002105,15039.751435282618,27863.233130555393,8110.528312280513,20934.010007553286,0.5392727630626633,0.7513130263622071,4.560876438108733,42236.76127401848,11.10693799634523,170657.04051899543,139.54547403695514,166,0.99,14120.533283148108,33.26516680516146,665427.1040229661,280637.35290501476,72872.23854170846,311917.5125762429,-0.24091502438964335,0,1.3714766365018867,0.999999,1,1,0.999999,1,1,1,0.9470541457369014,0,0.01996412632540281,0.8316092859085732,0.3961911642787207,0.750759380036165,0.40506227015654395,1,0.9295484196900371,1,1,1,0.432298653819622,279132.50220224494,120668.60493933316,158463.89726291178,0,363,363,0.991000000139911,1,0.9000076773927173,0.9000067773850776,0,43.110624434380576,0.49086466133916196,7823.9657195108075,8012.150741037309,823.3457702323619,41027.60227924257,0.46072723693733675,0.9765125460555005,0,0
4080,9811341,3778740,1897411,718174,3417016,0.7285200834156808,0.0064065661058501444,0.670372187219903,0.21964961639472258,0.9716357835284698,0,0,12641,12746,17585,1.8071371413150814,13.090775406060095,0.13804660803198152,3.293243907727608,9.21466810424796,53.78912309331622,401.05397986823084,84.50919621095687,5.837337002785749,43.523431916483794,0.9625414284715587,409389.22229708754,436261.17505662394,394054.0868306991,33154312465.949688,1.142086933449377,0,24646917898.127087,24646917898.127087,17730438.727229524,24646917898.127056,246547676.45243123,19826002923.69828,4574367297.976349,0,0,0,24629187459.399796,0.9994939982349142,5.105948618746629,7,35,335850,930944,335850,930303,1,0.9993114516018149,1,4233,12678,2980.092585149403,10481.085750224183,187.29566243558207,1074.6308716935973,0,0,0,0,0.9911658462121213,0.9811756239240635,0.9961216128705871,0.995049953393367,0.9997440007671612,0.9896740560062874,46,750113.6284485153,23.697408715961352,0.0007274249159759562,53.780248051890254,10358.030370698043,17788.548255773956,14014.234960872085,7430.517885075913,3656.204590174042,0.4177135637060238,0.2608921999939497,5.888567506823875,15528.394446634698,13.158210191273422,151392.97690209476,120.66823804885446,166,0.9927094976716494,11738.477728966063,35.89076161246057,631298.2440153842,248568.34258603433,67320.02003949598,315409.8813898539,0.1377408268514369,0,3.664758694658773,0.9999996124994182,1,1,0.9999996124994182,1,1,1,1,0.9658237089758059,0.27090907486856347,1,0.4545246450177653,0,0.37773106426116154,1,1,1,1,1,0.44536283416784783,347642.4460700519,154827.02505880152,192815.4210112504,0,363,363,0.9976196338482144,1,1,0.999999986512505,0,56.0804325693261,0.32492054486225486,6998.821820017626,7462.1030110081,642.7161106079768,23321.01207832126,0.5822864362939763,0.9379154656124364,0,0
4110,9816222,3676095,1988399,719564,3432164,0.7329388997499159,0.0029980910112797016,0.6370703749731536,0.19800380743026763,0.96987985805537,0,0,12746,12692,17573,1.237805943964373,13.342531630365833,0.09277144534904386,2.3427707956304777,9.456077046003605,64.85655194820941,304.0045673603149,69.54527431489117,6.858716530405128,32.14912123508929,0.9781642011873258,373628.6254419816,1170471.9256696235,365470.1459461745,34493330840.04575,1.0988656581463097,0,24243791638.580437,24243791638.580437,12150577.938895434,24243791638.58041,231817304.81772694,19489515987.85608,4522458345.906603,0,0,0,24231641060.64147,0.9999774060316858,5.225660684136132,7,35,418767,909021,418736,909022,0.9999259731545227,1.0000011000845965,0.9998874744548863,4233,12637,3274.900288037484,9588.685763143443,198.84731239190924,1062.9018493924873,0,0,0,1,0.9527185539722842,0.9865966018527021,0.9999999279516041,0.9527274457322011,0.9996383323326874,0.9916123788980559,42,641676.6386569906,19.331132289377752,0.00038412490475407115,67.68086804744564,12127.532855628544,15869.502212187628,15845.480344454601,3741.969356559084,3717.9474888260575,0.2357962654736131,0.23463772684727838,5.8334433567494814,29314.847993094096,14.59431893136002,172417.00527570376,108.62656595253699,166,0.9974217533909969,10871.86303088121,45.83058716524739,735817.1272229736,314387.0494011522,64937.56639088005,356492.5114309414,-0.04527174681099179,0,4.288550276832011,0.9999999828614781,1,1,0.9999999828614781,1,1,1,0.9490625325816013,0.9595403666864591,0.95917431225027,0,0.684538394177789,0.960706294016931,0,1,1,1,1,1,0.4295901832209639,350915.83999828104,173273.8139974433,200165.83999828104,22523.8139974433,363,363,1,1,1,1,0,1.8564528147080364,0.37301431415398256,7324.097758714165,6939.5327012214,429.87892018250795,25052.739816947378,0.7642037345263869,1.0554165639172042,0,0
4140,9821154,3869816,1783169,720886,3447283,0.7373394764005211,0.007493851949392716,0.6706564848029312,0.2370428757872469,0.9681288980907946,0,0,12692,12631,17563,2.0525168089448784,12.123973868165965,0.1692940640802758,1.7787478299295907,7.219008997294088,55.62809516819487,211.70470562922074,66.39542278334925,7.7057800023585,29.32600661788541,0.636228009929027,406567.2697227338,258669.4849179727,258669.48491797285,23907693727.449074,0.8932636960721206,0,24191135919.600754,24191135919.600754,20158083.66825877,24191135919.600727,229019579.3414715,19436471398.247295,4525644942.011961,0,0,0,24170977835.93243,0.9999444562644861,5.271982446629343,7,35,307113,755113,307109,755058,0.9999869754780814,0.9999271632192798,1,4223,12618,2414.396660947391,8004.360093826799,229.5561645932409,1137.1358928921893,0,0,0,5,0.9964987384765482,0.9850513137225937,0.9998430970857385,0.9966668840329023,0.9989798583281262,0.9917320066038144,43,764480.3728401673,28.789460521374405,0.00008244809475611233,56.01068799795453,7540.562388298388,10786.91537079044,17144.130720636167,3246.3529824920524,9603.568332337778,0.3009528554643854,0.5601665368065637,4.749676182438446,28227.522878281095,16.449339814792406,162082.14968825737,89.99796280839142,166,0.9974217533909969,9165.79612375094,37.88242003377545,513382.54694027494,203696.35036440837,60061.28451866836,249624.91205719818,-0.30608845030766824,0,5.960634447464371,0.9999999828614781,1,1,0.9999999828614781,1,1,1,0.9469448520270657,0.8463139683262538,1,0,1,1,0,1,1,1,1,1,0.5824000514940623,340454.8364109973,198280.91425716737,142173.92215382995,0,363,363,1,1,1,1,0,10.144950432975453,0.23082972194078732,5707.272322991515,5780.040879995112,422.8205079785097,26528.942599390168,0.6990471445356147,0.9874103732976264,0,0
4170,9825985,3629944,2011845,721796,3462400,0.7416434751459156,0.010135600786264224,0.5733473302884708,0.26968259625972774,0.966382199850702,0,0,12631,12716,17547,1.2721682971048216,12.410643998852409,0.10250622749491943,1.9888170262582652,4.78075885514981,30.700715327294393,179.20683375222012,46.0958277846902,6.421724303082915,37.485018421119356,0.5187035332459231,335002.8216271968,1701109.474917702,173767.1472253807,25551931248.629513,0.8172848064528886,0,22903999274.43227,22903999274.43227,12500306.60484818,22903999274.43224,192318033.38789764,16692661571.97396,6019019669.070378,0,0,0,22891498967.827354,0.9975693945649988,5.312888644942497,7,35,402310,815905,402310,812944,1,0.9963709010240163,1,4209,12573,3271.3564991811763,7211.093641830394,208.40596583827212,1338.4955341748562,0,0,0,3,0.9956251480059514,0.9852856347857643,0.9956310005306037,1,0.997840637029056,0.9929099357716115,34,628768.9431932687,20.695885574316765,0.0006631504418320301,50.34037932268828,7767.659825355094,8936.707621902331,29430.36613492832,1169.0477965472373,21662.706309573226,0.1308141483427412,0.7360664903133386,4.597042390645981,20795.378671743143,16.41099188847919,186717.4776427254,122.14504430704264,166,1,12380.504430704263,23.851430586782126,623239.2892478755,153208.39749071287,91383.69957421343,378647.19218294916,-0.54423468353724,0,4.202954632985083,1,1,1,1,1,1,1,0.6199741812482028,1,0.9999999999999999,1,1,1,1,1,1,1,1,1,0.6983376761909759,277034.9491630603,193463.94262221665,83571.00654084363,0,363,363,1,1,1,1,0,16.3323266611096,0.2214785935471142,5839.866562497087,5809.750794891362,50.21992123436386,42137.89941585586,0.8691858516572588,1.005183659105001,0,0
4200,9830687,3620528,2010120,722579,3477460,0.7459246253717157,0.004796542872575249,0.21569727634018873,0.12154492476319462,0.9646396025018394,0,0,12716,12837,17539,99.37445073836369,18.218114584647587,5.4547055501619575,2.2685378954209843,3.8888686482447,20.819836693739386,217.22941954512495,86.05595577048217,5.353700157277551,55.8592843302061,0.8224695228536685,429618.00931818003,353347.71913326636,353347.7191332664,28503501470.207302,2.0636203711869148,0,22785455549.57774,22785455549.57774,976919121.0058315,22785455549.577705,193287255.9160184,16572788012.818943,6019380280.842744,0,0,0,21808536428.571877,0.994389418475664,5.307427638625191,7,35,449997,968929,449245,961720,0.9983288777480739,0.9925598263649865,0.9972751253732208,4209,12573,3753.090352201938,8708.30801476384,167.5204425725998,1464.8569123265606,0,0,0,3,0.9496295544720263,0.9813062555284043,0.9915938439379385,0.9568065843497798,0.9964549231575829,0.9921606985247456,36,745157.0894519492,21.124750492094396,0.007493764810909339,29.62958733051235,8541.283727203372,16798.667434878982,8541.283727203374,8257.38370767561,1.8189894035458565e-12,0.4915499244023874,2.1296440460729645e-16,4.420335857121055,20521.241796263297,26.207813845898315,323972.03567193606,108.3411820515055,166,0.99,10150.689215190572,18.167785165941538,300760.73256637895,84417.96844200625,69705.78702961201,146636.9770947607,0.3346291914026597,0,13.691612734936708,0.999999,1,1,0.999999,1,1,1,0.42053726314678597,1,0.5406391417784523,1,0,0,0,1,1,1,1,1,0.8777250191097421,145885.950178483,198782.40031297598,17838.201770231128,70734.6519047241,363,363,0.9993329477667192,1,1,1,0,18.431048038170424,-0.13008551182608252,6212.290140018586,6753.8336493388515,1439.1268207930173,17055.053283808047,0.5084500755976127,0.9198168718038712,0,0
4230,9835708,3650839,1968771,723594,3492504,0.7502474370997275,0.0017264493015023772,0.0854167601989357,0.04395812144343454,0.9629029247309904,0,0,12837,12506,17527,19.177987247199535,24.647460985815385,0.7780917985116791,2.101063774327705,4.218748794502684,23.66567296433838,308.20486471924056,88.30516342224398,5.6096426018956995,73.05598880901665,0.450127767192933,344524.60758114053,1098938.3448590217,155080.09235352022,33381454389.36971,2.4596605681102717,0,22778219303.39877,22778219303.39877,188629082.59124067,22778219303.398735,185820256.46741286,16560177732.619133,6032221314.31219,0,0,0,22589590220.807495,0.9854087847190182,5.383893122552846,7,35,452629,1021203,447234,1005093,0.98808074604146,0.9842244881771792,0.9953838686691704,4209,12573,4065.678543711633,9308.583246884118,110.77650423659048,1505.7708098883832,0,0,0,2,0.9523222290666717,0.9793829060426269,0.9718469441205901,0.9804873724510816,0.9963133087395635,0.991554167043574,37,655510.6334919824,18.05407827553939,0.0019383144418138644,26.46047531441316,7110.9229292632335,17629.39577003641,27454.760262221636,10518.472840773178,20343.837332958403,0.59664397906653,0.7409948999245853,6.188376240177214,4904.879831123479,23.913725710200023,214735.1381990183,109.5058652522909,166,0.99,11116.575408642564,19.4339776169154,294149.86918119894,96515.41038983557,79496.09883028662,118138.35996107676,-0.2504885281019103,0,18.14876144065649,0.999999,1,1,0.999999,1,1,1,0,0.6823318566582015,0.8457570736733753,0.5268906889355103,0.8550160342325095,1,1,1,1,1,1,1,1,34593.26242647786,288083.878911749,0,253490.61648527114,278.07775087820363,363,0.9414007166496274,1,1,0.9998507507022903,12.62308476505038,16.931048038170402,-0.7553575671684809,6312.409000040124,7282.8876048839575,2433.3289183871025,35282.012897406305,0.40335602093346995,0.866745354659459,0,0
4260,9840920,3594617,2014356,724452,3507495,0.7544958765178581,0.0006215091878352478,0.29570899690658137,0.015897960730161812,0.9611715164842312,0,0,12506,12303,17515,2.1410204660776984,17.781220378041763,0.12040908444741338,1.9453928196334191,5.0249181430805185,29.927015025345924,379.0221393670859,80.96072382163608,5.955721898983853,75.42852014196733,0.5297794180331405,332233.86060033337,940610.4071194731,176010.66131974818,28519473766.465687,1.721560473019351,0,22424947357.3232,22424947357.3232,21069611.125098087,22424947357.32317,183825261.48648632,16276617666.394796,5964504429.441886,0,0,0,22403877746.198082,0.9822072303333214,5.507510511947337,7,35,398031,1043341,398031,1017695,1,0.9754193499536585,1,4209,12573,3656.817873399406,10557.637689943263,123.65180842291812,1497.5674948988167,0,0,0,0,0.9170684095435793,0.9657266483377681,0.9735554379221071,0.943538315047418,0.9944625378096269,0.9896995854761438,42,741972.6674154319,20.96373641270788,0.0006299689652888636,45.33997610413041,14820.163593795816,21548.778333404738,14820.163593795818,6728.614739608922,1.8189894035458565e-12,0.3122504039673692,1.227374712859001e-16,5.396666636373292,36385.99073638817,15.85401040466135,258870.6293986641,166,166,0.99,16599.9834,24.228302238181126,752642.8506849615,209414.36610949892,111507.82838468777,431720.65619077487,0.46848356923169326,6.8884030227128115,9.611398116505164,0.999999,1,1,0.999999,1,1,1,0.4400113032177185,0.7275860006886656,0.8455837225271418,0.5759100176108216,1,0,0.8973264573484082,1,1,1,1,1,0.3570682484342062,193036.4533098578,298231.079074888,124109.26504255546,229303.89080758567,184.69725609986787,363,0.9296525730677677,1,1,0.9997279950766796,29.47229972543414,15.431048038170381,-0.20407303643305993,10769.954290499998,7562.9778066170265,3607.3999223870915,21664.84091603025,0.6877495960326309,1.4240362150841053,0,0
4290,9846041,3503502,2095062,725007,3522470,0.7586725810404239,0.0002237442129987339,0.42578890470236846,0.00574968053862357,0.9594449180132401,0,0,12303,12383,17504,4.882954010778383,15.492709423039779,0.3151775378628584,1.8540896584318554,6.194074338552238,39.64089782696769,334.84101585397826,63.51710542257415,6.399809827957778,54.05828176292792,0.98695765110969,383965.883619576,489421.815021309,378958.06660343334,30239090830.95956,1.4194012188659841,0,24776443998.166256,24776443998.166256,48077765.391302094,24776443998.166225,189088528.26891446,18622303549.61807,5965051920.279243,0,0,0,24728366232.774937,0.9810915473693125,5.612214305483404,7,35,381318,952953,378410,930632,0.9923738192269969,0.9765770190135296,0.9892094472995788,4209,12679,3402.486121974305,10497.966936983456,156.03827933405418,1229.8077046497083,0,0,0,0,0.8694347716449748,0.9728402959449453,0.972457280030388,0.8970050506520352,0.991567136888885,0.9908420272625423,40,688517.0581889526,21.03880725565574,0.000720812224623178,40.141623205621826,11470.536734667216,14461.357876085269,27846.49346671537,2990.8211414180532,16375.956732048153,0.20681468275976841,0.5880796715615978,5.725073150543033,22956.654889339363,15.792688280897469,226137.32676554917,147.45024923052424,166,0.9957231892202958,201.82603299508165,27.44644359199918,8101.624569573966,2846.0395267740773,94851.71671696489,-89596.131674165,-0.28623744796416906,6.914316153690844,9.749588086037543,0.013535356156709179,0.013535357215547937,1,0.9999999217723817,0.013535357215547937,1,1,0.4523194634930061,1,0.7277250900523634,0,0,0.6694794326948917,0.6728769109991272,1,1,1,1,1,0.7126184534866635,253181.65695197778,180421.92082830938,72759.73612366841,0,363,363,0.9307349775645176,1,1,0.9995662932178829,22.28999335472981,15.330324197897552,0.20192861666269013,7861.951337500641,7402.128916319882,2714.935203679225,27807.553737249204,0.7931853172402316,1.0621202935505438,0,0
4320,9851187,3832489,1921464,725773,3371461,0.7120729001436056,0.00010022758446512994,0.5984605556459911,0.04594945845872225,0.9577228612145927,0,0,12179,12134,17280,1.8161242450674169,11.87410386679318,0.15294832060096294,1.6862710310390794,8.252679801810062,38.4824264773108,292.45502466101965,70.35333523302556,4.663021879131969,35.43758290451005,0.8265466709997762,329916.14141069475,958209.1154513555,272691.08839210117,25887189541.93195,0.9342864765251435,0,25367566465.29415,25367566465.29415,17890979.55345571,25367566465.294125,206745887.8635927,19084858188.709755,6075962388.720774,0,0,0,25349675485.74067,0.9875960059852193,5.560739143723116,7,35,324238,882067,324238,867104,1,0.9830364360076955,1,4209,12660,2677.1338372101795,9695.676076703598,215.52100035613455,1173.4036283615014,0,0,0,0,0.9424399404220252,0.9670958204014066,0.9831659313274812,0.9594421826594564,0.9896523700004248,0.9904579991406506,39,734446.5051052796,24.659468233480553,0.001961105989380598,35.976646618554156,8328.248848487905,13000.736675693097,17503.351007472163,4672.487827205192,9175.102158984258,0.35940177420416,0.5241911765962652,5.142184729651834,11476.818900562414,20.60099420540952,153181.60422481893,106.2854560456562,166,0.9984154272468948,10752.338279062913,24.5529658680672,386833.07458899915,129850.44950328783,61043.42674669033,195939.19833902098,-0.2002511649023938,5.41431615369085,17.949819179370024,0.9999999960213425,1,1,0.9999999960213425,1,1,1,0,0.7049753260309662,0.9397218869495885,0,0.5321628615991532,0,1,1,0.9590661912405991,1,1,1,0.839121004228504,199875.0896648365,167719.3859598199,32155.70370501661,0,363,363,0.875116045795991,1,1,0.998212675448265,7.289993354729809,19.97732464993347,0.12855495787260215,6956.338543586167,6743.366862831769,5004.282709343803,25755.713897649788,0.64059822579584,1.0315823957210841,0,0
4350,9856084,3742012,2000360,726892,3386820,0.7163785278975309,0.00003743400356943671,0.551557170549398,0.025044949973832362,0.9559722705285385,0,0,12336,12809,17706,2.7737435747479955,13.049501296139832,0.21255552314236678,1.6228529631506217,8.029837995272063,33.757624602112124,295.7308507917659,79.3651990330049,4.2040231225073885,36.82899343248158,0.8811075069056123,347912.4553418816,658530.164805376,306548.2761476955,25300225849.97035,0.9847600532212936,0,24941351296.19,24941351296.19,27338249.667236377,24941351296.189972,208111379.1639354,18757530123.457325,5975709793.568711,0,0,0,24914013046.52272,0.9996941958991746,5.580667367288444,7,35,420395,890902,420395,890501,1,0.9995498943767104,1,4199,12658,3220.007611463697,9080.220206675142,217.61024538841585,1238.6812172575783,0,0,0,2,0.9789224314962555,0.9652635273649233,0.9980617030808112,0.9810830096667637,0.9898287370865191,0.9898663623017464,42,657724.4995416907,20.06946392518371,0.0007718480971834033,33.50692966865499,11447.82804751088,11595.481962887858,33097.28073818283,147.65391537697724,21649.45269067195,0.012733745423394545,0.6541157523462633,5.987131161052042,35429.84014052412,19.78541083888862,158321.83933111257,138.16178935769295,166,0.9984154272468947,13982.178880138992,22.459836717326247,468499.8843513704,148851.43739417568,70711.66789913217,248936.77905806253,-0.5305451908455991,3.914316153690855,17.55139538796841,0.9999999960213425,1,1,0.9999999960213425,1,1,1,0.999573083013015,1,0.37938717447721193,0.6323019158900428,0.47372293461730175,0,0,1,1,1,1,1,1,115410.69403681872,197565.42159132496,0,82154.72755450624,360.9083285059093,363,0.9245271606780536,1,1,0.9995881401098526,0.2864499292774856,20.107064644818745,-0.2864499292774856,6794.3414058607605,6778.164338732687,3167.46110144556,45832.51065045588,0.9872662545766054,1.0023866442770697,0,0
4380,9860959,3786391,1944503,727938,3402127,0.7206667929994867,0.000013472558057882488,0.25709569477074223,0.008604446038408155,0.9542261558941681,0,0,12809,12821,17696,6.317122356491254,18.765300760094796,0.3366384816983526,1.680661241608516,7.048910464816771,26.650342550925178,255.8118981429882,69.97475374750307,3.7807747287960374,36.2909841768912,0.9260163657370806,351701.40929783083,396342.03821042244,325681.2608625868,28186020719.097862,1.1595980401984063,0,22806939450.838493,22806939450.838493,62292884.55539888,22806939450.83847,238950841.54188734,16380558931.430748,6187429677.865834,0,0,0,22744646566.283062,0.999359206656988,5.498595439374704,7,35,441180,880619,440666,880286,0.9988349426537921,0.9996218568983862,0.9981775763893321,4186,12608,3418.015816700526,8335.263577408186,182.41830382631017,1362.2680657639416,0,0,0,1,0.9718194181431168,0.9604374849582438,0.9973011987264517,0.975,0.9850889164027767,0.990241465988717,42,729662.2207214364,22.095041173984715,0.00016566852153115382,29.814888307139217,7686.137866451121,11392.29585608861,9784.756363330924,3706.1579896374897,2098.6184968798025,0.32532143094376664,0.21447835990526304,5.238131205628823,42088.5331832772,22.395760980354755,194918.67085647085,94.80445512401491,166,0.9884154272468948,9345.12949308161,19.865748672616906,278623.9920519807,79342.8349168792,46333.49629030696,152947.66084479453,-0.03959447093047355,2.4143161536908604,28.4287527122252,0.9999984453233923,1,1,0.9999984453233923,1,1,1,0.9579287931576161,0.95839704494049,0.8417858341300095,0.7057176311183523,0,0,0,1,1,1,1,1,0.594040527777918,28685.080073589634,334279.3540588338,11644.979967322608,317239.25395256677,257.61389975303257,363,0.9475222047264383,1,1,0.9996279439839452,14.795436403951877,18.607064644818724,-0.5837102597221857,6827.782717540839,6412.017083999044,2067.713004255234,21034.225798107054,0.6746785690562334,1.0648416290997296,0,0
4410,9865922,3761612,1957172,729710,3417428,0.7251782896503872,0.000004848374132675807,0.2989021405066659,0.002917654226574441,0.9524848260507229,0,0,12821,12722,17685,4.457962778379854,17.461034725293086,0.2553091983673967,2.31673674909855,5.096963864901659,22.51893471969531,264.32543628026247,68.05580279410513,4.4181075865111685,51.85938988118809,0.8827467377758327,331111.96342740534,800478.6961744704,292288.0055540929,22958699759.62973,1.1728462059936446,0,22808417208.551125,22808417208.551125,43981913.050456315,22808417208.551098,241141977.7806251,16380558931.430748,6186716299.339725,0,0,0,22764435295.500637,0.9952264853478523,5.459905542298834,7,35,461570,805002,455768,804758,0.9874298589596378,0.9996968951629934,0.9921900411011562,4186,12567,3861.8651808076497,7382.965304147028,144.93281792193773,1568.6522260801416,0,0,0,5,0.9708189980672465,0.9617939473568491,0.9958458942601893,0.975000001166622,0.9865123273549903,0.9892331009990135,43,647381.8565352827,20.543228986479697,0.0057173660475757825,26.200993332043222,10382.241556464463,13267.535944796007,13352.736286756499,2885.294388331544,2970.4947302920355,0.21747025222594232,0.2224633712895408,5.879440541278495,32989.93061817883,17.975638448078083,181910.99665528673,94.2653397904958,166,0.9884154272468948,9366.19221160553,17.614522438602588,245403.53968291165,63373.09906721635,48267.85233810016,133762.58827759512,-0.07130993985094235,0.9143161536908608,29.70372560497904,0.9999984453233923,1,1,0.9999984453233923,1,1,1,0.9812570342549476,1,0.3740323978523164,0,0,1,0,1,1,1,1,1,0.35107566310113425,18138.403217466723,470224.76177320164,11770.451280298847,463856.80983603373,148.7138997530327,363,0.9748854379489165,1,1,0.9999918659406113,31.79512519868502,17.107064644818703,-0.6109752501564049,6260.631676570873,6116.117870567199,332.1813905764646,21487.38307567588,0.7825297477740577,1.0236283552838514,0,0
4440,9870944,3762642,1944506,731112,3432684,0.7295756128980709,0.000001744934806920777,0.23052811503110857,0.0009908715546103415,0.9507492900375081,0,0,12722,12648,17670,4.607455052149098,18.979510884463927,0.2427594198921441,3.51222361980038,4.94501881793824,25.42729301569892,240.51093363536367,64.88774590323634,5.142001264678805,48.63701079617762,0.9599467032940394,323454.15832846134,619755.544646676,310498.75295415474,23993607410.932087,1.2109876461098241,0,22297350157.913246,22297350157.913246,45479930.802335545,22297350157.913223,239070935.88343534,16014701770.66827,6043577451.361512,0,0,0,22251870227.110863,0.9980981901151469,5.359086198416636,7,35,450224,734437,448396,734012,0.9959397988556807,0.9994213254506513,1,4186,12555,3842.6051571917656,6671.307578226156,133.00648686317297,1751.3278897086664,0,0,0,7,0.9696636801996142,0.9561575536033737,0.9947526101281113,0.975,0.9827956271531024,0.9898337222849023,39,737938.5198483148,24.96392175453193,0.0052705464761691415,25.24441144967283,9870.04662297539,11530.442745890956,13869.581384335856,1660.3961229155666,3999.5347613604663,0.1440010725960435,0.2883673739336859,4.974877379980103,26773.507885995266,17.15948247461672,161726.8129836692,98.80530341957827,161,0.994125221966843,9887.947158361818,16.928543304079454,249615.40645830898,64142.8450503504,43293.036734053654,142179.5246739049,-0.08566794262353489,0,1.9697846713800737,0.9999997972436863,1,1,0.9999997972436863,1,1,1,0,0.06002456549090835,0.907678755735773,0,0,1,1,1,1,1,1,1,0,20160.164990895573,525177.917222051,20160.164990895573,525177.917222051,39.81389975303279,363,0.9958923053225667,1,1,0.9999999306902287,48.71552637401173,15.607064644818681,-0.410835873070116,5455.264974506,5719.788117843868,1387.9006208940523,22963.79567505006,0.8559989274039566,0.953752982123124,0,0
4470,9875984,3811958,1883767,732378,3447881,0.7339292188439576,6.280116609801919e-7,0.3338112545154521,0.00033708779826022476,0.9490182446630128,0,0,12648,12621,17661,3.834814908620408,18.372002558582658,0.20873145953427583,3.256046999637768,4.615862635726159,25.322546425967285,179.2252337880577,61.750171567030975,5.485983536419426,38.82811251809757,0.8567469812869912,315249.7922516724,649089.875300582,270089.30786297144,19388006562.980217,1.0753633003965115,0,21711214542.353935,21711214542.353935,37872570.6805491,21711214542.353905,225135730.41721168,15298768729.151793,6187310082.7849045,0,0,0,21673341971.673347,0.9980055504654158,5.232593884253869,7,35,401525,728110,399344,728038,0.9945682087043148,0.9999011138426886,0.9944509200695546,4186,12537,3235.5861767176734,6562.256070899628,172.46987142138877,1962.6439102491026,0,0,0,10,0.9687862245454258,0.9512783177161162,0.9941138448425606,0.975,0.9801228534230129,0.988622213885153,37,687913.3698341856,24.40746330291545,0.004507213778582396,25.038593723029408,6508.835489733047,9567.69726221935,11723.711495762971,3058.8617724863025,5214.876006029924,0.3197072073512452,0.4448144265503817,4.986945750397801,23559.969023473386,14.67366775548797,188204.92044338,102.00134780499758,161,0.9968348175442678,10135.139524373324,15.061508041422867,253769.64087700116,54395.1740060177,42272.19085144651,157102.27601953695,-0.03705550196265402,0,0.538049001304345,0.9999999682899995,1,1,0.9999999682899995,1,1,1,0.7581145886087512,1,0.5377953130298962,1,1,1,0,1,1,1,1,1,0.6450509363476032,24788.35650627555,514714.8696536785,8798.603931384305,498725.11707878724,36.300000000000004,363,0.9666587272450059,1,1,0.9999780707560905,65.80185417922625,14.10706464481866,-0.6528248251666151,5956.248700264555,5317.105099971332,4958.248724891523,20964.350226168408,0.6802927926487549,1.1202051846401662,0,0
4500,9881147,3655117,2029328,733622,3463080,0.7382782312081478,2.2606321384178694e-7,0.17960522257781822,0.00011515065550171018,0.9472923538127709,0,0,12621,12490,17653,3.3649906299717585,18.907006244582185,0.1779758564863223,1.6053264978593131,3.844774164619631,23.492921126024566,140.382729472049,59.498283910003316,6.110351380898013,36.51260736297037,0.6563832590987726,318242.16770443664,1054351.8040460793,208888.83122049627,17568387169.455254,1.2258752115282392,0,21673829552.05277,21673829552.05277,33249967.068424247,21673829552.05274,226216537.79794088,15298768729.151793,6148844285.10301,0,0,0,21640579584.98429,0.9992000758446606,5.1203008283673315,7,35,413882,936246,413882,935166,1,0.9988464570209111,1,4186,12537,3148.9537478003904,7772.7848271404555,211.38051654432206,2219.7645442088888,0,0,0,7,0.992052879617669,0.949475690309091,0.9969818999857093,0.995504353306071,0.9767366491048923,0.9877868794637243,40,672503.2448410724,19.940083520855367,0.007184079688913591,23.17412052822265,9031.092578046704,10118.300248022955,16571.37126644667,1087.207669976251,7540.278688399965,0.107449635148817,0.4550183908840029,4.253524907638183,37456.41069043595,22.966101481325804,240678.94577483225,134.50456167683816,161,0.9968348175442678,13486.777731575465,13.034643019744856,312544.2126888791,61080.22871839574,54315.014136408594,197148.96983407476,-0.11069295839158323,0,0.11986771792162244,0.9999999682899995,1,1,0.9999999682899995,1,1,1,0.46303098368561396,0.6991584283129861,0.8384876205218952,0,0.3074723445987671,0,1,1,1,1,1,1,0,27285.200428895572,498808.2555405749,27285.200428895572,498808.2555405749,36.300000000000004,363,0.9828394104372716,1,1,0.9999984370692359,82.9576672031976,12.607064644818639,-0.4531893218177959,6016.606389804581,6041.228340363589,636.3679585503702,29573.22043652703,0.892550364851183,0.9959243469751838,0,0
4530,9886272,3582495,2090869,734652,3478256,0.7425767146264545,8.135769741474707e-8,0.0810606842780803,0.00003933142074449854,0.9455703828500773,0,0,12490,12513,17638,4.372554955346685,17.35996411995093,0.25187580602897264,1.6383858705857928,3.4268962963600433,20.759714763080446,166.04901236463095,60.01517705474114,6.057876564613541,48.454635916763436,0.624061001398813,319817.77307132655,923785.6382902135,199585.79972803037,22680255360.65119,1.2715241677788622,0,17563952505.37104,17563952505.37104,43228267.62356461,17563952505.371017,257042570.67384687,13947950978.96814,3358958955.729035,0,0,0,17520724237.747417,0.9886569463625197,4.946503794971516,7,35,405787,1035183,405787,1018838,1,0.9842105212315118,1,4173,12495,3280.7738495501007,9205.593715225345,187.53484039858202,2179.305974454547,0,0,0,3,0.9211482180045918,0.9464597351516707,0.9780818059209307,0.9441442664175448,0.9732387103655504,0.987912334896826,40,694940.1589747893,19.512226978321713,0.0018619345800599332,25.721258146537632,10531.167265026366,17938.490702688534,18182.011962214423,7407.323437662168,7650.844697188057,0.4129290228721413,0.4207919735773975,4.628471943592499,26634.87238639073,26.28220061710666,220096.42007635342,103.19596304262555,161,0.9968348175442677,10219.162042229827,19.016081554988226,262849.7049294921,94435.46086997812,40800.60741048511,127613.63664902886,-0.0237319951187295,0,7.1120738179098195,0.9999999682899995,1,1,0.9999999682899995,1,1,1,0.5019742664179052,0.30134572363176,0.6709208647858882,1,1,1,0,1,0.9613607069622331,1,1,1,0.15263557596482485,120572.43815467827,361626.8651908431,102168.79461145573,343223.22164762055,36.300000000000004,363,1,1,0.8927083327511307,0.8927083327511307,95.7906681469112,11.107064644818617,-0.3050423530753403,7759.637778146536,6611.792018698115,4607.166340085361,21973.54295629027,0.5870709771278587,1.1736058478854627,0,0
4560,9891484,3573744,2088610,735751,3493379,0.7468854826102359,2.927724245088988e-8,0.2001017959730784,0.000013592062253184376,0.9438544307406249,0,0,12513,12418,17630,2.5397906358309763,15.202339699578218,0.16706577316526097,1.9026138637332761,4.236768939280503,29.6655830033463,224.73714712795737,63.135198255248795,7.0019355382604775,53.04446627814514,0.6947642103194465,317465.01876080333,632134.3454506886,220563.33306339776,20885160574.67722,0.918817814395621,0,17571478694.784676,17571478694.784676,25122298.437730104,17571478694.784653,256233569.846204,13947950978.96814,3367294145.970311,0,0,0,17546356396.346874,0.9800575293900924,4.775236565885159,7,35,398689,996424,398377,968914,0.9992174351436834,0.9723912711857603,0.9987374861406731,4173,12488,3500.893196714733,9902.755757555871,171.27281467889955,2015.9955283606616,0,0,0,1,0.8959461954234212,0.9364975823848802,0.9615432682963551,0.9274246278596937,0.9717952684448778,0.9871913154992084,42,692923.6833587092,20.271432587758106,0.000399643336806676,46.30969782022624,14255.72638567624,21286.34584481293,14255.726385676242,7030.619459136691,1.8189894035458565e-12,0.3302877586596159,1.2759710409239662e-16,4.668169265638375,25052.104678949017,19.789520569312767,247150.93131613074,161,161,0.9868348175442678,16099.9632627602,32.5678023973088,745584.4336151686,311187.2815659649,62442.14877045839,371955.0032787452,0.2688418450926757,0.6357936742547297,2.6724690481989946,0.9999977181838634,1,1,0.9999977181838634,1,1,1,0,0.3654354636013547,0.32478835748615886,0,0.7091324484379558,0,0.44725970365393863,0.5983657442135498,0.8222974951224693,1,0.5983657442135498,1,0,252455.83753569177,115149.28009255626,252455.83753569177,115149.28009255626,158.304599581886,363,1,1,0.7561008287940439,0.7561008287940439,97.38052931177637,9.607064644818596,0.23117180613486035,6595.157778521093,7118.865479043325,10119.754334555962,22751.93427695994,0.6697122413403841,0.9264338254369415,0,0
4590,9896600,3493162,2158429,736519,3508490,0.7511175171734826,1.0539055115032554e-8,0.2857512805316254,0.000004701204597084344,0.9421422508740376,0,0,12418,12499,17615,3.4473843980768533,13.518586613743512,0.2550107120349483,2.4434977437612613,5.845998241070455,44.96201972980867,304.46495485813927,73.13957901695444,7.691076506649053,52.080917972084265,0.9766995810774018,331418.77260950377,811840.6698274057,323696.576368889,26550657401.10529,0.8589635828366053,0,28957693357.85944,28957693357.85944,34117384.43406383,28957693357.85942,262786087.71231073,25313779180.246326,3381128089.9007874,0,0,0,28923575973.425293,0.9810373735424333,4.607359492466559,7,35,413309,980538,411631,955785,0.995940083569436,0.9747556953427609,0.9937023359154507,4173,12455,3390.656395044576,10594.84605074588,179.9712725739412,1841.2213810079465,0,0,0,2,0.9300447113349912,0.9318946108605679,0.9601622915563397,0.9667151186453541,0.9720852645678125,0.9890523056188756,39,675940.3344298964,19.772778274640533,0.00010965927211806564,67.1761140138752,5672.67594009442,17744.107409934168,37010.5988569196,12071.431469839747,31337.922916825177,0.6803064922319771,0.8467283395757904,4.8248099184117486,29847.22039650417,16.251986654043584,213476.89327413836,120.52504544040774,161,0.9915469685644447,12213.497167075306,53.45508996366194,820455.2782035926,438050.85975695465,48075.616164390914,334328.80228224705,-0.27290334076602085,0,8.254526041351285,0.9999993959992858,1,1,0.9999993959992858,1,1,1,0,0.49638809539679,0.9333523696591786,0.6752256813355778,0.1489914757470725,0.2675145202679558,0.4210796067796424,1,0.8410700117487752,1,1,1,0.515206883360328,256199.08986432012,131995.53460874897,124203.55525557115,0,369,369,0.9871696269771866,1,1,0.9999996149948895,82.38052931177637,18.53311679188292,0.44181851812335304,6453.647236889637,7523.762881645146,21344.23993480463,44080.41656150391,0.3196935077680228,0.8577685578892782,0,0
4620,9901768,3451120,2189784,737308,3523556,0.7553512699382936,3.793246111888673e-9,0.2570902023116252,0.000001633512488326418,0.9404349809044203,0,0,12499,12436,17604,4.446940181296966,12.676409872819114,0.3508043859351803,1.9786573508723553,7.199636345320746,64.07528609369793,410.9666473536807,102.61522054539863,8.899794798016753,57.08158407483732,0.9981372653133584,332481.26633399224,590974.1959344468,331861.9419465334,31112036231.13722,0.8763300237770213,0,29718475141.84283,29718475141.84283,44032569.98513289,29718475141.84281,263655580.9117072,26048725015.81093,3406094545.1201744,0,0,0,29674442571.857624,0.9943632020715499,4.3968111945244575,7,35,402997,1001169,402905,993346,0.9997717104593831,0.992186134408876,1,4173,12455,3188.734423360851,10663.563158882014,201.87467129711484,1721.2696723510373,0,0,0,1,0.9296574550556462,0.9244007680401151,0.9875284500370964,0.9399209242529152,0.9710172833361831,0.9880474879144352,40,697915.5734435453,19.993985993737383,0.000023537130622303814,110.90733558035447,8791.238046063529,16207.768644434083,18154.244802684265,7416.530598370555,9363.006756620736,0.45759109480609894,0.5157475212208406,5.044989543980701,24859.013615978256,13.787397170545194,206779.43363242544,138.19801849928925,161,0.9915469685644448,13620.386595687012,75.29985846879464,1510600.7869020212,685546.8778997093,58255.4738529073,766798.4351494046,0.023642738184632174,0,5.530297711911764,0.9999993959992858,1,1,0.9999993959992858,1,1,1,0.4582334123918926,0.7862039860655402,0.3369370301896886,0.7114448065702549,0.4906220043489152,0.20097445950653997,0.4342596267389606,1,0.9731087700055662,1,1,1,0,268865.638409509,150221.9932603289,268865.638409509,150221.9932603289,369,369,0.9981749086698761,1,1,0.9999999939206967,67.38052931177637,28.517973626476202,0.19885285485232826,7478.671490330581,7427.1505651586385,30364.44413202142,28169.95295978115,0.5424089051939011,1.0069368359668958,0,0
4650,9906957,3616926,2013389,738049,3538593,0.759574197891237,1.3651009163225154e-9,0.28719516211623186,5.684073825363747e-7,0.9387325492580618,0,0,12436,12402,17591,5.323772945380128,11.690375552912418,0.4553979400647928,1.572982096421804,6.971927959653971,54.59143240211719,436.8524752207471,117.76438767307582,7.830177350947077,62.65877641719477,0.8006161711602069,335627.5434206408,268708.8387493397,268708.8387493395,36708851740.4712,0.8820991553092632,0,29687764069.27573,29687764069.27573,52742389.64769831,29687764069.275715,334207707.3167431,24850807151.181065,4502749210.7779,0,0,0,29635021679.627975,0.9922238853658575,4.3747730306840245,7,35,364872,905814,364872,895933,1,0.9890915795074927,1,4339,12442,2814.02668167154,9489.963424194262,121.4824325197511,1710.1381846427612,0,0,0,0,0.9563566709212955,0.920917453656666,0.9923951797150323,0.9620459454373783,0.9672637210593541,0.9887187253847796,40,734013.5537447976,23.287139684401556,0.002842765853545425,125.44966464553214,12663.227701732525,16980.05675470873,23275.0035286273,4316.829052976205,10611.775826894776,0.25422936538649127,0.4559301490048208,5.254287712363028,25101.83397924579,14.004160898547552,204100.54720551174,96.23511762926341,161,0.9980095090727832,9784.511685761445,90.93505859023179,1227463.7096990636,626055.4615240681,40519.01371541293,560889.2344595825,-0.20294848552186065,0,12.883905584650222,0.9999999921135672,1,1,0.9999999921135672,1,1,1,1,0.06840680702827734,0.9652896924058902,0,0.5263684883861474,0.23816480275097965,0,1,1,1,1,1,0.588353198456546,291469.94667687116,177892.00660963822,119982.6712955751,6404.731228342163,369,369,1,1,1,1,52.38052931177637,35.90562630509233,0.27789648522949256,6009.684334897339,6630.530673167655,34540.81138457167,27435.84114342141,0.7457706346135087,0.9063655129773023,0,0
4680,9912217,3852038,1935138,738807,3386234,0.7127899687170391,4.913769184422205e-10,0.30200104348946505,1.9757036073337648e-7,0.9370353776556748,0,0,12211,12108,17368,1.079707578978218,10.210993278742691,0.10573972085810299,1.533264512354866,6.654384537539085,35.7382031050996,290.65810788951995,56.34694006646627,5.370624871990979,43.67918719602741,0.5895104666900004,320426.1154704336,422165.44511428144,188894.5488706393,33207011295.485558,0.7949770111998193,0,29822853277.19167,29822853277.19167,10702295.819430504,29822853277.19165,323960000.82197946,24423233980.930862,5075659295.438807,0,0,0,29812150981.372173,0.9988934204199464,4.527502651831508,7,35,359242,724277,359242,723078,1,0.998344556019313,1,4330,12403,2654.029550234662,7513.837243131869,112.38381057777443,1756.738505715209,0,0,0,3,0.9629163899255774,0.9244724026662832,0.9946661865439996,0.9690157331058952,0.9651859178308205,0.9893710173234161,37,714488.7821225042,26.40582386438407,0.0006101677489841789,116.71118509683384,7347.996896636854,9150.967086085746,24102.150085875404,1802.9701894488917,16754.15318923855,0.19702509827517017,0.6951310621477291,4.947364541698458,20106.345122392024,12.4957652384499,183162.96518094453,104.0132333183867,161,1,10562.32333183867,51.01630099999092,1232741.27343483,329797.1451910448,48470.82247149669,854473.3057722885,-0.49154388519170916,0,13.674529468698323,1,1,1,1,1,1,1,0.8626897466056241,1,0.634978446763573,1,0.7225555394371911,0.4465713822541412,1,1,1,1,1,1,0.7579803088613135,247958.84518701234,187947.92205974623,60010.92312726611,0,369,369,0.9810131855605884,1,1,0.9999953461040256,37.38052931177637,2.985789549186916,0.1733583153832529,6087.61705591579,5555.82927604752,23439.89600036154,32666.227888918358,0.8029749017248299,1.0957170844253497,0,0
4710,9917187,3542656,2232856,740031,3401644,0.7171095826655715,1.7682593998881516e-10,0.26893267546027555,6.998071931246043e-8,0.9353083691978381,0,0,12311,12828,17798,1.2732126353148552,10.923477084158247,0.11655745011460952,1.7126376929878844,5.265687367597866,25.58130577732382,213.88341762639567,88.1886101334999,4.85811328920457,40.61832818684151,0.4498986568825991,328883.58070482925,1377354.8282625368,147964.28122984257,32092976414.919163,0.8898768850252421,0,29945986263.16375,29945986263.16375,12626687.795231914,29945986263.163723,349251024.8201978,24516428140.98072,5080307097.362797,0,0,0,29933359575.368458,0.9989430479469337,4.721209901502123,7,35,514665,912079,514665,910571,1,0.9983466344472354,1,4330,12550,3762.2579584851987,7633.262657065586,94.81830512961653,1658.5465004335986,0,0,0,3,0.9606589245217141,0.917441855068329,0.9945995378962496,0.9679232892422995,0.9623437138939448,0.992247041766239,31,580734.1925859331,16.298611390280154,0.004503197930040755,75.35755116032007,7227.123470419971,14233.885404293153,9789.87634559058,7006.761933873181,2562.7528751706077,0.49225926265781494,0.2617758166398994,5.066986015980278,39361.88154545302,15.79548460075015,230202.85645403832,122.26274780768628,161,1,11613.353428473169,17.34432577886206,875153.8751290453,96871.37999709968,62794.71901099576,715487.77612095,0.2668654360179097,0,19.373635613506277,1,1,1,1,1,1,1,1,1,0.6374212177733469,1,0.8145739610855981,1,1,1,1,1,1,1,0,113844.37768346071,210538.15540572698,113844.37768346071,210538.15540572698,363.5954320875323,369,0.9146692813300858,1,1,0.9994922778201802,24.7153245403211,3.6136680148803775,-0.22790320573802622,5498.581413158094,6189.920153560715,29330.186376151447,19485.688584594507,0.5077407373421851,0.8883121715221265,0,0
4740,9922060,3562711,2201454,740889,3417006,0.7213351803773834,6.363165696323713e-11,0.22331275334141928,2.5120478505421257e-8,0.9335857674716742,0,0,12828,12915,17788,7.128849035236593,12.398916625258753,0.5749574136754727,2.601648747633013,4.783747106619546,26.556659623182693,240.7252737975692,95.40779377760525,5.551434687346811,50.32148824599523,0.9949557857459959,332254.71228332474,431927.85178957164,330578.74832766515,25818575563.38604,1.1867885072734448,0,30255121456.321198,30255121456.321198,70732867.85860975,30255121456.321175,438472151.26051515,24149878167.25218,5666771137.808474,0,0,0,30184388588.46252,0.9930290461242366,4.932714537061336,7,35,501855,878157,497564,872828,0.9914497215331122,0.9939316090402969,0.9998450120711753,4455,12550,3893.932910042107,7726.15080990075,80.2094930116154,1785.4064263617843,0,0,0,3,0.8893750139243162,0.9259250731982958,0.9882316269794963,0.8999072995763584,0.9586817843105919,0.9911377497098324,31,735533.8378995957,21.469297482752253,0.003487879146203133,44.447335635552264,6173.238515175106,10703.683627777651,17684.618438218058,4530.445112602545,11511.379923042952,0.4232603718635112,0.6509261120480734,4.054767615002384,26363.765578025937,18.99488090771759,265829.73537073546,98.56701852550718,161,0.9900111972130553,10017.691868462301,13.23779234815992,445259.7127710866,54895.132603583734,64467.46108740288,325897.1190801,-0.3405925512783923,0,28.496914452901237,0.999999003355404,1,1,0.999999003355404,1,1,1,0.4864427608776548,1,0.7532001964315009,0,0.2245983042306392,0,0,1,1,1,1,1,1,15251.523500789044,361608.4298150297,0,346356.90631424065,254.512367191326,369,0.8377372023754991,1,1,0.9961509274882444,44.34932760580206,2.113668014880383,-0.89340336298001,6366.797035815661,6102.121063687518,15725.69448169222,28081.398739423854,0.5767396281364888,1.0433744216749772,0,0
4770,9927067,3557311,2195003,742428,3432325,0.7257519321789457,2.2893331203650372e-11,0.08755604910167773,8.985465046033602e-9,0.9318688994443173,0,0,12915,12771,17778,44.774529664000845,14.717282769646536,3.0423095325956147,3.5470561668794063,5.4527313332274225,31.439649841097175,297.1074518772793,110.67547301724638,5.765853463109896,54.487821555921784,1,314912.24791792675,457695.49309433706,314912.24791792675,30974792272.296986,2.0392867105234185,0,30261888551.9252,30261888551.9252,444479755.8680973,30261888551.92518,444203970.06112,24149878167.25218,5667806414.611875,0,0,0,29817408796.057083,0.9808781620959892,5.12911367674134,7,35,507637,1086875,501733,1062289,0.9883696420867667,0.977379183438758,0.9881174546515652,4455,12545,4311.42508289723,10082.48911563769,56.78554664762558,1797.6930682152695,0,0,0,2,0.941479929664335,0.9332832135342649,0.9770410750767875,0.96060114138045,0.9604281375479617,0.9902886714110646,33,612925.2926755438,15.67561818633098,0.004466310190226662,40.70829402195033,13900.746430746074,14305.638193402967,30147.333126291458,404.89176265689275,16246.586695545384,0.028302950010549565,0.5389062650247081,4.076279142814294,19845.612973399067,26.831775377388993,438043.03124443156,147.3596987191013,156,0.9900111972130554,14891.955029908833,12.979513218271638,606226.0839191909,79022.47929348327,103269.73199529777,423933.87263040984,-0.39695535879638716,0,1.8060510417893973,0.999999003355404,1,1,0.999999003355404,1,1,1,0.503110946571066,0.9433068325279694,0.824886263849122,0,0.8249774336246893,1,0,1,1,1,1,1,0.3667329223089063,17960.157537174906,515249.3802863881,11373.576478438423,508662.7992276516,143.81236719132608,369,0.7336009956439792,1,1,0.9803067337679,66.27795085844238,0.6136680148803819,-0.5042226149152848,9362.16807237406,7827.399704508863,7985.421646970844,41966.10139581416,0.9716970499894504,1.1960764015898044,0,0
4800,9932137,3409072,2331122,744279,3447664,0.7302789766338907,8.237091553149078e-12,0.05122009747653362,3.0794181915238827e-9,0.9301572259826864,0,0,12771,12691,17761,2.8730016549775446,14.42140113552375,0.19921792813186345,4.87989931377998,6.4644233125301405,36.714004885291956,363.5623219233375,97.96830899992521,5.6793936767922295,56.24048802909245,1,314354.6919586429,599001.5959832415,314354.6919586429,34611554743.59625,2.0095407220539934,0,30264660460.733894,30264660460.733894,28535046.038541608,30264660460.73387,446018331.6639873,24149878167.25218,5668763961.817698,0,0,0,30236125414.69531,0.9774914814293927,5.3114318368478886,7,35,461527,1159637,461527,1123147,1,0.9685332565276893,1,4455,12545,3942.6456479690196,10970.855780111175,64.22242435588662,1745.7441005840853,0,0,0,1,0.8556424418457599,0.9454055700113319,0.9738966470242338,0.8743587916804941,0.9718824564501146,0.9891249627879708,36,722846.4024745629,18.245933295417554,0.004980563644869133,30.40816897595727,14185.243986190482,23504.528242045177,23322.34398125177,9319.284255854694,9137.09999506129,0.39648888758312745,0.391774514705999,5.063871157572479,35698.90092176558,20.40845640706367,267465.9204005667,156,156,0.9900111972130554,15414.437118605585,16.22785427571057,468724.80857182655,116318.12908973402,95532.51344093135,256874.16604116117,0.09144493466402173,0.09144493466402173,3.705277353416278,0.999999003355404,1,1,0.999999003355404,1,1,1,0,0.6391191864635483,0.1714626095317654,0.6023298988238924,0,0,0,1,1,1,1,1,0.23549141433061813,121992.18872618789,520825.72983419336,93264.07566577021,492097.61677377566,36.9,369,0.7311335519060055,1,1,0.981652478231362,83.59356063891863,0,-0.3698216423399893,7376.432819136563,7559.495851451582,2617.2121349800623,31429.795944058857,0.6035111124168725,0.9757836982898976,0,0
4830,9937310,3415243,2313223,745876,3462968,0.7347244445546155,2.964519490407716e-12,0.282752328627447,1.1065110600625286e-9,0.928450355277233,0,0,12691,12579,17752,2.077719995768912,16.460633033726204,0.12622357788499808,5.709708761937703,6.326608747641311,32.35045732291142,304.68322235399586,96.00584625076637,5.113396230638148,48.15901132934576,0.5077850115797659,318153.21508074703,691845.9145039634,161553.43400391686,30601248565.366146,1.5129827215370089,0,29609555564.725384,29609555564.725384,20646947.691233393,29609555564.725353,449571479.35785717,23613968955.047768,5546015130.319724,0,0,0,29588908617.03411,0.9917641824007727,5.514820283003397,7,35,401782,1072510,401613,1060537,0.999579373889323,0.9888364677252427,0.9993189603062663,4455,12545,3528.4604821010453,11208.858070392247,96.52015974264789,1643.9362316164268,0,0,0,0,0.9502460950359719,0.943974032151724,0.981775767162205,0.9685936249120383,0.9773772408921397,0.9867484226285882,38,721074.5282249164,19.72641735047475,0.0011890265630267948,30.77519590160504,8705.502891965058,18130.95275468268,21616.53561588803,9425.449862717622,12911.032723922974,0.5198540854552341,0.5972757593234985,4.647712352759581,22734.881670888277,18.04114770851956,241117.590605214,128.45058543338996,156,0.9900111972130554,12867.99977788671,21.938940987623365,396015.21402627364,147980.5128365527,89738.24365448982,158296.45753523114,-0.12312047411726057,0,5.6237882289585865,0.999999003355404,1,1,0.999999003355404,1,1,1,0.5419871534989411,0,0.6451057787671793,0.7107716586624341,0.5486931426213922,0.9330808746026498,0.37937017524538325,0.00001283843372243645,0.9565396258800628,1,0.00001283843372243645,1,0.05885888235038045,251154.3859099693,223404.98968931753,236371.71945791238,208622.3232372606,87.20385423389135,369,0.6336073812217109,1,1,0.952331517988369,89.930286254546,0,-0.004283894945814382,6918.384639074514,8031.219951145856,4981.660086040012,32430.920971643274,0.4801459145447659,0.8614363298675978,0,0
4860,9942455,3641686,2074932,747576,3478261,0.7392197624539544,1.066976164689958e-12,0.5540515009283886,3.95908135244712e-10,0.9267483735153943,0,0,12579,12596,17741,1.0262756910571174,12.409242616964798,0.08270252445979948,4.183662141818893,7.763952470365923,38.63208676625839,178.40680441288762,81.46918658815403,4.975827313950265,22.978863548411077,0.47504456772252457,320888.9631130141,818287.535555444,152436.55876895093,32547483582.42714,0.8457264998333583,0,29752605476.07656,29752605476.07656,10203699.876008224,29752605476.076527,455809676.7884439,23749494289.616306,5547301509.671776,0,0,0,29742401776.200523,0.9857699805068226,5.726864863202951,7,35,267173,958897,267173,941450,1,0.9818051365266551,1,4455,12502,2315.6358050075796,10312.227490735611,179.57731450187126,1570.6471181628226,0,0,0,0,0.9500970576235837,0.9497879008038268,0.9775270241365812,0.975,0.9820349698014835,0.9888032184490061,37,725075.2433534637,23.996738217077244,0.0002552111917833901,37.644821196056625,8789.25628289859,13157.454184523462,21335.818145256177,4368.1979016248715,12546.561862357587,0.3319941563439371,0.5880515936599882,4.619525883193607,41826.07668824766,14.060061295162427,209289.0918833888,110.4740990643783,156,0.9947332650737387,11203.408269717002,26.319515266604157,421750.30109991867,163421.82560756226,75909.9291604637,182418.54633189272,-0.23777992635620537,0,9.650190725176365,0.9999998539086902,1,1,0.9999998539086902,1,1,1,0.8207422619563376,1,0.9147179885817212,0.7349077494136189,0,0,0.3239480877575394,1,0.8246524778117904,1,1,1,0,251013.30365798157,132456.9654071175,251013.30365798157,132456.9654071175,369,369,0.5436394013612555,1,0.989936616649469,0.89331283652143,74.930286254546,4.243421171732837,0.20140382312176353,7295.432908077323,6813.678497099872,16853.389576157948,29822.94875744991,0.6680058436560629,1.070704012697767,0,0
4890,9947581,3566620,2138758,748672,3493531,0.7435445994989289,3.8387084225712205e-13,0.39251393311678445,1.4169877046436463e-10,0.9250508239138742,0,0,12596,12603,17729,5.859315059651437,14.126429181031186,0.41477679777131937,1.5702948210661822,8.141166543677212,42.58849055539433,197.1579691128031,45.47520870147249,5.2312516058856975,24.217410128518335,1,368807.01047086605,374590.0202277423,368807.01047086605,34740737693.10802,0.9029546823672563,0,30795509484.12247,30795509484.12247,58286011.16048184,30795509484.12244,415387890.4601432,25467457797.79007,4912663795.872226,0,0,0,30737223472.96194,0.9952697914576344,5.937953430859521,7,35,402116,948353,402116,941965,1,0.9932641115702697,1,4433,12553,2851.245909663428,10006.657399633057,177.49366627757234,1353.776085753773,0,0,1,0,0.9489170919052441,0.9408849643525583,0.9879068390515571,0.9647591249952484,0.9722696683258742,0.9891461621082294,40,635317.996328047,18.90713420777608,0.00005477821474879078,47.57158053508543,6738.881843367915,10112.127920296978,13640.852957956198,3373.246076929063,6901.971114588283,0.3335841974623671,0.5059779718952708,4.731040271310814,28533.966648842048,14.017274909722328,280997.81305523025,116.57066233315213,156,0.9957332650737387,11695.500563920992,31.338487348612343,556373.4469747045,209485.32025842764,75200.5209487286,271687.60576754826,-0.0963485141263832,0,7.782251865335759,0.9999998539086902,1,1,0.9999999223239757,1,1,1,0.5486855090945323,1,0.9836934596785407,0.8216982721719659,0.5214267941645089,0,0.4790636427259027,1,0.8792622086923805,1,1,1,0.4208546019961242,255511.18821745034,107533.05942281184,147978.1287946385,0,369,369,0.4366221791645543,1,0.8512868500151173,0.7026486983156335,59.930286254546004,16.570301339676963,0.4667201583144546,5887.57563841429,6955.6471896872035,30555.05044092574,26663.117455568958,0.6664158025376329,0.8464454101616179,0,0
4920,9952684,3733517,1960522,749904,3508741,0.7479128611518115,1.3811971281812562e-13,0.2684664308145406,5.11586929610286e-11,0.9233584629030722,0,0,12603,12611,17714,6.977764860385902,14.805184667551995,0.47130549311409975,1.6275732726533088,8.831135580465684,37.55859139103272,196.80463543538508,107.23927914549358,4.252974155907159,22.28531468486493,1,349477.9538593274,363551.81783014664,349477.9538593274,28798544324.6434,0.8574990199027177,0,30804575875.850327,30804575875.850327,69447488.6818043,30804575875.850296,419163831.83843404,25467457797.79007,4917954246.221788,0,0,0,30735128387.16847,0.9999886586413053,6.143997894063124,7,35,448420,786000,448406,786000,0.999968779269435,1,0.9999499705183411,4433,12551,3531.5231129065023,7929.367779151346,173.9144297707856,1473.625968433681,0,0,0,2,0.9681242721159433,0.9349210129110397,0.999985385358104,0.975,0.962798146650137,0.9882898369042941,46,737419.7845762934,23.895534680689934,0.0005216260536097632,43.643178208014575,11400.400083004612,14383.77961077091,18066.737480635926,2983.3795277662975,6666.337397631314,0.20741276691505156,0.36898401854658863,5.073244837805609,30399.747194331572,13.920594040044305,420650.7307289972,117.53201039755143,156,0.9874560422594353,11675.24283615671,26.403624263704437,509544.7037202328,162848.53647276707,74712.00940484008,271984.1578426257,-0.023330854961366172,0,6.595321905693726,0.9999980261972635,1,1,0.9999980261972635,1,1,1,1,0,0.618608911246032,1,0.7381983153270385,1,0,1,1,1,1,1,0.4339279168697866,258449.1531997914,112148.30266474583,146300.85053504558,0,369,369,0.3582037677232006,1,1,0.7284444612854649,44.930286254546004,29.8775391631843,0.43514777993200593,6096.92870068224,6226.657126941971,37714.141339134396,26002.664711625992,0.7925872330849485,0.9791656383810805,0,0
4950,9957891,3584765,2098622,750592,3523912,0.7521050387735342,4.970292733660993e-14,0.0973647357227611,1.8438758419752107e-11,0.9216707634176755,0,0,12611,12500,17707,19.856234382452982,20.425476272051025,0.9721307899009944,1.8414758563350289,8.784536113440337,31.49267159039735,213.27850469744808,137.32735628933165,3.585012479169341,24.27885797761501,1,327581.1072419612,443419.34704694944,327581.1072419612,32255115700.411423,1.7833205436965043,0,21075715235.1738,21075715235.1738,197726217.65098324,21075715235.173767,417087913.9723273,15781491357.81368,4877135963.387757,0,0,0,20877989017.522747,0.9823197987398614,6.367493320204418,7,35,522400,936011,509261,923365,0.9748487748851454,0.9864894750168535,0.9839992764890239,4433,12541,4279.456176943178,7911.54517538803,138.50638758173596,1582.563030497037,0,0,0,2,0.9560997747557224,0.9304100143846359,0.9912740614496635,0.9721431814908079,0.9581070300771086,0.9876734540325923,47,673444.4525740785,18.803077776728287,0.015580428721063296,37.89586699196971,9242.95938632581,13903.13700132719,10007.432914337187,4660.177615001379,764.4735280113764,0.33518892999159255,0.07639057234309815,4.838357038801016,20569.81605106872,34.00125683945876,299716.4887810286,123.0055230865207,156,0.9874560422594353,11758.400265999175,22.5611266966206,445594.77251864603,126521.41043234192,77578.48941868394,241494.8726676202,0.25921848525765356,0,8.337334911418619,0.9999980261972635,1,1,0.9999980261972635,1,1,1,0.2884079151624749,1,0.8979077412311723,0,1,1,1,0.8857272596323178,1,0.8857272596323178,1,1,0,210584.163018854,132077.17246605782,210584.163018854,132077.17246605782,369,369,0.34481651768323823,1,1,0.71190623105654,29.930286254546004,38.5857980660883,0.16577739887715098,6567.103963945036,6563.682375266454,37117.884827421934,20174.80172730271,0.6648110700084074,1.0005212910197294,0,0
4980,9963186,3638796,2033972,751393,3539025,0.756318255920214,1.788554101653277e-14,0.039887669352015744,6.6278832477262995e-12,0.9199882447241274,0,0,12500,12401,17696,2.574418204174543,20.036828549701134,0.12848431565847493,2.591740300566594,10.365752049675146,30.513800893001175,259.11823102435903,109.75011019918894,2.9437131765039135,24.997533201894363,0.4743235921213389,322881.59668914013,1006100.8856881213,153150.35877146636,30969855427.79947,1.2995751522480579,0,20145091232.669262,20145091232.669262,25649407.410039805,20145091232.669228,423434353.9723273,14854017614.66103,4867639264.0358715,0,0,0,20119441825.259144,0.98968718566258,6.5816562728498,7,35,450308,1022035,439640,1017519,0.9763095481315011,0.9955813646303698,0.9793889301261861,4433,12532,3866.2512553355723,9146.247910227694,122.5186315083979,1673.9856901646065,0,0,0,5,0.9727539089509355,0.9354766132252992,0.9815162932259904,0.9970013205673457,0.964788433945739,0.9866447185068848,48,711221.0060388613,19.52349760153453,0.008838109922483317,27.220052798459943,11201.942390880105,14435.533397577314,16263.379342477649,3233.5910066972083,5061.436951597543,0.22400218389158347,0.3112168046389833,5.845498360763006,27659.14216414965,33.30791138751652,244132.52554401482,101.551435220134,156,0.9874560422594353,10239.89055129319,18.309998333579774,278730.36145665176,76869.26682949813,69349.62898310878,132511.46564404486,-0.14072149257132605,0,14.032452735428258,0.9999980261972635,1,1,0.9999980261972635,1,1,1,0.4814281721533649,0.9850398978759751,0.9170343588587284,1,0,0,0,1,1,1,1,1,0.909647881523892,103915.84334155581,151029.08238267736,9389.016589140927,56502.25563026247,369,369,0.3886081366647628,1,1,0.7742748663132364,14.930286254546004,40.966627173478926,-0.1901464055702009,7875.116086669706,7128.836242534217,30903.857145352085,24509.513446504076,0.7759978161084166,1.1046846664372523,0,0
5010,9968306,3521103,2140882,752152,3554169,0.7605673628594919,6.436517458212481e-15,0.06735996099841746,2.3725582003784698e-12,0.918309590415864,0,0,12401,12559,17679,10.71757566844661,30.5745775973811,0.35053879761088297,3.376830557202272,13.021554581001304,35.36613235148719,263.0483416116769,111.93030537816901,2.7159685221522665,20.200993665953636,0.9644110677773295,346544.9999594108,334211.8334437508,334211.83344375,34177059837.098503,1.9116629553189324,0,21767340095.008644,21767340095.008644,106836073.84129077,21767340095.008614,418538060.7848632,17293114297.278294,4055687736.945456,0,0,0,21660504021.167286,0.9873509249198279,6.7886782974577855,7,35,471725,1041271,469662,1024196,0.9956266892787111,0.9836017712968094,1,4433,12653,3881.140456400791,9781.783871780091,129.93348106731787,1772.2223732861278,0,0,0,2,0.9177320516913055,0.9335650354986272,0.976377025796403,0.9469460955173172,0.9621194984558216,0.9842112173883656,57,684247.5064758464,18.321621103902682,0.00855106860094717,28.64223917576317,13649.96941685358,17163.555703308048,25445.247755988785,3513.586286454467,11795.278339135204,0.20471202746044456,0.4635552560638389,6.054133946145662,21961.574084689804,34.55758905168002,285175.46343605855,108.23637215823376,156,0.9874560422594353,10979.615544185395,20.130757932051203,314480.7744744852,89319.47139052235,77882.05141008484,147279.251673878,-0.2325391052312331,0,12.482493398550236,0.9999980261972635,1,1,0.9999980261972635,1,1,1,0.03496101315993832,0.7455474051213923,0.5023519481644076,0.9282807578509346,0.006782677568297646,0,0,1,1,1,1,1,1,49826.04193831986,221469.36386233848,0,171643.32192401862,276.361123261172,369,0.3546929912083927,1,1,0.7372641644455007,27.372414851542963,39.46662717347901,-0.6432785365725997,8098.018981941378,7288.323721750418,33612.809673269025,30437.598329694716,0.7952879725395554,1.1110948540574015,0,0
5040,9973612,3634595,2185313,752667,3401037,0.7137061273133527,2.3162115081243246e-15,0.24791007978818547,8.548716375551309e-13,0.9166368212438984,0,0,12357,12146,17452,2.5281263101010865,27.940020604472384,0.0904840531755516,2.809793190867017,10.143591423580652,40.13531574249125,242.00749230210957,103.82349762694443,3.9567165184896242,23.858166422152852,0.6658802429134848,330502.0183037809,1038651.0410257897,220074.7642315186,45482657131.18128,1.671874851341046,0,23239368696.119095,23239368696.119095,25214550.904001478,23239368696.11906,395910597.6993978,18933114588.3895,3910343510.030162,0,0,0,23214154145.21502,0.9748909600866553,7.10481346348954,7,35,402440,1054366,402440,1017787,1,0.9653071134691369,1,4433,12612,3156.048262022508,9538.082334599305,164.4712871166421,1769.9293654547712,0,0,0,2,0.8737329305966061,0.9315326759762899,0.9810505238663645,0.9038237643479399,0.9567319364542597,0.9867055599303345,43,688899.7099053503,19.402523960052875,0.0018598713237830595,34.366231658448434,7636.107620352246,10139.25204881306,19876.088516331623,2503.1444284608133,12239.980895979377,0.24687663512160557,0.6158143684016163,6.912144883758721,26672.91727402445,21.428562264932797,175826.3100814238,103.6102863529298,156,0.9921790265544997,10517.0236040477,23.905814479933287,361430.4695340735,112739.47588532508,72648.44958494621,176042.5440638022,-0.32374983586682127,0,12.632039463122373,0.9999995216096241,1,1,0.9999995216096241,1,1,1,0.48827302265753564,1,0.7011160445172533,0.6794843830773951,0,1,0,1,1,1,1,1,0,151234.77467462185,159939.99335686257,151234.77467462185,159939.99335686257,225.0473268985317,369,0.23513690802792436,1,1,0.5599678615834067,39.90927062937469,37.9666271734791,-0.07541667244147528,5553.050676930926,6537.68220892005,41814.539647161386,31519.469982459217,0.7531233648783945,0.8493913438243164,0,0
5070,9978634,3718875,2089643,753580,3416536,0.7179311487026467,8.334186667443244e-16,0.448408814300995,3.087726271444157e-13,0.9149347495859653,0,0,12350,12866,17888,8.082389910572791,30.933269098574254,0.26128469916376595,1.6763934303787733,6.191536501094248,43.37646525717907,223.7802463702137,71.80976566732336,7.005767510134685,36.14292612676423,0.8830578022252786,376334.0631160846,332324.7306777997,332324.730677799,40700032149.62419,1.7510834747750488,0,25952458103.09198,25952458103.09198,80651210.76296093,25952458103.091953,377589724.15615207,21582219575.807102,3992648803.128699,0,0,0,25871806892.32894,0.9786944662956455,7.51895885831118,7,35,393567,966643,393567,937663,1,0.9700199556609834,1,4424,12589,2880.038681123805,9057.001045899311,203.8713855370216,1805.550297525553,0,0,0,3,0.9655335918231428,0.920462932772615,0.990851448973495,0.9906095469686695,0.9538781771098368,0.9863641505627684,48,677752.7322525914,20.364707293332973,0.00039920048202971047,39.06004662657908,12102.189817041166,12991.112724721168,14004.085320803119,888.922907680002,1901.8955037619526,0.06842546335453195,0.1358100482961697,5.6393938186134545,12277.079039283952,20.067499100235796,164029.55105711246,87.5176766526935,156,0.9921790265544996,8690.003438977985,26.082348859861476,339431.93951161264,103843.98953360732,55437.60598498764,180150.34399301768,-0.02772528653074621,0,16.760292513733965,0.9999995216096241,1,1,0.9999995216096241,1,1,1,0.23862537554632257,0.8616004310797652,0.22149550627995343,0.6805816726131846,0.4244398092715461,0.29333437609866014,0,1,1,1,1,1,0.26755569787677963,276310.1385814351,73928.35195858555,202381.78662284953,0,369,369,0.1464665716199355,1,1,0.3862173258722865,27.014134743277282,45.25247743208598,0.5921424630863431,7176.384508871604,6434.1418165104715,71660.62126602075,18051.463917671095,0.9315745366454681,1.1153600143622082,0,0
5100,9983824,3431078,2366231,754518,3431997,0.7221479827968459,2.9985897948152377e-16,0.17768068985321073,1.1133881335502312e-13,0.9132381540379718,0,0,12866,12686,17876,10.742306435582426,39.872509463206534,0.26941636180424483,1.7616594837607853,6.9881929574789545,48.6625365816538,282.83996455836575,138.88402531971465,6.963536478994018,40.473977504536805,0.8688648099502039,342911.6987907092,528134.7173473976,297943.9079994911,43287660491.000114,2.3487539783744724,0,28846539622.24855,28846539622.24855,107249296.80700096,28846539622.248516,362698689.7558052,23725952715.79142,4757888216.701296,0,0,0,28739290325.441486,0.9903674634320371,7.840505837869102,7,35,458122,1201254,458122,1185270,1,0.9866939048694114,1,4424,12589,3427.1983949050345,9341.945318922584,200.21842210704372,1826.1746464937037,0,0,0,3,0.9206795183671902,0.9123223914481736,0.9878661973142483,0.9492535065123173,0.9510041225966273,0.9855039256538229,54,569676.0642499961,13.865859496699414,0.015452069442901279,40.326923532097126,5480.328914826538,15117.991757361058,17108.14352764017,9637.66284253452,11627.814612813634,0.6374962360884919,0.6796654817647259,6.904627375080144,32620.84062028908,45.549781578144696,336384.6561596336,122.5724588238228,156,0.9821790265544997,12331.913028366034,27.041565639204524,497308.1136993894,155800.72641940994,71818.00110716865,269689.3861728108,-0.11601030734414396,0,9.730051846841445,0.9999943402888215,1,1,0.9999943402888215,1,1,1,0.37761609857225154,1,0.5083676723142788,0.8543707581211489,1,0.9270089127842982,0,6.498724044065283e-10,0.9014316523377442,6.498724044065283e-10,1,1,0,293681.3418923087,36894.35647509812,293681.3418923087,36894.35647509812,369,369,0.10310086735339302,1,1,0.2681348644793127,12.014134743277282,66.65578941110438,0.5833999301557355,6022.9282708464625,6820.47590112503,66336.02386642373,28666.62208428081,0.362503763911508,0.8830656919193846,0,0
5130,9988858,3546551,2239133,755748,3447426,0.7264783213186202,1.0787916405131699e-16,0.23929162445338717,4.009361949717476e-14,0.911545844379808,0,0,12686,12830,17864,2.5342274540084633,43.65552235088974,0.05805055849839839,1.8654453037544463,7.759992537054919,47.441465892108766,330.53417231810863,93.55064910894288,6.113596845044622,42.594650798923745,0.4848567260829323,330034.7519654028,1498755.557300578,160019.5693315378,41112567538.54188,2.4427266021743153,0,28850667977.66486,28850667977.66486,25314038.17787051,28850667977.664825,364467654.71646255,23725952715.79142,4760247607.156946,0,0,0,28825353939.486904,0.9954502900383528,8.164448309125202,7,35,461715,1084977,458895,1080760,0.9938923361814106,0.9961132816640352,0.9896201665335919,4424,12581,3503.869325039339,9606.288264883655,210.21267185944845,1832.5590476713778,0,0,0,1,0.8900426481322622,0.9070231400008983,0.9869432658857147,0.9247890547823069,0.9487640980288958,0.9840034948250631,56,689368.8277364483,17.909696074417926,0.006835138649468977,41.73734971838353,17557.39749549019,17789.499739646955,27610.827943692024,232.10224415676566,10053.430448201834,0.013047148461374995,0.3641118791766852,9.23539356287762,37645.578058746694,52.93039466616762,264267.74466308684,138.5103828832344,156,0.9821790265544997,14006.959012532261,28.334388296897824,584613.346797123,181369.86058122243,82422.13341527319,320821.35280062736,-0.2301310276883708,0,6.348023648588285,0.9999943402888215,1,1,0.9999943402888215,1,1,1,1,0,0.17356947312205953,0,0.6968913938130842,0,0,0.6653182116990829,0.9648621541330943,0.6653182116990829,1,1,0.1622579042166523,219459.00704144815,35608.958544012916,183850.04849743523,0,369,369,0.04038138706631263,1,0.9924437512447815,0.12397136010762427,0,82.78914357411252,0.47988671911295555,7136.750624733619,6962.78184392481,38834.14715637412,35001.61789276316,0.986952851538625,1.0249855280128588,0,0
5160,9994022,3585317,2188905,756961,3462839,0.7307997510313944,3.881037644800008e-17,0.4894656966191303,1.4481204021190536e-14,0.9098578130006117,0,0,12830,12690,17854,1.937794983617526,42.09458221789177,0.04603430849098416,2.682538235975855,9.249640956980794,44.98557103624433,299.3314805239918,108.18119207621463,4.863493755646081,32.361416179952734,0.5015788527765288,327228.7538310103,815182.145321396,164131.0229420513,40190612194.26635,2.312614736392661,0,29679037689.68154,29679037689.68154,19366365.697840452,29679037689.681507,366776284.9407092,24548764303.205593,4763497101.535204,0,0,0,29659671323.983635,0.9928820888861253,8.06510678642736,7,35,340418,930039,339152,922262,0.9962810427180702,0.9916379850737442,0.9937709112379453,4424,12546,3151.940932574073,8511.434925847874,219.41166844218583,1990.4359462951854,0,0,0,5,0.8586819943026113,0.9057791893143458,0.9834960542495408,0.8958705984348413,0.9533038859727277,0.9856661422909966,46,710167.4649469189,22.519726749407216,0.0018711925473626212,42.69009746298915,12412.018429557525,15103.825426640806,15900.680778116808,2691.8069970832803,3488.6623485592827,0.1782202138231385,0.21940333230011938,7.31111502625463,7711.0114109535,36.881203768632425,252549.3235377976,117.65617227288801,156,0.986862309968227,11656.89415591674,27.992196009066777,497633.94763183425,140591.59271760815,75352.87466027282,281689.48025395325,0.008620287519734033,0,8.202366848559963,0.9999977324491602,1,1,0.9999977324491602,1,1,1,0.6039387412537414,0.9608315574888292,0.9336276422393125,1,0.7686054754884716,0,0,0.0000218367096541186,1,0.0000218367096541186,1,1,0,143247.68513910024,22198.77735885,143247.68513910024,22198.77735885,369,369,0.05202297326146082,1,1,0.1370436044959149,0,98.16144069889523,0.41371257851276677,6545.76778461576,6093.536108063996,40458.11141184236,23043.593750360946,0.8217797861768615,1.0742149826524037,0,0
5190,9999036,3650319,2112027,758453,3478237,0.735237002429219,0.003985935955827598,0.5358979397385526,0.31177163639587846,0.9081717477564837,0.0000015001446139407838,0,12690,12827,17841,2.100944393382737,33.989117994320885,0.061812265729689606,2.2977628081519246,8.380222249558216,37.53865870371019,217.08811624627307,77.19236374813369,4.479434743593958,25.904816099324503,0.6198977938616514,333622.12677224475,1411065.7139929002,206811.6203695467,28267118245.66838,1.7550232053324795,0,29573118708.19052,29573118708.19052,21007418.623507265,29573118708.190487,372674039.9107884,24442971124.344788,4757473543.934914,0,0,0,29552111289.566948,0.9941188146536064,7.3304699874071515,7,35,389785,738729,388533,733344,0.9967879728568313,0.9927104526829189,0.9953958739381459,4424,12546,3219.557863627954,6551.204293988118,236.5057812759245,2204.3646007611865,0,0,0,5,0.8940389430162116,0.9054270515000733,0.9860157049117658,0.9250000000715316,0.9568445735905111,0.9829937072407493,50,748206.8460299701,26.676965336840674,0.0011487632229718095,38.17223699650875,8560.597417580351,11537.805207835156,13589.66210297057,2977.2077902548044,5029.064685390218,0.2580393529466961,0.370065469419649,7.065375174291553,32412.762438792706,29.386101432867218,220662.16547045833,105.87028143934685,156,0.986862309968227,10603.380617469187,23.137288060456566,404754.7578942211,100046.04748361347,63038.53214913885,241670.17826146877,-0.05896641216038699,0,9.512291483223551,0.9999977324491602,1,1,0.9999977324491602,1,1,1,0.688543829371146,1,1,0,1,1,0,1,1,1,1,1,0.3287222485392026,76660.46348729898,55461.381784362835,51460.463555696624,30261.38185276047,369,369,0.16547463949262872,1,1,0.40094158731061647,0,108.41657241879236,0.17219472977581918,5507.584783035119,5100.193120283896,34619.39322750539,21758.600275222594,0.7419606470533039,1.0798776934800747,0,0
5220,10004077,3561603,2189128,759770,3493576,0.7396183198275141,0.0016562793456795684,0.29138157778575824,0.12522688854442635,0.9064935225908397,0,0,12827,12788,17829,4.061621233135091,33.84255993778949,0.12001518917603449,1.6708368063128078,5.969979245252256,34.7095758287729,171.6013519121659,64.80867904256888,5.814019513782459,28.744044972792036,0.6335085559099258,347840.77790310484,941283.2203397054,220360.10889598116,28000887606.99727,1.7703305801367886,0,29439955013.444717,29439955013.444717,40632771.56121248,29439955013.444687,372145091.91012454,24307445789.77625,4760364131.75831,0,0,0,29399322241.88346,0.9990428533305773,6.698197692847557,7,35,474195,822367,474195,821126,1,0.9984909413923467,1,4424,12491,3682.1706048463907,6783.589896506011,266.7564866621487,2250.3390167674634,0,0,0,8,0.9716751058642801,0.91576042873274,0.9934896555771837,0.9932196325642824,0.959768699135305,0.982582551464068,54,660553.1126837035,20.398128732065754,0.0020555198271695945,34.17189087149668,9087.491857630159,11705.548748032592,15282.310224102595,2618.056890402433,6194.8183664724365,0.2236594752418132,0.4053587628853548,5.4693330853017255,21958.971479116473,30.65630977277718,273597.84507745365,103.78719603713638,156,0.986862309968227,10455.928870030306,16.814834658004127,357298.8603068072,62692.538763578974,62802.159050458074,231804.16249277015,-0.09759714458354482,0,8.087588842764545,0.9999977324491602,1,1,0.9999977324491602,1,1,1,0.5259733157906261,0.06019431944124938,1,0,1,1,1,1,1,1,1,1,1,35631.7166761025,119040.1023754261,0,83408.3856993236,316.424396661396,369,0.1844179183852679,1,1,0.43281561442696015,7.535560202794729,107.9922541940895,-0.6227237935704917,6013.155176401503,5718.027323359036,27839.98652871191,24631.492261182542,0.7763405247581868,1.0516135786614422,0,0
5250,10009210,3498247,2241175,760867,3508921,0.7439404176936284,0.0005955761225951563,0.10920461101867168,0.04528974603706564,0.9048193613681799,0,0,12788,12685,17818,49.64921365640056,49.57820859807666,1.0014321828144201,1.8448143709879985,5.573827663686289,35.43641528531892,204.78771796144582,97.23358718464218,6.357644588868183,36.74094900630783,0.8434579209779506,419023.27583812096,353428.5010797912,353428.5010797918,36375846019.14302,3.1734010711976,0,25250815469.554024,25250815469.554024,496949405.82186925,25250815469.55399,381577196.3589743,21184706150.836376,3684532122.3586426,0,0,0,24753866063.73211,0.9918682047717873,6.495744437487103,7,35,526223,1119785,526223,1106400,1,0.9880468125577678,1,4567,12482,4245.577025852116,9885.917030369612,232.11288177173884,2126.5768920130595,0,0,0,0,0.9174397387388362,0.9170591285147276,0.9831346215574455,0.9470388454510846,0.9555012610185025,0.9823941723187364,59,701379.0447960116,17.18410299979877,0.0014999620584656907,34.12174536477852,11556.038523544335,13699.133549419605,16607.397908246792,2143.095025875269,5051.359384702457,0.15644018785159344,0.30416320561537735,6.7364759918101464,28690.652425700602,40.68545617766849,182854.36271739335,153.83342569024077,156,0.986862309968227,15268.910616995126,19.68203020359406,521001.880070671,123828.02713458553,99249.77123443947,297924.081701646,-0.004402836107963874,0,3.6430822860406415,0.9999977324491602,1,1,0.9999977324491602,1,1,1,0.24343689316258982,0.27725685611505035,0.46848339720449017,0.5866146315002292,0.4191991825712733,1,0,1,1,1,1,1,0.486667668155399,184069.4906342653,89580.66978552996,94488.82084873534,0,369,369,0.2026879084999563,1,1,0.4980098327162753,8.4850155454829,108.75576933427622,0.3675201863311106,7394.80750857205,7413.162507965668,31902.135931121375,32403.64025920558,0.8435598121484066,0.99752399878272,0,0
5280,10014540,3560504,2168011,761814,3524211,0.7481912851760011,0.00021419209297257916,0.040412939292290624,0.01637955809605714,0.9031518172577073,0,0,12685,12477,17807,2.53639184133638,41.28733148657926,0.061432690125804136,1.8356829937988657,5.626865220253001,49.00640623231168,356.88720983208424,87.9193428132617,8.709362018468287,63.4255834931901,0.42526057322047184,355828.46247422136,1028851.1379300319,151319.81591994653,38417487471.27492,2.808585397956862,0,31358233510.326473,31358233510.326473,25400797.55082575,31358233510.326435,395065486.58017653,27270778986.508953,3692389037.2373114,0,0,0,31332832712.77561,0.9823572727598024,6.302587311804486,7,35,425850,1167101,425850,1138997,1,0.9759198218491801,1,4551,12808,3741.649170775342,10551.075404705107,164.666404321292,1950.6931235061732,0,0,0,0,0.8683123576838865,0.9054403751411814,0.9721777059992114,0.9020868404198087,0.9477522720998073,0.9817821475439105,61,708021.1483448345,18.098156518684178,0.0003219500021903799,41.03922824128057,0,19633.737334763628,15444.648467892832,19633.737334763628,15444.648467892832,1,1,6.757059700670817,20954.231827081014,26.671861236880275,228039.33491276173,118.46590180086419,156,0.976862309968227,11753.586894551741,32.28680825247938,482358.135219233,209291.61420599118,85090.94974750948,187975.57126573235,-0.019013352511155723,0,10.568497238078823,0.9999876131751696,1,1,0.9999876131751696,1,1,1,0.04233818121506222,0.3024457959101931,0.534446739332049,0,0.5512520699573735,0.8115178608302389,0.17289615141334874,2.8865747874665323e-17,0.8908199398884987,2.8865747874665323e-17,1,1,0,346962.50536100473,71829.10105108318,346962.50536100473,71829.10105108318,369,369,0.2033122471531355,1,1,0.5022374015442863,0,125.39046015348771,0.4049017518403369,4426.741452391282,7331.7018639777825,35969.936472986876,25581.664029932726,0,0.6037808866916436,0,0
5310,10019754,3536921,2180760,762572,3539501,0.7524157083964635,0.00007703260196455783,0.30004519853983036,0.005923855770852404,0.9014875015893604,0,0,12477,12576,17790,2.545066469665207,31.08838283639449,0.08186551494359988,1.684729675644244,6.245357931053534,71.58941906495453,593.5499407149345,107.75579599386572,11.4628208431407,95.03857861591098,0.5207317445403817,338325.1444678081,701510.1100751839,176176.64270059837,33943643065.627953,2.6755929481283633,0,29554009287.537323,29554009287.537323,25500939.93978259,29554009287.53729,395303086.58017653,25460319899.63896,3698386301.3181524,0,0,0,29528508347.597492,0.9713531644623362,6.09662285513361,7,35,362727,1082005,362404,1040941,0.9991095231399924,0.9620482345275668,0.9985637180049287,4551,12853,3196.1367051024167,10969.720302953036,182.96611159662217,1813.4098160559074,0,0,0,0,0.8380092901058817,0.8454718268598066,0.9600390310044871,0.8858287877746692,0.9361923493438964,0.981662851357125,62,700358.9888139655,19.962560562483652,0.00006910295052156909,99.68190615605131,11058.368196129815,24541.78344034617,13759.075694564635,13483.415244216356,2700.70749843482,0.5494064959456005,0.1962855324287302,6.940866414546758,24119.00183849616,17.148709722798497,189320.01945149494,156,156,0.976862309968227,15599.806765532645,68.45973012742078,1555018.4740543594,707628.0265562135,114268.49015583913,733121.9573423067,0.5583155875464048,9.799975552570599,0,0.9999876131751696,1,1,0.9999876131751696,1,1,1,0.9339798618300801,0.14042967779605642,0.6088352904216586,0,0.40639312211602635,1,0,2.022591572588492e-8,0.8246877588165384,2.022591572588492e-8,1,1,0.20745406705631217,388223.1934587853,80538.4804086145,307684.7130501708,0,369,369,0.15155265612636667,1,1,0.3975798177385882,0,139.36766473764393,0.5680438188821767,11144.963078519744,7120.395449108409,68505.34492780807,16637.53537716659,0.4505935040543994,1.5652168700707878,0,0
5340,10025032,3377054,2329908,763333,3554737,0.7566319873866341,0.006380042542911472,0.4928608272673222,0.2154571045892336,0.8998284494253983,0,0,12576,12503,17781,1.9583396881806452,24.48247468104928,0.07998945015540046,1.7327784737077707,8.699045366537444,84.0409889750294,894.3674711772226,129.4519709287412,9.660943866129182,102.81214012488998,0.5378673330739984,341675.91167691816,1325410.8852274606,183776.311389291,40219229029.399376,2.5302422003915286,0,35277293045.34465,35277293045.34465,19632418.04097021,35277293045.34462,388033966.58017653,31351231543.752335,3538027535.0121107,0,0,0,35257660627.30364,0.9832118822711982,6.051885589650211,7,35,422919,1105543,415440,1087362,0.9823157625928369,0.983554687606,1,4551,12813,3714.233527893282,11043.665703180954,176.96974005432455,1697.8058883611395,0,0,0,0,0.7749268669720386,0.7547653771715476,0.9790637734614058,0.8148768194616368,0.9213024510327544,0.9818762828030219,60,490984.0385349778,13.06849574421588,0.0023250603964364257,225.52751556123624,13929.144978537934,23514.811803466702,13929.144978537934,9585.666824928769,0,0.40764378235489807,0,8.45389937623407,44907.576908571435,18.93938857411597,181335.2705433237,156,156,0.977862309968227,15599.806765532645,184.60342000923868,3518185.663065942,2086757.6363339403,103395.39848923536,1328032.6282427663,0.6877370485528663,32.44939763916301,0,0.9999876131751696,1,1,0.9999891508201995,1,1,1,1,0.10370993166978508,0.337486546828404,1,0.3942121838566373,1,0,0.00012918484084904365,0.9244447640201243,0.00012918484084904365,1,1,0.17395254091052811,390599.44967257534,67945.76674879843,322653.6829237769,0,369,369,0.11692425356965186,1,1,0.28506713188624777,0,153.20169744162678,0.5106403099055535,14013.468918136154,7305.926997192754,144089.34445512603,14202.418424578493,0.5923562176451019,1.9180959409422953,0,0
5370,10030112,3286043,2410337,763795,3569937,0.7607870261464298,0.009226813988167616,0.5141028527399181,0.2228665248122478,0.8981734201971024,0,0,12503,12686,17766,2.8949928990700666,25.61988122099939,0.11299790479501441,2.1239808890360816,9.235913503237443,87.08268445034768,1070.9396352756403,153.89132263334187,9.428702901973129,115.9538398557161,0.6966943902572449,343438.33103322255,1567506.6577746996,239271.55863015683,55211429678.101204,1.818178133337609,0,76465044616.29466,76465044616.29466,29037103.016972885,76465044616.29462,456112980.48357457,72313592128.33879,3683028724.108617,0,12310783.363650445,0,76436007513.27766,0.9873414649928821,5.442362516729165,7,35,516296,1214552,515496,1193442,0.9984505012628415,0.9826191056455384,0.99979540503785,4762,13340,4240.229973398347,11988.189280388353,117.07057199676737,1615.8361622967996,0,0,0,0,0.7788001041091163,0.6630744629057373,0.9901979464954319,0.8207244131070268,0.8896283893228152,0.9866034449660107,40,724335.3646248569,16.95404665645815,0.009949601665474862,403.2576465234509,13868.084569604354,26985.85296725662,13868.084569604354,13117.768397652264,0,0.486097971910273,0,14.641554948202653,40804.607233878305,28.713105658746368,0,156,156,0.9892861623450196,0.0319952416556511,228.89868740003476,12.90232585000694,5.164917632401282,95229.22455545535,-95221.48714723774,0.6525474590711817,57.35719457416381,0,0.0000020509770292084035,0.000002050980325754072,1,0.9999987701980315,1,0.000002050980325754072,1,1,0.11386086294604808,0,1,0,1,0.10568514553639535,0.8510730684236366,1,0.8510730684236366,1,1,0.13923084771511982,390599.9999945904,54383.56911677262,336216.4308778178,0,369,369,0.0683810666943283,1,1,0.16322103730965232,0,167.09823271648125,0.4479385637956318,13844.699424598031,7860.634795796817,248464.11404798238,215.68113759839133,0.5139020280897271,1.761269895403482,0,0
5400,10035095,3431127,2419181,764454,3420333,0.7153105443337342,0.0036889228968947467,0.23555774035667923,0.09048516985745858,0.8965213582930704,0,0,12489,12556,17539,9.375876120484987,42.50366487310296,0.22058982792371393,2.9639343516661265,10.278631681828534,104.73348257332191,1372.4650857849485,217.26264437782132,10.189438226342805,133.52604979623044,0.39142010069652045,423236.36133387143,165663.21917173278,165663.21917173287,65967394021.35484,2.454717432142327,0,76205976266.31949,76205976266.31949,94087807.57737215,76205976266.31946,483397939.88604325,72094661290.08353,3609433314.5408926,0,18483721.809010312,0,76111888458.74208,0.9967980135359813,4.989747381459246,7,35,557996,1194666,553430,1193620,0.9918171456426211,0.9991244414756928,0.9911778038659584,4762,13314,4518.904005987139,11407.26655415845,106.56388354844552,1577.3071819239003,0,0,0,1,0.7011706440059358,0.5481088146632687,0.9923157560474722,0.7632665621381072,0.8265530449348473,0.9870692647522188,40,681281.2923798425,15.598438336163076,0.021212267338779484,716.6265359358707,0,26529.526576542714,0,26529.526576542714,0,1,0,9.229591427425138,28420.757704813543,45.226088519781875,270131.79738927155,156,156,0.9927025111667576,15599.89650173237,235.47777813153715,11179299.790994575,2628861.84125894,95650.53991411612,8454787.40982152,0.9805691332197608,83.54733013565009,0,0.9999933654956648,1,1,0.9999996113843221,1,1,1,0.4471355291776852,0.08839416110667414,0.400234827792413,1,1,1,0,1.6255184934225703e-8,1,1.6255184934225703e-8,1,1,0,390599.9840381255,17877.167972670577,390599.9840381255,17877.167972670577,369,369,0,1,1,0,0,180,0.315256554691873,265.9558848348415,7152.6899792903605,387883.04116411187,13711.472220232938,0,0.03718263836471042,0,0
5430,10040054,3395159,2443596,765393,3435906,0.719553911750022,0.0013270075432470815,0.10582535911433635,0.03264114248153368,0.8948409042421485,0,0,12764,13015,17974,12.270380524026459,58.65244520969435,0.20920492709481026,4.628941426550872,10.738768716766462,102.91871026887821,2556.462591177091,348.2820003295801,9.58384643373416,238.05919082563727,0.37987891558114273,513440.8978437971,195045.3714879102,195045.37148790996,68128553157.23414,3.5284655980624766,0,73505498671.54306,73505498671.54306,123195283.06183569,73505498671.54305,498647009.3746489,69352362142.61606,3636005797.743339,0,18483721.809010312,0,73382303388.48119,0.9347975397074795,4.766768009058834,7,35,688653,1265261,634290,1192224,0.9210589367940022,0.9422751511348252,0.9098859043599556,4762,13304,4573.077446864531,10660.849428763388,100.75533152932496,1654.8768852090975,0,0,0,6,0.6236005575717252,0.4588493352845143,0.971372010272869,0.7196141966623963,0.7505841647995,0.9867890107640735,41,188528.21105638117,4.128700049523435,0.017195625854853073,895.7175176613273,0,23646.794217607112,0,23646.794217607112,0,1,0,17.768709514204332,43181.99279874733,48.58111847271382,140652.63954844934,156,156,0.9842586774743116,13709.172582393028,211.67818779110934,12279546.03469181,2032396.320041271,113996.78675838525,10133152.927892154,0.997326489398062,110.12509222568137,0,0.8787931142559634,1,0.8788325068834149,0.9999960994697357,1,1,1,1,0.05405211404929682,0.9509983536191584,0,1,0,0,0.0006948012340483548,1,0.0006948012340483548,1,1,0,390597.00731804746,4635.564957059432,390597.00731804746,4635.564957059432,369,369,0,1,1,0,0,180,0.46674745996690054,390,6346.853622531694,483180.7258015084,11924.586876367122,0,0.06144776974459875,0,0
5460,10044036,2059359,3767606,766331,3450740,0.7237165488380315,0.2938924198721193,0.046498792294360214,0.36699691343759594,0.4071878077697053,0.5928121922302947,0,13015,13973,17955,38.41256718567736,55.48550004115111,0.6922991981182197,6.787518121813028,8.815850272765605,77.37761565731785,2204.5524954039283,466.47240204959826,8.777101840801098,250.06691665514666,0.32447426973985016,574140.1495061648,186293.70573934086,186293.7057393412,61916735889.52264,3.729616646777707,0,73224854934.46867,73224854934.46867,385817207.6654522,73224854934.46864,455146165.68927836,68935678372.05266,3815546674.917694,0,18483721.809010312,0,72839037726.8032,0.8547069517169467,4.698827334438512,7,35,905029,1715000,715944,1523413,0.7910729932411006,0.8882874635568513,0.7138024459647636,4762,13260,4199.654362532858,10064.804100776568,112.93290406558992,1700.6384583118104,0,0,0,9,0.5614104826442804,0.38394047612978544,0.9693667262502984,0.6878280969395899,0.6663006703359529,0.9868479532768091,41,72687.6924646337,1.2983672092414686,0.017530165469655263,885.7058527386414,0,23209.272963385647,0,23209.272963385647,0,1,0,23.073885270999792,41840.98240319975,49.86690926178092,839.698982615846,156,156,0.9788136222778687,1.053538820583157e-46,176.23604854371956,9.331254994778676e-44,1.2917628817968977e-44,112498.6655350046,-112498.6655350046,0.9760194277491212,136.5958227892326,0,6.753453978097161e-51,6.753496108046135e-51,1,0.9999904902273902,1,6.753496108046135e-51,1,0.9510550624335559,0.04025029522330541,0.8940914064270379,1,1,1,0.035736714434072205,0.00007529474419723265,1,0.00007529474419723265,1,1,0,390599.6732697338,14569.205898235756,390599.6732697338,14569.205898235756,391,391,0.003637494677078793,1,0.9997927751480125,0.019277198932737903,0,180,0.3519830868220963,1.0534754998115313e-46,5553.297000238819,541922.2313685634,0,0,1.8970271169833463e-50,0,0
5490,9982280,1523864,4257146,774339,3426931,0.7267363315406823,0.5910337591498646,0.01819219874117809,0.7327943562645446,0.05169360106108024,0.9483063989389198,0,13973,78953,17197,87.79906867487618,52.67558745745295,1.6667886000472822,6.0965707110674785,6.619729353308619,60.562160594230726,2115.2693861455987,494.1926916516231,9.148736657029799,319.54016142493225,0.0012964369625204641,582976.5706712187,755.7923745015559,755.7923745015603,52019400574.27989,3.2032343396051184,0,73242867895.48026,73242867895.48026,876434887.2518177,73242867895.48021,461768614.31248707,68945174477.11096,3817441082.2477474,0,18483721.809010312,0,72366433008.2283,0.9058681017578262,4.491239595597053,7,35,959377,1782191,841714,1641785,0.877354783364621,0.9212171983810938,0.8042704626334519,4746,13231,3689.736939550371,9438.960598414691,118.6196327494821,1699.2129014837737,0,0,1,12,0.5450437901452367,0.3136983020835162,0.973975234240587,0.7219500789622073,0.5627674216102412,0.9869135270473008,41,41593.00673617909,0.6699097802927094,0.012048818633855455,1027.320186186721,2887.646179385549,19191.402892167385,2887.6461793855487,16303.756712781837,0,0.8495343881002004,0,28.29317786125919,40347.86790526495,49.33793495021534,0,156,156,0.9927025111667576,0.0012370878359048943,174.85757636474733,1.2708853059111438,0.15248213836016478,232883.27781659056,-232882.159413423,0.7006525306979641,163.7274643373955,0,7.930050230159579e-8,7.930053311902622e-8,1,0.9999996113843221,1,7.930053311902622e-8,1,0.24615496351767033,0.027525156639239316,0.4655652366328615,1,1,0,0.017755294628721437,2.794103491170709e-9,1,2.794103491170709e-9,1,1,0.011416437856507167,390599.99956943456,4459.260621836176,386140.7389475984,0,391,391,0.018755146768584134,1,0.9978027623193415,0.06358494750783117,0,180,0.49191690767471485,2782.185790656065,5078.198896828848,575416.9022073137,113.46404870552601,0.1504656118997996,0.5478686138885658,0,0
5520,9697019,1663794,3957046,791267,3284912,0.7251903630062411,0.7631467848229744,0.012948704699569949,0.8863034233469481,0.002525209035890308,0.4544187239398005,0.5430560670243092,78953,299981,14720,54.614210863071975,54.08893026997612,1.0097114250637609,1.832953162797291,5.006806766846679,50.978688089377776,2067.5654875787995,502.60784173035984,10.181876486015158,412.95092538212066,0.16360109535506362,559621.0773081317,91554.6212313919,91554.62123139107,39272248757.99918,3.061549320918965,0,72488298747.7645,72488298747.7645,529595040.4093439,72488298747.76445,475009907.6003736,68122362889.69681,3872442228.6582665,0,18483721.809010312,0,71958703707.3552,0.9663996435392784,4.303180535488706,7,35,934720,2166884,926171,2071218,0.9908539455665868,0.9558508900337996,0.9850458070541814,4731,13204,3310.274525685724,10068.467227516652,147.9450619703651,1708.4141750305178,0,0,1,14,0.40552896080502876,0.2258801018411209,0.971228136061779,0.6808197137822756,0.41827316357061584,0.9869135270473008,41,26382.374942689145,0.3520714187272876,0.005826336698241206,1071.705733599256,0,19102.579941025106,0,19102.579941025106,0,1,0,46.78785302521253,0,46.49228866306212,2606.1964769008055,156,156,0.9670673756395727,2.444673436936787e-70,169.32499816463033,2.619970539142954e-67,2.8572035202275945e-68,236777.38928292124,-236777.38928292124,0.9968699516337227,180,0,1.567098357010761e-74,1.5671413284137871e-74,1,0.9999642826671121,1,1.5671413284137871e-74,1,1,0,0.31884972086602764,0,1,1,0,1.2306932715093598e-8,1,1.2306932715093598e-8,1,1,0,390599.50736782665,1989.9354427958096,390599.50736782665,1989.9354427958096,391,391,0,1,0.9962868183382617,0,0,180,0.36489749798408116,2.4446666678072276e-70,4725.714333593254,710083.6774839524,0,0,5.1731156291632964e-74,0,0
5550,9090407,1138124,4153364,806212,2992707,0.7179301927926511,0.8529685070644009,0.010333528438119887,0.9491391952465958,0.0027684128994444365,0.206439491653124,0.7907920954474316,299981,618075,11463,104.08816363634232,56.1823835092701,1.8526832991905327,1.6157744054198528,3.9637464900832353,40.05557976609673,1844.265453256882,612.7730927533407,10.105484764555564,465.2834024252025,0.009995951997878949,536664.9033882595,5364.476613215329,5364.476613215363,27972803837.807995,3.235524633247171,0,73257451857.18924,73257451857.18924,946203771.3370876,73257451857.18918,477431474.4524421,69037751718.15271,3723784942.7750225,0,18483721.809010312,0,72311248085.85222,0.9861130857152943,4.046240177480161,7,35,973059,2142896,969979,2102705,0.9968347243075703,0.9812445400990062,1.0000065312627053,4731,13176,3539.9994461750007,9450.568357303715,178.37955518254265,1801.3359813163497,0,0,2,15,0.2917962834781598,0.15983090826118596,0.9661156706813246,0.6838027316600563,0.30246762575427943,0.9868315598341861,42,10420.262428191836,0.13565029698064413,0.004437575444799485,1036.4169526334765,0,17972.935707803663,7028.479009257884,17972.935707803663,7028.479009257884,1,1,46.64773460207988,26661.437442289785,56.240071696630004,27347.985288425436,156,156,0.9827025111667576,1.6317786573853645,145.9439076131202,1691.2030634596852,163.00051737398388,127932.86329982612,-126404.66075374042,0.6999441337874409,180,0,0.00010460119598624131,0.0001046064687796225,1,0.999994824537374,1,0.0001046064687796225,1,1,0,0.24484153462858957,1,0.5436154875610034,1,0.003381938765263839,0.0005375007642381135,1,0.0005375007642381135,1,1,0,390597.67844339454,298.6786345510095,390597.67844339454,298.6786345510095,391,391,0,1,0.9905841146393545,0,0,180,0.576538689579456,349.757297698606,4336.319198390798,800647.5345658491,6170.7566369125525,0,0.08065764573521259,0,0
5580,8138525,619367,4145617,804860,2568681,0.7079857980635402,0.918316658728599,0.32527226257824676,0.9783187503804615,0.0015878798676664384,0.07177344789135623,0.9266386722409773,618075,960245,8363,184.05524858583286,56.35665349419371,3.2659009571034168,2.0814368372192047,3.5762145900434272,45.07922115747845,1796.6588955989546,644.8480574268208,12.605289761689338,502.39124369131804,0.0014059102088489484,490856.16929850675,690.099699493301,690.0996994932932,19573355363.630203,3.1866400561360764,0,74970791634.43027,74970791634.43027,1497938241.9972484,74970791634.43022,480902051.48911357,70742939043.88841,3728466817.243683,0,18483721.809010312,0,73472853392.43314,0.9948491757411728,3.730406369910803,7,35,982587,2168365,977869,2156853,0.9951983895573624,0.9946909307243015,1.00000527215756,4716,13145,3664.92,9489.44973499624,164.09431705244998,1768.8477766759668,0,0,2,17,0.17876166146548153,0.11943830026655149,0.9756999407838893,0.6785462700830273,0.2340320337647841,0.986831559834334,41,3424.0876368436707,0.04369239296937554,0.007239351964265049,1034.5462857189118,0,16856.224025786625,0,16856.224025786625,0,1,0,63.00580167338429,777.8213988709676,81.33783824215743,25355.164137915745,156,156,0.9711108281216554,5.899579507009036e-47,150.4601305159987,6.103388066279607e-44,6.290057913381256e-45,126450.31208125636,-126450.31208125636,0.9409440762731547,180,0,3.781781735262203e-51,3.781849063053986e-51,1,0.9999758895521023,1,3.781849063053986e-51,1,0.49095225044639074,0.002630325483230921,0.5823123035730742,1,0.3940034953764856,1,0.0017076533384621582,0.005402404385276818,1,0.005402404385276818,1,1,0.0008809770184007048,390599.9065635812,344.1095410719777,390255.7970225092,0,391,391,0,1,0.9758021330469402,0,0,180,0.5678744851012951,5.899578754434797e-47,4065.384825777678,932594.1056339606,0,0,1.4511735068785895e-50,0,0
5610,6871507,717523,3326072,768209,2059703,0.6993558949400225,0.9569889753151182,0.6451440521343362,0.9906611328495889,0.00038041145850539043,0.02945321892271957,0.970166369618775,960245,1272760,5742,286.4463418366161,58.425677615398435,4.9027474481720255,1.8403384227185484,3.443073040417525,47.45548222840345,2021.0168936496018,812.819588896366,13.782885716141749,586.9805461357633,0.008066997282124566,425307.3894674874,3430.953554901761,3430.9535549016996,12992685164.386553,3.1555945443043294,0,74989630873.95876,74989630873.95876,1968318043.0547285,74989630873.95871,866674421.8600504,67046470231.782455,7058002498.507204,0,18483721.809010312,0,73021312830.90388,0.966810861027384,3.489454344324357,7,35,949038,2092921,935801,2005198,0.9860521917984316,0.9580858522610266,0.9898825796222498,4702,13070,3462.5830454286333,8734.315951031256,184.26148932832194,1849.491051251573,0,0,2,17,0.056088664418954146,0.07961078751047156,0.9194011375644804,0.685725902990665,0.1512963766038956,0.9869030367956589,41,503.13587377348523,0.006843060793607685,0.0041942059044962,1068.4493749861279,0,14853.936490350741,0,14853.936490350741,0,1,0,75.57516795932862,11581.417500916301,80.70602397552328,0,156,156,0.948010135096093,1999.1942158802137,170.72497312087097,2136037.8104330963,238651.30557978337,223184.00427621175,1674202.500577101,0.999957036969136,180,0,0.12815347537693678,0.1282051246948475,1,0.9998594741998762,1,0.1282051246948475,1,0.6763041296947532,0.0016469148181864665,0.8419763540705649,0,0.9776906255730352,1,0.000020884247893146377,0.000020858599448556137,0.97515398850482,0.000020858599448556137,1,1,0,390599.5082311762,100,390599.5082311762,100,391,391,0,1,0.7687257803464043,0,0,180,0.4152281630846393,390,3450.110633746643,948792.7635971223,1396.681533289412,0,0.11303985332681347,0,0
5640,5115651,233754,2867692,485363,1528842,0.6494406157643886,0.9787059265596344,0.8687882738088142,0.9960688404463671,0.00006607174727126616,0.00569898141996004,0.9942349468327687,1272231,1754630,0,554.9152303471252,58.92047997309146,9.418036489189342,1.4598742946113252,3.0010468439156286,33.83626130399821,1823.2066466260328,769.8948459785704,11.274819442621629,607.5235547630427,0.0034741363142863912,331037.8999982004,1150.0707897888674,1150.070789788859,7452339808.014854,2.9337296948043576,0,104824872200.23012,104824872200.23012,2838752653.040351,104824872200.23007,872608079.0799968,96870224788.09741,7063555611.243643,0,18483721.809010312,0,101986119547.18948,0.848602810909654,2.942998752056044,7,35,908567,1952642,776712,1651318,0.854875864960977,0.845683950258163,0.8194699947975608,4702,13002,3206.1046849441295,7827.2446774091295,275.08846182141485,1861.576171353409,0,0,2,18,0.010485726734749679,0.058052951361468895,0.8778341599586851,0.675388727870989,0.11027185919672278,0.9872185281409728,40,0,0,0.002093828641615758,1042.5414448834313,0,13825.633518327206,0,13825.633518327206,0,1,0,76.60566268629627,0,75.8803295944641,0,156,156,0.8781053318102899,1.023569729170516e-98,144.1178442379036,1.0671138643883722e-95,1.0020613133054378e-96,161043.64775502952,-161043.64775502952,0.9999991841715621,180,0,6.561344417759718e-103,6.572452715524726e-103,0.8847932896981423,0.9981888512164685,1,6.572452715524726e-103,1,0,0,0,0,1,0,0,4.947241365978488e-19,0.9288272312182152,4.947241365978488e-19,1,1,0,390600,0,390600,0,391,391,0,1,0.586267647295141,0,0,180,0.9999868099954217,1.0235697231551502e-98,3067.882695239276,906384.9266373565,0,0,3.3364043701655223e-102,0,0
5670,3200340,122126,1786291,325655,966268,0.6769605384986614,0.9891934452489358,0.9515158116700547,0.9982923751438808,0.0000031246680040245723,0.001330483636113663,0.9986663916958823,1751846,1904407,0,1171.6991488651136,48.95156612479203,23.935886869852247,2.215985402302045,2.6637316482207605,25.46386669008479,1408.4652304422295,586.3502217511784,9.559471468191392,528.7564276165033,0.00025125003233428256,218699.26503279697,54.94819741096176,54.94819741096153,4634541294.141444,2.3720041462316352,0,105156940395.41887,105156940395.41887,3749835654.079134,105156940395.41882,882153786.6633618,97190144809.7028,7066158077.243643,0,18483721.809010312,0,101407104741.33975,0.5609964785910321,2.4525284791932287,7,35,890854,1879060,491203,1062709,0.5513844019334256,0.5655535214415719,0.47360649752619927,4688,12938,3241.7000000000003,7408.4,325.49524352943877,1851.2904001074385,0,0,3,19,0.0021860484707744324,0.04448265841636834,0.5722157137616823,0.6750021927835042,0.08490126656956368,0.9884700061554338,33,0,0,0.0015155403631434542,848.3121481596862,0,13383.965707144085,0,13383.965707144085,0,1,0,64.65425026382542,0,68.02137972495703,0,156,156,0.8062182386599034,2.5515372448326144e-172,109.8927840332254,2.1645000412734025e-169,1.886738613069855e-170,81348.21155616161,-81348.21155616161,0.9999999999816116,180,0,1.6356007979696246e-176,1.647260650073593e-176,0.6022895863342208,0.9927232291814451,1,1.647260650073593e-176,1,0,0,0,0,0,0,0,3.019436254895309e-31,0.6586456805274444,3.019436254895309e-31,1,1,0,398160,0,398160,0,391,391,0,1,0.30838892024469944,0,0,180,0.9999999997027058,2.5515372416141055e-172,2958.4075854851535,930150.2083810223,0,0,8.624698145491252e-176,0,0
5700,535016,37249,153798,230146,113823,1.80044177610745,0.9874565747138129,0.9751622117282288,0.998562543070352,0,0.0002990564768156466,0.9997009435231844,717537,587516,0,8374.335649776922,42.66589013529905,196.2770640251691,1.375199359038511,2.282199649226877,20.843956671284847,1089.1684977883485,374.14718854083793,9.133274855399259,477.24505529449084,0,37294.60292913734,0,0,3451278047.5107193,1.979301162687468,0,99367653442.12434,99367653442.12434,4480403562.001613,99367653442.12431,875591979.6648477,91397259089.40681,7076318651.243643,0,18483721.809010312,0,94887249880.12321,0.04730099269395883,2.0600297355356707,7,35,953503,1922610,38218,97825,0.0400816777713337,0.05088135399274944,0.033359676261297745,4674,12829,3149.0598632191386,7008.700000000001,393.89763020396276,1663.3016470242746,0,0,3,20,1.0867872519246106e-20,0.030905097549199585,0.0024844228944971326,0.6750000109664807,0.05770409547409301,0.989942229401228,31,0,0,0.0013992811432139052,668.4765684058526,0,12590.50187020299,0,12590.50187020299,0,1,0,53.34401066475087,0,59.866719611587435,0,156,156,0.7259847826925688,3.198741022532894e-230,85.52969085663786,2.1382834219618174e-227,1.8148688392303964e-228,4115.817042184402,-4115.817042184402,0.9999999999999996,180,0,2.050475014444163e-234,2.0922250947175416e-234,0.004027723354691408,0.9794257484459308,1,2.0922250947175416e-234,1,0,0,0,0,1,0,0,1.4302998757842401e-39,0.02181627057760484,1.4302998757842401e-39,1,1,0,398160,0,398160,0,391,391,0,1,0,0,0,180,0.9999999999999931,3.19874102166685e-230,2821.5999620053167,948273.5668253095,0,0,1.1336621295506037e-233,0,0
5730,222390,5529,15106,140650,61105,9.777320087230434,0.992980485024203,0.9904627032165022,0.9982988725814287,0,0,1,115691,95793,0,30550.839023197044,39.72442791671903,769.0693264921495,1.2257024562177254,1.9691871771498264,17.78269214867909,859.2428591247934,377.525633794159,9.030473260758027,436.3439235717802,0,14107.111490573036,0,0,2996360368.43214,1.7602327520805414,0,158350144319.0137,158350144319.0137,6794201090.369325,158350144319.01364,732624411.4026915,149502296501.00046,8109050468.165154,0,6172938.445359867,0,151555943228.6448,0.005091822919632671,1.7105744826951772,7,35,906285,1815530,3454,10405,0.003811163155078149,0.0057311088222172036,0.003681933494410527,4661,12749,3052.9598632191387,7000.772536660409,456.95640970008174,1651.410500188571,0,0,3,19,0,0.02115590050644299,0,0.6750000109664807,0.03787523037126374,0.9913131545417923,24,0,0,0.0013796384935070166,529.2491786925544,0,12394.7629163844,0,12394.7629163844,0,1,0,43.7129038063032,0,52.72942526637301,0,156,156,0.6426514493592358,0,68.77816078797635,0,0,0,0,0.9999999999999996,180,0,0,1.385853589074469e-261,0,0.954367309552646,1,1.385853589074469e-261,1,0,0,0,0,1,0,0,9.685899060965245e-43,0,9.685899060965245e-43,1,1,0,398160,0,398160,0,391,391,0,1,0,0,0,180,0.9999999999999996,0,2792.703444410985,969515.814754988,0,0,0,0,0
5760,57975,1861,4672,18024,33418,7.874177253941528,0.995349495152917,0.9971188853009647,0.9985862541556568,0,0,1,39328,46636,0,136124.42729736105,35.13696538856688,3874.1088136670505,1.159942624000331,1.737526725881169,15.442330088647699,698.5918046549127,331.8899362775138,8.887535287157254,402.06104127729543,0,2674.428199955936,0,0,2621147449.621746,1.5264896186257628,0,159457265545.8906,159457265545.8906,7891813672.564993,159457265545.89053,693551923.5074168,150444172669.4852,8319540952.897935,0,0,0,151565451873.3259,0.001766172641578388,1.447923068256649,7,35,799841,1703878,957,3465,0.0011964878019506376,0.002033596302082661,0.0012981062919975566,4648,12624,2956.8598632191392,6988.199999999998,515.2722528591146,1624.4992057766658,0,0,3,20,0,0.01541153918467895,0,0.6750000109664807,0.027361870242645588,0.9922979593255317,20,0,0,0.001421484034533833,429.10103629947076,0,11013.030991542404,0,11013.030991542404,0,1,0,35.94526670545913,0,45.93940641342855,0,156,156,0.5593181160259028,0,57.62586930112239,0,0,0,0,0.9999999999999996,180,0,0,1.385853589074469e-261,0,0.9144193477159962,1,1.385853589074469e-261,1,0,0,0,0,0,0,0,9.685899060965245e-43,0,9.685899060965245e-43,1,1,0,398160,0,398160,0,391,391,0,1,0,0,0,180,0.9999999999999996,0,2762.516628671983,969655.5711485785,0,0,0,0,0