tick,totalPopulation,employable,employed,unableToWork,inEducation,dependencyRatio,avgGroceryStarvation,avgHealthcareStarvation,maxGroceryStarvation,starvationMildFraction,starvationSevereFraction,starvationFatalFraction,deathsLastMonth,deathsThisMonth,birthsThisMonth,meanWealth,foodPrice,wealthToFoodPrice,waterPrice,priceLevelRaw,priceLevelRefined,priceLevelManufactured,priceLevelServices,refinedToRawPriceRatio,manufacturedToRawPriceRatio,groceryFillRate,groceryTotalDemand,groceryTotalSupply,groceryTotalVolume,gdpAnnual,costOfLiving,bankEquity,bankDeposits,bankLoans,householdDeposits,totalLoans,loansWageCoverage,loansBufferCoverage,loansRollover,loansStarter,loansOther,agentsInDistress,totalAgentDeposits,workerUtilization,avgWage,existentialAgentCount,nonExistentialAgentCount,existentialSlotCapacity,nonExistentialSlotCapacity,existentialUsedWorkers,nonExistentialUsedWorkers,existentialFillRatio,nonExistentialFillRatio,foodChainFillRatio,existentialMaxScale,nonExistentialMaxScale,existentialOperatingScale,nonExistentialOperatingScale,existentialContractionIntegral,nonExistentialContractionIntegral,existentialNegativeProfitFacilities,nonExistentialNegativeProfitFacilities,existentialAtLowerBoundFacilities,nonExistentialAtLowerBoundFacilities,productionEfficiency,avgFacilityCondition,avgWorkerEfficiency,avgResourceEfficiency,avgConditionEfficiency,avgMaxMaintenance,facilitiesBelowFullMaintenance,avgHrBuffer,hrCoverageRatio,avgStorageStarvation,maintenanceServicePrice,maintenanceServiceVolume,maintenanceServiceDemand,adminServicePrice,adminServiceVolume,logisticsServicePrice,logisticsServiceVolume,maintFacilityScale,maintFacilityMaxScale,maintFacilityCondition,maintFacilityOutput,maintFacilityCostFloor,maintAggregateConsumption,maintSteadyStateDemand,maintCatchupBacklog,maintAggregateBuffer,maintFillRate,maintRepairSurgeRatio,priceCeilHits,priceFloorHits
30,9800306,1067158,3561527,1238895,3932726,1.1172981095062637,0,0.6383169682229805,0,0,0,0,0,18453,16917,9.158820011118092,5.64388529656023,1.622786348386652,2.769729936468574,2.4786580464940005,9.176536437495884,44.762001921827476,4.814864897892865,3.7022196145514563,18.058966215667468,1,373.69958580860305,3022345.6755368356,373.69958580860305,1619407222.9865067,0.24650208215587696,0,9186267172.526747,9186267172.526747,89759238.70788097,9186267172.526747,421005600,8744568914.526747,0,0,20692658,0,9096507933.818865,1.0000003512011606,1,21,101,638128,2209243,638128,2209244,1,1.0000004526437336,1,6359,22625,5774.053852002023,21887.756518503993,38.928931345515224,72.86191107022817,9,9,0,0,1,1,1,1,1,1,0,289688.1944687499,12.208655327175371,0.20637597613155284,4.546239312305095,21561.954918214527,21562.43316332456,0.954847176982185,67321.83241942961,2.5414289577997122,311730.44050330366,410.1052345183906,534,1,41544.52345183906,3.9818922331565,15399.775781418837,15367.672428058891,0,181781.2564043827,0.9999778204478869,1.0020890185882236,0,0
60,9800626,1057179,3566024,1230563,3946860,1.119877928786601,0,0.6613088354261412,0,0,0,0,18453,16616,16936,19.23673130595434,4.571991404706696,4.20751694461867,3.5838106384234907,3.279977850187477,13.201215739955353,63.499685412757934,7.776307947234177,4.024788075688011,19.359790923322368,1,575.2108499370497,2575100.989005027,575.2108499370497,4635367236.765928,0.33821311261742376,0,9736958311.845583,9736958311.845583,188532008.9921487,9736958311.845581,421005600,9295260053.845581,0,0,20692658,0,9548426302.853424,1,1,21,101,508545,1987743,508545,1987743,1,1,1,6359,22625,4800.76328138911,20440.364138905366,122.35801222577619,190.60015885685917,6,6,0,0,1,1,1,1,1,1,0,282731.67985907075,13.591300996955674,0.062059849464590595,6.7215382108822395,35330.20278076609,35330.202780766085,1.0341470898656415,35073.515621830906,3.1517966625345393,45744.51184423115,250.13359550970426,534,1,25547.359550970432,5.482306267372103,14074.917476710365,14022.848566830255,0,112475.32791722301,1.0000000000000002,1.0037131478409653,0,0
90,9801042,1054098,3563634,1222354,3960956,1.122479606871945,0,0.7602150924271863,0,0,0,0,16616,16510,16926,27.667407449674492,4.4004872121793275,6.287350949026459,3.2250599847456924,3.700551416145349,16.26772242130629,76.54379704141981,9.241259995567116,4.39602658953228,20.68443008451726,1,775.9778101142708,1222123.01831902,775.9778101142708,6971386511.13015,0.3838426838597231,0,9738399146.089718,9738399146.089718,271169422.4453714,9738399146.089718,421005600,9296700888.089716,0,0,20692658,0,9467229723.64434,1,1,21,101,379711,1800037,379711,1800037,1,1,1,6305,22608,3695.4552094583123,18375.694153348424,159.19467854698834,331.06395475164567,6,6,0,0,0.9999997094619105,0.9982755925117119,1,1,0.9999995762841508,1,0,233767.00693112257,12.869396293394791,0.023781538420611512,9.440618377156817,15624.81160001024,30730.944211090737,1.1906877497800663,23893.17758565411,3.610260895583394,230070.12132079,195.05631584074428,534,1,18451.893272424066,6.241266071247191,13711.283165585719,12261.748284467765,2434.9357072253806,26259.408995527065,0.5084390343714619,1.1182160037450868,0,0
120,9801648,866693,3745696,1214220,3975039,1.125069676473515,0,0.7796716207544367,0,0,0,0,16510,16306,16912,34.59492497818321,3.8089804341062177,9.08246329343536,1.5325396865491205,3.448135970200765,16.360416121968736,90.97456320571524,10.102160957501315,4.744713161939541,26.383693680275123,1,981.1790921577799,565687.3209463765,981.1790921577799,7885516500.597787,0.42734325350279084,0,9738399146.089718,9738399146.089718,339087277.222559,9738399146.089718,421005600,9296700888.089716,0,0,20692658,0,9399311868.867151,1.0000014642603339,1.002474378051153,21,101,344679,1704137,344679,1704140,1,1.000001760421844,1,6272,22590,2947.2720242906435,16160.872643217706,161.47071480797533,659.7565415126548,6,6,9,3,0.9999999861968848,0.9984295948266785,1,1,0.9999999368285442,1,0,287224.71316425997,16.822845541607727,0.005864987332180552,9.184884390477384,13683.587357761431,24648.402662673263,1.2769354297732343,50156.13395735922,4.1919013531590705,313106.72738079826,132.54288397706057,534,1,13653.040902118142,6.597860955835668,10588.669456401787,10615.635854789172,935.5812858765961,39442.76303857404,0.5551510799717423,0.9974597472298167,0,0
150,9802426,812192,3794984,1206192,3989058,1.1276430507538675,0,0.8095204760734802,0,0,0,0,16306,16124,16902,37.443853142829084,3.2136671545426596,11.651440968272198,1.315597384183303,2.358388556121722,12.316736374269665,100.07381466114002,9.926090208048178,5.222522108283996,42.433132742853665,1,1190.913918268418,524247.0672267819,1190.913918268418,7021222401.18772,0.4794967847729049,0,9738399146.089718,9738399146.089718,367040599.58744115,9738399146.089718,421005600,9296700888.089716,0,0,20692658,0,9371358546.502268,1.0000012463023766,1.0515061009864932,21,101,326899,1277848,326899,1277850,1,1.0000015651313772,1,6220,22557,2598.2720242906435,11895.270928344993,222.0627970646675,958.1781947259876,6,6,9,18,1,1,1,1,1,1,0,274144.1069296619,20.499961571285866,0.00125885363152022,7.705740767621836,13127.776147736024,13595.294722312554,1.2904069834953313,34658.65814654063,4.020146554225363,99651.51827402567,128.67265643857547,534,1,13401.265643857549,5.320059478398097,8148.533955175849,8051.968307019801,0,51362.4665916206,0.9656117366981946,1.0119928003283198,0,0
180,9803367,2356564,2245507,1198229,4003067,1.130207682584645,0,0.8257827995470841,0,0,0,0,16124,15953,16894,44.869626789189006,3.064546366661862,14.641523220960245,1.2949006704876813,1.6033266804988981,8.983832641435255,113.3780484940296,10.12487872226117,5.60324527166217,70.71425297977976,1,1408.8386884991664,520361.90951795975,1408.8386884991664,5138400731.054925,0.5615300827353805,0,9738399146.089718,9738399146.089718,439873418.56743276,9738399146.089718,421005600,9296700888.089716,0,0,20692658,0,9298525727.522268,1.0000026211335005,1.1671309568817332,21,101,317973,826570,317974,826572,1.0000031449211098,1.0000024196377801,1,6220,22520,2367.9999999999995,7678.820913010711,368.86378460811244,1526.7446012802309,6,6,15,42,1,1,1,1,1,1,0,277185.30980177555,29.061511880005757,0.00030153402756770783,7.248751934613435,8715.11451353834,8884.46140423519,1.3054825194230195,19280.43924019428,3.9620209358321934,193882.33491581347,137.63384990449904,534,1,14297.384990449906,4.499773730863697,5649.611399654991,5581.567173894843,0,58113.107026514655,0.980938980654908,1.0121908818151277,0,0
210,9804391,2684849,1912064,1190407,4017071,1.1328206559488945,0,0.5469583563873798,0,0,0,0,15953,15859,16883,30.121638299112426,2.9811538679723424,10.10401999800162,1.3022551120603736,1.390573486436279,6.624653522616671,100.71840813402873,10.444714581793537,4.763972265568027,72.42940349175427,1,1630.4733508451488,506116.869496977,1630.4733508451488,6033705313.995765,0.6391047903726489,0,9738399146.089718,9738399146.089718,295324319.44507784,9738399146.089718,421005600,9296700888.089716,0,0,20692658,0,9443074826.64465,1,1.2186171924756695,21,101,308603,591828,308603,591828,1,1,1,6117,22362,2357.7,5001.228941990148,152.39148516894485,1294.411152480422,6,6,15,54,0.9999999972141429,0.9997610919011278,1,1,0.9999999928538663,0.9999696132596686,0,267167.3640801103,35.605264245248364,0.00006472089096386837,6.532463107582457,7938.716471060169,9966.175907770063,1.3544677634768643,15008.011893574136,3.1582227791472195,132014.74508311483,119.75813591302713,534,1,11553.806534779007,4.144299313038943,4263.756492052317,4088.293849606563,48.6536223370784,22502.288447912753,0.7965659591529788,1.0429183050192539,0,0
240,9805238,2880447,1711051,1182692,4031048,1.1355204771950245,0,0.26888219192830465,0,0,0,0,15859,16024,16871,23.471524504268007,2.94396867954847,7.97274939347111,1.3145028990840317,1.3922181567510796,7.017315795014377,103.8170371039525,10.39267310793614,5.040385201835169,74.56951814665521,1,1834.2445640470635,502812.2819888656,1834.2445640470635,6910720452.389414,0.6355603874421006,0,9738399146.089718,9738399146.089718,230143883.9872171,9738399146.089718,421005600,9296700888.089716,0,0,20692658,0,9508255262.102535,1,1.2745466317781213,21,101,304347,771566,304347,771566,1,1,1,6106,22298,2356.6,5687.593537906754,201.6571639340855,1455.5622969466115,5,12,15,66,0.999999322572584,0.9960751741081845,1,1,0.9999988960429946,0.9997262486547949,0,264188.6168251907,29.4657969733825,0.0010467267843187874,5.960090826412542,4553.972244596979,10804.49444192459,1.4318844696330182,25575.200755368915,3.310251300289761,122698.8700813952,74.0127811343944,534,1,6772.259242264557,4.07348670352918,5674.694750586958,4468.995601424667,681.5094014119844,11300.609405986415,0.4214886933465613,1.2697919749077236,0,0
270,9806246,2475570,2110631,1175056,4044989,1.1382067641605764,0,0.148036558574797,0,0,0,0,16024,15850,16858,28.677907044378276,3.0849141621563705,9.296176663901816,1.342367983325656,1.4557024469514739,7.6900054980705095,126.61935872852632,12.426659827380579,5.282676768301714,86.98162113671792,1,1951.8460496638947,489632.2356653568,1951.8460496638947,7854443510.002378,0.672942983474698,0,9738399146.089718,9738399146.089718,281222611.24236184,9738399146.089718,421005600,9296700888.089716,0,0,20692658,0,9457176534.847418,0.9994400310245141,1.3186766685077758,21,101,303775,1398105,303775,1397152,1,0.9993183630700126,1,6057,22258,2351.7,10269.90426699467,243.79007058460326,1287.9563886274975,2,6,15,66,0.8939109381184388,0.9970779829217453,0.9995875222932541,0.894323699390117,0.9999990831329844,1,0,238033.8443036485,16.793231759174745,0.0038510113722780804,6.779226892217504,10352.29602208001,20112.01603940743,1.8536194087761604,49294.227480373396,3.888079419498899,224842.11889402894,148.5452540184417,534,1,13245.18243614056,4.3840434634314756,6428.557427799646,6201.108802312309,3505.2325782103953,16605.99321922271,0.5147318897218335,1.0366787025898536,0,0
300,9807347,2327828,2253031,1167524,4058964,1.1409405965125754,0,0.06414556237736656,0,0,0,0,15850,15750,16851,12.276584031211703,3.296810624167787,3.723775924894284,1.4250811036709705,1.5621186465108516,8.429832525614765,167.9652867566356,15.275876136201653,5.396409897829233,107.52402650835958,1,2093.9606089094027,487064.3723632042,2093.9606089094027,10298100647.983116,0.7562950465331783,0,9738399146.089718,9738399146.089718,120400719.56881505,9738399146.089718,421005600,9296700888.089716,0,0,20692658,0,9617998426.520966,1,1.3703190467493953,21,101,308631,1544480,308631,1544480,1,1,1,6057,22126,2351.7,12025.797262972783,370.2227742624257,970.6713645209827,1,6,15,48,0.9919049263297157,0.9982651903252333,1,0.9919049302359103,0.999999865155461,0.9999723837733743,0,281257.48467222194,18.21310119073635,0.0016156633459649156,6.966421601615103,6567.513627108326,19041.285232375172,1.9524837848305698,21068.764246837636,4.684652582932903,289913.4656098964,81.66610833621462,534,1,7845.637729672932,5.073600915171344,5857.631842329129,7765.153858925755,2498.3980192596787,18553.515695848055,0.34490915644401104,0.7543484583497336,0,0
330,9808683,1674267,2901466,1160079,4072871,1.1436309767200141,0,0.02331648926321478,0,0,0,0,15750,15504,16840,4.327284893014377,4.035660042819199,1.0722619960801894,1.5359003279418184,1.880386925310525,11.504487616084562,225.4267420594849,18.54390151361606,6.118149121987074,119.88316820606386,0.5554919436002262,787406.1940913737,669328.8607521508,437397.79715867416,13574248280.893894,0.7984195683425789,0,27619904216.636375,27619904216.636375,42444965.76633043,27619904216.636375,421005600,27178205958.636375,0,0,20692658,0,27577459250.870106,1.0000004173276094,1.4163198421776866,21,101,632575,1763624,632576,1763624,1.0000015808402165,1,1.000002696464396,6026,22090,4045.632389921218,15257.07716294813,197.1561971191668,858.001037172572,0,3,6,45,0.9999999160538108,0.99841200792557,1,1,0.9999998167584032,1,0,224340.70526900623,11.234823734363053,0.0035364246814517026,8.690387972363476,11281.335636649204,26617.44650793871,2.632026987826292,48475.960966792234,5.470445515379396,234398.5015461526,145.71414471618374,534,1,14944.505083975184,6.855193890155507,10288.050670012279,10723.727291302293,2746.638859159483,54951.782480875816,0.4238323775079072,0.95937265006325,0,0
360,9810058,2105453,3020234,1152762,3531609,0.9139011024278306,0,0.0084750868209233,0,0,0,0,15266,15172,16547,13.54810639486516,4.857810868474521,2.788932455725601,2.3679852070499954,2.738140897191412,17.46043277420254,287.71236841502076,26.5398798416524,6.3767473734139095,105.0758084473065,1,383156.57603714574,1620312.8153103308,383156.57603714574,20093593889.468464,0.9177437174920617,0,27619904216.636375,27619904216.636375,132907709.52386321,27619904216.636375,421005600,27178205958.636375,0,0,20692658,0,27486996507.11258,0.9575561462239692,1.4555704928017168,21,101,541371,1784431,535891,1691195,0.9898775516235632,0.9477502912693178,0.9877209572997745,6026,22041,4181.079053189696,16076.09852979732,125.5834173215121,449.09497361866295,3,3,0,33,0.9427785804921758,0.9994836329629069,0.9445787021955091,0.9979396742360476,0.9999996795868799,1,0,263871.2899436565,14.21793087165865,0.0017063022608887952,16.346883887225513,19284.776201772176,25472.7027498762,3.101427128102655,31845.67864780405,7.98455606541671,246818.8327090244,278.73234730389396,534,1,27575.354710612184,12.096716862218063,12933.566528832578,10880.55307863676,190.30371111386884,72129.61775997574,0.7570761686003619,1.1886864974012004,0,0
390,9811195,1989833,3130182,1144961,3546219,0.9162434094431364,0,0.004290384789855911,0,0,0,0,15421,15930,17067,23.829697884517593,7.152881406687776,3.3314823117628354,3.621097414524018,4.140362918559774,29.237634335887876,384.3361499566765,37.702209747763106,7.061611484545464,92.8266815051005,0.7699567712939219,454024.86480244447,369620.95593621983,349579.51899044955,29690208908.22188,1.0703564039766966,0,29916195399.47274,29916195399.47274,233797812.73615402,29916195399.472736,191996226.4788579,28929088414.11664,795110758.8772405,0,0,0,29682397586.736656,0.9491714910281054,1.5076830248231974,21,101,486346,1735537,475107,1633841,0.9768909377274615,0.9414037269156463,0.9540915066092164,6026,22041,4526.694909476409,16310.334035152648,84.94171422739892,653.6889560081594,3,3,0,27,0.9240803373683935,0.9889031098223904,0.938579197487836,0.9837589985502189,0.9999954682164999,0.9960544918118085,0,272107.8962132545,15.483050101562739,0.007184849315080081,26.116991558913757,10154.316291343477,30157.414040499454,4.3263812917676665,35263.9721787642,7.289687939714311,161242.05426896835,149.37266498984118,534,0.9945302202312785,14967.94456319599,21.94076341936235,11544.438681051268,10991.660012795193,5889.345831209816,36321.38628559659,0.3367104446590443,1.050290735668006,0,0
420,9812486,1876293,3238220,1137198,3560775,0.9185572507098916,0,0.24118845206374065,0,0,0,0,15930,15759,17050,41.75056025954949,12.183944595883988,3.426686647414153,5.266947266737778,6.9172041729393206,54.587552995287986,499.8274265590462,50.73924431385669,7.8915630694897,72.25859090792964,1,561255.0791044955,1393581.426014319,561255.0791044955,42264502336.08587,1.3924889527465292,0,33681434676.13326,33681434676.13326,409676788.03906125,33681434676.13325,209338919.06773546,32652649003.258965,819446753.8065509,0,0,0,33271757888.094242,0.9744925403464126,1.6033283518179058,21,101,598422,1660329,583525,1617611,0.9751061959620468,0.9742713642898486,0.9581149617056259,6026,22041,5543.862656879744,16742.90364342177,71.10362404269259,627.1430120322614,3,3,0,18,0.8995126541970744,0.9988440475770893,0.9424683781785997,0.9570443383049675,0.999999837498132,0.9995815095296761,0,257772.86177521944,14.053081414790514,0.0017384535728205113,52.24016168912438,18434.869851345764,26470.059986138935,4.302426345539447,28354.193497696946,7.704997471714607,239554.90782787531,257.3683441106009,534,1,22686.498197942743,41.78262164181008,14423.569258653184,11819.806189555722,1344.0228192518298,62485.61301320628,0.6964423148643862,1.2202881356378088,0,0
450,9813734,1984560,3124414,1129453,3575307,0.9208815703505244,0,0.406248527879275,0,0,0,0,15759,15795,17043,53.55687270373608,19.431168641004227,2.7562352884282415,6.442224688011762,10.248027959586672,92.56522456980484,636.1598671215717,61.89002896984521,9.032491415405762,62.07632040332856,0.6355216697281733,434855.2658817063,459094.0588002099,276359.94466323074,49500819322.279816,1.8660234041271475,0,34191297835.875656,34191297835.875656,525592902.5864126,34191297835.875652,209762341.20035505,33162088740.868748,819446753.8065509,0,0,0,33665704933.28932,0.9848581663730032,1.7740709551251597,21,101,528773,1613702,519706,1590328,0.9828527553411388,0.9855152934060936,0.9654445672472274,6026,22041,5097.492046129395,16978.320862922326,84.64113148969429,512.3620148480591,3,6,0,6,0.8465764905171848,0.9912261553908781,0.9512052063028104,0.8904914330641085,0.9999946525485564,0.9997171980284437,0,276899.9546049469,15.747610963896141,0.0035067600430814905,102.70432930490405,14287.073328864917,35416.01554029955,4.961552027944785,50835.67298982454,7.2622291339016,200490.76709753805,209.00072970630092,534,1,10244.531453714302,88.36353499550118,9289.329020047826,11537.990765233926,11603.523863600178,40864.129451595465,0.4034071340579742,0.8051080304240034,0,0
480,9815199,2192931,2910574,1121896,3589798,0.9232270762936452,0,0.48693369960724575,0,0,0,0,15795,15566,17031,65.31421503002296,20.554190605449886,3.177659304799143,6.143740717902142,13.823338574886758,107.81547662700201,746.3812878367025,78.67949545932294,7.799525132291368,53.994285374205774,0.999999999999999,281456.42427909997,389744.570805898,281456.4242790997,53888314817.12583,2.2261240892125844,0,57873864980.24218,57873864980.24218,641072018.048578,57873864980.24218,210031942.6145463,56844386283.82108,819446753.8065509,0,0,0,57232792962.1937,0.9924377348852316,1.9759926745351573,21,101,542678,1634183,540660,1619739,0.9962814044424133,0.9911613326047327,0.9926842177768432,6026,22033,5152.6280903033185,17469.406279529183,72.46313981107217,373.5282299823849,3,3,0,9,0.7763356085333173,1,0.9665139687338656,0.8077593480358306,1,0.9999171598771026,0,242450.7806419339,13.467000159244689,0.005502657842788692,150.92088260292235,13125.904557382431,16056.981076711974,5.601790506582025,29893.650280818656,8.285829625890036,191303.41314570195,409.2010313615055,534,1,11574.525006809326,98.24980423672964,11408.275914843018,11372.609175655165,0,81338.17359963372,0.8174578082065134,1.0031361966842405,0,0
510,9816813,2306567,2791540,1114430,3604276,0.9255800241148332,0,0.533941398068326,0,0,0,0,15566,15407,17021,94.38210619000292,30.753760586509753,3.068961466501237,4.911654395240543,22.957625987248996,96.25778774371194,840.3149160527756,80.9805165001334,4.192845889081691,36.6028663642965,0.9999726222161672,347587.8761366396,728470.4691342871,347578.35995090386,54991073049.8974,2.9511478298909077,0,57874721866.52464,57874721866.52464,926531487.0134494,57874721866.52464,210888828.8970084,56844386283.82108,819446753.8065509,0,0,0,56948190379.51121,0.9942105547400101,2.1661909814347053,21,101,557829,1478981,557829,1467189,1,0.9920269428748577,1,6026,22033,5388.9175032269995,16238.882448243236,56.02316950422044,369.0949576135569,3,3,0,3,0.9294510569293493,0.9991139989924454,0.9715778244041182,0.9563524487103443,0.9999999748095904,0.9999288201396114,0,278641.43034016056,16.511937988116287,0.003126227268183451,123.87866002297389,11054.08830964124,22142.21967777093,5.150997840301776,31539.121573804874,8.15545609985719,147525.76632971776,249.0010313615054,534,1,25434.10313615054,91.69665853864348,11400.75972261245,11761.732037196614,555.0213537748882,97949.3933874463,0.4992312636451118,0.9693095954369149,0,0
540,9818448,2365590,2727043,1107065,3618750,0.9279708551548874,0,0.5934468019839175,0,0,0,0,15407,15380,17015,72.87091508199534,42.74245097185467,1.7048838666266435,2.7207380262668126,21.76477855940099,78.56437838875486,851.8047287091042,89.83337743050667,3.6097026291508065,39.13684333540711,0.7717675852931903,320834.8207612461,247609.91489688325,247609.91489688042,58043455789.12576,3.8596021552228654,0,64739650391.7366,64739650391.7366,715479290.4451224,64739650391.7366,210888828.8970084,63709314809.03304,819446753.8065509,0,0,0,64024171101.291595,0.9953131825380412,2.3638258572273214,21,101,514538,1337465,514538,1328785,1,0.9935101105449489,1,6026,22033,4941.554283385543,15203.854616470466,90.79093637851152,419.62501395472486,3,5,0,0,0.9273834216982646,0.9973889454874697,0.9835707378790951,0.942968372632481,0.9999997219968194,1,0,261235.0544452966,17.006355659553748,0.008118791385627053,122.71629516336817,11028.505462181232,26300.57219498321,5.434987441976529,56453.98495287912,8.038799202453026,103024.94585086635,154.70871531723432,534,1,14486.564564524253,82.27979587021498,11268.625280056493,10832.327788202347,2238.6275140071884,24551.594977561486,0.41932568540409554,1.0402773531585081,0,0
570,9820329,2517550,2569792,1099880,3633107,0.9303457483298744,0,0.3656978268964558,0,0,0,0,15380,15122,17003,1.6033024777042695,33.89256219979353,0.04730543734796293,1.4616824628513005,17.676032788475577,58.94340281469531,624.7331339503384,66.50222824293472,3.3346511358094584,35.3435152234868,0.4753371391716623,315267.79866701836,1400278.845036427,149858.49349132812,47602201137.23359,3.2357824932202286,0,64758254506.89129,64758254506.89129,15744957.817693694,64758254506.89129,210888828.8970084,63727918924.18773,819446753.8065509,0,0,0,64742509549.07368,0.9964252278813204,2.634472203076052,21,101,467274,1215071,467274,1209057,1,0.9950504949916507,1,6026,22012,4300.196144141493,13885.935162433083,151.4033496372655,541.6757674419126,3,6,0,6,0.9595020570733177,0.9922427886390383,0.9873995139576368,0.9721032104280115,0.9999992900807361,0.994857097440247,0,279137.9002246966,19.982060838201757,0.0071566162265366134,81.92743993731646,15028.111194291592,15657.889993148505,3.9711433045866706,26987.801895580218,8.84522039249061,86156.14377794848,137.9542424282775,534,0.9916944516510222,14329.414821879638,38.675205922801204,10019.692880897514,9970.081315406007,0,53946.50288256231,0.9597788208288289,1.0049760442189017,0,0
600,9822190,2556460,2525483,1092736,3647511,0.9327627248082082,0,0.3354863156699055,0,0,0,0,15122,15132,16993,1.2939489008059195,27.47561091555908,0.04709445423370634,1.466510634352493,13.160705939971841,52.346171251167895,478.6702141513451,54.73355217077375,3.9774592252062657,36.371165523691445,0.6581252147451541,320800.1113859714,2152842.8019658313,211126.6421961618,39092164196.93113,2.6766577912691187,0,64758254506.89129,64758254506.89129,12709411.95412286,64758254506.89129,210888828.8970084,63727918924.18773,819446753.8065509,0,0,0,64745545094.93724,0.9988040439291491,2.8730229013094517,21,101,504030,1261085,504030,1258974,1,0.9983260446361665,1,6026,21972,4157.503495150365,13716.12167589252,207.99356703026052,726.418058816813,3,6,0,12,0.974966514714377,0.9949452788195845,0.9956272334751517,0.9793397373387129,0.9999995470644014,0.9963007373395263,0,261325.03709010486,17.78725655234621,0.00816291253971339,64.5497503422808,11127.119202555486,14213.92115670259,3.4981460994423665,37827.53223151879,9.084622228278732,340932.0181896104,194.59237929539836,534,0.9967805947869327,19993.232755175493,21.006515651077766,9886.18251786615,9842.035442538354,0,75970.65991169521,0.782832483723781,1.0044855635387155,0,0
630,9824078,2569338,2507270,1085623,3661847,0.9351657642268223,0,0.22089157089975278,0,0,0,0,15132,15094,16982,5.891707422015172,28.493094635399398,0.20677667685472825,1.5481521837363756,6.677813499137312,39.06656314421503,382.0411993308325,57.257759770774975,5.850202787074232,57.21052248317317,0.062162669680955296,1641821.9981085267,3390928.6124719772,102060.03854334635,35739763126.987404,2.2340091806521194,0,64763092274.66094,64763092274.66094,57880593.26717244,64763092274.66094,213352360.7714452,63727918924.18773,819446753.8065509,0,2374235.8952119853,0,64705211681.39382,0.9986413066027742,3.143033097107466,21,101,619890,1187729,619890,1185273,1,0.9979321882348583,1,6026,21958,4998.716654774974,12338.179052959915,171.60871454873035,1122.1027385414855,0,6,0,15,0.9954288104340479,0.9977416680640651,0.9965782257529233,0.9988510017867466,0.999998553078499,0.9982018393324499,0,274407.9392247593,18.24153979832908,0.006616362992886792,45.498059456251404,9416.28045951489,15879.642370841866,2.839366074684774,30564.160142465855,9.8248391124496,135702.51389208174,217.19312535159835,534,1,21444.754331461274,13.077798178946589,9514.130137773269,9621.384019711362,628.503920595251,48908.61217398058,0.5929781187519075,0.988852551595658,0,0
660,9825923,2032148,3038956,1078656,3676163,0.9376299519788985,0,0.10327447182027728,0,0,0,0,15094,15131,16976,75.11275908490335,43.65052677496132,1.720775546928549,2.4737343076026432,5.271385468161223,34.69678352680477,337.9499490323387,45.766714296506834,6.582099475815375,64.11027064393816,0.9842384429968538,286937.41150599654,1687630.5782597465,282414.83113820956,44311640142.05591,2.6119067591482406,0,64822643730.69104,64822643730.69104,738052187.0857829,64822643730.69104,239086821.41647792,63751966722.314255,819446753.8065509,0,12143433.153758826,0,64084591543.605156,0.9574019816607143,3.3696968155697693,21,101,650544,1613012,650534,1516599,0.999984628249588,0.940227971025634,0.999971446074614,6026,21885,5574.418044372312,13682.401247943506,79.445264792352,1210.274768178892,3,6,0,15,0.9919367521631799,0.9943713193784863,0.992978107177709,0.9989833546767514,0.999948253658054,0.9989011138056383,0,230199.17957276647,12.746749529785193,0.02241115464881596,28.812676991970108,15478.009242598491,25063.439903334158,3.0757509493734054,37404.504941999054,13.82378855689845,212128.3019286291,213.3654524428505,534,1,20092.41352507079,9.678172670161544,14756.545050347127,10516.171854899449,2248.0235202115623,31458.007653060682,0.6175532689165892,1.4032240299945369,0,0
690,9827867,2164572,2901082,1071761,3690452,0.9400983565004637,0,0.04208904971840782,0,0,0,0,15131,15022,16966,46.82935692160809,41.706095980139054,1.122842016761981,3.977237788635439,5.935290194759485,38.42743804435257,340.60147039150337,42.312266713339994,6.474399192525035,57.385815893590944,0.9510703200795163,308663.35860143683,794053.1358961029,293560.55926188704,42306483636.11603,2.5936590363262733,0,59880685593.05695,59880685593.05695,460232691.5210093,59880685593.05695,358339569.07494783,50772324505.07848,8735610370.27138,0,14411148.632142564,0,59420452901.53584,0.9890258945738757,3.60232789045454,21,101,549487,1452863,548554,1431822,0.9983020526418277,0.9855175608436584,0.9985591744917383,6026,21892,5169.86135640767,12226.550798853661,68.76815891374542,1605.1906212511615,3,0,0,15,0.9856775879525419,0.9974939858593014,0.9856785159391698,1,0.9998391848448644,0.9999392444823835,0,278922.54298065015,16.901187025937507,0.010778206687675757,14.97545311112991,13562.741705015284,15080.614742430596,2.742050675351276,31107.773922488523,13.194285812413936,270437.48149673664,119.79228867524387,534,1,12513.228867524387,8.493925086061015,9596.444439240693,9589.569331192675,155.98437882822282,42937.30138899612,0.899349392359673,1.0007169360594386,0,0
720,9829880,2307124,2991590,1064989,3466177,0.8551444746781955,0,0.01607348964981124,0,0,0,0,14773,14670,16683,25.039995026286697,40.84991134907684,0.6129755047033307,4.2584593261700645,6.350174524937741,42.954216938677405,344.13024975268826,44.95179201124007,6.7642577018934045,54.19225068559233,0.018020475724922935,594690.0896571754,941620.6160941354,10716.598324519371,38548470282.33432,2.529851118650334,0,59915751146.231895,59915751146.231895,246140146.30894744,59915751146.231895,373796384.8489891,50790439700.913475,8735610370.27138,0,15904690.19806324,0,59669610999.922874,0.9800748565118913,3.8350208325034045,21,101,599231,1432122,598462,1392416,0.9987166885558324,0.9722747084396441,1,6026,21889,5328.277173229192,12611.511736879795,92.46988731033953,1801.4049898630974,3,0,0,21,0.9840794621377514,0.9955199657037496,0.9841120081176007,0.999999999999931,0.9995822815471554,0.9999723756906077,0,241896.36496228815,14.5802825665232,0.006453882794083304,12.873571810330928,9854.465560575718,17102.86578506677,3.2841135490958417,36918.55312139184,10.939078185693418,302777.5088170948,157.44740471736236,534,1,16278.740471736239,9.582035648585611,9610.717440069371,9818.749099703326,851.2064535818764,63954.120309702055,0.5761879724964026,0.978812814389947,0,0
750,9831515,2364485,2928321,1057787,3480922,0.8575241563737647,0,0.005801757247084642,0,0,0,0,14910,15552,17187,25.64532292114898,25.98831216260604,0.9868021732496127,2.940509389192059,6.026156862902071,43.1344294378336,310.5611408737913,54.255850676876,7.157867015273971,51.535522214108376,1,281184.66203658294,1716109.5545975678,281184.66203658294,37250109806.1229,1.8386097622995576,0,62963946213.66439,62963946213.66439,252132376.97907472,62963946213.664406,246018513.5584958,53044311025.22065,9657074148.254572,0,16542526.630689478,0,62711813836.68522,0.9809998546942257,4.129800254407347,21,101,547826,1571842,547826,1531568,1,0.9743778318685975,1,6026,21864,4787.359143790754,14453.946903704973,177.70764616829555,1576.4844743506758,3,0,0,15,0.9662414825767576,0.9856789447509248,0.9747930482342472,0.9916666683593781,0.9990435358851673,0.9955555394761622,0,260907.31187831366,15.056731636908463,0.004835343321126396,16.115928905541658,18408.355823743525,20177.927979563203,3.392625761032287,26136.146273116352,12.259915934403466,280621.58701067796,198.10400212155668,534,0.9916485609952287,20299.186943247478,11.469594001452752,10795.001382738117,10525.798763574414,1416.9935924204308,60761.1781645142,0.9123015922342496,1.0255755050244078,0,0
780,9833181,2183497,3103453,1050609,3495622,0.8598967268462914,0,0.0020941540815053927,0,0,0,0,15552,15511,17177,53.41295848893685,17.337930652322736,3.080699742087225,1.4887814835192332,4.441593291884147,32.87465678456892,245.855439580839,50.680306473780085,7.401545937274081,55.35298336074032,0.999999999999998,482219.77840958437,817704.5246960835,482219.7784095834,35420241085.8063,1.1430092587551166,0,62558926322.32217,62558926322.32217,525219288.5671118,62558926322.3222,232403168.62743652,52635614262.377556,9673962584.693071,0,16946306.624120735,0,62033707033.7549,0.9726641485319321,4.096732584868029,21,101,400453,1896750,400453,1833954,1,0.9668928430209569,1,6026,21932,3323.225554961832,17647.98880921995,338.7460182498846,1317.5748853619284,5,0,0,15,0.9541362556052388,0.9864392707764574,0.9707829707967454,0.9840845532206977,0.9980686123717215,0.9977341693627864,0,271733.98017917655,14.593615944409944,0.0071256320455872985,22.554257706376895,24349.821312552,30623.74608451102,3.8444074561684225,31066.78995718992,14.501549563994622,269195.4154975,233.1912544055981,534,1,22845.30467271019,15.599695684236623,13021.907214092942,11410.622212959717,1941.0051236188956,45701.84691410722,0.7951287620186915,1.1412092146301358,0,0
810,9834993,2196836,3084200,1043650,3510307,0.8623226579027297,0,0.0007558949974731784,0,0,0,0,15511,15355,17167,77.41562255741253,13.596071422635706,5.693969982279256,1.3918726384555278,3.760884755645458,34.98608421703965,253.71309989132317,45.09329566772509,9.302620657153104,67.46101419632038,0.22579974404389302,737495.5985957581,683942.8586265093,166526.31739641982,34054338742.457897,0.8726305284993384,0,63297609689.73912,63297609689.73912,761382105.9427519,63297609689.73913,234706011.24564657,53361887279.11753,9682535744.968384,0,18480654.40757591,0,62536227583.79627,0.9664838305321689,3.948734135577415,21,101,437044,1791910,437044,1717204,1,0.9583092900871137,1,6026,21983,3223.402402783126,17140.802567475046,438.8088292431756,1176.884727050703,6,0,3,6,0.9477051767782873,0.9845635928513936,0.9625758806810566,0.985297794569603,0.9964614972429018,0.9985829414496818,0,256793.35091524347,14.304389332068181,0.008418256667028674,30.990212487262745,15514.19508229874,28490.654926017596,3.5111138290019035,46301.52500263836,18.66034960298389,403106.58419181616,142.1316282269083,534,1,14330.47583207942,24.294687926778614,12148.947187555495,10983.71962526603,18606.421185115374,38404.45568996367,0.5445362741777907,1.1060867904538525,0,0
840,9836983,2094173,3181130,1036671,3525009,0.8647237893254662,0,0.0002728446374827016,0,0,0,0,15355,15170,17160,138.4613600369988,9.727959347066557,14.23334073438038,1.4553302505447954,4.475458676484411,41.28100648078904,326.65761560872437,48.324448233921764,9.223860494499379,72.98863406450272,0.9980178881170065,294763.34345629707,917267.0805580617,294179.08953056147,37979577074.30818,0.6689227351447622,0,48647328766.782616,48647328766.782616,1362042044.8407934,48647328766.78263,234436409.83145532,38709902972.89222,9682535744.968384,0,20453639.09056911,0,47285286721.94167,0.9777918577160052,3.720135575431517,21,101,408576,1824704,408576,1775107,1,0.9728191531338781,1,6060,21972,3111.6877524442666,17751.089715944196,361.6003419495977,726.8181694432267,7,0,3,3,0.9495996727895345,0.983914345457126,0.9662757522596425,0.9867179977177112,0.9939297277616624,0.9989472247108572,0,258422.15750312686,14.201080880501072,0.0074544152343331916,51.082454385117636,6004.14895704116,20448.503720009103,3.8979826304568648,36111.4381461422,21.200584725366415,370837.50736522995,179.3326013881489,534,1,18364.291239778173,39.7976541234886,10965.495273559798,11319.87821927348,23011.022734948416,55796.89728295822,0.29362289971202293,0.9686937492745902,0,0
870,9839008,2161394,3108164,1029808,3539642,0.8671410391535684,0,0.00009848502542327335,0,0,0,0,15170,15127,17152,138.90071674312068,9.921070326761967,14.000577777222048,1.624762561655157,6.056175668478721,53.27383323421939,396.50124857536196,47.23292995221629,8.796612937022266,65.47056596113583,0.8893125476206879,326846.50568699336,606556.8909523629,290668.69865341973,45185852572.68492,0.6542608997094848,0,48815237476.24933,48815237476.24933,1366645263.2412803,48815237476.24935,250336402.55119064,38858662186.510735,9682535744.968384,0,23703142.219045486,0,47448592213.00795,0.9903714126662857,3.599000535986607,21,101,539846,1635551,539079,1615372,0.99857922444549,0.9876622618310282,0.9978759405263348,5971,22102,4090.3988984314205,16586.107781705716,166.3317877439939,603.8446931492606,3,0,0,3,0.903868114945355,0.985234115690803,0.9798448986295508,0.9293610393677096,0.9917692651996689,0.9999172288339073,0,262197.3099443235,14.60403471386391,0.002175875362266056,83.11135298381383,21205.952979429447,23091.089162065873,4.339313538113287,31600.522165019822,22.143965441884422,323908.7894506365,208.06606820384073,534,1,20673.40246097173,56.020499128350274,12107.703017141135,11211.997630444484,24046.73569049673,44418.09122083107,0.9183608807100647,1.079888117730644,0,0
900,9841100,2282851,2981016,1022987,3554246,0.869557114569954,0,0.000035549098603018763,0,0,0,0,15127,15044,17136,101.78528716131068,8.881871853261455,11.459891433125637,3.14559659243856,8.097835290745012,61.536401717394334,445.4060082802662,58.64167703839973,7.599117481152534,55.003095554353784,0.8416136377262515,337722.59996333224,604967.6218574293,284231.94589750766,51936699449.88503,0.6465417394598849,0,47829677066.76376,47829677066.76376,1001679189.4830598,47829677066.76377,268885043.2003262,37853088437.38592,9682535744.968384,0,25167841.20915529,0,46827997877.28049,0.9869009190432474,3.5307713353018535,21,101,506501,1519519,496187,1503294,0.979636762809945,0.9893222789580124,0.9731067701364731,6057,22200,4636.18843115823,15194.754740478398,133.8989180276614,555.0564978707627,5,1,0,3,0.931117785216623,0.9848548765271106,0.9728642870070932,0.9610026902985752,0.9906251944460543,0.9999806629834254,0,259442.0060691751,15.57056092471047,0.0031920829616838677,96.22165425538323,9038.655093972862,23310.60021321028,5.4833347913791055,36510.72620105497,23.195183291296683,315556.0303266492,205.74594034454012,534,1,19654.2307841466,61.03936030725176,10414.051776470462,10751.696180173974,23648.274711692568,33875.06316271189,0.3877487070817933,0.968596173287883,0,0
930,9843313,2360584,2897613,1016297,3568819,0.8719939553424871,0,0.00001283171542048561,0,0,0,0,15044,14913,17126,29.495542209486725,12.589194536634226,2.342925285939102,5.524710358441204,11.251847272288222,58.11383207056392,338.6485141038472,58.397209767400554,5.164825887184803,30.097148131213327,0.6224233319133698,411904.7804092562,896184.8876114754,256379.14585337418,50721317831.21174,0.889226524527349,0,47819758902.97363,47819758902.97363,290333854.0726523,47819758902.97365,276146845.5774575,37834484322.23123,9682535744.968384,0,26591990.196584165,0,47529425048.90083,0.9891787624733961,3.447589126775844,21,101,543497,1387613,527097,1383116,0.9698250404326059,0.9967591828557386,0.9838173723361914,6057,22134,4740.9650663500215,13775.560721000233,94.53316922344847,419.5323554055622,6,4,0,1,0.8371501885899869,0.9822448786874645,0.9823697922632079,0.855713440128199,0.9897017606016634,0.9976490137055934,0,253172.62916094545,15.90436014167711,0.003569490885023419,62.06486252010733,9597.007442780725,19471.33729557946,4.769927862786307,14631.14082989692,20.67796097989352,406304.45174587565,120.2963165154909,534,0.9932539448961161,11238.173524052412,36.68241737542041,8607.121603614474,9613.47337140985,20401.161390327146,21586.145562175563,0.49287870150344093,0.8953186086947271,0,0
960,9845619,2429394,2823097,1009735,3583393,0.8744666102236063,0,0.0000046317072013307115,0,0,0,0,14913,14813,17119,17.96359639243567,16.326478983092475,1.1002737584165314,5.711592786454824,10.595540598942415,65.64235236540128,336.2754607450636,60.51712190327618,6.195281095138583,31.737451959612955,0.5196690387706389,375560.239642558,252656.63104181952,195167.02873551886,34023125999.063324,1.2569641875703472,0,47893861897.12883,47893861897.12883,176862725.94966155,47893861897.128845,276146845.5774575,37908587316.38643,9682535744.968384,0,26591990.196584165,0,47716999171.17906,0.9617349903910065,3.3950834898278663,21,101,518554,1253744,505050,1199431,0.9739583534212445,0.9566793539989025,1,6057,22194,4547.623169313298,12500.833760677137,111.10544144121137,641.7994494825604,3,1,0,9,0.8497442430906083,0.9821144215758307,0.9820033414741539,0.8714327330833864,0.9889359603597238,0.9981543638047418,0,267607.8097258338,18.84030221932662,0.005424919839030707,44.945614945506634,10326.942229568645,13756.424401726592,4.739070922262193,33227.45756050844,15.2751463790319,296137.1663729301,101.73280213202773,534,1,10707.280213202772,29.673152557576422,8512.171992294114,8721.372340192478,22394.379287691423,34952.9533874184,0.7506995951849591,0.9760129094667518,0,0
990,9847824,2173738,3072906,1003250,3597930,0.8769758344572264,0,0.000001671856981055099,0,0,0,0,14813,14899,17104,74.75128198004414,18.398157270657336,4.062976573162721,2.6434470361289164,9.44703125060342,73.56246006045855,405.58871079670166,48.33701339835125,7.786833568033325,42.93292782013345,0.9965098555324884,287634.1995206003,701385.9300154642,286630.3146104764,37489236458.25889,1.737092709171249,0,48193891475.23291,48193891475.23291,736137468.7138171,48193891475.232925,317638290.373221,38163255153.96778,9685718667.892862,0,27279362.99907131,0,47457754006.519005,0.9730866572670542,3.4375807163485184,21,101,557769,1611824,557769,1553433,1,0.9637733400172723,1,6057,22255,4939.920845339324,14471.811773255413,88.38709627082157,632.5669102740328,3,1,0,9,0.9227403546492113,0.9850912814680542,0.9887269301672786,0.9342845785534535,0.9902317834998385,0.9999226519337016,0,232687.51067286383,13.225878566211883,0.008150702741546827,39.57163984020491,9546.072927547923,15561.062950086467,4.648093338065262,41069.315652484365,16.018158424299056,219382.85945359682,172.16213570020335,534,1,17750.213570020336,27.306846342939107,10203.95022446048,10253.160607006535,22781.897502926055,67444.1540668861,0.6134589236074569,0.9952004670138076,0,0
1020,9850080,2357278,2883551,996873,3612378,0.8794889129181662,0,0.005472706348899019,0,0,0,0,14899,14840,17096,86.9803021554325,24.124421143439967,3.605487635879902,1.545056112220048,9.047886371780113,64.53843224361617,465.7769914930059,48.03151156108761,7.132984389029043,51.479093829663924,0.900738420136862,302879.7512660536,649027.3508059192,272815.42864683084,36939562911.09153,2.421857654316855,0,48186508192.04559,48186508192.04559,856762934.6550722,48186508192.04561,339033871.4040239,38139207355.841255,9690756799.059822,0,17510165.74052447,0,47329745257.390335,0.976401241084088,3.547776146811177,21,101,561235,1465058,555282,1423193,0.9893930350031627,0.9714243395142035,1.0000033969583635,6057,22283,5152.762261058198,13855.842988684395,67.83664221468105,901.3917306769648,3,2,0,13,0.9708578069951106,0.9881315478746977,0.993791229485598,0.9778520672575911,0.9911411645983282,0.9997347010908143,0,271423.3231875592,16.462577885748924,0.005836545444059318,36.54224380420843,15322.107667315187,16969.590716215007,4.087396057296028,48437.18928098958,10.272416973976132,299355.3724694501,213.10140666329056,534,1,21844.140666329055,18.113788346748677,10830.798997666618,10333.325920262529,11062.020360022656,70992.45549667899,0.9029155695944042,1.0481425904150181,0,0
1050,9852452,2342660,2892385,990616,3626791,0.8820185881878762,0,0.2585670272352207,0,0,0,0,14840,14716,17088,131.02373481593023,25.450337428372915,5.148212088923444,1.6304747242582953,11.576765567943648,88.58348259629584,497.7151285859394,45.52230819483361,7.651833500160503,42.99258939510056,0.9935795551279206,432314.248570969,462202.76946606825,429538.59877060464,36684119268.109,2.7117537533341665,0,50545011560.187454,50545011560.187454,1290905058.1345918,50545011560.18748,327300060.43150944,40148791939.52302,10053677109.97082,0,15242450.262140732,0,49254106502.05273,0.9694720275826963,3.647737412517336,21,101,595784,1415912,595773,1354510,0.9999815369328482,0.9566343106068739,0.9999666163889251,6057,22512,5128.640568952495,13804.676319899741,87.28079128875011,982.708510120979,3,6,0,9,0.982265577944389,0.9895154745379463,0.9824348664375394,1,0.9921179605391336,0.9997610676426741,0,261965.47197518818,16.118612856197064,0.005077588454351504,22.926431356646994,14089.985186857679,24015.851841269236,3.8283674157519747,44202.0501423587,14.146988689515604,178679.86164399225,204.79003556266662,534,1,19358.587126221802,14.601259077408706,9070.143909485907,10316.21555926561,3842.8633982145543,33210.42611147229,0.5866952078145825,0.8792123291122458,0,0
1080,9854863,2483298,2924704,984435,3462426,0.8222742890997452,0,0.14983458284251516,0,0,0,0,14485,14422,16833,93.176302049641,29.731042140596333,3.1339736296163383,1.7038523644947243,14.625799360748982,110.91662360969396,448.29636428747654,48.97471801844755,7.583628140514431,30.65106755741243,0.35826622155287335,468733.351525984,884989.6696129102,167931.32676702907,45398250804.89331,2.9275974054691174,0,50528825348.31802,50528825348.31802,918239691.5457186,50528825348.31804,323716448.59549963,40135551552.17585,10055412209.65255,0,14145137.894147929,0,49610585656.77216,0.9811341497490542,3.6590122984407225,21,101,520355,1444412,520356,1407344,1.000001921764949,0.974336962030224,1,6057,22518,4610.661981313029,13819.463059337806,101.52518784906835,992.9425756706937,3,1,0,7,0.9354325851934948,0.9912987816655651,0.9894482103165597,0.9459876820329453,0.9947884574536825,0.9999669604057743,0,261946.09283457985,16.306236001530106,0.003109376617826213,24.741851572635465,9111.183824823815,21723.444507054268,5.029606366070577,48101.75547245012,16.695428004822713,218344.21938585746,127.5542229858024,534,1,12542.665167332922,18.15859773814092,8942.478030806053,9581.322185063478,2151.935864295714,29828.593342264423,0.4194170874635067,0.9333240087413684,0,0
1110,9856926,2265340,3136199,978064,3477323,0.8248365882390185,0,0.08830923230336013,0,0,0,0,14638,15249,17312,39.55578570871722,32.80281323990964,1.2058656499800313,1.5634283955827462,14.079122258544531,109.96889537583267,301.0424113864261,49.553617295048696,7.8107777854612515,21.38218603817616,0.38544153038217177,430651.58124669734,1968482.4546764912,165991.0045372292,46647891346.7757,3.0981639143908075,0,58077974604.90827,58077974604.90827,389898452.60256535,58077974604.9083,321549508.9884936,47273482935.833466,10469434858.624832,0,13507301.461521693,0,57688076152.30558,0.9979036144104769,3.685683811006472,21,101,629784,1405624,629783,1401358,0.9999984121540083,0.9969650489746903,1,6057,22519,4963.564866748329,13077.581650559165,90.47663811537262,1203.0376615715952,3,1,0,18,0.9831069326160143,0.9930774283421819,0.997710024319101,0.985397050847254,0.9968813223256882,0.9993387433090926,0,247191.44039057594,14.604093387346872,0.0009357632698792315,25.958784487835555,16409.496159797003,21444.202011523234,4.343126212813227,47918.13747903212,16.396797744872078,257367.35577686763,130.5100148147773,534,0.9999111280655111,13527.348132279672,18.80818328078292,10193.180361525276,9915.71735060213,355.09599911147285,43328.34675529011,0.7652183163998928,1.0279821419986621,0,0
1140,9859128,2373312,3021996,971617,3492203,0.8273522104762138,0,0.03926668745474312,0,0,0,0,15249,15101,17303,24.74534659317096,34.62043064926481,0.7147613743994963,1.5751400213062816,13.256763134640734,99.5146457921345,275.9957425834079,37.27316714408754,7.506707691872132,20.819240698524222,0.6144792207501718,313733.62659861747,913660.1870030079,192782.79439544384,42916846875.2638,2.312131900260135,0,54349448517.31342,54349448517.31342,243967539.46631426,54349448517.31347,331473392.8731218,43491657129.08637,10513214473.885887,0,13103521.468090437,0,54105480977.84698,0.9939966457254462,3.641171384331019,21,101,493291,1463615,493291,1451867,1,0.9919732989891468,1,6057,22514,4246.412180857261,12988.475089123865,137.95167260905802,1069.2415811653743,3,0,0,22,0.9904243478576606,0.995167823989681,0.9904245041007457,1,0.9983022248570809,0.9988439866221314,0,262123.5869695425,16.17083570401227,0.00020085107159007956,25.64024037760147,12623.384042121772,12903.275433545383,3.9344277509937786,34201.71508221584,16.326227967961007,250747.27333451234,152.63168308909326,534,1,15797.168308909328,18.327026563553837,9703.779032558774,9532.404834788293,0,57292.30560483843,0.978308500592341,1.0179780654242732,0,0
1170,9861274,2627963,2760616,965659,3507036,0.8300323703150683,0,0.0200507642212199,0,0,0,0,15101,15144,17290,14.071652662218833,25.71955211603372,0.5471188844476993,1.616439926366999,9.135709383322684,63.5216156651742,263.19277819977475,30.666595466079563,6.953112560819137,28.809232776190914,0.4931285449549503,318795.31459092186,612419.3991195301,157207.06962267694,29904698357.215427,1.7789423560836921,0,53134630991.16783,53134630991.16783,138764422.53484765,53134630991.167885,335618237.9482984,42254503540.49248,10532940039.04248,0,11569173.684635254,0,52995866568.63284,0.9992264775102451,3.539575113913521,21,101,342299,1298248,342299,1296979,1,0.9990225288234605,1,6057,22496,2807.7800691988928,12141.03363568064,269.1275053292634,942.7745262901736,0,0,3,35,0.9913950247903898,0.9972098274829201,0.996578655780817,0.994816372641603,0.9993723090719501,0.999919890033339,0,260243.8957464411,19.050623194829022,0.0018313105029541812,25.589003408456158,13804.8612832927,17376.184686492626,3.842956154007981,32706.25491801036,16.821999453148553,201319.18228739046,144.63697700711322,534,1,14997.697700711322,17.876262032933923,8476.767194640342,8211.154345805639,180.2789436759704,51062.87902365189,0.7944702207282537,1.0323478085599964,0,0
1200,9863576,2701304,2680596,959842,3521834,0.8327311915866143,0,0.05801413121030469,0,0,0,0,15144,14980,17282,7.60402794001544,21.259865163271222,0.3576705628948317,1.6987043492555483,6.110614555851151,37.73797097454411,189.34461635160176,24.134817675514856,6.175806153312115,30.986182260554617,0.4349066691541522,317549.8591462382,2422310.079462514,138104.55153166066,21087402872.79231,1.3581599828803346,0,44298971586.66468,44298971586.66468,75002907.49234849,44298971586.66476,339762249.4074757,33317594626.385452,10632018521.870178,0,9596189.001642054,0,44223968679.172195,0.9977318491258681,3.592938559537192,21,101,455844,1088145,455844,1084643,1,0.9967816789122773,1,6057,22556,3294.3081008307972,10423.047144624508,314.82141240337126,1040.5062213526865,0,0,3,41,0.9884489565883818,0.9990509360094298,0.9906028147382687,0.9978461423830168,0.9999526802863589,0.9998732534574387,0,266196.8197506505,20.736051891433075,0.0020765037554737655,25.376265543459088,9238.27246024519,10143.519788926893,3.961638785774498,41782.94353082485,18.996370162650948,240136.27361651775,162.26589193380357,534,1,16760.589193380358,15.976296587813474,7612.347783041053,7587.781900081793,0,57699.699732180474,0.9107560937900561,1.0032375578637804,0,0
1230,9866063,2122582,3252865,954077,3536539,0.8353939681667404,0,0.07802185258778353,0,0,0,0,14980,14785,17272,33.79144324771751,33.654604409255064,1.0040659767322897,3.1296255879200574,7.161858466303428,16.81432772923436,160.36446070667898,25.6547955905351,2.347760404418188,22.391459069066276,0,295954.7748707054,1667993.8529988935,0,25097257756.71494,1.618154420860217,0,44278391090.1963,44278391090.1963,333388507.94280714,44278391090.19635,329328966.93830466,33168835412.766945,10773880024.617935,0,6346685.873165682,0,43945002582.25341,0.9974736103607421,3.5569362956693165,21,101,592271,1608498,592171,1603038,0.9998311583717588,0.9966055288847111,1,6115,22502,4922.550417589771,13723.375181876068,190.72043594128698,842.5286630811449,3,0,0,24,0.9723491568443097,0.9999761220565323,0.989015823512586,0.9833333333333333,0.9999999995795329,0.9998301518712245,0,206303.05714997556,11.27745324385836,0.003481121351127187,24.290497577497952,9669.182350290184,14685.424562878256,3.8601960184150346,26006.15567514659,22.78730889819625,182222.59174345952,253.18592565050693,534,1,25542.44175475555,12.489510765652003,9655.227473051393,9760.306118591774,70.54035863935826,67133.23075575658,0.6584203479368174,0.9892340830027632,0,0
1260,9868595,2176006,3193081,948265,3551243,0.8380396890570035,0.00010522595051571583,0.06925000419911741,0.4690130641863598,0.0002808910488271127,0.00008896909843802487,0,14785,14725,17257,155.76922837953632,53.61893507385267,2.905116040909536,4.868417474012234,8.257025432878049,18.953631693078457,250.82660597317616,31.851241461004427,2.2954551668944085,30.377356593141634,0.5266208915539727,528528.9030925486,980465.1676096444,278334.3621586412,30370137322.053078,2.2164393364409176,0,39077085391.4857,39077085391.4857,1537223428.3400319,39077085391.485756,314566607.0766533,27968360122.28424,10789276675.241798,0,4881986.883055876,0,37539861963.14557,0.9638449090827939,3.487305527128765,21,101,512641,1772625,506993,1695649,0.9889825433392959,0.956575135745011,0.988441252384693,6092,22491,4676.784204354424,15338.021983405635,43.775832643798644,906.7725443931226,3,0,0,15,0.9004447669756426,0.9970106678972286,0.9595510921491243,0.9357160638180276,0.999999353613817,0.9999613363690472,0,268427.80137110635,14.623954398641613,0.0022069739489450806,18.683241160347517,5941.429434097527,23875.172059002805,4.737992793000875,60361.046715491124,17.50040485066498,237749.56801061388,142.62089644342353,534,1,13766.965076351933,13.68594935360735,10905.77597613818,10302.764111545537,2379.9036550198334,27670.197968250042,0.24885388969823752,1.0585291343239522,0,0
1290,9871266,2288995,3073727,942587,3565957,0.8407193212700566,0.0000613223776641349,0.11578021306588937,0.2364306458153676,0.0003778643995613126,0,0,14725,14576,17247,127.82781061737231,61.75802003715885,2.0698171758171697,5.8569962096653745,8.885848375902258,29.447397967021846,418.428501314467,46.8176717662815,3.313965838859117,47.08931366072069,0.714162484712948,386543.5343853514,651106.2979218449,276054.8909663674,40984564419.45031,2.5560945768917342,0,39074308436.26691,39074308436.26691,1261822320.8015332,39074308436.266945,309336888.8400963,27968360122.28424,10793153587.246975,0,3457837.895627002,0,37812486115.46518,0.9438722053990637,3.450943691110772,21,101,584596,1623009,566862,1516835,0.969664520455152,0.9345820017017774,0.9826610183381559,6092,22518,5347.124677901872,14275.597471723198,37.89212049200218,705.9624793449092,3,2,0,15,0.8706050509844385,0.9981237300455895,0.9440845962785039,0.9204629020798727,0.9999997297273578,0.9997750034157551,0,267314.38702095987,15.394621407294432,0.0008042474339783844,26.736284918727886,13714.03934066864,23747.224896391035,5.48087106671482,29861.345379812403,17.095646484449624,558631.3261718121,149.86244261835532,534,1,15462.991790371943,20.974027916856027,9600.918346029439,9876.666752723428,1609.1479137769231,57462.969935617475,0.5775007143151628,0.9720808230552122,0,0
1320,9873852,2300045,3056149,937021,3580637,0.8434455510760066,0.000022144675724358473,0.17346785557287428,0.08234090722413287,0.0003854625327582386,0,0,14576,14654,17240,123.05849016707394,48.91663103828182,2.5156779515492227,6.754994913894473,12.172161217002381,48.16326088339758,589.9643530803577,64.86480221385443,3.956837247285381,48.4683321690055,0.7946613129420798,312376.6131411,248233.60953110858,248233.60953110663,58335965038.92843,2.442058502377621,0,39425613713.27629,39425613713.27629,1215061319.2529001,39425613713.27633,310899674.0032039,28314098740.765373,10797157460.612114,0,3457837.895627002,0,38210552394.023094,0.9681088297975569,3.3946807246522073,21,101,536428,1689580,524531,1630487,0.9778218139247019,0.9650250358077155,0.9992551903919561,6092,22531,5087.478247891725,15492.012612022032,73.59357459917231,764.9081965947753,3,1,0,3,0.9387639873790868,0.9987564122320582,0.9506046853151588,0.9871146346091323,0.9999999255137373,0.9996202303986923,0,254784.80701265667,14.187434555775775,0.0009390611193984818,34.50002241383182,18021.655917551274,27834.465456237947,8.370452896327516,26971.708268557475,13.668802843099014,346352.2110301419,196.52610271974893,534,1,20133.788775931855,25.11918899519935,10139.757138113117,11106.741227300392,2043.2357530231882,68268.66375351076,0.6474583083294838,0.9129371910808162,0,0
1350,9876580,2062530,3287437,931342,3595271,0.8461011067918737,0.000008003166223452755,0.24876825720067763,0.029238090996909546,0.0003937597832448074,0,0,14654,14500,17228,118.03956975289545,46.781150774668426,2.523229287827028,6.53683970891183,15.383826625685257,80.39025190593428,782.414829055911,84.65015729046536,5.225634288656927,50.85957142480856,0.9989656361327321,289574.57290337497,1208819.550339981,289275.0474282842,76441703835.20264,2.5945500179905694,0,156856950623.98575,156856950623.98575,1165827253.8299654,156856950623.98575,284530395.98436874,145748292184.92413,10823731813.879383,0,396229.19792786974,0,155691123370.15567,0.9718328209977805,3.4018567373943376,21,101,615106,1971415,601851,1911815,0.9784508686307726,0.9697679078225538,1,6092,23010,5490.386466381907,18325.35196065539,82.34380777919097,343.6597956048316,3,2,0,5,0.763406720752893,0.9991576736700788,0.9626693323954189,0.7917434120967264,0.9999999568514762,0.999845320006675,0,225926.42062907192,10.785510276818252,0.003701767221791874,47.62313348642176,11873.947740711325,20629.593377302754,14.616506073451534,54523.44981720328,18.502073877203465,343774.6051076128,246.52025609338315,534,1,24260.460649281602,31.753556842757277,11319.040049544774,11514.73725848959,456.41589325555,51213.09719746049,0.5755783705254883,0.9830046309740562,0,0
1380,9879400,2174140,3169419,925927,3609914,0.8488426907983986,0.0000028910846624972183,0.25602750074969854,0.010385465593515764,0.0004016438245237565,0,0,14500,14397,17217,123.61910171440618,32.72332000603857,3.7777065924727147,4.830099779625482,13.560535245255908,100.7230260237248,1066.6958566002336,100.93953377147153,7.427658584417772,78.6617812134969,1,287927.1396701457,386783.89699266234,287927.1396701463,86359120053.67744,2.260251873683078,0,157302644612.57132,157302644612.57132,1221282553.4771986,157302644612.5714,255295797.51934558,146214900900.85266,10832051685.001484,0,396229.19792786974,0,156081362059.09406,0.9643284395395157,3.5496495247909894,21,101,514967,2039561,514969,1948435,1.0000038837440068,0.955320777363364,1,6092,23010,4707.364411129882,19212.12102031424,146.35237490856133,278.4459446509258,3,0,0,0,0.8015791174608587,0.9968249505386422,0.9661143255144253,0.8305262890586742,0.9999992563440258,0.9998194160784102,0,279251.1231409439,13.603182741001179,0.0016867766687929055,57.74947912149433,14976.398423958113,29627.863102409032,18.236456482477944,2731.3575386974558,32.37388133838655,91304.29603892194,162.26650264751316,534,1,15885.910895997382,43.63504939960323,11470.59911669205,11249.613231973291,5066.614001645088,33878.08506542146,0.5054835838883158,1.0196438650966844,0,0
1410,9882390,1834483,3502937,920458,3624512,0.8515293906044493,0.00000104492796491572,0.1867622495836767,0.0036901280606148443,0.0004106294125206554,0,0,14397,14219,17209,272.66478675655645,29.82902447059076,9.140922024633559,2.074415398366206,10.07092984792613,113.81878937581276,1197.3022257082048,127.1153307489593,11.301716037596174,118.88695917733563,0.9999999999999998,307051.6449437749,938232.2214815879,307051.64494377485,91051833413.91174,2.5222433159048787,0,142024771375.52106,142024771375.52106,2694579761.9950476,142024771375.52118,156624748.7370971,139303453463.86002,2564296933.7261577,0,396229.19792786974,0,139330191613.5261,0.9671349052622165,3.798007828118232,21,101,590321,2271895,590321,2177828,1,0.9585953576199604,1,6092,23010,4923.663015026685,21761.28023075294,176.68423993215774,172.99228003192783,5,3,0,0,0.8885132728758754,0.9967032413959734,0.9712502481673219,0.9164218081651072,0.9999996068964311,0.9996920425598335,0,236530.9472484381,10.25367986687587,0.005365441480199536,93.76166560260882,6044.01674876393,31627.903723614258,11.912110344023148,52306.259398548114,56.95813175543833,210029.08297501586,191.59741759769366,534,1,19250.922827015747,74.57293583466264,9337.942802395106,13661.640887503429,6207.613974942624,53949.01129535386,0.19109760803563158,0.6835154634269962,0,0
1440,9885320,1949822,3553830,915118,3466550,0.7961382732774529,3.775875354429586e-7,0.06829774074965365,0.0012671074358051953,0.0004196121116969405,0,0,14017,14051,16981,233.6234397624101,22.46760350978822,10.39823582700442,1.589531944104631,11.52642296383117,124.05878137741543,1245.27390914388,156.37585385137882,10.762990545002575,108.03645788909814,0.9791501419968361,305313.581466201,298947.83664619504,298947.8366461933,126195119387.84517,2.9669040574754835,0,142013833220.09863,142013833220.09863,2309442461.5519123,142013833220.09875,149924456.34686023,139298578655.3722,2565330108.379711,0,0,0,139704390758.5466,0.979394632358255,3.8862462878362205,21,101,499570,2295624,499570,2238028,1,0.9749105254170544,1,6100,23010,4398.001205824235,22346.42551999115,212.9855800067184,163.37431896682085,5,3,0,0,0.9089011758043478,0.9983055166073921,0.9795161376868511,0.9293900989574949,0.9999942398063654,0.9990437420887475,0,274221.49400071223,12.02023791662818,0.002785153207585576,159.75783366126902,16905.5891928732,28894.949175781487,12.53209108674144,43592.661547000884,87.26738290778351,313428.881661855,242.97873916463035,534,1,24616.459178569796,115.15849827218311,13966.5924707457,14167.675644050556,1203.8910301677952,65431.38173357147,0.585070736412395,0.9858069045087648,0,0
1470,9888103,1960636,3536289,909627,3481551,0.7988426256497951,1.3652044512689716e-7,0.024714345277914485,0.0004310452222880525,0.0004279890692886189,0,0,14258,14651,17434,21.053351169819532,22.564660297768253,0.9330231827997785,1.6056137135826756,11.837900327464423,124.03191950470466,1130.623201221719,129.42700755129337,10.477526932453168,95.50876168458912,0.9791054338973011,287665.5750015309,824030.1016231123,281654.9276291905,125488584247.09454,2.1456810880379154,0,131375209810.11932,131375209810.11932,208177704.86215135,131375209810.11945,174905739.7597194,130107848957.40456,1090776366.7509031,0,1678746.204282756,0,131167032105.25708,0.9900973223177891,3.9358715936537148,21,101,504858,2111808,504739,2086015,0.9997642901568362,0.9877862949662091,0.9995937179924889,6100,23013,4022.879620825426,21252.75307829622,268.92369473694345,277.8331877923905,3,3,0,0,0.9266771219946505,0.9966553802454322,0.9892495074522303,0.937429528845174,0.9999909950072803,0.997514912236591,0,264666.2519346956,12.258960222453954,0.00158201169107411,218.97420731832682,14209.330881745062,29059.933268315097,9.492065009500413,40534.263381901845,45.90393871071928,213495.6754276323,229.68089375286846,534,0.9902453370126216,22778.99909401924,155.34499925704927,13307.106582175662,13387.96449594754,1450.815991683881,48912.5851456758,0.4889663974981634,0.9939604027336378,0,0
1500,9890783,2145848,3344179,904226,3496530,0.8015909575672396,4.934827729650824e-8,0.026536978111566006,0.00015351242979190106,0.00043687137813052816,0,0,14651,14746,17426,3.221504711462995,14.268511637092761,0.22577720742002938,1.6365528791068673,8.655219682905743,84.89494126820068,1168.3115503105196,138.086921961435,9.808525303623446,134.98346582906055,0.46726361419831475,316696.9103909437,991278.4409819097,147980.94295471217,111913376496.25786,1.4461944374728186,0,131209472974.95364,131209472974.95364,31863204.034352113,131209472974.95378,168602087.50919902,130024119798.53358,1005772320.1220387,0,10978768.788989173,0,131177609770.91924,0.9997626561788154,4.119416010720216,21,101,382295,1972938,382295,1972379,1,0.9997166662104942,1,6084,23018,3042.3574318765895,20117.13120599703,277.0502786741722,403.61538505649094,3,3,0,0,0.9643174616151998,0.9914588539349111,0.9976406838787446,0.9666858204906437,0.9999514436154479,0.9957767071576858,0,244984.75029768993,12.485027666557151,0.0027755047028408353,263.17912672344335,15960.913271913536,26923.193869796392,9.351237872453915,37474.5951436307,36.40792171391397,455113.548146374,197.46108455261287,534,0.9924531835356307,19138.033173867247,167.19568018718928,13171.511138174023,12625.601985824327,3428.354572519553,35616.049690188134,0.5928313464257738,1.0432382672099616,0,0
1530,9893537,1983015,3499638,899414,3511470,0.8045163536703854,1.7837896213897985e-8,0.06962737773756554,0.00005468465742763735,0.0004452401603188021,0,0,14746,14658,17412,6.298468604544638,16.652903370274984,0.3782204498818655,1.7400259072209128,7.376297166413502,57.256719898010026,1047.4143006814718,151.96907823273654,7.762257757010805,141.9973025830174,0.8373637714190391,289261.86781477707,1029190.3770100484,242217.40856109728,111972091026.85233,1.739662664231652,0,131263476381.23021,131263476381.23021,62314132.182178214,131263476381.23036,176303286.7485554,130093211285.97127,979164356.3948629,0,14797452.115697587,0,131201162249.0479,0.9992927045847928,4.169371637687524,21,101,672551,1790352,670809,1790352,0.9974098618543427,1,1,6084,23018,4601.6998152266,18306.30718163597,227.28337626107205,594.486241355162,3,0,3,6,0.9562437515544043,0.9891960946740538,0.9994612258097443,0.9568841158151719,0.9996743865013993,0.9972624851196996,0,267690.5158181334,13.051914075583031,0.0014837830622144296,243.1963891382798,16739.97113697576,26103.61664570673,8.37614334778388,56849.21955662898,37.56144654651168,291930.89233307366,203.7986652049204,534,0.994273408254732,19527.451506272693,134.63514498688582,12458.071884372726,12431.387310051663,6479.503585343906,34579.57528938818,0.641289341786629,1.0021465483823746,0,0
1560,9896479,2168917,3306330,894843,3526389,0.8074945294705426,6.443922316633913e-9,0.04713484847199765,0.000019629743908943287,0.0004527872994021409,0,0,14658,14463,17405,28.737098720054174,13.91459545653798,2.0652485952476343,2.7602545526106512,7.461145611872367,55.317274104739774,927.431312571225,127.83525542573929,7.414045641559053,124.3014626460945,0.9272065764384199,289668.07942055556,1556464.466484199,268582.1482230256,106368329796.9854,1.7426989325178628,0,131221566990.76347,131221566990.76347,284396094.00376564,131221566990.76369,185517210.31859538,130112638654.15094,902727478.428677,0,20683647.86545183,0,130937170896.7595,0.9941947013850714,4.211749139356906,21,101,648587,1656204,636778,1654633,0.981792727883846,0.9990514453533502,1,6104,23003,5195.742861739682,16534.730111420842,116.75816218716557,568.096973726199,6,0,0,3,0.9652793823589227,0.9863924626554547,0.9936225757448115,0.9720002123516733,0.9989035187307655,0.9988594330081894,0,254040.36320627824,13.303961438935831,0.0029207003959276427,197.34902543135502,17267.700719647317,29480.856819382163,7.930870936784645,51805.13609235074,47.69175723151999,356944.0460024933,184.67339321339006,534,1,17688.048749716552,99.9686974394302,13086.816910084925,11851.589387429463,12733.896198919905,31072.695623739302,0.5857258771493603,1.1042246303238974,0,0
1590,9899428,2334904,3132944,890292,3541288,0.8104797353547502,2.328951384581583e-9,0.13668421361979285,0.000006994921083752078,0.00046123877056330933,0,0,14463,14445,17394,28.688888917728317,14.325031024928002,2.002710421206401,4.0543559940602405,8.173792305379406,54.20696418663467,768.4127597319563,108.26070679418571,6.631801024716461,94.0093326357512,0.5566146414747847,308969.88762682804,960650.0674316644,171977.1632279114,68789542962.9329,1.8481085238790693,0,131292176240.13785,131292176240.13785,284003590.2408793,131292176240.13806,192627377.94138435,130226609688.76274,845549963.6920846,0,27389209.741847284,0,131008172649.89676,0.9882188607861135,4.1803003792864635,21,101,524337,1482345,518266,1464775,0.9884215685713578,0.9881471587248583,0.9888695202508841,6104,23003,5061.41114085196,15170.668710228802,101.03819497717735,793.1553059447247,3,3,0,3,0.9672725294216554,0.9874182211857665,0.9866788032372207,0.9802964456521899,0.9975484450976067,0.9989122847253767,0,265473.21254762524,16.06461263570195,0.0026316964646447795,146.61235650657412,14206.152622735006,17344.251817431872,5.399773831006393,32779.22399031085,31.588101642983858,243637.95315617663,129.77677306888108,534,1,12958.84601840127,42.206949049195444,11079.57054543429,11039.15811606012,14741.099256767857,30812.32124973374,0.8190697859020408,1.0036608253047283,0,0
1620,9902401,1891774,3568865,885635,3556127,0.8134143275173473,8.413499897890561e-10,0.21124157562084536,0.0000025297937456943044,0.0004701889975976533,0,0,14445,14411,17384,375.94595190818967,17.318483363999718,21.707787224005777,4.473995507177026,10.182815632725918,41.47302646962425,696.4406996084549,114.7204221134129,4.072844679259111,68.39372573634816,0.00539754058568942,307685.26867149735,1558271.2012524968,1660.7437252731859,74880179842.96361,2.2239556770267135,0,131004108426.88809,131004108426.88809,3722767570.121754,131004108426.88829,215292277.1539003,129910659177.15836,844310378.9286137,0,33846593.64741533,0,127281340856.76643,0.9921788034660632,4.1263682244793465,21,101,683713,1927780,673750,1917318,0.9854280962918651,0.9945730321924701,0.9772705933702303,6135,23014,5931.681864343889,17222.130357848193,68.06664641250597,822.1102018922945,3,3,0,3,0.9620588867852575,0.9886539635867021,0.9809818508293454,0.9814655934184656,0.9970956990191665,0.9986032398358994,0,190243.36769639276,8.81073137546646,0.004926363160360687,131.3755681888194,15483.955451318925,24358.252998597123,4.604567665450005,47035.064309739486,59.62095736410221,489678.9361963747,162.57352822231726,534,1,16297.75753735137,31.654196375345762,11929.04550513352,12490.21570524299,12918.707485775136,39043.238834704855,0.6356759432710836,0.9550712162741986,0,0
1650,9905481,1940785,3512501,881230,3570965,0.8164242623621795,3.039372991148214e-10,0.0977501501791573,9.149290348135189e-7,0.0004784219968722367,0,0,14411,14292,17372,501.7906141423686,25.10186069274543,19.990176038519277,4.125158904656177,12.671797301487185,32.20745373909719,590.1205454926086,93.75917490723567,2.5416642148558726,46.5696010954461,0.9999999999999978,309104.3446595563,704516.3475911,309104.3446595556,92752549117.33046,3.853469749613325,0,131093093942.13844,131093093942.13844,4970477394.365478,131093093942.13869,222573263.04556397,129979927355.81677,845370932.1286637,0,45222391.14767191,0,126122616547.77284,0.992115113282571,4.119381944161878,21,101,597717,1975053,593421,1959063,0.992812652141398,0.9919040147277061,0.9861350029853636,6089,23032,5390.025829538019,18416.06941461967,11.239379086451278,901.9147382765614,3,3,0,0,0.9463886888264476,0.9900396657982095,0.9862517284348339,0.9611612088869187,0.9963510126815326,0.9989881960280147,2,267537.45180422586,12.577745528084447,0.001639040837271134,107.37657354769809,21368.047503911876,22602.443119350057,4.0995851515288395,22332.806521655184,66.57784298447139,204404.82748926897,184.00596730242003,534,1,18934.596715954423,19.510065867662277,12593.231876249878,12673.623045514167,12084.568876330895,59392.97222208466,0.9453866288294557,0.9936568123435908,0,0
1680,9908515,1960074,3485969,876726,3585746,0.8193971292551308,1.0988876520822756e-10,0.03543043259366343,3.2847933024763055e-7,0.00048634936718569837,0,0,14292,14328,17362,458.32893760089996,28.922808562025544,15.84662625754357,2.8885512759529637,15.952329677751173,39.48445094864298,502.7907513549955,99.7868211977074,2.4751526420440157,31.518327511513338,0.9999999999999987,298865.6027764406,885594.9981326726,298865.6027764402,91385457055.42667,2.8198683530995456,0,131389056308.18503,131389056308.18503,4541359153.152355,131389056308.18526,262167016.63826898,129919338570.7114,1157892724.4446032,0,49657996.39096899,0,126847697155.03238,0.9789065264086618,4.1207673947602785,21,101,625130,2076938,625130,2019942,1,0.9725576786596423,1,6089,23015,5344.6143409339975,19829.014905240077,50.919906285242085,733.5531610593265,3,2,0,0,0.9703700099525944,0.9880331313924543,0.982231979977304,0.9891377351618732,0.9947057772917802,0.9980045447558545,0,264303.1600771405,11.99074324224704,0.004068151969607387,90.91421378704153,17538.578969844588,20538.068953556256,4.480430688637429,54553.26804882674,59.21209614239787,1000484.7597229998,245.82715848126122,534,1,25116.71584812612,15.454438814227178,13931.12325370333,13610.150396164378,7637.832679885041,78272.03230476512,0.8539546249214295,1.0235833439158328,0,0
1710,9911647,2087911,3350887,872332,3600517,0.8223966030729584,3.970810508729812e-11,0.01286215410009391,1.1793119061078204e-7,0.0004947714542295543,0,0,14328,14219,17351,408.0527007052118,38.27185289902939,10.661953101193081,1.6516473804123972,20.628576407803966,54.069219654033134,515.1355050198289,89.37186377211306,2.621083422585491,24.971936736504453,0.7299203115097543,387901.746200312,283137.3634217077,283137.3634217094,90421374144.38542,2.3231025551371864,0,76440379030.2234,76440379030.2234,4044474326.7862716,76440379030.22362,469024975.02609336,49212629150.803314,26708131622.90508,0,50593281.48912373,0,72395904703.43666,0.9791487469684721,4.2094125663779804,21,101,503504,1970496,503504,1918910,1,0.9738208045081035,1,6089,23192,4509.723098343499,19381.606688883832,120.57108928395739,574.6798453953005,3,0,0,0,0.9700353700891761,0.9913265828731074,0.9784381543442942,0.9916667281382713,0.9955396340360132,0.9989535839757206,1,260814.4149102112,12.920058168927914,0.005682896026849867,64.20191784894527,27880.72611944509,29245.69618703264,4.6104290798342085,41027.425662040725,52.50160369456189,606806.7514098007,248.5421630578264,534,1,24224.056189577386,16.362288546740025,14197.259179422264,13071.131660033605,1554.5936694984393,46712.45371502944,0.9533274893215649,1.0861537890274577,0,0
1740,9914831,1952662,3479021,867879,3615269,0.8253699636006004,1.4354931704095067e-11,0.004661757142159214,4.203748693989669e-8,0.0005033872992893172,0,0,14219,14156,17340,330.2764740691075,37.433344011860434,8.82305556149251,1.611317696428454,16.948996663776352,64.43791352029301,541.0500878595268,86.82014007790966,3.8018718628938477,31.9222487674369,0.9974082225458282,296923.76455203135,701256.4162002504,296154.20423345757,89607255952.50905,2.059707684632086,0,76010772446.34868,76010772446.34868,3274635423.6704593,76010772446.34889,487071718.6678719,48772951757.63042,26700155688.561474,0,50593281.48912373,0,72736137022.67755,0.9853462221474084,4.331684977412768,21,101,486685,1966812,486685,1930859,1,0.9817201644081895,1,6089,23200,3781.5208721794093,19629.940327103894,184.50422137342136,537.8409686807745,3,2,0,0,0.9726435502924848,0.9917828996078316,0.9847981246638938,0.9878473687699544,0.9966945423490581,0.9987495134192508,1,256486.1736616638,12.731243294599667,0.005162377051024067,43.049128318151176,19913.813711732488,29677.679035692243,5.157074592615414,46603.28323902546,57.31664238327968,207815.65852945985,193.25667811550062,534,1,18463.11610329342,22.593649467620757,14946.738154226123,12796.567235142547,1979.7035110930767,31525.462675451603,0.6710030689321387,1.1680271653774985,0,0
1770,9918191,2164741,3259931,863537,3629982,0.8283485158180992,5.188468318162037e-12,0.00168955891182836,1.5094745854885682e-8,0.0005115852275883778,0,0,14156,13976,17336,237.0572708285137,38.07317943250023,6.226358669330242,1.6797152114145004,9.114396763098625,53.478680124204125,485.4294772956678,76.06166383992961,5.86749529499558,53.25963856006595,0.9567503344596249,293506.0244075795,765338.3069295012,280811.9870178665,79933361994.93318,1.8893576358156388,0,76132055776.35646,76132055776.35646,2351179290.015553,76132055776.35667,519513865.88336223,48868144598.84426,26693804030.1399,0,50593281.48912373,0,73780876486.34047,0.9901993015260767,4.581007189122301,21,101,417167,1858079,417167,1835780,1,0.9879988956336087,1,6089,23214,3035.6792101344863,18719.07240177933,262.31412661743286,505.6627037730036,0,3,0,0,0.9774912898474493,0.9936217410726225,0.989536631948831,0.9879548236824109,0.999354764778717,0.9988852834827338,3,259234.1210430115,13.807734724856545,0.002320254574772016,38.50281572888954,9364.848857083936,25130.68025113426,5.406431836494812,35161.011235531216,53.845433838083835,326595.6826520119,156.1305238491288,534,1,15850.842018819869,27.941962293196006,10951.316794779863,11931.44204493109,2203.651686981386,46466.41242989867,0.37264605508087106,0.9178535799394325,0,0
1800,9921419,2406114,3196930,859288,3459087,0.770719451783709,1.8739645332205997e-12,0.0006123584354657658,5.3822986504752516e-9,0.0005189781824555539,0,0,13786,13887,17115,307.13351854327243,31.407582477366507,9.778960821470562,2.6031156793266153,8.650142493211925,42.631090728632905,445.10407133651626,72.93989692742198,4.928368609197714,51.45627042396183,0.6833766864959698,414625.40451638453,283345.3350754573,283345.335075458,69913427482.02586,1.5999880410554062,0,77242251527.63638,77242251527.63638,3047200326.4115853,77242251527.63658,530069431.4369103,49967123835.39804,26694464979.312504,0,50593281.48912373,0,74195051201.22427,0.9906822667643211,4.755216102861812,21,101,460345,1651864,459712,1632816,0.9986249443352269,0.9884687843551285,0.9976277208130959,6105,23218,3727.7831761933435,16768.566154430704,228.89969173996684,596.0460077418758,0,2,0,0,0.9730536868150742,0.997357541297421,0.9868892482772927,0.9861700838699291,0.9999825160203365,0.9989783767101498,3,253296.9662326455,14.525796523591303,0.0007622241467072874,42.31424437408879,21430.17073626369,23484.553539888955,5.857090507577485,44432.45901661201,50.20579988143184,516006.16208327137,165.62234166498217,534,1,17096.234166498216,29.925745005413884,12190.948649547272,11248.68742138281,2440.989372283539,55414.5887155958,0.9125219561812893,1.083766326938137,0,0
1830,9924480,2489540,3105658,855061,3474221,0.77374956167771,6.773390297514987e-13,0.00024378830661500296,1.9193455167307e-9,0.0005256698587734572,0,0,14092,14499,17560,300.8341617847751,32.04854802751531,9.386826558460424,4.957604082016369,9.786731539770665,41.31891664059243,485.6767516707842,74.61052340375394,4.221932161179999,49.626042126232186,0.9868451377387141,310952.11598011747,630594.228533144,306861.5837245436,64963351117.87264,1.9198682481639728,0,66216146213.77793,66216146213.77793,2985622621.9494367,66216146213.77812,449909012.17207366,39677595454.20018,26039727212.121025,0,48914535.28484097,0,63230523591.82815,0.9909916935625974,4.918250995260865,21,101,560406,1465613,554869,1452899,0.990119663244148,0.9913251315319938,0.9857684219293315,6110,23319,4833.340334047213,14532.815726403753,150.06751017019226,658.5512145029311,4,1,0,0,0.9769204369734111,0.9961510165250513,0.9850766554333904,0.9918675928005611,0.9998970404533348,0.9982475145439339,5,264058.2193598118,15.7821951157591,0.000871958030197307,41.54158206856837,11705.954940907028,14644.495034226162,6.185099703931883,42098.10493730705,49.122101162660975,473683.8842893703,194.85395960325172,534,0.9967277260614615,20019.393722784727,28.824118049371524,10612.685936263058,10604.562383269216,4348.451860470659,70075.00373350678,0.7993416579778703,1.0007660432085965,0,0
1860,9927527,2493376,3093950,850895,3489306,0.7767939440082787,2.447826984267564e-13,0.00009622395714236424,6.798899783180217e-10,0.0005337683795773107,0,0,14499,14500,17547,356.1031772978739,32.76758196297058,10.86754517621388,7.37780345989822,11.655891535486994,58.945218081506006,663.9238548699855,79.34260591357557,5.057117930622818,56.96036659646611,0.9991618105824515,301756.2381047051,735687.542797466,301503.3092192465,70504673314.55894,2.41170892488981,0,66396056911.21078,66396056911.21078,3535223907.4099555,66396056911.21096,462737239.1468647,39853977947.242935,26039727212.121025,0,39614512.700134546,0,62860833003.80034,0.99052180596417,5.069295023391367,21,101,652180,1554464,633541,1552188,0.9714204667423104,0.9985358297136505,0.9815301858046285,6110,23315,5624.567410940051,15016.216460611602,132.8336735985077,650.5569971087955,4,5,0,3,0.8553248687217128,0.9919390947001009,0.9881867383462176,0.8632099407241569,0.999634319198058,0.9979664264259441,11,255504.64701281785,14.027611676259108,0.0005702247533291033,55.70933327308669,11668.863310581037,24304.155956571078,6.509729009679979,31682.860982050966,46.440206419479345,384725.2403974472,208.8723075772427,534,1,20323.80221746685,38.71390266680816,10639.852982603217,10698.180942273091,7203.340628944363,38868.37416198507,0.48011802308346135,0.994547861923012,0,0
1890,9930658,2557453,3021448,847360,3504397,0.7800383982436684,8.838693385740116e-14,0.000037707148684261006,2.4589003854587727e-10,0.0005409510628600843,0,0,14500,14403,17534,296.5465132579766,38.62683752164453,7.677214400267867,6.769823487597812,11.527763785302442,78.1203747570391,1038.9141087101848,116.35635825274288,6.776715433451219,90.12277906273285,0.7740843867968853,429585.1487798246,332535.15647028235,332535.15647027927,75929720664.43945,4.043689164704232,0,92353961933.18115,92353961933.18115,2944902004.2569165,92353961933.18132,462753701.07324797,65784205817.31988,26071206585.41476,0,35795829.37342613,0,89409059928.92366,0.9846231749439022,5.208988731546786,21,101,579136,1650453,569636,1625669,0.9835962537296938,0.9849835166466419,0.993996401468433,6135,23316,5215.960363733202,15222.679463614759,100.36215923433086,518.2054836227118,3,2,0,11,0.8849209431783932,0.9889618283675005,0.9884420283661964,0.8949770488398306,0.999092967172342,0.9989557290810384,18,272873.4001486741,14.91583539318723,0.002564646624117745,76.89065198036369,13312.595807518966,29214.20956248545,7.524614332849513,49346.384060403434,52.28133372598727,250821.0173616922,168.00031721277662,534,1,16192.005225153536,54.30051885120576,8282.14259218143,10717.132708717882,10003.482134864676,30626.61749992766,0.4556890638798572,0.772794628683127,0,0
1920,9933837,2448107,3122370,843944,3519416,0.7833009632747788,3.193486324249734e-14,0.007505654338602489,8.832400455035928e-11,0.0005480259037872274,0,0,14403,14346,17525,194.05015847631438,44.22461317545534,4.3878316743313475,4.1655791862997225,8.942999565645735,73.21985052129305,1115.1822516397694,130.19805277966682,8.1873928298694,124.69890481977754,0.9894511931432847,293065.27432613523,840069.3910537361,289973.7853508585,88410338374.01279,4.521405187313407,0,92458035850.18968,92458035850.18968,1927662644.1276283,92458035850.1898,488702763.0666605,65833768257.2851,26105655196.214367,0,29909633.62367189,0,90530373206.06168,0.9637319316688567,5.373723550312569,21,101,621046,1692394,618097,1611439,0.9952515594658045,0.952165394110355,0.9909936598297072,6135,23501,5486.5854227535365,15291.86323022176,64.43499260497926,559.3076527106634,3,1,0,9,0.9614206953768735,0.9907097099775432,0.9849536372738593,0.9764795019774036,0.9991330923498849,0.9991023612596879,2,239298.849048318,12.879748021919431,0.005734410794082797,82.65505282380643,15645.69451535447,26353.552249369004,8.578468982981644,38142.53828068383,79.73342851874402,259757.81146560877,175.2228313357227,534,1,16717.229436217538,54.446567060954585,11313.099854316499,11173.095585828556,2665.9388769332413,29001.947752418037,0.5936844630017224,1.0125304815852034,0,0
1950,9937134,2342183,3219866,840663,3534422,0.7865959109673432,1.1536932522162333e-14,0.002839503192973864,3.109721056039037e-11,0.0005562972180912525,0,0,14346,14217,17514,126.52746964296718,47.118417687305374,2.685308120545316,2.1743020113002793,8.338787468664718,65.50393503873407,1257.323544174231,125.52026798640422,7.8553309200987655,150.78014026607218,0.9745348451845116,305651.9142981061,500594.0776220091,297868.44098085444,93313314573.747,4.95306786448485,0,92634139975.79231,92634139975.79231,1257320420.5228634,92634139975.79248,535147940.1586868,65962717837.5129,26113070126.3736,0,23204071.74727644,0,91376819555.26915,0.9711961684139881,5.541448560783297,21,101,625140,1645669,625140,1580261,1,0.96025446186323,1,6135,23509,5571.628098171071,15301.220200579684,93.40863874370191,768.148091497691,4,1,0,10,0.9630454028508038,0.9898435944850428,0.9902861439506189,0.9727744357332393,0.9993446711826119,0.9991683221346757,3,271829.3208731935,14.790742592745364,0.00154739987443699,65.69464811641816,8385.194541270486,24344.05100302266,6.845068879872224,42931.75390915378,68.7207200900299,248152.15277705944,153.233276960505,534,1,14686.973610688485,42.11430560113337,9200.183848816381,11064.655175448788,4257.680350317582,28731.45526990702,0.34444532424900626,0.8314930472691587,0,0
1980,9940503,2490950,3062900,837251,3549402,0.7898400208864121,4.166332806936298e-15,0.001072051733183434,1.1156735998484078e-11,0.0005639553652365479,0,0,14217,14135,17504,51.56854669261225,35.21070058216082,1.4645703107293182,1.7194082011265397,10.041441989596036,81.75780353941427,1274.108567418018,94.6575779270705,8.142038128002307,126.88501997403613,0.9522149786650937,293220.1507071538,399640.3388462927,279208.619549788,85308931705.36092,4.463973691154565,0,93132160705.00348,93132160705.00348,512617293.1033822,93132160705.00363,584486667.0612764,66237023918.01524,26293903432.085384,0,16746687.841708394,0,92619543411.89986,0.9972860808303076,5.80136231177951,21,101,487361,1450427,487362,1445167,1.0000020518670965,0.9963734817402048,1.000004038185078,6135,23727,4484.5017638371,14103.042418800833,182.43658699696215,852.5568581781332,3,1,0,18,0.9361850657947357,0.9937791322279478,0.9955321768148376,0.9407088142490291,0.9993432863306826,0.999880839297599,0,261625.03320664473,16.245553875153938,0.0015380494667863907,50.362803931262896,6376.648167919814,18792.709766940934,6.870949228195968,24820.330838736285,64.2515660730028,116507.4891371648,129.31759480430674,534,1,13465.759480430674,36.02787143587996,9634.007266637207,9957.048685769452,3236.3888156582425,45648.98445254732,0.3393149921964554,0.9675565090292333,0,0
2010,9943863,2682138,2863338,834045,3564342,0.7931486855231183,1.5049591122604137e-15,0.00040399248244020095,4.034962026503383e-12,0.0005721116632439525,0,0,14135,14133,17493,31.911209657500866,34.43003901071394,0.9268420999340353,1.7410832168114272,10.282349247593167,82.42367449287887,997.287723434246,81.19439272556303,8.016035295841768,96.9902596595506,0.966842909974024,318544.02658871963,894201.3882628428,307982.0336218806,70486607999.62193,2.8663202740003664,0,93513377619.29405,93513377619.29405,317320696.9983132,93513377619.29419,619939145.023051,66538188122.15436,26349879461.77532,0,5370890.341451821,0,93196056922.2955,0.9997910911621144,6.107042492003341,21,101,444116,1379646,444116,1379265,1,0.9997238422029999,1,6142,23774,3698.1363733498965,13182.476884614149,282.58877109844946,1182.7954421539214,0,1,0,32,0.9864971102007709,0.9924843580227999,0.998226726949956,0.9883461507370244,0.9987327151209017,0.9996340789470589,0,263997.05237136054,17.374123282277957,0.0012463290856994458,51.829532739318616,9479.644343847835,15050.881631077584,6.912894894495897,20901.77705689882,69.10259403144728,144695.21796491052,171.15022830909527,534,0.9977247234604465,17649.021090774873,36.49344566708926,9095.385276433975,9289.544695197028,2595.1318981076633,70721.22052727491,0.6298398044852027,0.979099145853355,0,0
2040,9947155,2882890,2653780,831217,3579268,0.7965952458788406,5.432756309182999e-16,0.00015198030509779728,1.4592904732653409e-12,0.0005797637615981655,0,0,14133,14192,17484,20.41105209586479,25.364765342644446,0.8047010023604974,1.7490623169463058,9.514986192624303,70.04005066620827,873.0203741782578,72.12151069227488,7.3610249398470975,91.7521430409425,0.4695882385360576,953982.811567294,447979.1080775633,447979.10807756125,59505254155.3384,2.2251653536642366,0,93546669828.13309,93546669828.13309,203031898.9105077,93546669828.13324,640646957.7773916,66364812312.27415,26540187935.223278,0,1022622.8584273292,0,93343637929.22235,0.9998779956324783,6.283214245392131,21,101,313268,1391589,313268,1391381,1,0.999850530580509,1,6146,23752,2390.0166734402933,13029.51581056822,411.69344069924097,1236.938474301862,0,0,3,36,0.9653004348610235,0.9897777357240624,0.9991462454175125,0.9662492302321949,0.9975857666242623,0.99946423931643,0,270301.96379663114,19.028102357491623,0.00026751053442066017,60.126107458551054,12642.502043047012,13267.68444100827,7.266056372883788,41771.616248054226,65.34919166029499,241140.44667686333,208.14510247503543,534,1,20561.4821378889,34.98737793233674,8458.561724484247,8171.823960463059,2095.702418527074,43301.038128637694,0.9528793135877637,1.035088587983354,0,0
2070,9950556,2499800,3028657,827966,3594133,0.7998794238609435,1.963532640510446e-16,0.00005708366202139264,5.277692011412531e-13,0.0005880073435092471,0,0,14192,14074,17475,72.30869423216033,25.667480170115596,2.817132564354668,1.815805311867242,7.414276630483891,43.591237852564035,641.782218491212,64.92384619836898,5.879364909765859,86.56032819877753,0.9999999999999996,286710.43070982606,1606798.800808817,286710.43070982595,63607832102.03562,1.8516918565235265,0,69453596231.62274,69453596231.62274,719511711.2438642,69453596231.6229,840217231.7076248,43974437235.32365,24638396348.22302,0,545416.3686074128,0,68734084520.37865,0.9705628979805739,6.3983679396520525,21,101,591557,1637195,591557,1571587,1,0.9599265817449968,1,6129,23680,3767.8291723347766,14653.159908743059,313.5132917086383,1196.5110852279843,0,0,3,36,0.9663825563404648,0.9876516379145558,0.9909420963015044,0.9754721972118333,0.9964490908614909,0.9997568266584801,0,245822.2663212665,13.636943244902781,0.0007431425337968292,46.86043071543052,10891.60237637348,28497.984548173557,7.735164237932976,32899.20653137927,59.70224607632814,591810.8565375261,191.56779485716334,534,1,17647.66927114335,27.36614522324887,7864.895443469796,9713.842103224611,4733.977995498052,25944.686707747955,0.38218851434781637,0.8096585635110295,0,0
2100,9954075,2443080,3077429,824565,3609001,0.8031081916540667,7.098346510813697e-17,0.000021409147296095508,1.9087380804317073e-13,0.0005970419149946127,0,0,14074,13943,17462,261.44374922279815,23.53079290560628,11.110707160255037,3.492514094956887,5.507434491103968,28.03883534939098,546.4129977792703,75.36703951665768,5.091088308845337,99.21370806350555,1,300849.62606930616,560479.4259932082,300849.6260693068,69315999647.51999,1.653982081770188,0,69595081789.88467,69595081789.88467,2602430688.0446916,69595081789.88487,834569478.6024878,44093377105.36414,24666589789.549633,0,545416.3686074128,0,66992651101.83971,0.9453286006410744,6.492872184912333,21,101,503352,1745685,499098,1626981,0.9915486577981214,0.9320014779298671,1.0000081218933758,6107,23704,3975.6051082942545,14782.306415008277,175.53539278894104,1200.695997345616,1,0,3,30,0.9510259397100321,0.9920804982300934,0.9685816735143544,0.9786969059043468,0.997124223474435,0.9998782380445482,0,235749.44652857503,13.30615352648185,0.010988225826118064,31.399081840370137,10440.258194357588,21137.987524991553,9.99036971437915,0,88.10156644494661,209324.9141676253,118.20707883810888,534,1,11845.885365032242,21.733442008237198,9635.644572353385,9621.613938548977,583.6011930513993,31336.03474867657,0.49390975285674743,1.0014582411946706,0,0
2130,9957618,2432608,3080102,821088,3623820,0.8063018007477266,2.5645939640527166e-17,0.000008018509016411019,6.903171029707405e-14,0.0006050643838717252,0,0,13943,13906,17449,165.97318103809573,23.87743729323063,6.951046672213434,4.804517740506801,6.052399871007477,33.81999974782271,559.415204822185,69.1319473064886,5.587866047950508,92.42865916740318,0.9950965159510371,289344.4566763765,929717.5391758975,287925.66074840806,72813282110.02007,1.4970513765391367,0,69631608431.31662,69631608431.31662,1652697535.0218017,69631608431.31677,820810894.9256334,44098484790.998116,24711402203.242146,0,910542.1508896978,0,67978910896.29437,0.9498071374444946,6.451947475164452,21,101,602501,1619807,573082,1537682,0.9511718652749124,0.9492995153126268,0.9937021222937165,6065,23741,5039.748005226991,14253.976411761001,42.65827722499274,889.6569958730091,3,0,0,27,0.9462316500616047,0.9947118839179975,0.9556448332944384,0.9875577861903253,0.9977433760390648,0.9999365999831794,0,274589.0927426815,15.610788856130663,0.0026427944124632987,28.607840229844225,10631.622720572472,17310.59757464311,7.976366742822334,28693.43735861587,59.689156819618574,387049.49201372155,167.60436512631438,534,1,17294.436512631437,20.70384895174834,9997.549488992861,10373.816647087884,502.6826088640736,65352.73097819352,0.6141684407328534,0.9637291489819566,0,0
2160,9961171,2663738,3033058,817660,3446715,0.7485567325914426,9.263218615060621e-18,0.0000029994319289558185,2.4966112822883245e-14,0.0006128797507843204,0,0,13709,13671,17224,221.21679450238932,21.753590959813494,10.169208151015354,6.599722622516195,9.918209392128633,47.26664576214753,617.7895298045311,69.60375932608076,4.765643060496349,62.28841370245985,0.6479017459424883,452315.7060565646,293056.13567125855,293056.1356712575,71974199655.33887,1.5631714167111461,0,68811682160.4494,68811682160.4494,2203578318.1097546,68811682160.44957,816607694.8888111,43277769827.46758,24716394095.94228,0,910542.1508896978,0,66608103842.33913,0.9752965117134076,6.43528974242068,21,101,540238,1635730,525245,1596969,0.9722474168792273,0.9763035464288116,0.9789640226849841,6065,23740,4967.328167030659,15202.957783188576,85.38072872875331,682.2700998931612,1,0,0,12,0.9324863218309275,0.9952534837446073,0.9468039184396666,0.9856826058321524,0.9968852077519925,0.9998742727682602,0,263367.76412349765,14.892056924899993,0.0008566390915576865,31.86932444723092,14174.187503157353,20918.38989395183,7.8708393098895435,51832.82740088066,55.94681490992974,509892.38592037297,201.29744142780586,534,1,20663.74414278059,22.025557876390003,10878.584041242715,10797.283877972282,548.0786548613132,65194.125835830106,0.6775945746787883,1.0075296865572179,0,0
2190,9964480,2371333,3316932,814262,3461953,0.7517608620554773,3.346778575812543e-18,0.0008344884677178721,9.014157723067434e-15,0.0006202029609171778,0,0,13881,14371,17680,326.0610844859045,30.079244643835338,10.840068902884829,7.458155620350447,18.09701890692482,83.50817610472241,687.9898444553218,79.04958073813496,4.614471396323072,38.016750051140335,0.9864152013517792,312867.2778919145,661222.3749717629,308617.03891813586,85114926858.25934,2.05249260897129,0,68755675230.72762,68755675230.72762,3249029155.1374807,68755675230.72777,818094005.4017134,43214969620.987915,24721701062.187244,0,910542.1508896978,0,65506646075.58942,0.9715180870254624,6.305637863387462,21,101,556016,1981770,542575,1922930,0.9758262352162528,0.9703093699066996,0.9873598788669595,6065,23740,5008.393353412469,18780.762410763822,108.0368235684198,477.8053728284818,3,0,0,6,0.7901141127580742,0.9934978729427896,0.9578319700527677,0.8198997552488254,0.995953514862245,0.9997755870563425,0,235878.4153190261,11.480572879910255,0.001196866883818582,43.013186534838916,15987.359607179216,24653.39174709747,9.402265709573816,49059.03759071079,54.61326887629727,479901.3939407452,240.12352350244979,534,0.9998726589540456,23840.224049192006,29.947349599282003,11591.531206046995,12021.142151296768,1631.2078585492739,55102.87594375292,0.6484851971356624,0.9642620526533389,0,0
2220,9968027,2334640,3345234,810952,3477201,0.754973261730806,1.2098447922564532e-18,0.0006024522656800799,3.2600739247062316e-15,0.0006278072882426983,0,0,14371,14120,17667,279.4514181611527,47.66962972600855,5.86225275437128,6.548907248500717,30.95326214475783,146.8685840958252,909.0645417827709,117.28276379167158,4.744849942115019,29.368941390777707,0.0019212168093653004,308167.1463695419,772833.0591228195,592.0559016992844,99343710178.75983,3.435420827344266,0,71990742985.48521,71990742985.48521,2785579281.4178267,71990742985.48535,809022508.0138687,46451202685.58208,24729607249.738533,0,910542.1508896978,0,69205163704.06645,0.9657236167409535,6.2368581903980616,21,101,626409,2147746,624602,2054465,0.9971153032603299,0.9565679554286215,0.994530937882108,6065,23770,5502.124601390714,20254.666770900796,54.52433909847787,281.3470070204336,3,2,0,6,0.7561447298352477,0.9919785728136757,0.9594850369014826,0.7929954805800999,0.9958315719739578,0.9993697186933544,0,271926.224897486,12.18004140534683,0.0007377309952075162,58.10556308096739,28391.7030683979,37705.15226053188,13.203480621519908,72722.30439633137,59.41272617115675,328924.3050357572,198.3159326100001,534,1,16981.75949349966,40.93672036685994,16630.597748544682,12456.182304518323,3331.16668714331,29510.37517732775,0.7529926645626386,1.3351279984487818,0,0
2250,9971439,2278811,3391696,808530,3492402,0.7584739777236851,4.371439199960037e-19,0.001756128116880996,1.179043269605988e-15,0.0006358159539460653,0,0,14120,14241,17653,120.68356214341841,82.65016638693774,1.460173250933607,4.3395970669922095,50.7523233182822,203.9687535371023,1195.2826776784166,152.70429700035493,4.018904755511515,23.55128986278047,0.984699522804351,601931.5604910062,900272.3791073177,592721.7203763722,126316415669.76973,4.899479089959364,0,83296417000.04277,83296417000.04277,1203388778.2149396,83296417000.04288,809361930.1965314,57227399943.484245,25258744584.211246,0,910542.1508896978,0,82093028221.8269,0.9729807638769954,6.234659418584888,21,101,601028,2236654,600838,2160172,0.9996838749609003,0.9658051714748906,0.9993870908428146,6065,23915,5506.218701509172,21486.885385154383,34.53795937092349,185.89833019070957,3,1,0,0,0.8327553576861273,0.9911246803963883,0.9726594505722043,0.8564600332482754,0.9969851171342436,0.9967185491614892,0,257908.7204611668,11.20932066719788,0.001232314349300637,62.00413477762624,16591.66794624336,26032.60884615013,12.270832462541282,45192.440682519285,73.46380824734045,170190.3132963206,319.30877007433935,534,1,32464.877007433937,47.19808860672736,13330.64621922739,13337.58332868621,1284.7219217560673,133948.70535915784,0.637341729532307,0.9994798825778355,0,0
2280,9975113,2020014,3641505,806012,3507582,0.7619146027770992,1.5793176028301238e-19,0.0006737869798891422,4.2641457332242726e-16,0.0006427997357022422,0,0,14241,13972,17646,108.22358604862387,127.25644381629859,0.8504369822313308,2.6589972104262705,64.16842125943515,255.43446091993738,1597.3363144142359,219.9658753985961,3.980687944420621,24.892872273671028,0.977099233525219,301445.47228585614,393844.4023492805,294542.1399201577,173088791853.29926,6.551430599325605,0,210128235575.2418,210128235575.2418,1079542500.0993352,210128235575.242,775110061.9418175,184047262984.49036,25304951986.658875,0,910542.1508896978,0,209048693075.14145,0.9778375626375235,6.411847938511426,21,101,512437,2355253,512439,2291696,1.000003902918798,0.9730147886447867,1.0000075950328484,6065,23915,4937.881984947395,23390.434019479406,87.13036018672693,112.41308193832343,3,3,0,0,0.9312837942384342,0.9891846160740024,0.9804662141430899,0.9508204750366378,0.9993741013017842,0.997498690278336,0,250769.75875234426,10.731427356486515,0.001333237838876707,94.7398570810656,5710.651619999879,38558.277540701114,13.910580450608922,23504.917784046,79.2790276336059,308569.34478570236,253.6418078127975,534,1,23338.44491823854,73.89099313878178,10324.720518338447,14819.265624205975,10726.604871323996,45660.45302595184,0.14810442748569003,0.696709322861041,0,0
2310,9978776,1945955,3706480,803588,3522753,0.7653942062137822,5.705815408417667e-20,0.0002576325368812803,1.5370196155539473e-16,0.0006493782403773769,0,0,13972,13968,17631,138.31396813945167,159.7486588349715,0.86582240594794,1.8682620316604464,85.83888339490049,330.6782220578793,2126.418090858352,305.2046915811592,3.8523127163315847,24.772201207182505,0.9999999999999984,298933.2450156675,717842.2078747839,298933.24501566705,242602432800.03943,8.247555172882743,0,324412677688.3126,324412677688.3126,1380204105.733811,324412677688.3127,729718818.9320573,298403920030.1194,25278128297.110313,0,910542.1508896978,0,323032473582.5779,0.9847028278235306,6.547271560140811,21,101,544842,2366938,544711,2322527,0.999759563322945,0.9812369398775971,0.9995541275535558,6065,23915,5050.101685804379,23431.032278719504,108.17913874791017,83.32478664295566,3,3,0,0,0.8888997581205371,0.9953902341789005,0.9884463696771579,0.9004385321104778,0.9999361841642821,0.998022446003786,0,274863.8772719567,11.503637044652313,0.0013452320256524897,146.53520787815802,21770.14868279659,30684.662122143018,17.839154420122135,62513.62223046115,74.05177452979689,534380.1000214606,338.29996671194317,534,1,25654.591692291113,111.12751782226034,17035.976240602085,14803.824882996189,1967.1878345134373,88990.14294448662,0.7094798240286493,1.1507820698534315,0,0
2340,9982529,2146146,3497135,801375,3537873,0.7689229014114307,2.0624979625819083e-20,0.00009820728407957366,5.5495282562285666e-17,0.0006572482784673102,0,0,13968,13871,17624,33.40661731029894,185.2776869276656,0.18030566909733303,1.8806812340563663,98.77226522039818,387.206216948219,2624.063350987024,356.3130348497264,3.9201917267384307,26.56680339497883,0.5459841811371172,328966.7331408545,707794.7720875269,179610.63241526202,291050275288.1351,9.687449083190767,0,349081914967.73,349081914967.73,333482526.09106904,349081914967.73,673173889.5766631,323299824084.74036,25108006451.261993,0,910542.1508896978,0,348748432441.638,0.9923741531876061,6.694489228257818,21,101,508133,2220482,508134,2199673,1.0000019679886958,0.990628611265482,1,6065,23918,4623.41076613668,22600.727760834827,120.06955611796921,198.34370047793155,3,3,0,0,0.9450356862327552,0.9943179612229633,0.9944573190270333,0.9506514467453807,0.9997920047496801,0.9980738500195537,0,256415.65529443955,11.36339430222787,0.0006757236309431348,197.9760596937015,21029.944339158825,29688.878846481548,18.03284799872962,42348.142380870406,48.805988595815876,246249.4419314465,246.8395710002408,534,1,24212.63136306392,139.90234902020336,15325.193102926396,14280.698339201776,2934.298937337477,47553.30851417507,0.7083441731802244,1.073140314214004,0,0
2370,9986212,2248021,3385899,799365,3552927,0.7725157616721572,7.45316702638797e-21,0.001684349017998368,2.0070507881455952e-17,0.0006658180298996256,0,0,13871,13929,17612,37.328205670032894,165.67784752830843,0.2253059550623075,1.8610915890467297,52.34041307357586,348.713227468093,2350.074631427453,354.24797078915,6.6624087772845915,44.89981055602123,0.1526237425967305,922007.825351072,367213.91340426373,140720.28500855333,294295876722.7852,8.504001924415087,0,350704375206.06537,350704375206.06537,372767375.3996478,350704375206.06537,639542964.788581,325014138428.6445,25049783270.48142,0,910542.1508896978,0,350331607830.6648,0.9997419805604086,7.111704350689945,21,101,476827,2030736,476829,2030087,1.0000041943933544,0.9996804114370357,1,6065,23919,3926.2277149352913,20909.963693076734,218.76714170940755,387.5078130395534,3,2,0,0,0.9339143051638776,0.9942155577727653,0.9990429944760879,0.9350085309652313,0.9995040839800774,0.9977645325813966,0,264863.538191923,12.678376372814549,0.0008282472260821473,204.1307055941741,20114.14573442027,29063.8664542937,21.882162306574916,41158.20500877969,48.42706023251722,282769.4856943213,199.9728792121776,534,1,12545.709067695203,144.30022284363363,13617.278726550929,13348.8274915303,2930.3817132502036,48941.59802753622,0.692067098713521,1.0201104730127764,0,0
2400,9990102,2299885,3325018,797233,3567966,0.7760487603075111,2.6920722254810017e-21,0.006822955623812522,7.258730256350542e-18,0.000672165309223069,0,0,13929,13713,17603,84.98604398528883,144.83088754456384,0.5867950229825043,1.8485699398667363,26.18646896349902,250.50251290330334,2000.7704319028583,326.3506611457782,9.566105046559562,76.40474302555668,0.21124509892146492,2788570.748409218,709221.9035972079,589071.9035972089,334242103369.40234,7.051317789945901,0,350440338133.05835,350440338133.05835,849019247.9886073,350440338133.0583,599217643.0519774,325247583441.1435,24592713844.472183,0,823204.390617106,0,349591318885.06885,1,7.487402684596416,21,101,499328,1811063,499328,1811063,1,1,1,6065,23919,3836.736675143899,18992.5498166992,269.74484893513113,712.4280185074737,0,4,0,6,0.9855505501819896,0.9932378394708465,1,0.9858438845940751,0.9989983127912782,0.9978905749421225,1,257501.65691590775,13.374445637084342,0.0011481916284793662,197.75101531805723,16298.904483587175,19355.743108223167,15.563788652557227,41831.54391275858,52.66340486036303,328228.4210756208,230.2147321836634,534,1,23555.473218366336,134.86232828720736,12570.0525193564,12547.959268868419,3737.2699084670558,65504.16172391319,0.8420707173295087,1.0017607046703438,0,0
2430,9993922,2409395,3206549,795033,3582945,0.7795622605923421,9.731103857578172e-22,0.036436287947236475,2.625203370321321e-18,0.0006796130688232308,0,0,13713,13776,17596,66.1416299907299,171.36387380586794,0.3859718417993947,2.422658246366786,15.841455533331017,123.66576174489593,1497.742991968737,249.6873661735422,7.806464594411702,94.54579402867556,0.5894324229221972,315929.4171604075,1005288.3950518046,186219.04182925657,314616596089.6248,7.79131549411842,0,312440117231.68866,312440117231.68866,661014291.0794135,312440117231.6885,196924174.99389252,311326309071.28906,916518859.6232944,0,365125.7822822849,0,311779102940.6083,0.9882383454117929,8.017483759702515,21,101,582051,1750614,572370,1732859,0.9833674368740883,0.9898578441621054,0.9997114623715507,6065,23992,4675.329320128629,17571.07711078236,186.25388660894114,561.5057561162438,0,2,0,6,0.9506368437633222,0.9895408118158466,0.9798477717291614,0.9709561375915035,0.9982378138937673,0.998422289291134,13,240097.24290785627,12.498397837673721,0.0025030302104196824,202.79233464976102,20641.21772884947,27518.292134873816,15.956482568147987,42331.408303051,68.85328525991116,290212.9568011486,335.3259796667745,534,1,28618.355113322734,111.69452224881078,12408.207737743116,11844.91650362364,7957.2993376799395,47253.50710956284,0.7500907987923765,1.0475555259462699,0,0
2460,9997794,2540474,3066585,792817,3597918,0.7830727302851638,3.51729626219749e-22,0.01825832729162073,9.478473400682152e-19,0.0006867514973803221,0,0,13776,13709,17581,20.74856092973492,135.6476397439521,0.1529592477163614,3.460949797082753,11.964854047883183,82.25977122901179,1160.4139951842528,218.4813932170123,6.875116980099323,96.985219421841,0.40514723052505874,319777.6927129648,2257255.98001503,129557.04658635096,229694760301.70505,6.14861180984152,0,312403721388.99414,312403721388.99414,207439837.9710313,312403721388.9939,191909154.5715768,311314968249.6474,896478858.9927285,0,365125.7822822849,0,312196281551.0221,0.9940267474540182,8.450465504941587,21,101,585844,1710225,579723,1702631,0.9895518260833942,0.9955596485842506,0.9868985717201157,6133,24059,4998.415000841213,17052.054664306095,101.13985762578804,778.4300249224009,3,0,0,9,0.931103092836995,0.9891591906973285,0.9922674299733182,0.937942475257418,0.9982886272903959,0.9983599462844072,14,264912.1453253673,13.928364065804022,0.0010899634524635445,174.94338057334375,14807.860075083909,24253.337360686815,12.017136452021026,36881.48827556242,60.93305484785521,257116.68023672828,204.8686897879154,534,1,14722.481269790138,129.4469957221299,11525.384587855102,11896.527436428863,7839.039086141072,59857.65598068185,0.6105493794469107,0.9688024215001372,0,0
2490,10001796,2211607,3386792,790565,3612832,0.7865457606719349,1.2709741513059424e-22,0.015816224884071,3.42227616555426e-19,0.0006943752901978805,0,0,13709,13567,17569,587.7495755147478,97.44508652255112,6.031597861824757,3.109985164382915,12.536112296818281,69.50308037959594,1374.3739220661823,275.2281448212612,5.544229242205825,109.63318527507163,1,320567.709495422,757049.1900845538,320567.709495422,242095526333.98547,5.499880801070324,0,312808801745.6411,312808801745.6411,5878551353.383427,312808801745.64087,201612657.11687997,311755729463.4476,851459625.0765688,0,0,0,306930250392.2558,0.9771908375546565,8.765146299122241,21,101,609727,1958583,594823,1914906,0.9755562735453736,0.9776996941155928,0.9867650597577605,6133,24115,5598.107321903768,17992.539308266718,70.10455457694479,739.7089177702238,3,0,0,3,0.9628778982477644,0.9823028245771657,0.9765634901157035,0.986853659841631,0.9970207791359486,0.9985806386533114,17,227261.4326458945,10.86626162326982,0.008956392680851735,210.401812229352,9193.28919425716,34012.019128858425,15.62998303262838,59353.48458356207,115.67294390811654,429976.189028745,431.1188975492381,534,1,41872.272938712325,103.12902576292412,12002.85653834407,12861.186532180809,12916.945950606925,81201.84386456247,0.27029530823875325,0.9332619901212803,0,0
2520,10005855,2290888,3495766,788042,3431159,0.7291261927877491,4.594355253175389e-23,0.030003574141018893,1.237705577517951e-19,0.0007023887513860635,0,0,13372,13287,17346,421.18370305385474,86.56374407187782,4.865590179465051,3.0074544575958724,15.092124917452805,70.61510762751509,1656.8571806525295,268.6721781038326,4.678937393756561,109.78289602788206,0.5210612091736756,889305.6012516499,963493.5683883262,463382.6519131073,239863804591.69293,5.819348337711547,0,313554002605.1897,313554002605.1897,4214303061.1177893,313554002605.1895,240193443.17706266,312381636103.7293,931873590.853653,0,299467.4295638736,0,309339699544.0697,0.9749885791713558,8.980965548503038,21,101,647830,1930792,633110,1881017,0.977277989596036,0.9742204235360412,0.9909430301605032,6133,24174,5745.655025404826,17625.43979515627,58.39941835068083,669.7510875633799,3,0,0,7,0.8859423460081879,0.9830925445202973,0.9737824145094801,0.9098691037333589,0.995300510125131,0.9985827907582211,19,270400.7724328702,12.906306122142764,0.004264446098420337,145.55624915550368,19178.39379449893,30607.154651446053,18.202542079332694,49059.69502746452,173.58224462232613,285876.96775107767,283.4665776051873,534,1,15644.8372800383,108.28174763201312,11789.095473199031,12117.037775136207,13322.752345027262,51144.06123753266,0.6265983889356025,0.9729354395007249,0,0
2550,10009670,2244614,3532729,785782,3446545,0.7325732607532564,1.659875467392042e-23,0.027832921290318387,4.4763047238501875e-20,0.0007077156389771091,0,0,13497,13983,17798,163.20142194587578,59.7358005418117,2.7320538180725302,2.126347370812851,17.628860147687035,93.59399802282051,2026.1075861960503,299.4414074910396,5.309134977459127,114.9312870612274,1,303869.70123364637,1277356.3814262482,303869.70123364637,241455887707.91397,5.323558313629392,0,313908119938.57056,313908119938.57056,1633592377.2069163,313908119938.5704,305285997.9225153,312676648239.7234,925886233.4950403,0,299467.4295638736,0,312274527561.36127,0.9800448392310693,9.37100219019739,21,101,622037,2079169,608713,2038590,0.9785800523120007,0.9804830679949538,0.9867662103040724,6133,24267,5401.0609459788,19586.054985883904,98.01684974622714,648.5096506854966,3,0,0,6,0.8354045450956592,0.9799674584587046,0.9733988077060878,0.8623458892414059,0.9943418451003037,0.9982401629070254,21,242936.8365182001,11.012120781861395,0.004529020203834197,175.40537465802458,26304.64938093326,26304.649380933253,16.548061243947316,20378.04121605568,150.54842702651592,353762.36141860805,358.11977007076575,534,1,12873.639286001133,119.94344814678742,15383.853145793288,13074.07462549692,12349.508563237543,67432.53724080026,1.0000000000000002,1.1766686045826802,0,0
2580,10013534,2253007,3515046,783580,3461901,0.7360336321458905,5.997648223469083e-24,0.011360528284008894,1.6189071411430152e-20,0.0007131348433030737,0,0,13983,13921,17785,95.65424299192357,46.12440969789012,2.07383126675113,2.1499629560447153,18.610354556360118,151.21031056576942,2323.709136544227,317.9657244535949,8.125063394565638,124.86108899790389,0.7204389056470348,358988.38022757927,258629.19579116086,258629.19579115885,232324480476.81213,4.771267181921998,0,314214162693.77106,314214162693.77106,957837014.4418058,314214162693.7709,350158701.530848,312516614007.23773,1347090517.5726647,0,299467.4295638736,0,313256325679.3271,0.9883357785160207,10.10456733401726,21,101,533422,2109189,533425,2078362,1.0000056240649993,0.985384429750013,1,6133,24515,4635.54114894431,20320.976856999707,161.8602540867098,468.5547986424116,5,0,0,0,0.7910265716706198,0.9812804509410263,0.981629607477105,0.8083230568676592,0.9951912218026469,0.9980173517869146,22,260518.21200115271,11.969653513145722,0.0016484449998118188,197.5853683109892,21457.16647838257,22803.663250058198,20.1711237686977,48473.16903497059,119.08019989558089,238903.2432812255,391.7784924245642,534,0.9975468164799866,17061.2641807972,127.07052551790137,12705.965704340731,12611.211859748164,13542.898071145057,45957.22852327029,0.9409526111261008,1.0075134606924652,0,0
2610,10017407,2184410,3573798,781963,3477236,0.7396743917552128,2.1677693755638918e-24,0.004119180192480242,5.85496406819592e-21,0.0007184493951378835,0,0,13921,13904,17777,143.65610323138145,45.48404353282637,3.1583846130061666,2.2975205632596487,18.04135640469872,213.37071654258398,2676.4149616157138,344.71100600386126,11.826755802408147,148.348876967957,0.9999999999999981,301876.89889900386,972244.2195551529,301876.8988990033,227810804637.6552,3.6850432142532323,0,285945442019.05835,285945442019.05835,1439061654.100865,285945442019.0581,401632177.23464185,284755840767.28894,785329410.6632012,0,2639663.871192805,0,284506380364.9553,0.9790077942686627,11.03464310015079,21,101,540443,2179376,540443,2122281,1,0.9738021341888687,1,6133,24500,4423.175918694975,21323.57029401238,195.59291738797353,376.30618478613906,2,0,0,0,0.8775835685631231,0.9807618283621012,0.9735656542649224,0.9057372567790849,0.9950982479869988,0.9967323135776662,21,246695.10369499814,11.117717211171634,0.0022029002585433523,182.38152892918512,21395.367725756587,29461.57741787625,21.484125747879723,58897.86928417281,146.15565126368566,274918.83879909874,333.71949433017187,534,1,15321.096950406136,127.32297675525201,13516.959274233539,13058.529684416864,16691.989026419746,49572.83512679352,0.7262125656847765,1.0351057585268373,0,0
2640,10021327,2152169,3596163,780443,3492552,0.743345199964094,7.83293421669372e-25,0.0014935481207973794,2.1175151661670835e-21,0.0007241555933660283,0,0,13904,13845,17765,381.3469314088873,50.73917563263473,7.515828285621776,3.543996070434846,30.180947937083783,279.2474713955022,2846.423593182317,420.55124154229077,9.252442036533473,94.31193477143485,0.9062745710230267,461781.8277449352,520808.25576051115,418501.12784577033,252888781781.6928,4.488948561459396,0,276159260377.428,276159260377.428,3821602300.092949,276159260377.4275,802889172.0028262,240721515122.90488,34624342869.965294,0,10513212.55454094,0,272337658077.3326,0.9875439021709318,11.627463136854958,21,101,619154,2264815,619160,2228886,1.0000096906423928,0.9841360111090751,1,6133,24556,5085.173366385048,22246.370673670324,156.19182884594602,421.82679824253216,5,0,0,0,0.8926041010942362,0.9829942957773515,0.9867497224998136,0.909512229318965,0.9935252033120411,0.996645328778691,28,255003.90644913958,10.744373080314276,0.00507066869326767,180.82624064149536,18951.33742051821,23833.29971413031,24.806352150030836,57032.942369323944,309.51607611706686,317748.65428042196,379.51224649221024,534,1,17484.87025671203,125.01397348347206,13648.15471720004,14035.671015188067,20716.971407972218,51007.511912000366,0.7951621323035821,0.9723906112099169,0,0
2670,10025321,2096455,3642070,778966,3507830,0.7470205322796363,2.8308990021437896e-25,0.0005415241579798962,7.658237397739011e-22,0.0007299516893274539,0,0,13845,13761,17755,804.7305390723441,73.52330052610489,10.945245021836577,5.014535401319235,39.16979152627888,300.12201311107634,3212.988330278915,481.4617771087983,7.662078387875144,82.02720017346357,1,332394.09185637423,520833.10104964126,332394.0918563744,299843757262.40137,6.538991259203842,0,262582357374.8464,262582357374.8464,8067681972.700874,262582357374.8459,1001492084.4416769,201099647947.4642,60451733980.072075,0,29483362.867939096,0,254514675402.14264,0.985784930595931,12.21019011484315,21,101,569484,2254702,567749,2216291,0.9969533823601716,0.9829640458029487,0.9954830199059718,6133,24556,4863.198432348973,22453.13367675846,169.74780139518964,441.0407866652529,5,0,0,0,0.8683924699608878,0.9794289145963996,0.989054546758937,0.8850115581743155,0.991340338831635,0.9956090721627749,39,247074.5059741877,10.649610176902101,0.0020129510814415907,186.7701835227092,12055.417343904213,32100.179541703386,27.44650583007505,49186.76417289887,447.59561553750206,257580.65904134727,316.1195153154052,534,1,16877.130563196602,121.5532850457192,11938.256961063715,14114.977385697559,27764.594985291067,41673.96118757291,0.375556072147268,0.8457864745260255,0,0
2700,10029458,2056150,3672660,777537,3523111,0.7507052948168992,1.0223360333685668e-25,0.00019634331265696374,2.769689727714597e-22,0.000734536203252459,0,0,13761,13609,17746,454.8029650409091,81.70736048982857,5.566242286060945,5.534295262145957,33.223478272324044,204.3359361304267,3598.627837232219,498.0775304189259,6.150347487868043,108.3158063022547,0.9999999999999994,322409.4985127779,907567.9623108793,322409.49851277773,338718056911.773,7.483639858162619,0,264836604200.94974,264836604200.94974,4561427236.150977,264836604200.94928,1031783325.246994,198741436467.81036,65016525314.23764,0,46859093.65427573,0,260275176964.7961,0.9903289653829209,12.834755550563136,21,101,547730,2235116,543172,2212761,0.9916783816844066,0.9899982819683631,0.9929615169058227,6133,24586,4724.788116620538,22311.003267112563,203.69122603317672,460.6103193886591,5,2,0,0,0.8761313945633066,0.979682842853122,0.9885833447949417,0.8950359580951864,0.9908102994893248,0.9952690536803125,50,251664.0739244667,10.95806352002607,0.000970240285492731,166.04308650099685,15878.395381350401,25582.063217624833,33.52474622948636,18529.21790157874,272.0833168139496,214455.94841640984,292.6618460959539,534,1,28653.917926898564,113.56969780717976,14615.428427178624,13922.18073235868,29611.403888202625,58477.413603852256,0.620684705775058,1.0497944760341071,0,0
2730,10033530,2100706,3618053,776396,3538375,0.7544942880089893,3.6941741018952364e-26,0.00007118751724650235,1.0016901787443369e-22,0.000740417380523106,0,0,13609,13662,17734,230.4955216843905,75.2677570627666,3.0623407775015505,3.708895009345721,24.602185440768963,138.18311958464173,3881.909902826744,490.5217163276918,5.6167010007027525,157.78719789640817,0.7437295761190902,484126.22667824634,360058.9933555459,360058.9933555467,346320151268.61487,6.751858419409787,0,265668979092.74686,265668979092.74686,2312683731.683873,265668979092.7464,1050513150.5048966,198952849422.63983,65604510281.7771,0,61106237.82456512,0,263356295361.0606,0.992835539580959,13.82826805528737,21,101,527112,2210568,527102,2190964,0.999981028699783,0.9911316910404928,0.9999477641176799,6122,24584,4435.431682152886,21747.23592248875,186.93309872157195,599.4731144663459,5,3,0,3,0.8860958196529272,0.9780057336678083,0.9951257776072625,0.8995061978602876,0.9903305211763779,0.9952213536121929,54,254328.77543152226,11.228370853313596,0.0016105917718058562,215.00683231928107,11782.06433879603,28192.295273431548,35.118420840914794,19875.272397546403,235.10350002677959,221473.95376937187,286.40561796976345,534,1,22000.76157753692,160.55971091842284,15645.678851533838,13672.643524810457,32475.186353619145,60085.713528779,0.41791788233359844,1.1443053293346748,0,0
2760,10037588,2230480,3478485,775042,3553581,0.7582150179585967,1.3341296921038725e-26,0.000025810062528456796,3.6227278606430807e-23,0.0007446011930356178,0,0,13662,13666,17724,201.0165855615018,65.10448831947006,3.087599499670533,2.30594709479882,19.2264845874697,118.56271068875601,3872.382158184871,489.8092576702745,6.166634891020369,201.40874638666827,0.9877789063152067,312814.3652134692,571240.9219937924,308991.43155024626,340210465975.8656,6.673335143654819,0,266317857163.8882,266317857163.8882,2017721667.0309503,266317857163.88776,1061203896.6957134,199607309947.55536,65558372695.9723,0,90970623.66436195,0,264300135496.8547,0.9930965944596976,15.206398994837569,21,101,506881,1973489,503144,1960103,0.9926274608833237,0.993217089124895,1,6122,24578,3923.0426301281964,19417.454658508712,271.3308615252751,590.8937607958803,3,2,3,3,0.9330880940633635,0.9759195678896291,0.9925596083118543,0.9469529463390264,0.9902679507528815,0.9951015543293201,59,253792.03331761173,12.363780001807942,0.000826786402322109,288.34543835502154,14578.950337042263,19655.54170025478,30.555670208795135,40061.56572405083,228.82147088663592,309097.57056323846,320.6500045070484,534,1,24601.867381337204,201.42443877580172,13115.456895252712,12612.662313532366,27713.374136789036,57883.98051175668,0.7417221341120955,1.0398642704626198,0,0
2790,10041720,2317286,3381863,773858,3568713,0.7619683219371874,4.819288702994896e-27,0.000009357568888294442,1.3102012409397193e-23,0.0007493736132853734,0,0,13666,13581,17713,237.21798381695444,62.800767054680804,3.7773102932072162,2.3248603229584983,18.41903781011355,142.64571297413514,3616.2887132906344,451.76060120567416,7.7444714780818265,196.33429012806508,0.9832414608478159,315350.98792698386,883479.3418253858,310066.16604912956,329294863821.73584,5.683739133226681,0,268298920236.81287,268298920236.81287,2382076572.452353,268298920236.81238,1073082293.4834877,201507342670.3276,65606224152.94475,0,112271120.0565021,0,265916843664.35803,0.9934495298644569,16.92977966669242,21,101,475581,1796317,475584,1781432,1.0000063080737036,0.9917136006617986,1,6211,24561,3425.9863304637465,17812.67397756981,353.7835022616096,631.225205951838,0,2,3,6,0.8994842833884278,0.9737136575067226,0.993654445931507,0.9108957170451354,0.9907042820799706,0.9945860528051838,71,242135.30921078296,12.873739975832672,0.0016282035610485262,291.41431586121513,15963.084765388843,20270.732200176295,32.726903939881105,40916.60404969862,225.68573310570898,238947.31053002964,255.2467709072498,534,1,24929.635933594298,181.99625717255475,11187.880724015946,11072.392864027583,19704.771341895015,40738.06631331349,0.787494235913689,1.0104302530994511,0,0
2820,10045987,2131194,3558529,772417,3583847,0.7656372726756645,1.7414160978276366e-27,0.0000033925571915673187,4.73849363737539e-24,0.0007554260223510144,0,0,13581,13439,17706,431.1931094563275,50.95440727964095,8.462331964532781,2.4877149807297094,18.886431194516803,190.93313418998426,3632.4649201427687,446.6820878410779,10.109540136170187,192.331991297401,0.6998405407773308,518758.559681291,363048.2709402235,363048.27094022394,358326304392.3276,4.97890557871127,0,272402584116.78946,272402584116.78946,4331760372.086355,272402584116.78888,1056816151.2790079,205635358013.3679,65595812328.89396,0,114597623.24799109,0,268070823744.70114,0.9952479504248538,18.359486884176828,21,101,538292,2072371,534208,2064049,0.9924130397628054,0.9959843097592082,0.9974084209586983,6211,24548,3883.860415001611,19188.620277204325,297.41566796316874,563.1098645503199,0,1,3,9,0.8853782395604157,0.9715382491476436,0.9899445572035447,0.8993768171057323,0.9912531661160259,0.9943622141052819,90,216087.43231296743,9.97995651606292,0.010694479111751356,272.6630456635974,20335.37865603776,28184.538382731538,37.919199196978056,35431.07216430487,454.8111771285039,214215.61101503155,345.3119888313811,534,1,23323.186059095096,141.16004442349967,16351.83010129234,12095.032345818778,18055.765019245497,35287.19648878254,0.7215083099781083,1.3519459587840728,0,0
2850,10050473,2170062,3510561,770893,3598957,0.7692554144149331,6.292665874234327e-28,0.0000012299170356620902,1.7137307804213954e-24,0.0007602627259433462,0,0,13439,13210,17696,367.5833032243975,60.28935107160112,6.096985565292393,4.294298022151881,27.101533947587836,213.69403872495874,4026.800612967878,468.2165847817205,7.884942569606047,148.58201830034355,0.9989156526664522,320061.53146496497,747742.7451109287,319714.4735967497,356516658234.70447,5.570718938816216,0,274625956943.55707,274625956943.55707,3694386064.306408,274625956943.55646,1054349537.8219763,207816503076.83197,65633648510.62332,0,121455818.2791826,0,270931570879.24884,0.9852620695869164,19.282309237592944,21,101,549899,2069329,537996,2042630,0.9783542068634422,0.9870977500436132,0.9773976768592282,6333,24635,4628.658055123997,19359.993140429327,254.06242534130806,595.908841051113,0,2,0,9,0.8912810303111451,0.9705633739248908,0.9796962313182044,0.9143306867772698,0.9905712992766474,0.9938344127881532,97,265984.4664799422,12.368369526461047,0.004396269208673898,228.299807075771,21903.622185607222,29356.659230970112,37.33055269371971,44354.44659523984,329.4288502600459,431920.1977843139,261.26453242314886,534,1,13004.939038927416,169.73130532513395,14467.100825585923,12690.674433040947,21556.425832478842,54874.46423833238,0.7461210764234293,1.1399788799183077,0,0
2880,10054747,2306950,3556839,769235,3421723,0.7147184184151237,2.2730383622041877e-28,4.4589318153411746e-7,6.197904677129488e-25,0.0007647134234207982,0,0,13013,13196,17470,318.54824955947635,82.94926810657384,3.8402780016118188,9.624638312002727,43.114089374180544,177.565531571055,4472.49213711945,480.23035996940723,4.118503583132444,103.73620786243167,0.9857015240527731,318809.5862778972,785319.5041947875,314251.0950767573,373632097974.6749,7.1441853687443935,0,288292292875.15106,288292292875.15106,3202922056.61245,288292292875.15076,1062679245.7469249,221428013422.94962,65673474905.34574,0,128125301.10841416,0,285089370818.53723,0.9682379685121063,20.22452585709095,21,101,665625,2179659,584909,2170003,0.8787365258215962,0.9955699492443543,0.970725907317047,6287,24708,5574.2993728184665,21033.901699093098,102.30993505978853,425.6103129008621,1,1,0,3,0.8449017657771605,0.9691136361702899,0.9730090568870248,0.8734763742399959,0.9885515374028025,0.9963232961061931,65,238307.07117732085,10.38031288886124,0.003491036927481055,280.7276596439453,15001.601129436947,34329.67991427288,45.38604097993242,69224.30042558366,325.91812816777525,244544.18659669842,383.08603969258786,534,1,26087.93638543442,155.25370363746558,13068.523326952321,13970.979233944001,27596.17685490509,48277.396217186535,0.4369863385530692,0.935404963969951,0,0
2910,10058872,2275050,3578739,767865,3437218,0.7183523355556546,8.206599358565442e-29,0.0000714527863137924,2.241543585821445e-25,0.0007682769996476742,0,0,13402,13789,17914,153.34487560293397,112.4515311112196,1.3636530697947458,12.493353238553555,62.3392138976776,208.76626326267817,5076.1432462290795,532.2572523041595,3.3488754543062274,81.42777120290552,0.8855209080340654,314326.0998690745,278342.33337486745,278342.33337486914,363282077215.2325,8.47656019505416,0,288482221196.49646,288482221196.49646,1542476475.5449548,288482221196.496,1038315226.8950866,221564291771.3495,65751488897.14301,0,128125301.10841416,0,286939744720.9504,0.9888993115554459,21.369293266595317,21,101,567919,2166506,564417,2139654,0.993833627682821,0.9876058501568885,0.9926390541319375,6287,24708,5205.611582552706,21614.30068490011,106.37206971658924,390.2891221796328,1,1,0,0,0.8279346129400549,0.9707676845382783,0.97660106947118,0.8512921177238614,0.9896116312973511,0.9959110923861813,65,263688.7826834747,11.701857651672965,0.0036941613300377836,251.62566478748,11148.050901491893,33418.17690515415,40.72437242660309,44996.49199686449,295.0376404290633,208498.49170107045,292.0307750316505,534,1,7219.462200322354,185.36979107069553,12551.12613167013,13553.304269928478,19000.6364324073,35461.68077920616,0.33359243184126264,0.9260565454520238,0,0
2940,10063006,2197247,3646668,766402,3452689,0.7219631017904949,2.962394290992142e-29,0.00005157083089619618,8.106800457383491e-26,0.0007724332073338722,0,0,13789,13771,17905,446.0483063406144,158.29944247753116,2.8177503303836713,12.907969647259184,89.23791930979748,322.9284621831065,5751.532862446349,488.7855059393577,3.618735899276531,64.45166927838585,1,329366.920411388,1152210.9038058114,329366.920411388,392599412241.55615,11.656425222729343,0,293104884924.5227,293104884924.5227,4488586782.994693,293104884924.5223,1021076619.4443036,225600826534.60568,66351568438.182816,0,131413332.28947254,0,288616298141.5268,0.9657991919491637,23.048806487380713,21,101,678506,2246805,617751,2207512,0.9104576820249195,0.9825116109319678,1,6393,24865,5902.353878010139,22346.474815944624,116.31900677985189,261.8411757750035,1,0,0,0,0.8224403749554903,0.9727893538853846,0.9465954341691419,0.8747677754553074,0.9874445752386958,0.9958948995289396,69,233155.10381868144,9.903011669441668,0.006040845412881547,335.2590522236841,24209.604024942313,30131.768079710146,44.8121203493592,29236.521040651616,341.1577846373844,291339.3279740596,334.5301853699426,534,1,8357.11410249627,238.5238982007081,15196.64028050983,14303.78593617853,9798.631285927871,49563.869206942836,0.8034577977932983,1.0624208407700653,0,0
2970,10066997,2379171,3453331,766379,3468116,0.7260168963508286,1.0699692293756601e-29,0.000027930953396169028,2.9319177227485896e-26,0.0007761003604153255,0,0,13771,13901,17892,363.6872441922595,222.09419129731495,1.6375360475114613,13.308705709072218,115.88882196260575,455.8297019976594,6397.386920241081,545.5235718622997,3.9333362293107403,55.20279533349082,0.47347321904506035,417339.6213642706,306350.4535953038,197599.13396238786,442866585848.94214,15.278045053199689,0,288714576046.2729,288714576046.2729,3661238396.2209134,288714576046.2726,1039036163.2397833,221021313572.46225,66525153174.72273,0,129073135.8478436,0,285053337650.0511,0.9510846492994934,24.867952724347653,21,101,608727,2342780,531191,2275942,0.8726259883330294,0.9714706459846849,1,6393,24867,5374.578484708666,23307.518082125363,163.95331322010583,201.52969139915297,0,1,0,0,0.8691796998214943,0.974631737606396,0.9390335239955174,0.9274851686433893,0.9892887307172953,0.9958464677912355,68,267215.16612413863,11.42297851042207,0.010001155557755517,400.11870882618155,32282.376225504537,36149.90265546808,52.27253258246286,75377.33506670033,559.3519758451461,267451.4534977859,347.821943524355,534,1,34207.38325999706,268.97264655591977,16499.713059629084,14729.308730322571,6301.467296181466,64002.70127477493,0.8930141951743669,1.120196022890189,0,0
3000,10071232,2536616,3285069,766003,3483544,0.7299513800557742,3.8653211586769505e-30,0.000013450373168829088,1.0603618009541733e-26,0.0007803414716292902,0,0,13901,13649,17884,45.80329302876808,215.22415405608646,0.212816694434919,13.857466239938695,100.07555950350455,636.6259289035232,6564.89668793673,501.04768622926514,6.361452607029683,65.59940029820001,0.6755105975613824,328003.7228811628,1155440.7889732106,221569.99084581237,493217405403.61395,14.712603795341888,0,434253674433.5865,434253674433.5865,461295590.4558038,434253674433.5861,831954769.9051706,345853844274.0776,87446675802.43895,0,121199587.16449548,0,433792378843.12976,0.9443529611775302,27.336802507340195,21,101,554864,2292044,510755,2177731,0.9205048444303469,0.9501261755882522,1,6349,24868,4924.640541287245,23251.33053546804,108.24787316985811,302.87796200968984,2,1,0,0,0.8457914061072985,0.9762636427681021,0.9449630734824844,0.8988856421796609,0.9932287689192059,0.9968865005547869,37,248659.40688896843,11.098859665505497,0.005348366357906612,428.8242381329374,2413.8885211244697,33495.0971315031,46.06868171864646,31762.36471026542,459.25582941289457,201277.01057608108,341.8526969707183,534,1,17546.267978605312,262.3482206606324,10517.784129260654,14270.698226619015,9352.57951214073,33326.070746506324,0.07206692106750567,0.7370195881265234,0,0
3030,10075563,2439239,3371661,765728,3498935,0.7339074842107075,1.3963810584152409e-30,0.00000607271012838926,3.834920537499653e-27,0.0007841745419089732,0,0,13649,13546,17877,63.698152309318715,184.9509723317486,0.3444056092609377,13.48367308755134,90.33619333606048,869.0256887394889,7140.63494357173,539.3303156448652,9.619906004967675,79.0451166899162,0.28454597933974846,622395.9208306988,430958.2876825095,177100.25682983568,450418166565.64435,12.628937260536352,0,519897030882.2096,519897030882.2096,641794746.5752379,519897030882.2092,987534952.6631243,416039292437.9292,102767974054.76598,0,102229436.85109733,0,519255236135.6333,0.974624594762354,29.76904244832538,21,101,412179,2247680,412180,2180184,1.0000024261303948,0.9699708143507972,1,6349,24870,3657.7468511668326,22662.7622233224,199.95244566360282,425.1054660147644,3,0,0,3,0.8228266475601791,0.979949273703813,0.9572578729040669,0.8648180553954453,0.9948389485962702,0.9964410900772631,40,260615.7788310015,12.06385116431187,0.0022390675690121915,447.51467314295974,19668.503068520702,32188.166526387184,59.086356250032935,42717.02042278371,412.1619747141002,184824.33979963968,311.76643215151336,534,1,10193.762807555317,340.9693764959062,14592.000304795585,13104.796870739894,5329.425009830086,63254.877008063995,0.6110476361676853,1.11348542436215,0,0
3060,10079738,2416912,3383131,765393,3514302,0.7378729778382678,5.045480088579538e-31,0.0000026322364206420327,1.3869431655971374e-27,0.0007887109764162521,0,0,13546,13688,17863,332.9213172182638,281.2121568267864,1.1838795341388029,13.153177020836074,78.87262114696173,844.4399735477646,8486.019256514692,659.1594397104282,10.706376449368113,107.59144470047302,0.009626450461276526,354640.48403003457,1251683.258624015,3413.9290510782644,489396182107.0833,17.743897030641165,0,650683485902.7843,650683485902.7843,3355759652.173877,650683485902.7839,1210972289.3967404,542362294735.1607,107025365172.16174,0,84853706.06476071,0,647327726250.6089,0.9689506665197272,32.19402809001452,21,101,584063,2165368,580012,2084051,0.9930641043859995,0.9624465679736655,0.9979006974656447,6349,24871,5074.430163783117,21825.28526683604,109.26039876173922,535.55121389737,3,3,0,3,0.8692377031272306,0.9779626969205527,0.9547056160448323,0.9146908786938811,0.9934533056330977,0.9958753370472588,47,241274.6001439754,10.867968218948668,0.0004805906953974941,778.6610388351843,14002.21844603799,33443.32889665532,60.32839952997773,22462.29710813012,473.81885461830456,183040.05793401328,365.0194367946436,534,1,33619.03516736177,535.0611532629661,13829.41086113282,13753.86121900885,6739.9108448825145,40159.60519131413,0.41868494877728385,1.0054929769117893,0,0
3090,10083970,2666401,3123061,764886,3529622,0.7417801515926695,0.00019929400925434635,0.06627682581932433,0.1502578874080079,0.0034226599246130244,0,0,13688,13620,17852,732.1389796162921,450.096133770576,1.6266280127380068,11.625120824916591,77.67607640822297,821.3709694341056,10232.401074814157,801.4638978650547,10.574310745530312,131.7316933084809,0.9366175601168091,339396.931900695,1048423.0535557341,317885.1262679598,595658068146.5074,26.058748754286274,0,696000907833.8517,696000907833.8517,7382867506.280139,696000907833.8514,1402042112.0249357,587477220842.6545,107051038317.27748,0,70606561.8944713,0,688618040327.5702,0.9074539144263515,35.59498041618354,21,101,606791,2220341,535260,2030232,0.8821159180014206,0.9143784670913162,0.9974636487992704,6349,24972,5043.996600012638,22081.196538036,149.63286793926102,560.949956326006,3,3,0,6,0.778199631301449,0.983991755136118,0.8984456942768663,0.877169041361917,0.9955945216039667,0.995694153660204,50,263932.7878907711,12.345364767028132,0.0015451062331315072,874.9834529953089,21453.11559895021,26590.583495387742,94.00571397851056,40411.915295526225,531.0670636405326,263074.3788609096,358.4982667497832,534,1,21075.891507456818,619.3924908734654,12979.20090133811,13109.616151316191,5818.210965760247,62583.11948136321,0.8067937133711771,0.9900519398529463,0,0
3120,10088189,2709148,3069786,764318,3544937,0.7456833734387691,0.00007137745489755676,0.34609524412643644,0.05434249496952445,0.003401799867151577,0,0,13620,13625,17844,688.952675340115,428.7459959106858,1.6069017131617345,6.298784306676795,82.85012621096672,626.2430596933303,11973.762150026234,1013.120363759371,7.5587459951320595,144.52316125067398,0.6082294442082337,450202.5938510563,291390.8598160323,273826.47343913314,639250753728.4263,27.61948987030851,0,695169628924.8613,695169628924.8613,6950284800.885493,695169628924.8612,1578818373.1510336,586403438287.5892,107146630088.0664,0,40742176.05467446,0,688219344123.9744,0.8800903684815332,39.575796305441216,21,101,565712,2199854,492539,1941409,0.8706532652657183,0.8825172034144084,0.9767291703856189,6349,24972,4894.389489723982,22160.084903128572,156.69059855098732,726.6961089023258,3,3,0,9,0.7905454588656781,0.9781940802874719,0.8534362749803255,0.9305999335478511,0.994883186245535,0.9949666568643658,56,259066.07802629023,12.772634979529073,0.002610692126725113,1112.2902385906805,10344.463392147396,33372.667007782125,92.17350956225434,43021.385980237654,613.136915095845,455177.75389060285,534,534,1,23815.491903448208,441.9218235956928,9714.986221848481,13257.546036662196,15952.217122900543,43367.862821864066,0.309968136191668,0.7327891749334923,0,0
3150,10092388,2766349,3002117,763695,3560227,0.7495791775491092,0.0004898342702090269,0.5059749105156026,0.10754250822259774,0.01091456253960906,0,0,13625,13630,17829,946.3720647823927,455.8277058341954,2.0761617880389,3.8666018018967176,106.96772041646682,571.9306314468162,13224.438435793507,1087.7995757092554,5.346759089752202,123.63017912605447,0.9871912209699651,356688.9249954817,837009.0026709297,352120.1753727539,641648579996.4832,34.195298828207875,0,696111896155.2247,696111896155.2247,9551154070.144003,696111896155.2241,1832229865.4873285,586824719883.4904,107424120860.64943,0,30825545.59705644,0,686560742085.0784,0.8634421150341097,44.0063204044063,21,101,672390,2133995,602815,1820336,0.8965258257856303,0.8530179311572895,0.9692513995268546,6349,25030,6006.81075011201,20638.03155240234,88.89905620908581,833.9732723015926,3,3,0,9,0.7334680138018368,0.9794333528467923,0.8517318981267175,0.8792647856852184,0.9965725129220305,0.9951815083000483,56,239828.95524168658,11.876880404482588,0.0019980523134508297,780.8419178891265,5510.762201539181,30754.932950724564,107.25272780570785,44296.80531856909,730.8067177477539,243141.22193013743,441.9698283454335,534,1,32568.025098140697,335.39243346045134,8489.651711778795,12389.125719990225,24863.730841314435,67062.45579907998,0.17918303416133285,0.6852502673437633,0,0
3180,10096746,3023182,2734875,763196,3575493,0.7534987930824582,0.0001818045037520628,0.5704531010012415,0.08823365921043583,0.010805263398722717,0,0,13630,13463,17821,1415.6118261981596,499.31027438159185,2.835134582302417,4.189315057007869,151.160446986201,642.2787057994177,15082.012952906905,1290.206345002582,4.248986547770988,99.77486342233229,0.8096333930783168,373132.17211803497,424008.639071308,302100.2665786072,645005312577.072,41.553826236293645,0,697560021931.56,697560021931.56,14293073043.717695,697560021931.5592,2596189448.3510284,585459392154.6827,109472468295.14664,0,31972033.378958743,0,683266948887.8402,0.8588536935855416,49.55167300039399,21,101,693383,1822262,566161,1594410,0.8165198742974662,0.8749619977807801,0.8262923823677264,6349,25027,6027.9320071050015,18109.728806281135,56.60146181203686,944.5335559597611,0,3,0,15,0.7177036897655705,0.9778890941170564,0.8435455898195805,0.8684868902480716,0.9953568804488969,0.993240497878738,64,256681.92410910284,14.256338205544896,0.007285397084021272,833.0749443737488,13179.300519069693,17164.35895513588,158.91434675779954,47923.030493613,826.3899530028903,172048.02072870132,528.6980937867438,534,0.999174973553066,12499.06280267823,346.1357582839888,12157.486846136295,11395.66654418123,29774.38941088739,41541.17146988407,0.7678294629888415,1.0668517544806593,0,0
3210,10100886,3073010,2674696,762517,3590663,0.7573769430795521,0.0016239588886571299,0.4539049716297088,0.6702492052666917,0.008115030701267196,0.002567596545491158,0,13463,13674,17814,2201.539680242798,707.9803628577555,3.1096055706351877,4.595211967693204,199.3389820205187,719.1134678617063,15260.979809500928,1438.9074304648564,3.6074904194488426,76.5579298881443,0.3093529201961803,1117147.7585596053,345592.92140103143,345592.92140103126,779928215922.4279,50.17805853313844,0,697423190707.5607,697423190707.5607,22237501334.608326,697423190707.5592,2934076637.795282,584832439510.5524,109621381176.35095,0,35293382.860844865,0,675185689372.9498,0.8032031079630074,56.742823376246605,21,101,679449,1847222,607667,1421763,0.8943526298515415,0.7696763031189537,0.9774271952657456,6349,24993,5658.9120868690225,17532.418624365433,98.01235593285196,1166.1005165941233,0,6,0,24,0.6632498367958913,0.9751390516276863,0.8281907236380831,0.8253909275837894,0.9963909329297189,0.9938739166877492,68,226862.97934550064,13.414386069714196,0.008822473697270121,701.4985683115532,15825.224541813666,16133.697245442158,214.6727320259759,23793.59758736968,1036.1582028903242,196622.70636185526,390.8498911475946,534,0.9993185601331668,0,340.97170025796294,10594.725961269629,10319.890424713596,37787.89470422139,36456.80823213755,0.9808802223733536,1.0266316332097742,0,0
3240,10104585,3399704,2517066,761653,3426162,0.7077873569532025,0.0010146628517364968,0.26858053286256167,0.4032836638618674,0.022511067995370417,0.00217772427071473,0,13478,13891,17590,1176.7855299610012,600.6314248235645,1.9592473542433813,5.045860931813013,176.68945138374843,1216.6795513493464,13590.19909404682,1512.4833026309036,6.8859772998381406,76.91573541948765,0.8656907846651851,352224.3452864121,1211352.5594697092,304917.3698491752,783997169370.6044,44.541207908279105,0,696337296070.2482,696337296070.2482,11890929414.260466,696337296070.2467,5175041670.06309,581291796510.2961,109838402177.26987,0,32055712.6177918,0,684446366655.9856,0.7798113386833444,62.62940688429358,21,101,616083,1699177,540925,1264541,0.8780066971495724,0.7442079312514235,0.9998626708031886,6349,25025,4810.989079766561,15881.694611967763,166.5940898041524,1475.2084457385802,0,1,3,24,0.7223446697354113,0.9716296411543961,0.8604864836479593,0.8630729057646105,0.9947786581223625,0.993861717120346,69,275655.61369959416,18.321404913718286,0.005430026828997832,630.0759791054699,10211.715865305443,13973.613969477841,222.4078126042477,35734.86421219095,1025.2329251754734,482418.7492322595,346.16710149888155,534,1,35150.71014986739,323.43392803222935,8365.33282540944,9035.98420680765,37318.733698588694,57954.05747163053,0.730785599746107,0.9257799298837921,0,0
3270,10108563,3624747,2280594,761459,3441763,0.711766179124965,0.0003623122443362586,0.16676179547357226,0.1458521802266264,0.02875710424914006,0,0,14097,14049,18027,1201.7302906314885,475.44221531103597,2.5276053575623534,5.334498404634742,132.13871264258992,1123.8526649302926,11512.8280737126,1364.5152233955946,8.505097729914322,87.12683696906151,0.9722687269279189,333260.2943521786,444246.03438569105,324018.5621254162,670599016040.4387,36.48213750717321,0,700421606861.8463,700421606861.8463,12147766351.854746,700421606861.8447,8483224120.00528,582059210258.2039,109845593775.77719,0,33578707.85851338,0,688273840509.9878,0.7405258026670192,68.60891324621323,21,101,529557,1588538,444503,1124001,0.83938650607961,0.7075694758324951,0.9998452659105328,6349,24989,3811.5590499139676,14503.128135253448,273.36883494438246,1589.4176017666757,0,1,6,27,0.7698604279506597,0.9661561919296788,0.8705271513315448,0.9009073222539923,0.9923419353925707,0.9933661065564228,73,262328.3005404561,20.069694476300175,0.0014742375977133575,473.0248721727976,8047.379442104797,18322.094009768894,183.44656255401713,35104.68157256056,850.0089226973355,673266.8207313898,197.879362948711,534,0.9965769905532713,14348.025668643715,332.03479066017104,6880.63314129082,8026.999721650288,17370.333056074865,33257.59641106257,0.4392172334567288,0.8571861691651107,0,0
3300,10112625,3387571,2506423,761248,3457383,0.7157508134551884,0.00012970542613404247,0.2029646216343912,0.05274912024243728,0.02863756937491502,0,0,14049,13955,18017,1883.7590746362303,498.9668731247867,3.7753189161419956,6.520530922309144,127.06457477516307,1176.1820596240589,11786.688020626589,1469.7731124497768,9.256569438848535,92.76140136999457,0.9999999999999999,359798.8188979987,988776.1718717804,359798.81889799866,630940157419.976,46.50565478132965,0,702746058661.5931,702746058661.5931,19049749112.143845,702746058661.5919,12704237640.431454,579391937766.9188,110619592577.56424,0,30290676.677455,0,683696309549.4481,0.8033310693929682,75.76300340733259,21,101,584488,1657915,519994,1281398,0.889657272689944,0.7728972836363746,1.0000030404748006,6349,25281,4508.167302083801,14805.40876152711,241.63486616491113,1773.452723847943,0,2,0,36,0.7452589478411636,0.9598378199940544,0.8579895065364408,0.8895477797740057,0.9873953966477181,0.9930011413792889,78,243260.1022707406,16.204808432861295,0.000491810802996236,587.3006773955377,11069.17621720094,13898.198839673898,133.09271308493373,37507.132876251984,911.290134841948,216291.61774639855,341.55264365755335,534,1,0,365.81238292540854,8025.480339831655,8497.557686365664,13872.022626729671,41274.277899342276,0.7964468162308047,0.9444455261196453,0,0
3330,10116672,3332933,2549265,761533,3472941,0.7198795416271264,0.0000464499569633442,0.2728171661644307,0.019077326660648344,0.02852133587013595,0,0,13955,13958,18005,2207.43477039718,794.2229003046301,2.7793642937650147,16.104152626603195,114.03643076107834,904.9250463306051,13106.967548551938,1380.5180444516377,7.935403101369815,114.93666945796295,0.002817920446289035,365109.1498191643,565731.113413377,1028.848538402651,670661094626.0143,50.86403764035286,0,723545055521.095,723545055521.095,22331893533.501945,723545055521.0935,16262665707.194975,596180188645.3318,111071910491.8895,0,30290676.677455,0,701213161987.5894,0.7888182292092351,80.08089984600184,21,101,644956,1716441,608248,1254465,0.943084489484554,0.7308523858379052,0.9944470074602514,6349,25248,5458.250099245999,13355.201938815886,158.48316279797092,1999.740060840795,0,3,0,39,0.6880858131896388,0.9536797713355073,0.8423994000959261,0.8398515677162854,0.9827866748749992,0.9932227734465365,76,240869.15844441313,15.517312121260536,0.00029377677030614975,538.6945581359398,13769.095023131691,17131.55983917697,117.14173324432055,40491.641770823015,907.3735500261126,142601.85031019564,187.09420345409865,534,1,5754.191170343997,393.72788927645155,8858.905177656863,7985.017999938947,23775.57779767936,29601.551952645517,0.8037268732321797,1.1094408525722295,0,0
3360,10120926,2997971,2873125,761311,3488519,0.7238563293804087,0.000016641286344998282,0.2590024270885828,0.00689953483289161,0.028406491658964802,0,0,13958,13741,17995,2211.653840668305,965.6446144074876,2.2903393315410963,35.15376106089669,88.14435068527264,693.2139492507035,18006.845392584688,1610.365191573269,7.864530668855756,204.28813931456315,0,3465085.689452577,4.3655745685100555e-11,0,674070200615.062,58.180644164774904,0,686621961457.7216,686621961457.7216,22383984859.019203,686621961457.7201,19509479784.947334,518178345584.01227,148903845412.0832,0,30290676.677455,0,664237976598.6993,0.8455497713048892,84.69165248667414,21,101,695833,1756996,658367,1415622,0.9461566209133513,0.8057058752552653,0.9815388939396981,6349,25231,5829.400581197477,13567.615992208863,83.8559952507403,2171.5462441347886,0,7,0,42,0.5354708089412141,0.9412923138209967,0.8264512276227873,0.6919311008948785,0.976466951262383,0.992242332774603,77,214780.60928575054,12.427102127489619,0.0010845307502150715,641.4019097509174,7785.229078796966,10797.594311281244,124.16740926230439,33335.082590822545,837.257450065028,67161.95613463498,204.0268208239897,534,1,14663.51891164267,448.56858126931746,7347.578752461202,7909.064912216366,32501.6464975214,35839.38977444821,0.7210151497045058,0.9290072636920845,0,0
3390,10125121,3205038,2655051,761006,3504026,0.7278101066383121,0.0000059635526387385,0.4867745116235904,0.0024952962098446795,0.02829319274307932,0,0,13741,13784,17979,4161.737229619455,947.8270421118652,4.3908192578538765,37.03304914740308,76.06739278141929,667.5055776412469,21045.231497574536,2272.5646625136424,8.775186755241283,276.66560832508486,0.01353517528800452,9356315.2926985,126639.36753651194,126639.36753651197,716316886633.5908,75.93398738444219,0,1074651238176.8693,1074651238176.8693,42138093020.10152,1074651238176.8677,22830014329.26207,880185069791.1785,171605253357.0255,0,30900699.40199763,0,1032513145156.7656,0.82352432916385,88.58505124625097,21,101,689822,1740615,648903,1352621,0.9406817990728042,0.7770937283661234,0.9961163141589365,6338,25222,5784.266517125942,13380.151436694778,45.005909678704874,2377.7287564852995,0,12,0,42,0.5414050675757313,0.9291229826316018,0.8021896078499237,0.7167302599000013,0.968989052927872,0.9923835372908221,77,215379.282921549,12.912917332285739,0.0023045303445604834,741.1509776681349,10450.909624365993,11234.885022381806,123.34013885101781,27383.805086372697,833.0865718943044,59745.052242841026,239.01897534576955,534,1,5855.799521927835,484.4895313824503,7607.803620306632,7416.258313788631,41751.86185559587,29096.67134621417,0.9302195441738834,1.025827755508714,0,0
3420,10129209,3311864,2537124,760713,3519508,0.7317883025234451,0.0062811269733057265,0.65086905616593,0.3401517449742072,0.11249683958540099,0.008308546106611088,0,13784,13882,17970,5583.373576542958,1039.6405360748697,5.370484684661114,38.68764767229547,105.1637400949795,696.2463275494224,21235.083472763403,2367.9336591266665,6.620593057270517,201.9240039730877,0.006525926873863108,14807453.55250384,96632.3590717656,96632.35907176559,689170933589.7108,82.66234162642675,0,1225386814218.0278,1225386814218.0278,56555157881.88221,1225386814218.0269,24274279072.746227,1023211921887.0886,177869712558.78958,0,30900699.40199763,0,1168831656336.145,0.7811568073977398,91.73595176786823,21,101,700684,1770341,676047,1254211,0.9648386433827517,0.7084572972099725,1,6338,25186,6228.059861454701,13277.958536872762,22.214708141682756,2706.3847434714257,0,13,0,45,0.5311802203682058,0.9204512455645957,0.7730996017897369,0.7337879680997935,0.9632475791653107,0.9923692714038224,77,203738.53081222158,12.665987498804093,0.002284499561134113,729.6288679697408,11351.780274655237,13156.60012417908,131.2760708042069,38064.895143104026,878.8754064027115,65395.794493076486,89.51239859061526,534,1,9393.821877153332,537.0837011140026,7151.185685739306,7256.274494803756,95425.2546786781,25204.588265925933,0.8628201942379504,0.9855175256752339,0,0
3450,10129915,3462544,2372243,760577,3534551,0.736124214988482,0.15359431904675888,0.6677365493860968,0.7592184457368149,0.5056579448100009,0.2812815309901416,0,13882,17253,17959,6325.795610771128,1549.4808928821255,4.082525728345559,37.2031239931148,201.0697428829905,557.1492900867989,13093.846840974731,2814.959020421503,2.7709255609434162,65.12092099602722,0.012497356271692128,16823972.140110925,210255.17373998757,210255.17373998754,755469460268.7391,109.01705006326804,0,1354408089199.4363,1354408089199.4363,64079771844.481865,1354408089199.4343,24399508186.649387,1150386906193.6511,179590774119.7316,0,30900699.40199763,0,1290328317354.9497,0.7141178111976524,92.81744769184684,21,101,707749,1843893,684044,1138129,0.9665064874694277,0.6172424321801753,0.9834218604537547,6338,25130,6338,13633.828933498962,7.214708141682756,2909.464100849623,0,13,0,54,0.5058634725176433,0.9088533792965302,0.7404866478195851,0.738299050541838,0.955787903809112,0.9919643055074161,78,185077.50337142323,12.188359944182462,0.003001638952607634,710.9495435303824,9619.380197645576,13505.247538003709,169.6805248666892,43582.28608272292,653.1206602118443,63721.360603687506,78.45010568053598,534,1,8379.0105680536,511.1629482313415,6570.653777738967,7091.223564573463,188703.22845535557,32067.55335329762,0.7122698173859221,0.9265895677813384,0,0
3480,10085876,3550075,2226541,763090,3546170,0.7459834615975859,0.33655243478669333,0.6655785354586153,0.9129185786715376,0.53226849110578,0.4150861065513794,0.04922497559954138,17253,61880,17841,7969.523356770337,1837.10279176637,4.3380933241670485,33.61657182287346,217.41542678167235,643.5211861727261,13190.575451519444,3454.9457779511345,2.959869019869263,60.66991494934425,0.014750558854939588,18295661.93133082,269871.2381081743,269871.2381081743,709341021081.981,135.36571777045197,0,1533885896093.4014,1533885896093.4014,80379624355.47464,1533885896093.3992,24256746540.030685,1329982826953.9084,179614958278.78204,0,31364320.677378707,0,1453506271737.9094,0.6789973816123374,94.26576499296525,21,101,708517,1768198,684388,997295,0.9659443598389311,0.5640177174728169,0.9783911429564992,6338,25119,6338,12803.760047160758,0,3279.869315337934,0,19,0,54,0.5124410937347296,0.9009886222127849,0.7005658503341795,0.792390372098439,0.947108554587263,0.9910889886607649,79,211787.93350742792,15.11256997953321,0.004013480225865948,645.6230097995224,7680.777232087414,11263.705403248972,268.86908259456357,26640.181937339556,601.2105815629785,54418.64169474898,127.51556122892173,534,0.990000002071314,13285.542837344306,456.003858854264,5783.513056223044,6604.246464354403,203694.90408919103,61205.66743234722,0.6819050176749051,0.8757264113989136,0,0
3510,9917396,3614567,1976061,770796,3555972,0.7739323739658586,0.37980473011699123,0.6440065744519795,0.9685060013679603,0.5845299512089666,0.1734656960355319,0.23944924655625327,61880,185838,17358,7566.8503339584495,2608.1460618391425,2.9012371832514092,32.85783655118652,322.49485531646764,848.9207261917778,14119.333580630233,3437.3212674957845,2.6323543219277803,43.781577745712504,0.01727940089447133,15584291.703750698,269287.2240054924,269287.2240054922,901934507120.9296,154.28247882424643,0,1708889022626.4126,1708889022626.4126,75043451234.58138,1708889022626.4104,24105287945.666187,1502880180315.758,181883379964.1037,0,20174400.88153648,0,1633845571391.8127,0.6517178659137451,101.6148944787693,21,101,696289,1705732,665547,899893,0.9558487926708593,0.5275699816852824,0.9981973100875869,6338,25088,6338,12347.926504772542,0,3544.9189536261874,1,15,0,57,0.4948094472068222,0.8946249550438944,0.6565705970213087,0.8172234461547735,0.939895081384467,0.9904568686943226,80,205906.72110852518,15.783937125040259,0.006288289194583174,670.4040586701707,5583.665184917637,8905.87846850925,363.41957787276556,32035.546822140528,551.2529190357417,67780.38678561931,163.42653071114165,534,0.9933858892087227,16494.147029570417,416.247538126081,5604.33729209107,6627.099575539826,224130.9597813681,46062.90933720546,0.6269639996392499,0.8456696973101623,0,0
3540,9573531,3498190,1731661,779804,3563876,0.8305552108463511,0.4215796221907688,0.601173647170016,0.9886098327897787,0.5215485279151444,0.13994314114614556,0.3358652100254337,185838,360347,16482,7906.846188893347,4607.433083826001,1.7161065706303262,34.5559269422907,580.7284743952479,1614.2748127323882,24326.62821413323,3905.2024972737795,2.7797411077757856,41.889849192372054,0.0018958350305428029,9163677.095982324,714151.2638887459,17372.820047145095,1105246486872.4922,233.45921645966794,0,1726242146961.4255,1726242146961.4255,75696437101.57495,1726242146961.423,26964800292.497646,1518529126666.7969,180731518592.21967,0,16701409.908145195,0,1650545709859.8223,0.5482042771706798,111.03530530247262,21,101,692741,1989967,639188,831484,0.9226940516008147,0.4178380847521592,0.9850284829378906,6338,25054,6338,13760.13604674118,0,3798.04078077227,1,25,0,51,0.4257205883067908,0.879574697824015,0.54823415703467,0.8611620075267904,0.9310957089584602,0.989645221789535,84,202538.93371670425,16.526235656900052,0.006068643396086456,679.9972571032441,7323.727823969621,18646.10904697436,534.6263452116697,22126.231625067292,1104.3043918939047,57059.53901826999,141.2849372134593,534,0.9945505633491895,12452.96134458055,451.2520419107335,5735.40258687883,7113.775969141313,245059.13175954387,16939.024987012614,0.3927751256586165,0.8062388542678744,0,0
3570,9001443,3286156,1391765,762068,3561454,0.9242400630536514,0.48722879863514873,0.7006229113813098,0.9958806148881705,0.42861305681766804,0.18355112619165617,0.387092602819348,359469,573646,1558,14959.558755155582,8488.144076788545,1.7624063187220864,37.14218502229825,1085.346622421627,3884.7768119861826,54017.28629163219,5871.136658577618,3.5792959887030955,49.76961753574056,0.034350841632336815,5730796.701990264,1313064.072426599,196857.68993718532,1526300316099.7122,463.3011388448182,0,1736257316548.0896,1736257316548.0896,134657615439.6451,1736257316548.0867,29496977698.999798,1524937595211.0781,181816221772.61316,0,6521865.395067586,0,1601599701108.4036,0.4280767148519904,132.5109153522848,21,101,701769,2190813,573201,665046,0.8167944152563023,0.3035612806752562,0.8910967656099718,6338,25014,6338,15541.145794490018,0,3881.5159956505895,1,30,0,57,0.31255284307171594,0.8686578893593249,0.4462762011528699,0.7966893189210305,0.9214124838191727,0.9882975407109121,89,185603.13502179232,17.98702213905229,0.004898311499925963,753.001009367128,8203.622806716157,19451.50331758659,630.6293334219644,25312.909148702885,1761.2646222865883,28627.241600409623,75.20542055296261,534,0.9945505633491896,7735.662360613456,593.7580782075071,5468.687019514551,7244.832906974687,257163.6036494984,30035.578107370944,0.42174749543903156,0.7548396339479108,0,0
3600,8048167,2889139,1056710,717288,3385030,1.0396540769806448,0.48489798306272086,0.7700843654542734,0.9975108467937249,0.4706261686667287,0.08350634374261866,0.44586736333875776,557754,913620,0,22230.146802165702,16684.841333907258,1.332355900621552,48.07880991144832,2122.064695581621,6507.137253503948,87863.44113002579,9053.795760968207,3.066417940533361,41.404694829977345,0.06647076158734688,2541828.1903373403,1402114.579955985,168957.25563591087,2351054863100.0835,860.2974108125309,0,2115825120139.6746,2115825120139.6746,178911933898.3052,2115825120139.6719,28715993565.066277,1902302574186.8345,184803761802.39157,0,2790585.3793251934,0,1936913186241.3267,0.3304188166532326,172.758147662747,21,101,700509,2268308,458720,522233,0.6548381248492168,0.23023019801543707,0.7226950295952603,6338,24984,6338,15795.119969141313,0,4102.844182472441,1,35,0,60,0.18193661449393642,0.8530051348097643,0.31904532836851635,0.7551556946298438,0.9107623151212004,0.9883727488006202,91,193314.75530443515,23.648197861194387,0.005940124546832042,1374.962132479864,7367.555627363534,16699.382174930746,857.2380933845292,26014.367506768853,2228.0461395719485,41040.16551337639,368.2582714220945,534,0.9945505633491896,8376.83165611743,851.754675912712,6713.582297915684,6737.124288558509,266477.8787724798,11292.190420601211,0.4411873176017117,0.9965056321310851,0,0