tick,totalPopulation,employable,employed,unableToWork,inEducation,dependencyRatio,avgGroceryStarvation,avgHealthcareStarvation,maxGroceryStarvation,starvationMildFraction,starvationSevereFraction,starvationFatalFraction,deathsLastMonth,deathsThisMonth,birthsThisMonth,meanWealth,foodPrice,wealthToFoodPrice,waterPrice,priceLevelRaw,priceLevelRefined,priceLevelManufactured,priceLevelServices,refinedToRawPriceRatio,manufacturedToRawPriceRatio,groceryFillRate,groceryTotalDemand,groceryTotalSupply,groceryTotalVolume,gdpAnnual,costOfLiving,bankEquity,bankDeposits,bankLoans,householdDeposits,totalLoans,loansWageCoverage,loansBufferCoverage,loansRollover,loansStarter,loansOther,agentsInDistress,totalAgentDeposits,workerUtilization,avgWage,existentialAgentCount,nonExistentialAgentCount,existentialSlotCapacity,nonExistentialSlotCapacity,existentialUsedWorkers,nonExistentialUsedWorkers,existentialFillRatio,nonExistentialFillRatio,foodChainFillRatio,existentialMaxScale,nonExistentialMaxScale,existentialOperatingScale,nonExistentialOperatingScale,existentialContractionIntegral,nonExistentialContractionIntegral,existentialNegativeProfitFacilities,nonExistentialNegativeProfitFacilities,existentialAtLowerBoundFacilities,nonExistentialAtLowerBoundFacilities,productionEfficiency,avgFacilityCondition,avgWorkerEfficiency,avgResourceEfficiency,avgConditionEfficiency,avgMaxMaintenance,facilitiesBelowFullMaintenance,avgHrBuffer,hrCoverageRatio,avgStorageStarvation,maintenanceServicePrice,maintenanceServiceVolume,maintenanceServiceDemand,adminServicePrice,adminServiceVolume,logisticsServicePrice,logisticsServiceVolume,priceCeilHits,priceFloorHits
30,9800253,1126021,3502636,1238879,3932717,1.1172994672104672,0,0.6382851424658007,0,0,0,0,0,18506,16917,9.122578245730983,5.6627485325879565,1.6109806383300294,2.795666376098745,2.485568498188996,9.121028835114027,44.3088773627334,5.171583489384128,3.669594638715319,17.826455957668106,1,373.8189745359839,3022337.5168416617,373.8189745359839,1537676517.4441266,0.2541174259952285,0,8964801128.787441,8964801128.787441,89403574.82045978,8964801128.787441,414825840,8529282630.78744,0,0,20692658,0,8875397553.96698,1,1,21,101,639382,2051276,639382,2051276,1,1,1,6359,22269,5787.7640590540195,20836.01853526602,0,0,9,9,0,0,0.9999853484780575,0.9140369132707912,1,1,0.9980445401516783,1,0,285995.78700000007,12.755056361678074,0.23437681992390888,5.912783318596576,19358.711534922113,49210.421662098954,0.9467183074935376,74549.14483799384,2.5125849060252827,164232.94578555963,0,0
60,9800597,1123069,3500078,1230551,3946899,1.1198973340021419,0,0.654924604000431,0,0,0,0,18506,16589,16933,18.558514718684172,4.5748137370080055,4.0566711095918215,3.513823749629343,3.2411086230121797,13.02970747649532,60.55410884114165,8.016261356176473,4.0201390919092175,18.68314699828377,1,575.0599125246493,2571243.383289756,575.0599125246493,4123738651.5808473,0.3363972958581476,0,9558459795.46328,9558459795.46328,181884523.67639223,9558459795.463278,414825840,9122941297.463278,0,0,20692658,0,9376575271.78689,1,1,21,101,509433,1696501,509433,1696501,1,1,1,6359,22269,4808.630237855594,18211.40308303292,0,0,6,6,0,0,0.9999980952836831,0.8621404439991445,1,1,0.989103650095358,1,0,277519.9909314662,15.096734041805396,0.07171750712566334,12.630876020639894,8662.211084181363,40560.40063764965,1.007811476908891,19160.16817250283,3.0524225026890193,102144.34942437858,0,0
90,9801061,1104903,3512776,1222407,3960975,1.1225080825237095,0,0.7360663778537061,0,0,0,0,16589,16465,16929,25.878970090244838,4.319685259168384,5.990938815580975,2.9239683873963185,3.4704662273953533,15.33371807976254,70.94063055251104,10.39454122473298,4.418345281311315,20.441239275724993,1,775.1756378098112,1260867.710534599,775.1756378098112,5532282446.145509,0.37551427000300286,0,9640078939.064596,9640078939.064596,253641364.4716671,9640078939.064594,414825840,9204560441.064594,0,0,20692658,0,9386437574.592924,1.0000005100500258,1,21,101,382503,1578089,382504,1578089,1.0000026143585803,1,1,6359,22269,3698.858962325736,16112.457746416245,0,0,6,6,0,0,0.9999998136342243,0.9338452374652699,1,1,0.9977316696153294,1,0,239310.37853028355,14.647224295727888,0.031609903931505444,23.973171484773538,14260.343114112078,29267.83055798434,1.1170801668810357,33971.81522828901,3.5857453327568347,41475.57769682361,0,0
120,9801722,775705,3836640,1214300,3975077,1.1251059927217066,0,0.7567802675410009,0,0,0,0,16465,16252,16913,29.532799116841083,3.5839036494414604,8.24039985601836,1.3954748450053946,2.2578627234526674,12.187522619947957,81.68573173253023,11.463582925603582,5.397813823380326,36.17834285674306,1,979.0022500159708,581362.9763384054,979.0022500159708,6201649023.864301,0.41040637711993033,0,9640078939.064596,9640078939.064596,289472286.82512325,9640078939.064594,414825840,9204560441.064594,0,0,20692658,0,9350606652.239473,1.000000528738525,1.001353317348354,21,101,343736,1547558,343736,1547559,1,1.0000006461793354,1,6359,22269,2941.8212847890986,14448.321040458179,57.99508197185665,0,6,6,6,0,1,0.999823676014308,1,1,0.9999999949861252,1,0,267370.57418170746,16.96428579455077,0.007409708313437402,26.71188591057794,12340.068283975923,15540.556156130046,1.0427504056036347,31618.89775747164,3.971585021938155,171149.56286190244,0,0
150,9802484,666187,3940869,1206250,3989178,1.127711058862753,0,0.7904666765252616,0,0,0,0,16248,16136,16898,36.28202547819471,2.9415268741529257,12.334419174274204,1.2988976207783036,1.6182339776684735,8.813961297497153,93.82775531538618,10.208250777403038,5.44665445116668,57.98157535325748,1,1188.8066251982348,551486.3123699393,1188.8066251982348,5319249814.131296,0.4579980561358846,0,9653961068.967733,9653961068.967733,355653974.2375835,9653961068.967733,416191554.33754045,9217076856.630192,0,0,20692658,0,9298307094.73013,1.0000037949271943,1.0224355412347026,21,101,330923,1250135,330924,1250140,1.0000030218510045,1.0000039995680468,1,6359,22269,2597.828724470141,12147.090705900207,218.97677692397122,141.33501559283104,6,6,9,12,0.999766803748482,0.9995331627322863,0.999766803748482,1,0.9999999875295486,1,0,264889.02618634247,20.104615083488774,0.0015904106335739097,14.759987282669748,12692.568326469322,17292.920200774413,1.0760527190457105,20358.78811445185,3.8892438397412508,173068.31494790257,0,0
180,9803445,2417912,2184059,1198246,4003228,1.1302709208728172,0,0.6907008477865282,0,0,0,0,16136,15931,16892,33.33391844923625,2.691428539799588,12.38521400672908,1.2910799071323538,1.385360988187992,6.577256805937682,95.40950622649261,10.149862821542273,4.747684438942174,68.86977981911069,1,1408.3300708162321,548934.0300216143,1408.3300708162321,5606747689.523883,0.5576366604265356,0,9656388869.175041,9656388869.175041,326787236.1515673,9656388869.17504,418619354.5448469,9217076856.630192,0,0,20692658,0,9329601633.023462,1.0000081542257644,1.105386565541938,21,101,317647,908711,317648,908720,1.000003148148731,1.0000099041389396,1,6359,22274,2381.8999999999996,8699.356394816234,412.4163936931934,491.6964892257572,6,6,15,24,0.9996686215464101,1,0.9996686215464101,1,1,1,0,272998.9553934691,26.712923565533583,0.0006981985514340857,8.817939386429606,8590.154786585286,8906.830054989752,0.9754345435010865,36192.445647393535,3.538229065022776,154937.75560692113,0,0
210,9804334,2619629,1976983,1190511,4017211,1.1329479190325396,0,0.30281798624308,0,0,0,0,15931,15990,16879,9.565480542037664,2.603972823223289,3.673417962249382,1.3057911949336922,1.3022890855597695,5.785198100638358,80.54891692689951,10.439418147172162,4.442330174449459,61.851794520935236,1,1605.760904023914,547143.5652382015,1605.760904023914,6428139001.091135,0.5282947177726617,0,9661493008.274519,9661493008.274519,93783166.10463686,9661493008.274517,423391107.76662016,9217076856.630192,0,0,21025043.87770378,0,9567709842.169876,1,1.180072650904441,21,101,313977,821213,313977,821213,1,1,1,6359,22287,2381.8999999999996,7500.463693431473,657.8753151596868,1127.8647046283686,5,6,15,46,0.9999997022603416,0.9951386937461464,1,1,0.9999993725313295,0.9978027073950535,0,268024.959216908,28.332697703493658,0.00022431875033383298,4.912513368125038,5389.612938958253,10148.771804431775,1.1403355409742988,26969.827404203246,2.9162341020715044,70053.72743722987,0,0
240,9805388,2217042,2374309,1182830,4031207,1.1356215196790662,0,0.1201389808980492,0,0,0,0,15990,15814,16868,6.384849563267823,2.6884341346713545,2.3749324861359615,1.3254901632329514,1.3806884276433875,6.600871136615672,95.64250944859396,11.823033663619979,4.780854973835259,69.27160938970155,1,1791.4940132439417,545480.133769395,1791.4940132439417,7709013591.350325,0.5329704705288427,0,9685899536.382797,9685899536.382797,62605927.289462574,9685899536.382795,435790218.50652933,9227912235.52941,0,0,22197082.346857157,0,9623293609.093315,1,1.2546116153926394,21,101,307997,1259676,307997,1259676,1,1,1,6354,22374,2381.3999999999996,10536.108223138704,802.5706314377236,1706.8637084538075,3,6,15,42,0.9999997811460511,0.9982764054509735,1,1,0.9999970773349712,0.9987240567028762,0,257109.3300312239,19.68083879976683,0.0034064774418952086,5.0082855180703065,11519.634145459182,15083.58486114335,1.287549595018133,49335.61348387126,2.798079696997811,115171.70597161536,0,0
270,9806505,2358893,2227169,1175314,4045129,1.138328047025967,0,0.04370718833538639,0,0,0,0,15814,15742,16859,1.4263271457565678,2.8073678792665984,0.5080656355337313,1.3465354028960528,1.4356646874352992,6.47946398936758,85.73106607569812,11.21730736308639,4.5132154089146175,59.71524327790625,1,1893.3037022035605,544457.518655244,1893.3037022035605,7203961130.939864,0.49619468586767046,0,9733323470.426,9733323470.426,13987284.28648893,9733323470.426,462076567.6816357,9246498407.91948,0,0,24748494.824884467,0,9719336186.139496,1,1.3455411503915795,21,101,264381,1161384,264381,1161384,1,1,1,6354,22504,2094.407532541986,10816.443228481252,1034.066064657647,2174.5466216954646,2,6,15,42,0.9999722198515121,0.996383117610946,1,1,0.999954889792271,0.9994792782380604,0,270340.5586657578,22.75330579716218,0.0020798851239600467,5.631358135113681,9967.666843349987,12971.488295168132,1.200057080382018,25899.70811970488,2.945245588945227,136874.99711757211,0,0
300,9807661,2451918,2128863,1167857,4059023,1.1410455989928354,0,0.01590013856619652,0,0,0,0,15742,15695,16851,0.6239490039865329,2.7541723200642867,0.2265468284032311,1.349322487414191,1.398488896915602,5.526188318992815,54.54625690284136,9.083481260738731,3.9515425050430824,39.00371109355557,1,2053.8644619944503,543058.1493664018,2053.8644619944503,5610287228.16216,0.33796114955696854,0,9765522274.023712,9765522274.023712,6119480.312378724,9765522274.023714,468063619.79175764,9270159386.118132,0,0,27299268.113824725,0,9759402793.711327,1,1.4137342519233924,21,101,204670,995647,204670,995647,1,1,1,6354,22660,1558.894226717746,9356.789598924941,1263.78070331764,2790.730202199009,0,4,15,48,0.9998576754235112,0.9954171824490546,1,1,0.9998202697697125,0.9999922894665455,0,280694.77898596146,28.06206483646851,0.0007551943727243489,5.684169956048333,11274.146492014925,13639.164081940322,1.216237505303742,34303.30239627159,3.3796660952446738,113638.9847775828,0,0
330,9808870,1911810,2663693,1160377,4072990,1.1437796019366613,0,0.010480351815135739,0,0,0,0,15695,15624,16833,0.4928478747902761,2.7962707833017464,0.17625184146448694,1.3515728214668201,1.3312130306071526,4.651356517627577,28.603531081505025,7.249257440379574,3.4940737588078905,21.486817228989448,0.9897288760102747,280020.9029900768,1768805.3481690816,277144.7735757509,4535143934.374434,0.22253416600563222,0,9783959353.025429,9783959353.025429,4834280.733584685,9783959353.025434,473050138.17521256,9280962209.070528,0,0,29947005.77969307,0,9779125072.291838,1,1.4884412209034947,21,101,573601,954404,573601,954404,1,1,1,6354,22743,3404.7676079283447,8206.254784685425,1361.0221892953327,3492.389484871669,0,2,9,51,0.9997947388270507,0.9952590017042108,1,1,0.9995704517949145,1,0,236624.14633762604,18.582987333493755,0.005421569809989512,5.205991358186123,9379.58957920163,11253.37814007487,1.3224109622270692,36482.76679914675,3.31261123201855,239853.66813339945,0,0
360,9810338,2451846,2673796,1153046,3531650,0.9139725326115246,0,0.0038117568669475133,0,0,0,0,15393,15108,16576,1.4481909523531338,2.9286282859428985,0.494494627161902,1.4457125485438216,1.4028941454843222,4.6676825295766085,27.080236539644662,6.607542547025398,3.327180845825813,19.303121783501158,0.9519153163211657,288702.82311718346,1346220.6470502974,274820.63919040724,4694830666.013017,0.19043679642224556,0,9808598919.809748,9808598919.809748,14207242.731118023,9808598919.809752,477438112.72864705,9300158820.530127,0,0,31001986.55097475,0,9794391677.078625,0.9908959051542925,1.4892940793621308,21,101,548426,878734,536069,878098,0.9774682454879966,0.9992762314875719,0.9570328799132104,6354,22967,4415.649836486051,7177.001921657134,1276.9477730057315,4195.085733573251,0,0,0,51,0.9825179024989352,0.9950748915955546,0.9825352284580305,1,0.9994025467514882,1,0,266292.09200300346,22.596377259800587,0.0019292722050616173,4.759649266752536,9411.813944622025,14584.829090738482,1.1929136020111069,13745.395480895162,3.1333094514140076,186812.09124574444,0,0
390,9811469,2743276,2376688,1145311,3546194,0.9163160131594675,0,0.0013687715183670868,0,0,0,0,15327,15935,17066,1.1211012728954703,4.11483225324405,0.2724537001506238,2.2543794411018583,2.1489430354469294,5.916858039803255,34.21942521011189,10.484377471289243,2.7533805885983798,15.923840067261281,0.7608048073125515,437036.36794410105,476951.76986511913,332499.3697022892,5260588585.660615,0.23162643595622254,0,2338538011.3425274,2338538011.3425274,10999650.384866014,2338538011.342527,335772438.6045134,1243011425.8952682,749159495.1980412,0,10594651.644703576,0,2327538360.9576516,0.9831771441775679,1.5074230394090724,21,101,623884,934056,606387,925344,0.9719547223522321,0.9906729360980498,0.9541218520102183,6354,22979,5680.7051257206185,8347.841453092911,1051.9477730057315,4526.967267163174,3,0,0,30,0.9609576307342118,0.9939895944899729,0.9682478849070277,0.9902317864627118,0.9997960400224836,0.9979557344320168,0,272394.22543440096,21.340109361322657,0.0024869620003089773,5.03449605225515,7553.027602578208,13062.996037014838,1.2562012442755714,31643.48956943193,3.268614325691151,265714.62909963494,0,0
420,9812608,2176255,2938042,1137595,3560716,0.9186621347958478,0,0.0004915675361434689,0,0,0,0,15935,15915,17054,2.6020311389815527,6.34541554547479,0.41006473419021106,2.784062106226043,3.6120112604106067,9.441410339497313,53.270907064598575,10.57699388481953,2.6138928311159337,14.748267163082664,0.9407353414957064,294096.10811983654,982109.7290404725,276666.6027046726,6928692854.439214,0.35804255899977566,0,5137983100.807795,5137983100.807795,25532711.570610676,5137983100.807796,395932807.29534364,3923609152.426911,807846206.1530011,0,10594934.932539467,0,5112450389.237174,0.9458941271538203,1.5117492730859223,21,101,548994,1642635,533021,1540028,0.9709049643529801,0.937535118879118,0.9571052425411899,6354,22987,5282.66659869704,14626.871582053282,826.9477730057315,4491.6565165971115,3,0,0,18,0.9376307423393527,0.9972107668160225,0.9476042617030316,0.9862731766915478,0.9999492208478601,0.9988961036592439,0,251191.69762873705,14.540420277305769,0.008378004411464027,6.2213344604827725,13483.984666581275,18456.451193943354,1.3965470477585211,34282.12909517375,3.9125978010827938,278424.70908767666,0,0
450,9813901,1750693,3357979,1129977,3575252,0.9210278130989815,0,0.00017654138792841783,0,0,0,0,15915,15748,17041,1.8751459139723985,10.009198824596066,0.18734225853966613,2.6885979723172726,5.676021657494991,13.66517838723854,89.38454064400644,13.145639244616177,2.407527527523462,15.747744818058829,0.2373969101427722,741252.0040798145,1705866.5616366777,175970.9354056856,9710480793.60448,0.570725719178922,0,7490039946.625129,7490039946.625129,18402496.360271815,7490039946.625128,421080021.15038,6239295803.934276,819069186.6079316,0,10594934.932539467,0,7471637450.264852,0.9333580760441541,1.4694171888446546,21,101,623548,1946906,620874,1778280,0.995711637275719,0.9133877033611278,0.9962304870153227,6357,23048,5614.1374905635275,18969.71061137791,605.1558933488774,4162.933519802919,3,3,0,9,0.927424647077214,0.997652621373757,0.9356588926178563,0.9917659576925483,0.9999993362707976,0.9997506728313007,0,244243.4393368844,12.21647827543631,0.006860341259221042,7.4712552601530025,19865.16252360803,33553.64370935507,1.552674879484233,45608.96072292103,3.5268244431312867,258290.96615424668,0,0
480,9815217,1797637,3305493,1122321,3589766,0.923371930560264,0,0.008632688623103612,0,0,0,0,15748,15718,17034,1.5749582491881815,11.828156209074592,0.13315331834896377,1.9286204246582455,5.8866695163892935,18.925844953993387,102.9543838387446,17.11348104675879,3.2150343927582896,17.48941121156972,0.6739793618082874,320101.21958184487,1452685.2722847061,215741.61568782627,12942733148.446005,0.6836812426689431,0,7548159128.294226,7548159128.294226,15458556.98171355,7548159128.294224,428291927.92376804,6290203078.829985,819069186.6079316,0,10594934.932539467,0,7532700571.312499,0.9378286512194218,1.4597354728176397,21,101,567109,1916527,567109,1762116,1,0.9194318681656977,1,6357,23062,4986.408603819718,19718.16317685177,417.777327732706,3624.079245509085,5,3,0,3,0.920849776824736,0.9980134209485793,0.9325362994081987,0.9881745891294375,0.99999984281461,0.9998612008451782,0,257402.84214966113,13.26120965469602,0.0020715183460142945,12.200656405270205,13473.30983221483,30027.804901725824,1.7607351892159069,61821.527823069446,4.511137928984423,253598.8391940135,0,0
510,9816769,1831029,3266701,1114784,3604255,0.9257137981022926,0,0.03301029262025837,0,0,0,0,15718,15469,17021,1.2936867995652943,9.762271764984591,0.13251903150304647,1.4909767437141994,5.184667465551697,20.900186119518796,103.9018538923429,17.300186859329923,4.031152674377897,20.040215613189144,0.5803358107913843,310388.6633833983,410204.5941714203,180129.6566250585,12903829124.561712,0.6403305018064829,0,8473117428.376074,8473117428.376074,12699824.46967231,8473117428.37607,433031181.0161068,7199812515.623387,829678796.8040364,0,10594934.932539467,0,8460417603.90639,0.9584288992186258,1.4682283059161367,21,101,405217,1701968,405217,1614370,1,0.9485313472403711,1,6357,23111,3688.188347668698,18293.25595681358,243.50979894075294,3018.404007624763,5,6,0,3,0.9563552957319558,0.9992424693359622,0.958990954265958,0.997364342542106,0.9999999303987476,0.9998777754308135,0,279331.4151281311,16.597338869469716,0.004134907020620285,12.302232461306925,13849.6408358783,21137.14435812295,1.8086212677218125,51814.31773849989,4.428324223522699,216446.87977948738,0,0
540,9818293,1713878,3378407,1107373,3618635,0.9280721719228205,0.0134805124162869,0.14561894200958836,0.28069934139799135,0.09769386592964785,0,0,15469,15486,17010,0.333510836141926,8.317236935890262,0.040098753794396695,1.531860449109198,3.294397759359501,19.81826271023053,91.2864608910221,16.49169949496268,6.0157467791878325,27.70960508082973,0.5174904345012289,363173.0131025516,2747802.3722914653,187938.5603495599,12193571229.975424,0.5779306558175468,0,8565739302.220051,8565739302.220051,3274507.1079074624,8565739302.220046,438170483.12967706,7285712099.988802,831261784.1690307,0,10594934.932539467,0,8562464795.112131,0.9908091108685957,1.5052992154440885,21,101,550167,1541796,550167,1522569,1,0.9875294786080648,1,6408,23154,4564.908988485883,16726.800230637036,104.72951625618204,2401.217586721451,5,6,0,0,0.9818539871462219,0.9993948232108839,0.981853988050465,1,0.9999999838903096,0.9998777754308135,0,258589.9297013321,14.970932894570197,0.006024493348034067,11.897497655832305,13341.342286821664,20455.34452630088,1.6300042481518795,30113.85237271515,5.618412219497714,254590.9435732307,0,0
570,9811774,1992751,3093059,1097325,3628639,0.9292450956681433,0.13194010338669535,0.2303815748863867,0.7373624178418462,0.3400772378165253,0.18753591348516588,0,15486,23523,17004,1.240452944509985,10.13594193032298,0.12238161515103098,1.7064898044115937,2.8119878306193,17.361956431025302,84.02100567566515,18.098460252575972,6.174264426742409,29.879576561738084,0.18028005479101117,970871.6221950637,3170793.5134028085,175028.789244364,11824684678.006104,0.6395860242867633,0,8760166251.67199,8760166251.67199,12171043.949157558,8760166251.671988,436956239.70595485,7481082781.082467,831864681.8287325,0,10262549.054835686,0,8747995207.722818,0.9984825006402678,1.52827584624619,21,101,532284,1400501,532284,1397568,1,0.997905749442521,1,6417,23157,4836.71616032551,14550.780535047466,19.61608188443597,1842.0817104327266,5,6,0,9,0.9956361888824231,0.9934167905743398,0.9956367179520075,1,0.9999992625314493,0.9958288975512948,6,274563.87726424425,17.072638353464054,0.0045614789474531185,11.257371656293621,14184.603444411285,22418.15143714178,1.409502126176821,47537.965626208985,6.708896836878811,260869.80239145015,0,0
600,9744239,1943106,3130095,1058955,3612083,0.9207279585413627,0.24252041385238776,0.26611913839683843,0.905014094544784,0.23031454790876948,0.23820515896623637,0.1037952784204082,23523,84483,16948,1.9577293090344643,12.318341697566089,0.15892799185959267,1.4782393039135213,2.3556541335733012,12.487848279561588,68.51967678822625,14.690848969507146,5.301223172613511,29.087324752674313,0.12936201562388894,1230517.7014698912,3628668.2482454833,159182.25012301994,12675027776.364588,0.6482460874209924,0,8786351238.044968,8786351238.044968,19076582.284528755,8786351238.044966,434371031.84128356,7508518759.182508,834370936.4354937,0,9090510.585682314,0,8767274655.76043,0.9902481018939542,1.5657395881882463,21,101,724163,1274935,704693,1274910,0.9731137879179135,0.9999803911571963,0.9592943518038435,6608,23167,5767.051308991923,12490.147308548065,0,1501.3806335959011,6,6,0,9,0.9922157912202081,0.9963316590067026,0.9955324475645803,0.9966836971104617,0.9999996118674267,0.9971776344117927,6,237701.74292954447,14.409055326520186,0.004312361843135853,9.2051888663842,10239.92752765716,16368.619820300866,1.553213606967024,26002.204538127087,6.652187401808881,227126.55386842994,0,0
630,9565316,2236897,2822050,945831,3560538,0.8907721310383366,0.17489420767850253,0.16557705991728322,0.65436960097501,0.3057841476434234,0.2826544360897225,0,79965,173682,0,0.7210771810002956,14.070021363867815,0.051249188778919756,1.4110474224968923,1.8520182485776921,9.317982502154386,61.387771854556746,11.361178984163868,5.03125847129767,33.14641845548831,0.9662189082864777,563637.7464297627,1901637.518230848,544597.4480244159,10535596244.661467,0.6394146470541463,0,8961261764.229458,8961261764.229458,6897331.096652517,8961261764.229452,420833899.1981713,7698044340.363773,835844426.5598567,0,6539098.107655,0,8954364433.132797,0.9994329641527225,1.5890115093166726,21,101,601064,963211,600795,962593,0.999552460303728,0.9993583960316068,0.9993563290731854,6608,23177,5133.741793961111,9072.728359191908,0,1545.5225544390064,6,2,0,27,0.9981059235897547,0.9982734982845538,0.9981060931813274,1,0.9999998042071249,0.9980896325260008,9,266840.0780495173,20.481677847048893,0.0028678255031619622,7.206216593884866,11797.213103621089,12636.566874140248,1.3869104509457157,26640.583093089273,4.850435079374107,181926.66607399625,0,0
660,9559200,1764729,3288137,935820,3570514,0.8918372266353393,0.06290044974719734,0.0783140948249498,0.2366603002518923,0.5867602937484309,0,0,173682,22868,16752,13.701629938782096,13.040492280456023,1.0506988267089372,1.5507956266889897,1.7838202164718127,6.660546132737607,76.21569493046715,10.647107678938411,3.7338662670341223,42.72610783681601,0.9439444141394938,285375.8355574125,2202393.8668372147,269378.92590481025,10801403847.493677,0.6341028154849206,0,8948344705.644026,8948344705.644026,130976620.91081378,8948344705.64402,427663807.3631942,7678922688.360856,837769885.1012549,0,3988324.818714737,0,8817368084.733206,0.9742496586975872,1.613807100653969,21,101,659411,1487512,653914,1437725,0.9916637726698523,0.9665300179090992,1,6608,23175,5843.080100224555,12581.593416631527,0,1673.2917188571078,6,2,0,21,0.981070870848651,0.9985313411973249,0.9810711029724589,1,0.9999998141113261,0.9985048623914617,9,251046.3437451914,14.402849272471476,0.002453885575507202,5.8282672461603084,17119.729778503683,17562.44622288346,1.4634711880881892,32902.0832103289,4.451938110283613,354270.45989675814,0,0
690,9561485,1740775,3306584,929682,3584444,0.8943540572406282,0.022670457601796774,0.09092874473480968,0.08559092236537855,0.5854472396285724,0,0,22868,14458,16743,34.756926999614656,9.700302748414671,3.5830765184411395,2.092522722486247,1.851767471958883,7.953779488348395,92.32912158327031,11.611266031072669,4.295236636776284,49.8599975328438,0.9998833921034788,271347.6761450679,835919.0587563918,271316.0348633267,10306020075.153849,0.5809238314850333,0,8955201274.828934,8955201274.828934,332327836.1529107,8955201274.828928,432130829.8060727,7680817919.718681,840911938.1513274,0,1340587.1528463915,0,8622873438.676016,0.9723039942830538,1.6455599982827394,21,101,548950,1759975,540306,1704671,0.9842535750068312,0.9685768263753747,1,6608,23209,5282.114463052655,15260.596989515543,0,1605.037570519431,6,1,0,20,0.9574563398707474,0.9972680099635677,0.9693260267600013,0.9851033116990238,0.9999996526834934,0.998551823752023,9,253289.90891829962,13.539020252856023,0.0007746686996292432,6.8518924699021815,17711.838360576512,29873.361527227513,1.662231992923972,48379.95207906369,5.106696347084318,327154.61760106724,0,0
720,9564714,1727280,3537037,924161,3376236,0.8168955250985076,0.008172379599567152,0.17060563069877405,0.03095217870492117,0.5994722895007629,0,0,13858,12917,16146,32.407940485248304,7.9958180445837765,4.053111302001283,2.0121998096851765,2.038010380158873,11.067501698561854,114.1175809700074,13.012206741529855,5.430542359504119,55.99460242254083,0.9942808192652229,270978.3346063958,1736374.0960015804,269428.56053557293,11237329669.439636,0.5921652475157549,0,9038244070.735643,9038244070.735643,309972682.0703886,9038244070.735641,434603780.46158797,7759651038.739503,843703645.1529856,0,285606.3815647049,0,8728271388.665215,0.9661482690335357,1.6801946918816666,21,101,673550,2116972,668704,2027354,0.9928052854279563,0.957666894035443,1,6634,23239,5643.031748804192,19224.49552611482,0,1417.5386882223174,6,0,0,12,0.9347722687108505,0.9973999457856415,0.9596844088787982,0.9750880480972306,0.9999995537907437,0.998551823752023,9,236385.5313736033,10.521384838468755,0.00021142797888880195,8.12493215971179,20692.727106434406,33668.03479499976,1.7893399672576515,44726.10804024303,5.774114507856585,338498.85278157046,0,0
750,9567752,1680165,3578466,918368,3390753,0.8194377966432709,0.0029458285952338173,0.13304443142018532,0.011194211795356014,0.631943010228526,0,0,13150,13852,16890,29.141529381571072,5.046993955292996,5.774036909834044,1.4430072094558317,2.0713391966377035,13.529320522511165,135.78957261214407,17.459605367137367,6.531677933036078,65.55641530492166,0.9999999999999993,273364.93303767784,1338405.0791619665,273364.93303767766,14452052978.205826,0.5497102618082398,0,12627108000.519136,12627108000.519136,278818926.02356595,12627108000.519138,204263818.05318898,12293488882.209873,129355016.96824212,0,283.2878358906963,0,12348289074.495544,0.9561926527138702,1.713183088166063,21,101,566922,2272031,566922,2147664,1,0.9452617503898494,1,6634,23359,4396.0848898470485,22005.145768655828,0,1069.300779886275,6,3,0,3,0.9228371433117962,0.9920502612244699,0.950821664456576,0.9720168182459473,0.999997807953351,0.9948995922585596,34,252733.42070860678,11.172241544394915,0.0009693607169254123,10.979798727255021,17150.370280912306,31955.312296027987,2.251966759814406,77498.92551018242,6.293988308317603,366992.31974250067,0,0
780,9570875,1613208,3639681,912754,3405232,0.822021177298816,0.0010618798769604079,0.0713466350036683,0.004048515579918269,0.630606710462732,0,0,13852,13755,16878,14.808448237749527,4.560321740796503,3.2472376028370076,1.4372260794739657,2.5936138013121504,17.558045369402887,160.29099328024114,22.44694898982323,6.769722369814655,61.80218242174197,0.9854005352046903,273972.7248871113,551886.1848204366,269972.8697352468,19468441211.749424,0.5768181062896455,0,22990559491.939262,22990559491.939262,141729807.02743834,22990559491.939278,325467182.24462914,21629269281.43825,1035823028.2563962,0,0,0,22848829684.911793,0.9722197583418113,1.775260386313437,21,101,599313,2185364,599313,2108005,1,0.9646013204207629,1,6634,23484,4487.825474670183,21953.689657307143,0.08121115475774854,643.5147370325233,6,6,0,0,0.9606329119750896,0.9939747331925521,0.9654495713352086,0.9951853083054928,0.9999973450008665,0.996799168583012,36,269587.1993106581,11.949266365192035,0.0018415088668790548,16.405539354670342,13263.97710971882,33239.52543956791,3.0442148456108624,46712.65767112479,6.7936268244005245,363141.468084185,0,0
810,9574199,1647670,3599629,907224,3419676,0.8245956634070214,0.0003827804568225676,0.02618713330987018,0.0014641922719061508,0.6292819900651742,0,0,13755,13549,16873,5.543992697477493,6.07278671621724,0.9129239929787729,1.6033464358092666,3.4012646876339603,24.738340660786786,195.0847117574607,28.20968262385248,7.27327712857174,57.3565216687586,0.8883899149286217,298957.03264984937,1438287.5797301293,265590.4128031129,25032381741.425896,0.5954348123123527,0,23674147629.283863,23674147629.283863,53079289.34015151,23674147629.283867,399824988.7420855,21776520267.706173,1497802372.8356123,0,0,0,23621068339.94366,0.9915247938418195,1.8595082507266107,21,101,516315,2026514,516315,2004963,1,0.9893654818076757,1,6636,23578,4748.110363276565,21361.45670214227,0,393.48285156710983,6,6,0,0,0.9790462714676608,0.996791803137006,0.9796029302839648,0.9994444483958441,0.9999987771051245,0.9973445430687851,41,253154.91252416105,12.048885328353052,0.0029451625767519486,24.84655184198421,13896.705719956648,26987.531392223707,3.6750982529052094,26041.429691951213,7.56268446242812,305227.79632496263,0,0
840,9577597,1755223,3486459,901826,3434089,0.8271991700374041,0.00013798799111778954,0.00946239255379641,0.0005295419930563725,0.6279687900837757,0,0,13549,13462,16860,1.001591512400214,6.035002964123939,0.16596371507260863,1.9241438315718566,4.188893897427899,32.96605728356249,210.76592312566498,30.906708367755378,7.869871639337677,50.315412203465286,0.3977917321995109,660801.3634101084,575265.4801465077,262861.31899070553,24924277988.953266,0.5397900808912109,0,27970772496.268204,27970772496.268204,9592839.864344088,27970772496.268208,397628055.6048973,26051163138.59325,1521981302.0700684,0,0,0,27961179656.40382,0.9975225274506906,1.9308731121824325,21,101,458769,1780610,457708,1776123,0.997687289245786,0.9974800770522462,0.9965208551941238,6636,23667,4475.883872644528,19564.54892367216,0,257.8514617794406,6,6,0,0,0.9814547538452251,0.9952639103982576,0.992898624736617,0.9885571270668247,0.9999959051740777,0.9973005272132355,42,258968.81087575748,13.911642064726873,0.0007667209183941646,36.39955636565338,15995.974365212689,30246.89035621075,3.061311724415689,38411.890376861804,8.801581829846157,264039.5799781238,0,0
870,9581111,1880842,3355317,896444,3448508,0.8297975672625678,0.000049742594300053484,0.003419070328849138,0.0001915149586502452,0.6266554056204964,0,0,13462,13333,16847,1.3134892691238513,6.740976696066078,0.19485147751517695,1.8460741757638695,4.105409761220984,33.319101749158044,197.32172054950834,30.688454379865103,8.115901624214159,48.06383090267296,0.19134791118326133,1107223.563007743,3406744.698356228,211864.91599441983,21461980235.801956,0.49746731465258387,0,28931981640.654514,28931981640.654514,12584686.484737767,28931981640.654522,401666997.63137007,27010734222.009914,1519580421.0132422,0,0,0,28919396954.169727,0.9926007008807075,2.014596266215765,21,101,534292,1560501,521682,1557611,0.9763986733845912,0.998148030664511,0.972307119887315,6639,23690,4905.476121751836,17185.373672709306,0,177.55116432005065,3,6,0,3,0.9736429546585061,0.9976160980556851,0.9831340865040292,0.990509717986798,0.9999990567095843,0.9975024216710081,42,252736.6072371649,14.585915918756898,0.003188740333237975,33.900885893222416,20010.10790362838,21384.763497090753,2.741506185897265,43214.962237755586,10.041355452082623,297594.3235856531,0,0
900,9584672,1960958,3269622,891236,3462856,0.8324300555578923,0.009997846699098003,0.0012354459434199855,0.36369443512985644,0.6216476682770157,0.011067149715712755,0,13333,13278,16839,1.9048321790183633,7.938637549781477,0.23994446995137053,1.5144795668976443,3.3696717842361994,22.25908920031308,154.89006668713384,26.93212808193426,6.6057143323110115,45.965920898210754,0.15985297644616536,1463759.2708923507,3618122.1603786293,233986.27625281113,18876981920.824024,0.4433129693918555,0,29105455183.86887,29105455183.86887,18257191.650891002,29105455183.86888,407524716.4330233,27163524405.981785,1534406061.4540753,0,0,0,29087197992.217934,0.9995767470830861,2.1194060740323435,21,101,647516,1391454,647516,1390591,1,0.9993797854618263,1,6639,23827,5435.671359776473,14084.758548004545,16.49027534352942,109.122843390515,3,6,0,3,0.9893840330358973,0.9976160980556851,0.995357572950267,0.9940273409654163,0.9999990567095843,0.9975358685884035,42,269037.6275767601,15.840441796829708,0.0028968530275345996,26.93699447778668,15457.6239939938,16522.248481315324,2.3335493344858054,28190.57167561481,11.400787373579641,263151.42147890356,0,0
930,9587303,1914633,3310050,886216,3476404,0.8350018556149722,0.018568688857193302,0.0006475194495370225,0.6803420413271568,0.6191009087748661,0.019927710639790982,0,13278,14196,16827,0.9680073035425549,9.143925166291114,0.10586343238143432,1.493679145930011,2.7660565975673155,13.143960229838477,175.850881471703,28.69933854667087,4.751876820379704,63.57457820145831,0.8938786902384861,396569.7891922195,2510848.9923374206,354485.2837512937,19839168635.30575,0.5006122666612021,0,29082356757.524754,29082356757.524754,9280579.325230703,29082356757.524784,427214088.792476,27104536149.610966,1550606519.1213381,0,0,0,29073076178.1995,0.9999132334729486,2.2277654071299575,21,101,652725,1248930,652562,1248928,0.9997502776820254,0.9999983986292266,1,6639,23844,5553.541839398296,11636.696802906616,0,150.40681492185482,3,6,0,12,0.9915688035643545,0.9912759141787778,0.9999052802014514,0.9916666666666667,0.9999965466915872,0.9943547888447168,46,263215.4175164409,16.611105029199685,0.003689884143531102,21.48281108588815,8232.896679832007,19091.744441002935,2.4314855512653977,37034.089640863924,10.033377869739269,257041.81328328993,0,0
960,9590400,2120556,3098188,881234,3490422,0.8376835499116262,0.006701004276919302,0.005842329678754188,0.24605353233794106,0.6376923798798799,0,0,14196,13717,16814,28.79989739536569,6.892494700483505,4.178443168530168,1.5763095317434297,2.6263894712290146,13.650820249010685,204.86223967608603,28.594864322555694,5.197561290337799,78.00147004862195,0.986555988220427,272753.28148511576,916742.0924401381,269086.3831559127,19129920406.810883,0.4825057380387334,0,30573451817.44856,30573451817.44856,276202535.98045444,30573451817.44858,454430598.5312648,28551685043.99237,1567336174.9249449,0,0,0,30297249281.468056,0.9873622416322106,2.3050001778035316,21,101,559317,1337301,536096,1336553,0.9584832930163039,0.9994406644427843,1,6651,23883,5030.276782956091,11981.364505164394,0,389.5842256036096,6,2,0,28,0.9843601917838994,0.9940043960053643,0.99269692364933,0.9916666666666667,0.9999966328970252,0.995234033121817,46,264207.7740239657,16.930526159934875,0.0013933661269049725,17.105771053129196,14101.145922062553,19656.78666030396,2.3678881026579486,17344.405221084347,11.923399010391924,315546.47512905556,0,0
990,9593899,1625556,3587394,876241,3504708,0.84039727985114,0.002420689897889042,0.07487237549202898,0.08898809289791505,0.6363889175818924,0,0,13717,13304,16803,39.292823648721445,5.9981286698530445,6.550847074389974,1.6485587134501813,2.577826720254841,16.633065103904595,273.7252599061995,26.826781835733644,6.452359645903689,106.18450718795378,0.9999628392717057,272345.44446618954,1474024.9478915446,272335.32391112554,20260049272.282356,0.5380508551152057,0,31373951117.945957,31373951117.945957,376971381.51057607,31373951117.945972,475030459.96730167,29329855837.240883,1569064820.7378032,0,0,0,30996979736.43533,0.9762957744936931,2.3838123150759736,21,101,650316,1998621,636194,1949952,0.9782844032747157,0.9756487097853971,1,6673,23918,5358.823102348447,18026.65056755903,0,597.1661737312254,6,2,0,22,0.9686604928207736,0.9954544409871645,0.9736895319405705,0.9949740195811141,0.9999958928590686,0.9963260523069805,46,224493.27214517532,10.416733106878358,0.002105811986583291,16.903096863399888,16698.878545792068,25810.053130825374,2.3880711309983864,45952.1372460644,15.57946678639962,293456.5116599066,0,0
1020,9597346,1743536,3463608,871220,3518982,0.8431113101538963,0.0008744848263041691,0.24906645041210138,0.032183568357522355,0.6350711957243179,0,0,13304,13346,16793,40.04279650320877,5.885002753890596,6.8042103254304065,1.5725945362309512,2.8412944402125118,19.98512016846208,380.635649650728,29.005599511168736,7.033808212769146,133.96557719032413,0.9991407985040374,272126.3363335007,877779.0275931167,271892.5249782321,22678113016.244522,0.6454498549317814,0,31615331629.80129,31615331629.80129,384304572.84880346,31615331629.80132,476268865.3711879,29570694508.822372,1568368255.6077635,0,0,0,31231027056.95242,0.9580031598381168,2.4367028433581837,21,101,540090,1983457,540090,1877476,1,0.9465675333521221,1,6673,24103,4291.493276639452,18295.006360231357,0,496.1024465480035,6,2,0,16,0.9712100466307004,0.9944785230918447,0.9712130312554038,1,0.9999954877155895,0.9961600275676404,48,268351.6298883247,13.320089539064897,0.0006399214010161646,17.32738928274848,12473.326435794555,27228.8853716743,2.8251289218465336,58345.236106262535,20.95071533433848,302401.4949986648,0,0
1050,9600946,1678808,3522706,866200,3533232,0.8457983579396307,0.000315921421553167,0.2353614061461216,0.011639558040776732,0.6337543196264201,0,0,13346,13188,16788,21.518989339632775,6.259230893583973,3.4379606225568105,1.4420532157855217,3.1349420284196143,21.59731319486345,417.9464836935149,31.687171865555758,6.8892225116363885,133.31872803536655,0.9977125483102439,269414.42449760006,1562458.6656232034,268798.1520170384,26397532560.125977,0.7091461910901926,0,31734752904.82403,31734752904.82403,206602654.62431562,31734752904.82405,487272759.42288005,29681395424.17863,1566084721.2225451,0,0,0,31528150250.19967,0.9648529000312321,2.4987417119159248,21,101,593392,1865616,593392,1779189,1,0.9536737463658116,1,6755,24213,4580.161690753422,18198.792027731328,0,409.0485856937232,5,0,0,9,0.960438282367873,0.9963949245980899,0.9665690043105006,0.9938717445127897,0.9999971516556294,0.9966597402653022,42,272838.20969341084,13.79956476226072,0.0002491502439740907,19.550785784359842,19878.503985324485,24248.047225935326,3.2685519959538274,56482.71180781306,24.659338237705192,447081.5083310441,0,0
1080,9604621,1845930,3516449,861271,3380971,0.7911119299848072,0.000114127516089481,0.0901585018219241,0.004207500146417178,0.6516358115536262,0,0,12709,12624,16299,3.415254698294403,7.05758611449767,0.48391257901604606,1.6086206805464363,4.05651015278227,24.715738169266377,391.74059243851565,32.22131588174153,6.092857465749076,96.57083988063718,0.518775383900376,445468.8289937685,1049021.7566146827,231098.2627768932,27398225451.334965,0.6757623844742644,0,32782805121.32704,32782805121.32704,32802226.995513193,32782805121.327072,520079183.3047934,30628207549.86431,1634518388.1579728,0,0,0,32750002894.33147,0.9812932985078504,2.575014459315395,21,101,526426,1821663,526427,1777737,1.0000018996022233,0.9758868682077859,1.0000036873156342,6755,24255,4866.971873817874,19268.70853216715,0,298.03345216170214,5,6,0,6,0.9621644582164965,0.9958323483821595,0.9683429597748626,0.9938237296920989,0.9999935050667588,0.9973319656481002,32,254043.53896877883,13.230492567479338,0.0025755841166138975,21.29898581297002,13777.338653243876,25269.480643388706,2.5187972973137382,56974.205846264864,25.56448907228552,317842.5460233084,0,0
1110,9608073,1662455,3693923,856176,3395519,0.7937630615315051,0.00004122936602223185,0.056958599242634404,0.0015216908708431838,0.652368898529393,0,0,12831,13474,16926,1.3206810230036279,8.029705757759778,0.1644743982962692,1.7135285349509342,4.5227083838822955,27.699894620775968,273.6097027281213,42.67706921775736,6.124625394706161,60.49687034945521,0.19854456114762686,1016635.6630643015,1980398.4819051325,201847.48157012838,27472497875.22408,0.7101357949101343,0,32216128936.349216,32216128936.349216,12689199.678657807,32216128936.349243,558947379.9370286,28582813053.38732,3074368503.024902,0,0,0,32203439736.670494,0.9891739095787306,2.6441755642858005,21,101,604721,1628957,604724,1604772,1.00000496096547,0.9851530764777707,1.000007158742734,6779,24259,5282.180248231409,17166.687692684867,0,160.56003173173272,6,6,0,6,0.9633728413742926,0.9941686160106332,0.9776942087518662,0.9856838875815465,0.9999958278675469,0.995565706641264,34,259727.95809974792,14.106092507960978,0.0011141118553522902,22.46856220484145,20409.421851583735,26094.47829814327,2.5718432828775373,53621.96910085033,22.72849273452656,426568.0281713237,0,0
1140,9611603,1932668,3417760,851123,3410052,0.7964175950036146,0.0002531746254620623,0.021614040601008824,0.4146538793747695,0.6533601106912136,0.0005398683237333045,0,13474,13384,16914,1.5261689710500452,8.842798727536463,0.17258890743465155,1.5760950778622325,4.383510052580636,28.238837534242553,239.23907132509137,41.58338338681179,6.4420606307536445,54.57705547732184,0.3757689174380081,596433.4133126033,2303012.3748879116,224121.13804433294,31190237578.035404,0.6838329690386784,0,27222405151.984146,27222405151.984146,14668930.26057467,27222405151.98415,531719010.16013604,22536460442.43032,4154225699.3936954,0,0,0,27207736221.723495,0.9916673858220906,2.7302746196730046,21,101,605939,1584130,595730,1576090,0.9831517694025306,0.9949246589610701,0.9726461604415626,6779,24274,5436.923108687201,15785.591808853898,0,235.59067440432952,6,6,0,14,0.9706674742305421,0.9944236812946373,0.9781695256721471,0.9925031424283962,0.9999942246938851,0.9954586847905299,37,259564.43483275626,14.341765054162293,0.00625743967566646,20.47280502442775,14622.50606511209,17303.145376959008,2.7165813272866246,39913.82082305302,16.550324720968785,257535.64996313443,0,0
1170,9615045,2373876,2970191,846470,3424508,0.7991999351804534,0.0014876258686201756,0.011031889568016416,0.2626413077854814,0.6525556562657793,0,0,13384,13457,16899,1.8265968614747992,9.188043528689127,0.19880150281954562,1.5010199557408659,4.382925704170208,26.813070332756066,174.6720859268885,39.455459227900036,6.117619175530246,39.8528512040927,0.7557374058726462,346450.45390362,330724.4235225436,261825.56729652255,27567940662.09045,0.554368740981342,0,25791475475.137096,25791475475.137096,17562811.019862976,25791475475.13712,491569414.5554976,21466546082.32872,3833359978.252907,0,0,0,25773912664.117157,0.9986764275576533,2.870420243565104,21,101,387080,1075628,387073,1073699,0.9999819158830215,0.9982066290576296,0.9999695669375209,6779,24301,3626.5421443669948,10907.882041864723,10.824728478128963,475.67572322626125,6,6,3,27,0.9842877080537732,0.99428922628848,0.9926273503982289,0.9916666666666667,0.9999805416494741,0.9960682872888345,37,272994.953162653,22.426083180344616,0.0014436536833664884,18.913239191182683,8562.397480755155,11327.052760587765,2.8267925997123986,23238.652791399978,13.092486736574172,212759.3938945308,0,0
1200,9618477,1811607,3525979,841913,3438978,0.8020275457856791,0.0005374773010399546,0.005168151821933938,0.09498725287123387,0.6512247209199544,0,0,13457,13461,16893,26.2362119335068,7.438159050999846,3.527245351116833,1.4930674572236455,3.376672899504589,17.995271589019982,178.82829325960063,41.70441114298708,5.329290732205708,52.959910119170125,0.9787961734281866,286438.05018760776,1441875.4078037995,280364.46744786133,27643879543.15507,0.49467905358821496,0,22332547395.069954,22332547395.069954,252352401.04949126,22332547395.069973,634992624.1326082,17725420871.264606,3972133899.672761,0,0,0,22080194994.020374,0.9935564788506405,3.0841979489451776,21,101,599735,1407087,599736,1394155,1.0000016674031031,0.9908093813673213,1,6779,24301,4542.796540913471,12593.535546827348,0,608.937858622299,5,0,0,21,0.9910602490810267,0.9939532779733554,0.9937382309639956,0.9973276412036332,0.9998921331858416,0.9958508169911684,37,246793.75703249968,14.85299389179246,0.004800352799796447,18.98797477457218,11267.857723211455,13802.851787134663,3.0895490211698324,38727.980340615664,13.434338996812011,417264.1636499392,0,0
1230,9621818,1989388,3341604,837398,3453428,0.8048832187330238,0.0001941915664868914,0.0018768182873698854,0.03435323363297115,0.6498956849942495,0,0,13461,13544,16885,44.86983266765921,6.413305117879089,6.996366435548271,1.4978594228626616,2.9368338363963393,15.889921831731249,186.6325461835368,39.4045132854988,5.410562094050604,63.54889536840309,0.5689181641785328,501490.3186714949,285306.9514518976,285306.95145189425,28144870328.57732,0.5450746954834045,0,21555064039.343426,21555064039.343426,431729363.6186152,21555064039.34345,739112721.777795,16190719466.112146,4625231851.453521,0,0,0,21123334675.72475,0.9791031802309307,3.3130385532322353,21,101,523202,1681009,522025,1636125,0.9977503908624202,0.9732993696048028,1,6801,24469,3905.9469740891655,14831.051368534823,19.717951390160508,605.7187936797845,3,0,6,21,0.9654588852486151,0.9943260269504669,0.9789278127056277,0.9865372333138118,0.9999928862595698,0.9961021625720712,37,262514.74265806476,14.59665413384972,0.004188763225893269,18.811991611969425,13699.657429061068,22142.880881242058,3.418050157493403,33673.84421668043,13.738017683969035,332582.1154413489,0,0
1260,9625240,1605979,3718614,832851,3467796,0.8076949731181332,0.00007016870102456833,0.0009865126124275355,0.012424242468000647,0.6485651266877501,0,0,13544,13453,16875,54.0197743101086,7.088998704477183,7.620226291759858,1.7950455513385632,3.279195495883748,20.17027596928804,189.36848965582104,45.73838154501283,6.150983067220919,57.74845991754022,0.8925945275830903,312435.1935592371,1523539.5913245156,278877.94399533863,31365191303.901848,0.647148962408795,0,23567373819.950054,23567373819.950054,519953292.4806227,23567373819.950085,748679825.1097249,18098735682.29406,4719958312.54631,0,0,0,23047420527.469418,0.954008280200695,3.53571054376778,21,101,579321,2259016,575317,2132480,0.9930884604562928,0.9439862311732188,1,6801,24539,4811.408276089743,20488.116081741377,2.3430360436180333,499.84757857364934,2,3,0,9,0.9050330078549099,0.9955380584649155,0.9617674720746039,0.9432701815456122,0.9999941155966947,0.9964109647901791,34,244215.8003053263,10.822781780406416,0.0036690161067104363,22.643825177826987,11649.547210239825,28117.094283601647,3.818681321277099,52796.84672430876,13.983085800588055,385042.8862778334,0,0
1290,9629018,1589712,3728652,828511,3482143,0.810522559193015,0.00002534965400677643,0.05640034514356034,0.004493370334591128,0.647244921548594,0,0,13453,13083,16861,64.88754611862305,10.204535969944011,6.358696398321292,2.615501655372181,4.424773445188956,29.42083979105762,211.82346616498668,60.50314226573378,6.649117780944653,47.87216086629289,0.7328009225515394,443756.0107441923,325184.8140611366,325184.81406113494,39056121048.766655,0.8407194043320694,0,25399363171.705025,25399363171.705025,624803349.5521376,25399363171.705044,741656522.501686,19915835404.57127,4741871244.632102,0,0,0,24774559822.152985,0.9543028996993226,3.76059503196962,21,101,638175,2330788,635650,2197640,0.9960434050221334,0.9428742554020357,0.993903084944857,6832,24632,5785.321694404291,22173.92863615017,0,337.0659862251737,4,0,0,9,0.8712341879342466,0.9932565656772074,0.9537729871575303,0.9159100026801927,0.9999919167198809,0.9950942037911663,38,268269.8043798403,11.362189018978233,0.0019095323472984134,29.594811572469787,23320.347495263017,35258.976984778106,4.71669897050874,68315.8257701751,14.818024250709769,367767.04108375864,0,0
1320,9632840,1237982,4074351,824004,3496503,0.8132974721275944,0.000009158646419336227,0.09523354391932427,0.0016250791157517296,0.6459323522450284,0,0,13083,13030,16852,55.53967939089675,12.163837282735388,4.565966980644044,4.052973563120323,6.0549240438941885,40.488360350042264,274.50527850923265,71.35610001291272,6.686848597361168,45.33587482175684,0.9644124149182844,285188.6627259189,1448285.4690599726,275039.4869268196,49400756818.41118,1.0522353879750708,0,29138913385.78901,29138913385.78901,535004845.22387,29138913385.789036,742498156.6753529,23237820417.50234,5158594811.611354,0,0,0,28603908540.565216,0.9652183142721259,4.011345380473888,21,101,633635,2305843,617289,2219949,0.974202813922842,0.9627494152897661,0.9545453221357056,6832,24636,5996.0706810141455,23241.200555716707,0,157.1216210613084,3,6,0,0,0.9201062274408431,0.9817902565563048,0.9486934569400948,0.9714297629339914,0.9999424964715172,0.9941485887520787,41,264709.90061334986,11.195813701071952,0.003939112603760854,49.20104922565188,20796.86171315603,50422.05645881449,6.067990819798321,53781.291996976564,16.046105121792593,383312.7018992052,0,0
1350,9636838,1373249,3933128,819649,3510812,0.8160861921420208,0.0000033091317182399664,0.10910972065669876,0.0005877285724976264,0.6446228524335472,0,0,13030,12841,16839,85.99365891436548,14.796673460509389,5.811688630141945,7.027964867135561,8.267407468840547,60.5526936193826,384.6560069558034,83.12782850180413,7.324266264557871,46.5267991695768,0.944373910614028,391922.85931605764,370121.72331133764,370121.7233113369,61780770181.29018,1.3121366388841844,0,45874929497.18015,45874929497.18015,828706959.9850056,45874929497.18016,735768596.7600402,39849586335.69606,5289574564.724039,0,0,0,45046222537.19518,0.9873500463400725,4.395054055606889,21,101,648928,2228711,642874,2198363,0.9906707677893387,0.9863831604905257,0.9837990753788193,6832,24863,6039.765003809703,23544.90149099327,0,61.33546547384884,3,5,0,0,0.9320580616231793,0.9216297276661567,0.9632649001043982,0.968697094364398,0.9981781912843878,0.9948525075039683,42,250743.22704581873,10.590171550454343,0.0017544048453785699,91.88524900980147,11381.215473580414,52338.84396886232,7.605822934972741,13573.467325994858,19.795729266430445,424645.86039052875,0,0
1380,9640887,1195424,4105115,815279,3525069,0.8188503093741976,0.0000011954659716179058,0.1138630558860827,0.00021255880503412333,0.6433143547891392,0,0,12841,12785,16834,55.67570245918521,18.179871876898932,3.062491465076387,7.666343169211464,10.369980344912817,80.7189147392035,548.5830560790627,104.16353549479099,7.7839023850032305,52.901069995583946,0.9999721533793892,273953.80224074994,1668154.3316385883,273946.17355315405,74310343357.9514,1.6154060219844468,0,50524600033.54065,50524600033.54065,536763156.0546364,50524600033.54066,726034904.625458,44507203102.084206,5291362026.830975,0,0,0,49987836877.486046,0.9978668668811508,5.018144991408652,21,101,598127,2134942,598037,2129202,0.9998495302837023,0.9973114023706499,0.9997294388561877,6875,24921,5561.3522762044695,22815.826137600267,0,16.335465473848842,6,9,0,0,0.9377862666320704,0.842027221546545,0.9899814413472775,0.947778431597796,0.9867862748786682,0.9950840787891176,42,266954.2339139019,11.746131552705219,0.004023141400259118,139.28132451396627,19216.61626173291,51729.230166324836,10.058753274717267,36869.265689863125,25.52485388912753,378776.1504609387,0,0
1410,9645038,1771419,3523142,811127,3539350,0.8216879548653798,4.318951771087333e-7,0.08920570764980602,0.00007687433912823244,0.6420217317961837,0,0,12785,12676,16827,16.500734428930237,19.18653242104983,0.8600164983864951,7.574513193108987,10.824115866534493,97.7742720919204,649.5910314869874,132.30115397087067,9.033003092124542,60.013310971232606,0.6581379521532766,321617.7042666535,211668.81726229232,211668.8172622935,82600896495.62158,1.808013913015281,0,53812063368.96232,53812063368.96232,159150210.59494215,53812063368.96231,709506269.8046577,47809093223.01844,5293463876.139201,0,0,0,53652913158.36735,0.9999728628673011,5.80877342954582,21,101,480157,1915085,480157,1915020,1,0.9999660589477751,1,6913,25043,4631.791325914369,20989.5001969086,0,0,6,6,0,0,0.9524386037625081,0.7636834581013446,0.9990372935319023,0.9535099319644886,0.9541956869244899,0.995247401077763,42,260925.92432958225,13.072566628499635,0.00333216513111511,271.9917668860288,11380.709795198421,46273.42366500756,10.829478599416868,34766.5555730997,31.803734525819447,280875.8019384022,0,0
1440,9649153,1859071,3589172,806947,3393963,0.7710577520128966,1.5604153025088465e-7,0.03231884397241851,0.000025680753625387398,0.6493681880679061,0,0,12263,12277,16392,4.209887874607328,19.963191203650002,0.21088251029913527,7.588425682616314,10.31207823687597,92.30162866467442,664.5085610972576,154.88694913010593,8.950827034516088,64.43982927912401,0.9634423856118234,295331.38149280543,1797292.199432347,284534.77073146397,80782290907.22717,1.6001920495315245,0,57902265193.47589,57902265193.47589,40621852.21492446,57902265193.47591,674395521.7911596,51926972523.93894,5300897147.745796,0,0,0,57861643341.26094,1.0000042202853925,6.590464427747178,21,101,546424,1823084,546424,1823094,1,1.0000054852107747,1,6913,25102,4428.230569338361,19215.326767472354,0,0,5,6,0,0,0.9579547377396925,0.7074010305846236,1,0.9580212475563742,0.9016613387312228,0.9953135832143134,42,256062.83945938194,12.967844403429655,0.00145178577011091,380.7661627572433,20595.30642484558,43155.27266163986,8.715664162881728,53882.7700366484,35.472889114780386,323458.9000496365,0,0
1470,9652712,2182437,3259028,802717,3408530,0.7739178695443231,5.6378921283417346e-8,0.011767769005378218,0.000009287740222992349,0.6501159466893863,0,0,12477,13438,16997,8.105052524356816,18.448248566148894,0.43933994575663726,3.5872159081967583,9.33567048161896,79.95417283549136,639.1831562857532,178.72005921519093,8.564373923963304,68.46676492537344,0.9987696808404124,272934.1233684209,393501.2025298731,272598.3272871355,79437801964.43672,1.4548057947618585,0,65142994316.37599,65142994316.37599,78235737.7624827,65142994316.376,615683026.2854971,59631549717.446175,4895761572.644327,0,0,0,65064758578.61344,1.0000010509671788,7.204427093467435,21,101,342275,1560734,342275,1560736,1,1.000001281448344,1,6913,25122,2627.191670822334,16289.049553064206,35.60648332295206,64.85396581079596,5,3,6,9,0.9278704100742937,0.7168410706196455,1,0.927896451997323,0.8983661379821494,0.9935599798616127,48,263389.692375715,16.60881786026765,0.0004429259379721797,454.59914014266997,25457.435553606752,34132.10397448545,8.280738812813961,37492.52533775034,38.966645429418875,224122.26742088018,0,0
1500,9656355,1800509,3634162,798560,3423124,0.776805808484083,2.0369731840981827e-8,0.00427919063371232,0.000003359018185685689,0.6487931522815804,0,0,13438,13349,16992,7.3850024909949985,19.011703880374156,0.38844506191886147,1.7763104381597554,8.247563732790525,49.0740789500442,640.3490251855648,179.2526297528694,5.950130309989156,77.64099144086343,0.941387180524537,286495.44516925386,1976544.136316075,269703.139361006,93039376789.81296,1.277791448818261,0,82860874305.16429,82860874305.16429,71312205.728938,82860874305.16426,641326509.3464798,75827679416.02963,6391868379.788162,0,0,0,82789562099.43535,1.0000029360839686,7.836672989769749,21,101,581592,1802536,581592,1802543,1,1.000003883417585,1,6913,25132,4474.055721562159,16507.990836544952,43.5659076426259,237.11885337392638,4,0,3,18,0.9591112857530188,0.7776047862443431,0.9999975423675364,0.9591411003588789,0.9438961506092922,0.9927132020710157,50,220822.52712776416,11.11459848344649,0.0038503146075015,363.5993910243091,5179.358885899226,36339.35434690597,8.98874432869374,36654.71484114678,43.5523926171805,259636.5136372362,0,0
1530,9660008,2152965,3274329,795055,3437659,0.7798939950553627,7.359605822114273e-9,0.001542273013159203,0.0000012148276007801594,0.6474812443219509,0,0,13349,13329,16982,90.13979256798822,20.148144837373522,4.473850733928846,1.8257227161865925,7.731592572623151,34.49439805776117,778.6931642929011,169.471737653465,4.4614867808609855,100.71575254109756,0.930774454554581,289451.1150859681,610027.3059986858,269413.7037643572,83882986847.07693,1.1470584166008637,0,82732781845.30151,82732781845.30151,870751117.3251239,82732781845.3014,655779150.8197858,75504473921.38649,6572528773.0951395,0,0,0,81862030727.97635,0.9980789902139348,8.595953633761733,21,101,432654,1534020,430481,1532415,0.9949775108978537,0.9989537294168264,0.99190915014428,6913,25132,3544.038006447921,13636.046431543618,34.891353284199546,480.94274279452424,2,0,3,22,0.9782094088139865,0.8608473127498549,0.9983609211569324,0.9798720944550862,0.9764189006247785,0.9918857778607253,56,275882.758313168,16.865860951155923,0.0018737859465179454,286.7278713785401,60.54446067054192,19280.78191052338,9.854186268138985,39786.73913185252,54.22169886375974,299045.89311373373,0,0
1560,9663670,2169392,3250576,791492,3452210,0.7829754714418978,2.6589427080308434e-9,0.000555872964126516,4.3935638869308954e-7,0.6461682776833232,0,0,13329,13312,16974,155.93608875236927,18.19303914758724,8.571195141579713,1.989999624811416,8.291749391909535,38.29124603227256,1234.5108513224766,162.15456953579633,4.617993649160969,148.88424540749136,1,299634.0541180565,1399556.4150649686,299634.0541180565,83910479547.62788,1.1202285609742728,0,85350856903.00606,85350856903.00606,1506914902.7936015,85350856903.00601,655581298.3023354,78180338630.12991,6514936974.573761,0,0,0,83843942000.21245,0.9943435670704935,9.477398087134912,21,101,608669,1281745,603406,1276315,0.991353264253642,0.9957635879211544,0.9853058603456459,6913,25148,4963.613236300086,11760.924497359727,53.14758697555612,665.0688929859558,2,0,3,27,0.9503433545601586,0.9795084214184144,0.9917512932255216,0.9585902046015065,0.997879152917933,0.9918662865831193,59,268773.29949607473,17.158288884110444,0.0015518143060229324,191.52402922362216,14714.110007256091,17240.33175895693,11.59065899096959,40762.94289904424,84.91098891345594,298943.9289793045,0,0
1590,9667257,2232346,3180237,787985,3466689,0.7860709018226603,9.60672246874822e-10,0.00020035627218986776,1.5889829648377033e-7,0.6448631705974094,0,0,13312,13377,16964,181.41915657948832,19.16115789316389,9.468068557809499,2.7674983296360542,9.058915064375396,42.63492179257513,1744.6028231124835,168.8370238074629,4.706404849763846,192.58407996043755,0.6201478329691124,429112.2714334672,266113.0452299181,266113.04522991827,93659594204.86961,1.2661364524031715,0,86767852930.40681,86767852930.40681,1753825611.3771987,86767852930.40674,557032704.9683472,80319275476.7077,5891544748.730724,0,0,0,85014027319.02965,0.9782521714687417,10.391014008916459,21,101,511080,1555839,508180,1513788,0.994325741566878,0.9729721391480738,0.9895650756124403,6913,25148,4712.8196379789115,14781.993139308619,0,801.776578556995,3,0,0,18,0.9098023009585491,0.9837989720521684,0.9701342315848354,0.9385560900164353,0.996828575561602,0.9916243455410801,66,248054.1234006483,14.721545943396631,0.006176349631044952,134.97003903072002,13617.259999419279,16159.128320497199,11.584545202665792,38303.63756454412,148.6396044874381,328349.18936466466,0,0
1620,9670979,1828107,3577173,784538,3481161,0.7891726238048723,3.471056749596169e-10,0.00007221567644126353,5.7467398392792096e-8,0.6435664889769691,0,0,13377,13231,16953,137.05241791326947,21.986586629746256,6.233455889321514,3.1042962247210473,10.823807254248814,58.619280415703884,1911.2968321668677,185.63231004802395,5.415772753408305,176.58267440198557,0.9863166619631489,291739.8347448199,1176899.7685070457,287747.85996719147,111647310887.26894,1.5354857501195762,0,88848799590.362,88848799590.362,1325431055.5384898,88848799590.362,584250665.7540361,82316020214.22745,5948528710.380514,0,0,0,87523368534.82358,0.9667227854432774,11.295989246505242,21,101,565702,1893368,563850,1813389,0.9967261915284019,0.9577583438613095,1,6913,25186,4613.991878297652,17710.976336806394,0,771.0875917002649,3,0,0,12,0.916855750501087,0.9836064585050461,0.9669179252186682,0.94685769993296,0.9968682501293791,0.9912141861533806,71,254967.39179457756,12.87042952574365,0.0038377375042283955,96.86405705874954,16017.16288929619,24951.22756103631,13.082487018849042,51072.76393286525,238.57489668133059,242832.33574397923,0,0
1650,9674768,1840164,3557882,781152,3495570,0.7922722407330356,1.2541111443246514e-10,0.000026029776945279862,2.078374627743852e-8,0.6422769000765703,0,0,13231,13150,16939,94.04682148836439,26.24868679750565,3.58291529834938,2.139355032052795,12.661302264197301,87.3663765145963,2155.8381276239493,204.93298118884752,6.900267815392458,170.26985713152663,0.9936036865603395,284793.8326185068,947048.4714907198,282972.2019993966,123811733937.6575,2.1325958818054174,0,100832768894.07896,100832768894.07896,909881179.0373702,100832768894.07893,741844484.3848206,93278900792.12456,6804039631.474022,0,7983986.095572956,0,99922887715.04164,0.9511014188398447,12.221933470954223,21,101,693796,1833762,693485,1710479,0.9995517414340815,0.9327704467646292,1.000007873085856,6913,25250,5173.094114649552,18159.234556573898,0,516.9341684522896,3,0,0,6,0.870633646915474,0.9844242459610265,0.9622025296115695,0.9075249815630363,0.9963293835063679,0.9904316210320387,80,252320.9325881425,12.595243485583437,0.0009081870067363496,94.37663981388395,17445.98556339396,22777.85933973343,13.203342584289565,39863.210056046824,192.3533305550181,313621.6192232184,0,0
1680,9678687,1545131,3845948,777633,3509975,0.795315371932038,4.5309793491256155e-11,0.000009382731401658533,7.516681134100527e-9,0.6409819844365253,0,0,13150,13016,16935,71.62168919766877,35.505364631021486,2.0172075386909842,2.288784821355062,15.052283424573506,100.83036773262434,2291.6148276664844,216.1454728582325,6.698675867876258,152.24366715852054,0.9691199176245093,285071.55009419785,1347378.5073777155,276268.5171443802,138603575837.77078,2.917136069561018,0,112077046117.23991,112077046117.23991,693203912.1555963,112077046117.2398,772217604.7697589,104038056226.13463,7247405311.372209,0,19366974.963271093,0,111383842205.08435,0.9544137596673364,13.219346350334753,21,101,575531,1998601,575311,1881476,0.9996177443091684,0.9413965068565462,0.9992725902070804,6913,25257,5125.82022870376,19567.131294093786,0,297.10883530368335,3,3,0,0,0.8939209116471765,0.9801746816899148,0.9716216068810201,0.919956700863079,0.9961928978699132,0.9890772966460716,92,271171.5782961356,13.245181367182534,0.001058030250425261,111.33705237349051,28242.333291398085,30056.53019885219,13.683286565826224,45143.21329214117,182.22789937105583,656902.9831291576,0,0
1710,9682806,1618703,3765533,774206,3524364,0.7983621074559138,1.637017907305309e-11,0.0000033819806320109954,2.7184942751671313e-9,0.6396976248413941,0,0,13016,12803,16922,56.47483199665386,39.61118184747054,1.4257295380410415,2.343635201823142,18.727163550686672,127.91635858551693,2524.947551307027,221.20223710867216,6.830524987903286,134.82808245215782,0.995516562071923,283488.3811418303,584273.4551001919,282217.37858164986,152433775235.8098,3.4099805805210037,0,110098253719.09532,110098253719.09532,546834842.1061786,110098253719.09521,832312885.8048813,99828329039.05916,9410179335.637922,0,27432458.593302514,0,109551418876.98907,0.9732657953723158,14.399347272676787,21,101,596060,1867937,588173,1809951,0.9867681105928934,0.9689571971645725,0.9810683072373458,6946,25342,5270.88927871472,18243.692157371646,0,214.99719476237712,3,0,0,13,0.9665624943584674,0.9804522321044497,0.980380536255913,0.9862163795425531,0.998313333797273,0.989212879818965,109,252494.23514469637,12.634587793359962,0.0010177048544149695,119.6596115291548,16031.159837119349,28462.873681043304,15.082518016702284,35077.36397837638,182.22991045260684,216523.03126237387,0,0
1740,9686983,1948087,3429263,770898,3538735,0.80144178824142,5.9144177159763526e-12,0.000001219057419564039,9.831747538936687e-10,0.638421684026905,0,0,12803,12734,16911,18.599567406118556,43.901389018329176,0.4236669458989803,2.477258163451823,22.201060952183738,142.10502770558443,2759.9265310174173,233.26461499948277,6.400821474777615,124.31507381389112,0.9680970564369155,295544.7514648978,1157885.395777097,286116.00393854734,169750432011.09598,3.8965112714862284,0,109828122773.38129,109828122773.38129,180173693.27037486,109828122773.38116,845439112.6645334,99137604871.80956,9811352768.207558,0,33726020.699547485,0,109647949080.1108,0.9968300559125758,15.596836654569532,21,101,454020,1569675,453592,1563688,0.9990573102506497,0.9961858346472996,0.9986043948519125,6946,25415,4175.413767560989,15812.185430410462,0,349.1671536947017,0,0,0,18,0.9775356086778657,0.9863076218566695,0.9926987286827289,0.9839164278098961,0.9996355261726732,0.9903853929879354,88,273055.89150293433,16.243013850507673,0.0006709199584069421,134.38962371781042,11269.383702998837,21976.462082189268,16.907815562781156,42335.29010739781,196.78093131431197,267987.6928691724,0,0
1770,9690931,2246983,3123221,767626,3553101,0.8045740906676916,2.1367900130517947e-12,4.394519964007569e-7,3.555764694904305e-10,0.6371429122754048,0,0,12734,12954,16902,21.4828006857831,44.05587756269105,0.4876262118536466,2.525216252356126,20.619753186709335,117.81400382122962,2902.910143225685,237.1560800843854,5.713647624898235,140.7829723731506,0.9972754652519595,274584.4818424743,1099632.80159972,273836.3668804218,173110002764.22116,3.259930862780343,0,116117490255.35435,116117490255.35435,208188339.13262707,116117490255.35423,924049561.7544644,104511484511.37079,10639340091.863815,0,42616090.365179196,0,115909301916.2216,0.9997486627705023,16.679456144829768,21,101,512928,1392878,512926,1392401,0.9999961008172688,0.9996575435896037,0.9999944611993166,6946,25624,4006.3144698883902,13830.163255544836,30.3654997710177,579.1780492748857,0,0,3,27,0.9714104932937919,0.9870814360023313,0.9998778724217512,0.9715660078567795,0.9998277509757185,0.9913208377181484,70,254953.98383107598,16.057337170852623,0.0007301816751893871,150.06281990785203,9133.139962491336,16359.67477091053,19.035581176272874,29638.508612619375,219.10425896503025,262315.1652360887,0,0
1800,9694832,2608422,2928227,764438,3393745,0.7510288262810231,7.71979673872188e-13,1.584176606022005e-7,1.1287271371442416e-10,0.6385776463171307,0,0,12657,12669,16570,32.88979853570178,36.295903005019106,0.9061573294141126,2.6168591377521158,16.218845570903795,76.05885326057283,2513.202111619266,200.30020671206904,4.689535573174241,154.95567182216027,0.9996647466253539,274636.9073306729,927613.9221963127,274544.8343806879,170071028982.35028,2.1943625372645665,0,113176017431.61508,113176017431.61508,318861071.3173851,113176017431.61493,1185326241.7930398,100967714867.08499,10974445003.68723,0,48531319.04968636,0,112857156360.29752,0.9993559663909147,17.58434539177162,21,101,410992,1130853,410992,1129860,1,0.9991219017856432,1,6946,25653,2663.019282107679,10949.54365587542,91.9068108544866,961.3358174558863,0,3,6,36,0.9808364295113738,0.9854928528355315,0.9997390014192912,0.9811561762334319,0.9996835683892907,0.9927850264631858,55,271738.37532903085,21.16271065584735,0.0004605771792973857,137.2020207724597,7840.287482452075,11192.098801248712,21.783835649240352,24171.562203341466,212.7231092683693,193486.79855648105,0,0
1830,9698455,2787271,2741142,761580,3408462,0.7542927780540274,2.788969359207132e-13,0.000022797295215423683,4.082171647047772e-11,0.6372804740548881,0,0,12875,13478,17101,23.791534888006748,34.636686706316986,0.6868883011165061,2.5421098207900745,15.385686879867585,73.19139989434531,2310.706737252712,250.03951553849407,4.757109673804516,150.18547792470082,0.9999892867943924,282831.60544270923,1604598.4857188445,282828.5754095678,169422745733.73685,2.1503643353121284,0,112497960531.36845,112497960531.36845,230741130.4921795,112497960531.36829,1672355871.9197793,95886122871.15094,14882482134.618711,0,56999653.678890035,0,112267219400.87599,0.9977225178190974,18.620502863432506,21,101,473344,1037535,473345,1034093,1.0000021126284477,0.9966825215534898,1,6946,25885,3051.3598554001483,9531.93547495823,177.21660461355071,1451.3986931176298,0,3,6,42,0.9347914221034489,0.981333848157325,0.9964653901440149,0.9371881855183471,0.9993086848871987,0.9928722829359179,45,270454.1217525088,21.529571770315634,0.0010001616207706257,143.93822045047148,10904.737055271438,13126.806772478392,22.13637708219337,26169.920735773547,187.7850678304897,217009.00514728858,0,0
1860,9702060,2817315,2702921,758679,3423145,0.7575444238253581,1.0076278178076449e-13,0.000016448068114962722,1.4763643760813727e-11,0.6359852443707831,0,0,13478,13484,17089,23.683697376073177,38.787337973990574,0.6106038365395076,4.099449053785775,17.45189914536058,83.94787749759095,1942.2311034832785,262.73977363910717,4.810243102963821,111.29052989053068,0.9959370263097908,277725.5298122423,907582.2451852773,276597.13829151576,175009432715.70987,2.4216468861404117,0,103104873176.60948,103104873176.60948,229780652.96441758,103104873176.60928,2258359831.244815,83380337901.1579,17390842922.044643,0,75332522.16195148,0,102875092523.64476,0.9840664969194325,19.64668383626059,21,101,485994,1138382,471152,1127342,0.9694605283192796,0.9903020251550007,1,6946,25924,4138.942357717084,10215.473212519742,126.70157610952316,1975.7034417576783,3,3,0,42,0.916683353201385,0.9693991413960423,0.9814572740242541,0.9340747146751289,0.9980101464186347,0.9924184447081121,46,262828.783680456,19.730730325953505,0.006681173429210951,143.5149953423243,10843.103086100402,14628.841741451088,24.021824307826275,27397.52880538967,160.046774559057,488176.00590665557,0,0
1890,9705730,2423178,3088453,756333,3437766,0.7609542438526817,3.6405436898727224e-14,0.000008909139698337783,5.339441746743954e-12,0.6347216541156616,0,0,13484,13411,17081,40.32679037948273,43.37936538055851,0.9296307132597227,4.954543376329079,19.566597931860397,103.77851118628865,1891.8673734847841,276.5669442217495,5.303860770671101,96.68862109157189,0.7346991049627176,302189.0581504453,1626132.6067055976,222018.03055265878,184203609703.55585,2.747948900855002,0,113248329480.19989,113248329480.19989,391400939.18978745,113248329480.1997,2632980859.449943,93084558509.58502,17436817746.093536,0,93972365.07119085,0,112856928541.00987,0.9753625300623753,20.650994602391606,21,101,642019,1533042,637776,1483697,0.9933911613207709,0.9678123626097654,0.9927260842672199,7063,26073,5599.450299970177,13921.521320892123,13.186167206754362,2279.5848324496405,3,3,0,33,0.9319503805915085,0.9550095944137328,0.9760684886038553,0.9572282187747265,0.9951395359118974,0.9924068235577966,47,237709.64128924935,13.445920336817824,0.0074274550671548705,212.0260972882452,17041.552445685043,30566.980151995333,26.12839814595384,27101.97172789993,152.49590561656936,305261.70691390254,0,0
1920,9709551,2144373,3358961,753832,3452385,0.764303420435685,1.3153735794227296e-14,0.000004289781081061467,1.931070583167523e-12,0.6334628655846187,0,0,13411,13245,17066,52.87227713343311,50.21558848022911,1.0529056560643513,5.788107613301685,21.93073528954999,149.35628196433538,2046.948341325185,316.7521805118954,6.810363628596792,93.33696815448579,0.9822549048891561,286871.5582157998,731601.3312001037,281780.99513066444,190899256245.0685,3.7650285514438258,0,120814307918.44115,120814307918.44115,513366071.3131555,120814307918.44096,2650488244.2800713,99887873956.96,18180797849.074596,0,95147868.12620397,0,120300941847.12775,0.9532286683322487,21.702316280005437,21,101,604559,1947902,594505,1838574,0.9833696959271138,0.9438739731259581,0.9666626841335882,7063,26136,5448.410315501558,17552.02113329076,0,2254.055073382779,3,3,0,18,0.8456588636645356,0.9521568940305072,0.9571346156736172,0.8868074761490354,0.9920068968658712,0.992489260579778,48,247368.11033656533,12.200250481134331,0.00576188560338391,274.0693307642876,18838.56084451023,33686.29572242792,27.280022737479936,33068.732255267554,159.3175971082891,492981.6186996781,0,0
1950,9713470,1683696,3811581,751199,3466994,0.7676033437440916,4.752490211996031e-15,0.0000019367672272218244,6.98393909709561e-13,0.632205277825535,0,0,13245,13140,17059,70.30716029532651,58.16162713896322,1.2088238199963777,4.615781324342316,26.03829675746349,207.22426733056807,2587.7833875436286,333.8912968237675,7.958441723772517,99.38374278655071,0.9975537881086325,282230.28838149464,1683574.2193984955,281539.89329395175,215109629007.59262,4.933064972786799,0,132426457990.02582,132426457990.02582,682926492.3138655,132426457990.02571,2671453077.971308,110421383986.8742,19238473057.053932,0,95147868.12620397,0,131743531497.71179,0.9051852462467392,22.82452240327005,21,101,666767,2268947,660811,1996554,0.9910673443646731,0.8799473940995537,0.9845492938747133,7063,26246,5797.858225371238,21761.012599821734,0,1957.4281382398524,3,0,0,6,0.8530698758165616,0.9571696793235749,0.935053376321841,0.9211845164127827,0.9893755971542244,0.9924763829837233,48,247466.18534311937,11.174957990781968,0.0050394762160626255,328.3469063343112,2110.0605198977087,23280.390661056237,26.79509270556988,58945.96486311185,177.41559623497278,306969.9698108452,0,0
1980,9717542,1646513,3840994,748440,3481595,0.7708482194191278,1.7170478684807243e-15,8.394205664980315e-7,2.5258219837793106e-13,0.6309492668001847,0,0,13140,12976,17048,28.450474214346407,62.89669047922115,0.45233658555922657,3.5468883941970057,31.037863464882502,264.81704057257264,3621.236064664608,391.8396652476844,8.532064098812645,116.67156370997705,0.9896285281098048,277407.69765436114,698850.9306435698,274530.57151601516,223895947612.36932,5.427191624563955,0,147769387988.25098,147769387988.25098,276468678.097857,147769387988.25092,2704061155.386044,124722838984.19493,20240083100.40412,0,102404748.26579057,0,147492919310.15308,0.9329317874280854,22.740236742823612,21,101,457285,2124072,457285,1950945,1,0.918492875947708,1,7063,26376,4197.569442012751,21785.63678073855,0,1436.9883390055863,5,0,0,3,0.9152839834577262,0.9548773591804429,0.9375615068723927,0.9817829918824077,0.9858409740512271,0.9921769601238057,48,261149.18328651472,13.012835980941093,0.0028630248199692345,564.7059095186468,18673.649028518255,33375.94529042184,23.813719312577422,54185.71355988629,223.36773354904554,235825.31471539315,0,0
2010,9721736,1644010,3835958,745608,3496160,0.7740497754731415,6.203603778985393e-16,0.00004599861713104639,9.134926013882328e-14,0.6296941204739565,0,0,12976,12845,17039,40.310670321090456,66.217408835101,0.6087624241153073,2.719348549458312,36.14512788257676,285.3694198707843,4768.942024616157,457.40644548527143,7.895100573384402,131.93872325224106,0.9989489371538918,280546.1518445331,1530449.1762500536,280251.2802077107,253220469028.01666,6.139668114919016,0,198444764336.39954,198444764336.39954,391889694.84470344,198444764336.3995,2932480288.8080497,172489792022.89133,22902551630.550133,0,119940394.14996916,0,198052874641.55478,0.9677762290176463,22.85505873728553,21,101,571275,2043720,568866,1961864,0.9957831167126165,0.959947546630654,1.000006042460369,7063,26448,4558.048007177235,20886.9355284305,0,966.736066657078,5,0,0,0,0.8624587824561476,0.9579499313456746,0.973926237440185,0.8927370104777915,0.9845420096712523,0.9913271548620565,49,240017.85660351499,11.380962328032544,0.004255459600843877,663.6886820584307,16695.42167837402,20816.740140552134,24.3671545013117,27100.03596805611,318.0246331655759,247678.0442149018,0,0
2040,9725915,2127295,3344863,743051,3510706,0.7773454275260326,2.2413470667391467e-16,0.00044416751720003674,3.303751167540519e-14,0.6284555232078421,0,0,12845,12852,17031,21.439850520364992,54.77427214901162,0.3914219154211411,2.572558614797109,29.97129026862069,218.36651657598796,4388.023051866257,434.62173346099144,7.285856385189165,146.40754577257638,0.9892689304123163,277418.542777392,458797.4532062973,274441.545089934,253199510526.5562,4.968617667133177,0,200874182064.41364,200874182064.41364,208522163.77381077,200874182064.41345,2942120812.759955,175115852492.6632,22668220978.770588,0,147987780.21974987,0,200665659900.6397,0.986884848805799,22.750682651128134,21,101,380669,1658728,380669,1631981,1,0.9838749933684124,1,7063,26564,2718.1735412240264,17510.74589530784,16.966512884202405,569.3535749772224,4,0,3,6,0.9361776585546188,0.9594344154657901,0.9891552779768313,0.9480432248685081,0.9812806001244583,0.991049785774289,50,270478.4879703905,16.126707851065436,0.004365390715873285,551.7582514172841,14843.047036350812,19101.31754681988,22.67970504059027,36474.882426307115,342.57301051385906,231522.08043583817,0,0
2070,9730222,1605375,3859087,740564,3525196,0.7806367763194254,8.097999319221701e-17,0.00019273256159666886,1.1948396473532673e-14,0.6272163163389284,0,0,12852,12716,17023,32.42471209966654,48.6468485283962,0.6665326342926315,2.6430380632690365,25.17755673061414,147.55193766160176,4442.479869930506,394.6242720626749,5.860454977435875,176.4460276055604,0.9981695033233541,276923.67053150065,1843939.1070613437,276416.76267290814,267129933942.34222,5.079057398608019,0,211923850926.64316,211923850926.64316,315499647.015791,211923850926.64297,3138080654.8824778,184606010089.84055,24019392820.89721,0,160367361.02283117,0,211608351279.62726,0.9868028544538839,22.57402035339864,21,101,685665,1769866,675911,1747214,0.9857743942012499,0.9872012909451902,1,7063,26636,4978.714255872188,16090.418320925175,19.012221504167975,431.8492068667191,3,0,6,9,0.9264379884411599,0.9595298356157945,0.9929828818071463,0.9341963883849705,0.9824283453510769,0.9899939251320988,53,225389.69583987145,11.161934898440887,0.0077367112347072175,373.9752850620924,21525.944205897384,22307.635663473895,23.627428904531584,52432.534042446634,319.16800146621347,230624.66973010934,0,0
2100,9734558,1975591,3481145,738122,3539700,0.7839525313300845,2.9256652511590504e-17,0.00006791021872871196,4.321275152057195e-15,0.6259774711907824,0,0,12716,12670,17006,59.12443303098094,44.36624658774124,1.3326444668708466,3.3754110240433617,21.441614410436696,127.52484892192479,4293.424248948918,340.61646223615094,5.947539512689498,200.2379189721412,0.9998456671154149,279360.46769877983,629430.6650455255,279317.35319196084,242478382015.06516,6.218538172111312,0,233549502611.04324,233549502611.04324,575550222.5571247,233549502611.0434,4210353154.525133,204423577475.05243,24746284315.277176,0,169287666.18858042,0,232973952388.48608,0.9917207824924755,22.79191313509808,21,101,617742,1416629,600896,1416632,0.9727297156418051,1.000002117703365,0.9764953245172356,7063,26636,5495.313266396403,13577.859159593767,0,593.403731540178,4,0,0,24,0.9414352860322709,0.9612624530396847,0.9907806220549862,0.9512330755110032,0.984680493303507,0.9902056663000807,55,252319.9379842501,15.007669067348763,0.00873004399805088,184.2525055205074,12337.015567865283,14931.40253649116,19.78103186176276,57480.56305271255,257.5605649807479,237038.6840418192,0,0
2130,9738903,1930005,3519001,735760,3554137,0.7872806526548145,1.0569747655699319e-17,0.0025527142821306485,1.5628389115770566e-15,0.624745312690762,0,0,12670,12656,17001,238.21367638399133,53.300845858815684,4.469228818900479,4.115207416341063,24.842299632201446,147.85523636649575,4639.86668469583,350.60722866799944,5.951753201416213,186.7728331672433,0.9989464174361314,286018.75987830525,1671029.2213879903,285717.41549995815,259940686830.66608,7.661687337341981,0,265872145930.13184,265872145930.13184,2319939887.576871,265872145930.13177,5047381093.611008,234933449825.2207,25704148440.075264,0,187166571.22492722,0,263552206042.5549,0.9292867408875233,24.029421403573814,21,101,705578,1884799,691620,1715583,0.980217637171227,0.910220665439657,0.9859978638957406,7063,26651,6275.39039759232,16761.101498180313,0,862.1325043233666,4,0,0,24,0.9341873024612259,0.9589389468671974,0.9665434022290461,0.9681579190443709,0.9875309171976207,0.990743438380243,57,247733.54429520477,12.349612938927283,0.0033458403292643706,179.5245648716047,16095.589793296176,24044.271700840694,23.836306658288223,41369.80887634429,259.6628409334086,258894.41917665105,0,0
2160,9743044,2482551,3140421,733512,3386560,0.732721414938577,3.818677418856332e-18,0.1381879511970891,3.284377064089452e-16,0.6259327167156383,0,0,12380,12535,16676,264.16388926113933,59.956172989652494,4.405949814487491,3.993792947381773,26.433182259754517,177.30321594395662,4640.020329104876,368.6301308441363,6.707600099058342,175.5377117861997,0.999345812914473,285927.34725258645,468019.13324141107,285740.2972746148,256688067832.36404,8.37603879604456,0,270785614371.1117,270785614371.1117,2573760396.2820296,270785614371.11176,5711512927.756041,239142626769.25018,25727972920.97041,0,203501753.13512027,0,268211853974.8294,0.9688492777492003,25.654775690223715,21,101,591569,1673226,581684,1612561,0.9832901994526421,0.9637436903323281,0.9847157869831819,7063,26748,5379.733181721762,15797.192843740148,0,1209.6841929378097,4,3,0,30,0.8977672727705044,0.9556226691488084,0.9661253169334765,0.9327616167363221,0.9865529516852216,0.9908337147341152,53,260879.63057321444,14.267119518916862,0.004756680947911259,177.17121937494264,14960.1420016995,22019.60971645471,28.219621098162605,46182.127251651626,267.99574167287375,212630.13424348077,0,0
2190,9747004,2433808,3180245,731558,3401393,0.7361795480021297,1.3796696035587331e-18,0.08811092713155093,1.1878327797771926e-16,0.6246863138662916,0,0,12739,13255,17215,38.1677144682485,67.74816310606703,0.5633763738877,2.9405129220878576,31.530497368317636,248.2853426178368,3561.7110066544537,379.27752353847336,7.874450558693629,112.96082535739889,0.9185540691034317,299168.6401804286,1312812.8601036575,274802.57178587315,270946887909.40372,8.972610351441503,0,265071817572.32172,265071817572.32172,372020865.5925846,265071817572.3218,6146885301.261568,236788878980.12503,21885711319.621902,0,250341971.31331626,0,264699796706.72885,0.9533688619916909,27.18458872920677,21,101,683482,1528066,682399,1426022,0.9984154666838336,0.9332201619563553,0.9983966532960348,7063,27039,5656.174656759197,14807.577941192376,0,1652.1252228937944,4,3,0,33,0.9160703212823053,0.9502021060335046,0.973529905736759,0.9418628475420304,0.9832017616951743,0.9903187370254439,52,249508.82426683037,14.20070228479969,0.0035706866277688642,196.11469476182577,19439.25502000916,24337.566487533695,27.835443040071493,21975.37755233723,220.4505951144712,217530.67709814166,0,0
2220,9750939,2781122,2823868,729785,3416164,0.7396889200515969,4.984561096370545e-19,0.05022587269117875,4.295934008735313e-17,0.6234493929251327,0,0,13255,13268,17203,30.14302001893726,81.84665603978183,0.3682865186854567,2.879083063472441,37.2868525406243,279.39941241907815,2501.7068662572606,370.729010581255,7.4932420781472615,67.09353822588358,0.9660073545212146,295676.52103498194,410101.5024291945,285625.69387903914,285670432148.83203,7.6474144954862515,0,270360085994.5332,270360085994.5332,293922749.4801246,270360085994.53302,6251445456.940874,243976037315.23615,19858817172.218273,0,273786050.1377603,0,270066163245.05276,0.9080634774044565,28.12775445243624,21,101,483507,1716772,483509,1514484,1.0000041364447672,0.882169560081362,1,7063,27048,3908.501009995401,16054.815490378378,0,2008.1713143224163,3,3,0,33,0.9028077614824902,0.94656452562306,0.9798822545647288,0.9208106830321258,0.9791994401605812,0.9904711752663291,48,251604.88453423773,15.111457419574807,0.003619855522915466,194.46485211154445,9701.2849238467,17843.305688223096,27.92667979487811,42701.81811730592,185.39086323473862,217302.91057360027,0,0
2250,9754958,2545532,3049778,728734,3430914,0.7434168973658296,1.8008068777994579e-19,0.020263768572827127,1.5536739953304168e-17,0.6222541398948104,0,0,13268,13173,17192,27.141110952673518,93.44859875816033,0.2904389291370026,2.858304944696757,28.449061793593593,194.10535578512255,2137.6479227794794,371.4654694281252,6.822908860524634,75.13948749131873,0.7625854276497339,361785.92965054925,1615574.6932377084,275892.67788022064,281931263295.4409,6.347437162102954,0,270164925340.13242,270164925340.13242,264760397.41636124,270164925340.1321,6557460176.582386,239538842144.13217,23796813693.62787,0,271809325.78973454,0,269900164942.71548,0.8915558657632621,28.39598250046294,21,101,512954,1848188,512389,1592701,0.9988985367108941,0.8617635218927945,0.9983710349838256,7063,27046,4046.8072431922183,16967.250293243265,0,2373.265431278754,2,3,0,36,0.891456561573632,0.9357054815074636,0.9663402519379712,0.9266266324152539,0.973936688215339,0.9901443395288064,47,228328.68417276873,13.015805547854129,0.00819903901081257,216.03444222830538,6824.043290275255,16049.112075662513,29.450165107846892,34993.539373765096,152.90749286355717,238118.32458183533,0,0
2280,9758995,2368067,3217988,727281,3445659,0.7470280904860407,6.506646422924612e-20,0.007366646564846173,5.619040885771457e-18,0.6210335183079815,0,0,13173,13150,17187,23.642125553195044,92.6088877482746,0.2552900280743899,2.9080430955356515,27.158235674796845,155.9692928995103,2181.920258120137,393.0275178098641,5.742983261768053,80.34101641385284,0.9773645294937705,280941.8906679818,748685.7941352136,274582.63878780237,287875670839.9487,5.364384376528432,0,272082026303.8538,272082026303.8538,230723385.06265014,272082026303.8535,6882771888.571952,237035151295.34317,27880416853.905483,0,283686266.03287804,0,271851302918.79037,0.8953687714109869,28.695926458916425,21,101,476572,1916767,469591,1673330,0.9853516362690212,0.8729960396855747,0.9934078869923484,7072,27053,3450.8066421562203,16386.381548685946,54.6702158480713,2815.1390952617826,1,3,9,39,0.8647228992948651,0.9291736996795213,0.9757511633292005,0.8977666110357262,0.9695455476870228,0.9906584084207561,46,231012.6392352325,12.936322294768635,0.007892136820499137,203.74561201221488,10756.213638237636,18028.42120899328,31.2357741159226,32270.298139521212,163.50967319239416,235054.52538018476,0,0
2310,9763199,1510934,4066317,725587,3460361,0.7505396475790672,2.3507446903308665e-20,0.0026564098496888538,2.032190830950774e-18,0.619815288001402,0,0,13150,12969,17173,288.15944115287425,81.17759787841989,3.5497409221747622,3.2663957842433637,25.474631568131823,127.87095006314435,2727.4690630263476,456.82397065677736,5.0195407035094455,107.06608477267827,0.9993878843436208,297265.55217376305,2051790.9201215038,297083.5912751753,316712601951.3168,4.894243867296758,0,270949132923.76306,270949132923.76306,2813357967.703646,270949132923.7628,7322583943.669954,234205203822.89035,29128853746.78589,0,292491410.4165751,0,268135774956.05847,0.927155864502882,29.435108815937696,21,101,760711,2322159,759852,2098449,0.9988707932447408,0.9036629274739585,0.997946002422055,7072,27053,6356.1454988425985,19574.140472376857,42.88932981635881,2931.549181483378,1,3,0,21,0.8374819608168458,0.9180899754283732,0.9553246012828818,0.8918980201338066,0.9611808609360663,0.9906672124224402,46,202977.78266954274,8.521612636438615,0.009808081411728798,265.2227070399132,12274.334923676606,33991.701500989264,28.694370876210346,29652.085459357142,206.75971922462438,331540.4294716365,0,0
2340,9767441,1401724,4167340,723344,3475033,0.7538747983503152,8.492173607518703e-21,0.0009579741178764628,7.349652115644646e-19,0.6185825949703715,0,0,12969,12921,17163,316.6012864520027,67.33386388414387,4.70196225478392,6.746419495847532,33.19149774018179,143.25167156062938,4163.401203312091,496.2422694504901,4.315914656276815,125.43577382083174,0.9999070869311932,306169.05096003116,1097808.6283608724,306140.6038539328,323481243790.5565,4.873172901340397,0,276799808624.5523,276799808624.5523,3092384385.943403,276799808624.5521,8005987439.726415,236572787282.4774,31929530716.191055,0,291503186.1571687,0,273707424238.60788,0.9759538294943312,30.735796493745053,21,101,649146,2278264,643799,2213218,0.9917630240346548,0.9714493140391105,0.9908909171498611,7072,27196,5676.787792237397,20302.4981659732,0,2668.8034804814074,5,0,0,9,0.8471349203194124,0.9043774914643622,0.9504362760169832,0.9136699057811161,0.9520246447736636,0.9905875603619676,46,236878.03015046174,9.949315533668651,0.011595069208451384,465.7176051374395,0,39831.439598880315,32.882252761474,46782.663399144374,267.2060926632784,464753.65414800064,0,0
2370,9771879,1088663,4472383,721139,3489694,0.7572016127901118,3.068050399917761e-21,0.0003455103256007798,2.65808630756037e-19,0.6173656059392467,0,0,12921,12714,17152,324.6711756494107,83.39612449231645,3.8931206650894636,12.628725254021088,39.97028779337358,223.87542581390161,5299.382248072446,588.831129837166,5.601046131347008,132.58303956848158,0.999982047327844,307994.83958624385,1568331.5273527259,307989.310255863,359962338026.8754,6.427640622202712,0,289201265567.7339,289201265567.7339,3172647443.233108,289201265567.73364,8287968102.476297,227892908819.2424,52754405091.83737,0,265983554.1774171,0,286028618124.4997,0.9146375865409555,31.99811954722868,21,101,691163,2917533,685706,2614943,0.9921046120813759,0.8962856632641345,0.9924214632114345,7091,27250,5855.21242445483,25626.756784279347,0,2282.5966506222762,4,0,0,3,0.7934401065635636,0.8912358199635535,0.912812068685911,0.8966745975999768,0.9438171234712711,0.9899959305887994,46,215558.07572139005,7.8369342170484675,0.019876917457991642,871.5627500480789,0,46695.16672546696,47.5778298945396,67191.42513397765,391.59109488933143,420839.7029402943,0,0
2400,9776357,1431170,4121830,719038,3504319,0.7605541148928507,1.1084522299830572e-21,0.00012461344483062146,9.613275169038675e-20,0.6161648965969635,0,0,12714,12665,17143,340.559067261485,80.282780844657,4.241993908014336,13.7585697863143,41.19581249343523,318.49116286438965,5938.340437331482,721.9256608582384,7.731153813634406,144.14912773665498,0.9998318705456434,309468.6724900386,1210881.4930112262,309416.6416909924,423460786741.7926,8.167326555585504,0,288221874370.0496,288221874370.0496,3329427021.1344833,288221874370.0492,8276692384.44131,225569766130.02844,54145510528.439415,0,229905327.1396965,0,284892447348.91364,0.8919207845805065,33.125747932007606,21,101,606546,2974272,588569,2605237,0.9703616873246217,0.8759242597852517,1,7091,27289,5160.9421540870035,26343.831466346634,0,1864.172665848801,4,0,0,0,0.7604178265146978,0.8432709813045585,0.9268789354860175,0.8510632822387749,0.933391910266502,0.9896332023498902,47,233561.56271095862,8.775544765497665,0.01460960946249344,1572.843763753485,6928.96417249329,48080.87878293617,45.49257339953506,60705.723776072955,544.8252303121313,357772.7207609174,0,0
2430,9780905,1592500,3952209,717295,3518901,0.7640069118144883,4.0045866861075473e-22,0.00004495064142315618,3.476751646957446e-20,0.614965179602501,0,0,12665,12584,17132,618.6693919346204,87.36853258423353,7.081146651263147,13.484208446794817,60.21094982933778,510.8563730294234,7321.801056891062,866.0191010566556,8.484443020370835,121.60248389444133,0.9976771455908245,325848.7382848253,951315.149698776,325091.8391063761,511502531755.0462,10.554689159005669,0,624814023069.2484,624814023069.2484,6051146548.919765,624814023069.2478,8250386012.921508,558406414960.6995,57942703613.97944,0,214518481.6473845,0,618762876520.3274,0.8675421959589973,33.86903192685144,21,101,671503,2929138,588548,2535160,0.8764636941309272,0.8654969482489387,0.8530118611905251,7091,27376,5448.484767067186,26332.26486331242,0,1459.172665848801,5,0,0,0,0.7063932508059686,0.8106459235626505,0.929462115841664,0.7922776028117244,0.9226226922031421,0.9893410079826894,47,217053.41503887295,8.338298523634332,0.009500208510718014,2110.925654907175,6808.50016493707,45428.1729655299,57.58274260314859,58306.62355740521,488.048377453682,486202.7285322605,0,0
2460,9785391,1925322,3610699,715889,3533481,0.7675855998378619,1.4468282348331136e-22,0.000020627497333342556,1.2574072625687769e-20,0.6137816056609287,0,0,12584,12638,17124,552.2219007183285,111.3052289735674,4.961329362607657,13.444409303788461,79.4076673908135,857.3155754341287,9465.444419613677,1101.9027199845818,10.7963828129437,119.20063553848597,1,323482.7986293066,1112041.5363077188,323482.79862930666,633774026067.4053,17.254644693378232,0,653197471613.4354,653197471613.4354,5403707217.291253,653197471613.435,7499386906.194399,583327263726.1837,62168037172.65991,0,202783808.39707562,0,647793764396.143,0.8436701473821921,34.837110762619155,21,101,597845,2881612,524669,2410845,0.877600381369753,0.836630677551315,0.9973517814990879,7102,27445,4994.3588879999,26046.58331839876,0,1071.090948264643,5,2,0,0,0.6680400618908519,0.7717863848005438,0.9004751017452614,0.773118690259469,0.9057292147675469,0.98926080659988,48,239284.6477684749,9.781645644414228,0.008502053953111226,2659.981945060258,16996.76316354866,46279.39868800469,89.01959536279236,77682.41844909763,547.5286044945883,315680.0072507809,0,0
2490,9789862,2100858,3426215,714776,3548013,0.7712561422655355,5.2273463996658065e-23,0.00013248239426646115,4.547558136182444e-21,0.6126116997359105,0,0,12638,12642,17113,224.73804820562702,147.85729752432113,1.5199658858140548,8.080719092018597,92.96232870226258,1291.0681591347202,12216.570020530633,1525.202407317705,13.888078936465984,131.41419961259317,0.9044483367478885,300688.52479750075,395280.9730825816,271957.2361322758,784602687371.3433,27.16237182391238,0,870093404179.4763,870093404179.4763,2200154478.081204,870093404179.4758,7044555511.004996,797669774139.8147,65177814983.74812,0,201259544.90822122,0,867893249701.3933,0.7992254970343585,37.25598098655752,21,101,740009,2667854,495615,2228036,0.6697418544909589,0.8351416531789221,0.6763013472452568,7102,27456,6063.0552466133495,24090.375690921337,4.693298490960694,721.9906456059223,4,6,0,3,0.5037220809895554,0.7730062360206585,0.8477545391050617,0.6480431252934715,0.897359747040316,0.9890267977064976,49,228322.31684885029,10.059540676049183,0.01078253083159313,4111.051971572064,19920.86015182945,41154.29453291541,127.97109650310247,7705.054505039336,586.4064159803706,251345.96043784855,0,0
2520,9794223,2627207,3077072,713996,3375948,0.7169957850939619,1.8885832623727744e-23,0.00018753774414184015,1.1675164334430455e-21,0.6215770255588422,0,0,12377,12461,16822,297.81204069859797,267.3667876135472,1.113870736738837,3.7783175162769624,99.98334079647401,1400.1581009464546,15470.832897047205,1921.2757818109162,14.00391394999108,154.73410644018804,0.6451337733617415,466288.0169593308,409519.4108124193,300818.14785433677,765783036416.368,39.23153300158343,0,954448762312.8092,954448762312.8092,2916837538.685885,954448762312.8083,6626727524.870093,881906638245.0702,65711228244.98049,0,204168297.8875848,0,951531924774.1217,0.7462076579989964,42.905317100116555,21,101,747672,2339009,445130,1858175,0.5953546474924833,0.7944283241321431,0.5996710510678956,7102,27516,6332.346919932393,21434.849901339516,0,470.29841028623326,1,8,0,8,0.5233813922624004,0.8241284253753436,0.7861174368334846,0.7022705114930914,0.9038900717650745,0.9887708382629462,51,239129.1144619357,12.458399445766968,0.01430427039061606,5499.522136960239,11569.035065666407,30549.777068904124,165.39109306366754,45849.10670853308,592.8610432569166,217033.63859692388,0,0
2550,9798272,3079176,2614503,713682,3390911,0.720903479103757,6.82320966982898e-24,0.0015416871792463436,4.2224576031031355e-22,0.6203838799331147,0,0,12666,13292,17341,527.6089152752864,743.3222601787346,0.7097983519939534,4.199977388482411,113.05452490453003,1556.604655103156,23086.369486947668,2448.9390053991715,13.768618782995599,204.20562119422618,0.1265397796107337,1526147.5464756903,193118.37418451806,193118.37418449577,716604771001.0975,76.25798307368336,0,966259089145.8583,966259089145.8583,5169655661.490919,966259089145.8575,6558097335.561012,893133186147.3209,66401059796.95646,0,166745866.0193589,0,961089433484.3662,0.6496323492609726,52.89791084264045,21,101,752990,1944271,410323,1341905,0.5449248994010545,0.6901841358534896,0.5449649146519987,7102,27755,6516.467574961574,19242.571227067278,0,480.7342276280919,0,6,0,15,0.5428533624053239,0.8689651667674062,0.7166194101405682,0.7928678352470921,0.9101890989662792,0.9882926425330808,54,234881.87770571405,16.085706497491014,0.010228016038195427,5307.392867960855,17104.295473532617,23838.563127411093,199.88849087919368,27744.284688225565,632.5856311287224,50526.42091127662,0,0
2580,9802206,3478591,2204235,713531,3405849,0.724882303276574,2.4651968346728436e-24,0.015646840277106732,1.5271004072657638e-22,0.6191938834992857,0,0,13292,13393,17327,1315.929625865266,1165.2612481015344,1.1293000844310264,5.15296036587809,159.97894320515664,1626.3112050658767,25598.087907342448,2860.003609421279,10.165782899192545,160.00910741431463,0.0033681660561118987,3450335.4464681637,11621.302732994009,11621.302732993965,707603438453.6462,120.33126627746837,0,1426769578629.797,1426769578629.797,12899013274.232773,1426769578629.7947,6084125168.903813,1357358885902.8818,63201598639.29748,0,124968918.71185343,0,1413870565355.5613,0.5942207141094824,68.6135079449462,21,101,757107,1772029,391776,1111089,0.5174645063379416,0.6270151334995082,0.4777397415552029,7102,27784,6628.6,17842.63574538986,22.178875003338582,417.4691726394873,2,10,3,18,0.5247065787130626,0.8749436540763534,0.6686273642372633,0.7921484446591834,0.9115300780102916,0.9876438430480645,57,247146.14614914617,19.7339997524046,0.008691543550818394,5137.914603072536,10255.725924543427,15761.354264596424,244.4234916058603,38214.41996195556,550.8467039573055,52702.65029802855,0,0
2610,9806047,3736362,1935082,713830,3420773,0.7290212157609244,0.03822677384140982,0.308226644293044,0.37570720982028505,0.6695427831418715,0.004445522237452054,0,13393,13480,17321,5104.315435060249,2136.6453140910407,2.388939053851199,9.097877407952684,351.92059242381475,2329.8638442728607,34714.893737395694,3842.1397811436464,6.620424875470279,98.64411030426109,0.011203091493460993,4893663.285404503,391042.5132790052,54824.15752457764,952533821448.1388,174.45904435571617,0,1770192200391.4258,1770192200391.4258,50053157059.02569,1770192200391.4238,5786189416.946189,1702269510520.706,62025598127.35844,0,110902326.41323555,0,1720139043332.398,0.5990998147291308,98.08934209715692,21,101,767042,1819981,368608,1181277,0.4805577791046644,0.6490600726051535,0.4478514177564446,7102,27915,6817.156146537002,17827.49375750776,0,685.365985981861,1,13,0,30,0.435554620048795,0.870869222072023,0.6340389938287001,0.7352301035510529,0.9074987307024497,0.9866662826809339,60,244147.37829252644,18.90313500363135,0.011261404619297985,6071.588722342392,6601.150445209713,25353.340527325014,361.6860817826168,14957.6685154482,654.4748318167805,48324.90950959535,0,0
2640,9794213,3728652,1919749,712148,3433664,0.7339797581651869,0.34473787626013047,0.6753121867406092,0.7010938276837781,0.11459818159968545,0.6412191566591414,0,13480,29099,17265,5701.45122697755,2390.6900295717096,2.3848559020422067,11.526039867602734,833.4045578560493,3009.7268639672106,41396.077430051155,4336.080891459115,3.611363575584223,49.67104756007506,0.01998347067058115,3254238.587414291,686895.9994095367,65030.98136666685,1327201620561.254,222.51409168837426,0,2416210678268.2305,2416210678268.2305,55841227726.12908,2416210678268.227,11613925118.967266,2346566572937.2017,57932330328.94361,0,97849883.11507899,0,2360369450542.097,0.5927900855246738,125.36548097263122,21,101,765802,1814506,337831,1191750,0.441146667154173,0.656790333016259,0.4206477412386876,7102,28036,6760.363700361127,17028.171633521197,0,875.201360996319,0,17,0,33,0.37381184760268465,0.8560816845011999,0.5687740785919116,0.7384862569334599,0.9046149743895696,0.9862642163117322,63,233809.80706326515,18.343047440829753,0.010969457612902469,8146.294935212037,6729.470234949992,27249.074890636268,769.4445177438511,23232.5287942722,977.4643804317166,47322.48555719017,0,0
2670,9617667,3219097,2272788,702126,3423656,0.7512506179572224,0.5643792265576206,0.6996288871422849,0.8918971413370981,0.05335368754189555,0.2632977415416857,0.433625743124606,29099,192943,16397,4725.635370911044,3675.203094971216,1.2858161164962927,13.07823579200242,1085.2387211414305,3674.0950351613865,34051.1905160683,5805.557976262368,3.3855178253288396,31.37668224762014,0.01788826250527198,2526034.4131559865,45186.36667988481,45186.36667988481,1475049226135.2087,253.10620236746297,0,3247728175931.904,3247728175931.904,45449587360.845024,3247728175931.8975,11830890302.25264,3180027974060.5854,55780266830.326935,0,89044738.731382,0,3202278588571.051,0.6192105664491673,148.13103209262087,21,101,748407,1933440,320068,1340560,0.427665695270087,0.69335484938762,0.42187854146140646,7102,28036,6577.9197493790225,16575.99881481304,0,1440.7696336056986,4,21,0,39,0.30540715789685063,0.862004976750213,0.549692102153306,0.6983655394486551,0.9047997419151323,0.9865008721092234,66,229359.13652426057,16.573908414714957,0.010458982125688595,8092.742194587935,0,21404.44169215027,1585.5082761728074,15364.719982430037,1375.8329790230237,27398.62912133435,0,0
2700,9008061,2742973,2304823,599998,3360267,0.7845532981126813,0.6286327410316388,0.6991690106318131,0.9609033565264483,0.05369324208617149,0.024578652387012033,0.6536933975025258,191032,592464,0,5484.148874326197,4027.353691770356,1.3617251659651126,12.973077302584146,986.5381809961455,3596.288056012985,32109.54722559437,6132.422035667283,3.6453612493554735,32.547698451135595,5.672452174643183e-9,3826547.5837342027,0.021706041896765806,0.02170590842336549,1523241392817.5872,238.3416311909463,0,3328518222863.004,3328518222863.004,49401547593.01116,3328518222862.996,13685929845.682299,3259500905476.908,55248611457.5534,0,82776082.85120182,0,3279116675269.982,0.49951073715502803,166.5386018151882,21,101,710356,2650823,308662,1370283,0.43451734060105074,0.5169273844387196,0.4528922199201838,7102,28031,5905.556247812923,20291.426964484835,0,1700.44390533322,4,21,0,36,0.32615112360995513,0.8378587098924115,0.5254703615464875,0.7587527854850727,0.8999020886795911,0.9870337370014824,67,215415.4382142297,15.39648564170212,0.013573752216399365,10233.329136143862,0,28519.687556031626,1805.498105798633,15747.121574059383,2305.1597676567912,40948.91785575036,0,0
2730,7781654,1829270,2485580,224585,3242219,0.803458752911457,0.61446722782011,0.6755369512041133,0.9858602487500862,0.05395883702873451,0.038612356704628606,0.612918924434317,508904,894625,0,6642.098931271372,3149.689038507456,2.1088110127909214,13.02278316148964,389.71860350232146,2784.725755078949,24530.87936316164,8165.490774571456,7.145478122042899,62.94510742547992,0.015476062287912873,5254257.445029194,81315.21549608433,81315.21549600147,1376661736705.5872,182.26170817700364,0,4325951434798.611,4325951434798.611,51686515716.924835,4325951434798.6045,13090457930.542072,4280610054064.3315,32168146720.87724,0,82776082.85120182,0,4274264919081.6787,0.5260593236596992,181.8216518963533,21,101,672108,2325111,399066,1177649,0.5937527897302219,0.5064915180393538,0.5563077029500922,7102,28186,5031.251681281147,19546.197095387884,0,2151.7990124808853,3,21,0,36,0.4324105853491555,0.7807076589647044,0.562772076964126,0.842355803206637,0.8889365753027962,0.9868079529864152,67,233075.03939628231,17.738782676358046,0.01648036825350614,8590.519023621926,0,28728.59792677442,1705.0267701874131,33739.83936811855,5296.620613981831,31351.40114636933,0,0
2760,6533067,680265,2573325,191645,3087832,1.0079564419610338,0.598971885165822,0.6202247346187056,0.9948861961629855,0.05103544782259236,0.06630224364758543,0.5681956116476381,834890,1170003,0,10018.242289821468,2408.3698393703175,4.159760733609252,12.885763983711977,231.6003949681907,2320.4282754939923,23564.166508070353,6318.838129869487,10.0191032740367,101.74493230595219,0.023079669154075777,8577401.074121578,1371300.7747338857,197963.5789925399,1099361397168.8788,160.52374830596005,0,5070104814888.994,5070104814888.994,65449848101.63678,5070104814888.983,15924572090.691315,5023081910988.832,31018907874.511883,0,79423934.95144361,0,5004654966787.35,0.5873686725536275,190.95651768942227,21,101,751708,2303632,624308,1170303,0.8305192973867512,0.5080251533231002,0.8038939725482395,7102,28183,5445.4,18340.883131223545,55.071625106749416,2526.7370675986276,3,28,6,39,0.3873418933984733,0.6931618435082385,0.569144765366725,0.8056998820500969,0.8657736282506245,0.9870691082816533,68,231825.39908258137,15.501436183055695,0.015838204870244645,7731.183466324561,0,29026.03084634772,761.40953964165,31626.796178907916,4266.625982896139,30506.91004772544,0,0
2790,5526870,274848,2092770,157208,3002044,1.3343588366028643,0.3504704369757581,0.37876992225007194,0.9981505339647595,0.1022841137931596,0.3431786888419666,0.18153240441696655,961176,717738,0,8798.858590978212,1806.9638350975788,4.86941598944788,14.401901047456901,195.2415290592596,1884.0814645104383,19812.807389070553,9312.663947508829,9.650003631853258,101.47844817921387,0.016151782770808754,4517174.432879711,1985114.4354053086,72960.42017772404,1359981806325.2197,156.0577141455912,0,4819005891651.685,4819005891651.685,48630147580.72236,4819005891651.676,15905140158.833986,4668282890789.105,134743494987.7264,0,74365716.0106429,0,4770375744070.96,0.503277792700895,184.65253472816818,21,101,775019,2478695,558809,1078713,0.7210261941965294,0.4351939226084694,0.6804670887328601,7102,28182,6137.7803057638785,20114.629558989793,34.8001966980021,3187.402760417232,2,38,3,42,0.3149524832693918,0.5894183223398796,0.5156207670423734,0.7863715684540172,0.8222544007777829,0.9870786845406144,68,245616.31368298078,17.999121625210343,0.011607811492346305,7385.561632335066,0,27340.605709544925,633.3252845241603,33494.75584041144,2810.636367182456,62427.99120160872,0,0
2820,5351564,230402,1988920,151574,2980668,1.4113508539995547,0.12941387913178998,0.1580818365455744,0.9591207486452838,0.4573713404156243,0.15480521208379458,0.0016240112236348104,597414,164569,0,6179.641541946418,1758.340206788651,3.514474342387144,34.396117795139254,229.28288594249526,2137.9960322219317,19808.095445071012,7798.76581329596,9.32470831145307,86.3915131024604,0.9876071535431857,327081.82815018983,637157.4197437596,323028.3532751104,1525178267812.1245,151.36366347981303,0,4774329790480.092,4774329790480.092,33070747208.788403,4774329790480.083,15841657730.238008,4626791758345.506,131625487882.34946,0,70886521.98895754,0,4741259043271.304,0.5038492716966374,181.25021945809067,21,101,809747,2527118,593455,1087822,0.7328894086671516,0.43045951950007877,0.6962719895430532,7102,28176,6788.616958451146,20137.26263711174,0,3586.3377645828245,0,43,0,39,0.2806141181834277,0.48221089301754294,0.5150112362233549,0.7697109639687323,0.7523019457263727,0.9871960637396278,68,224790.57840921896,16.044274327850957,0.008350501478955797,7796.35218110786,0,27793.380025445265,578.2364057709009,35801.58018240449,2066.0308851703476,152138.6828324877,0,0
2850,5352972,130446,2084482,153129,2984915,1.4167702065259007,0.04672119062644316,0.09424480529951654,0.34687706154748643,0.6113530950656944,0.001583606265827656,0,164360,5012,6420,8624.61242744253,1400.3591456862096,6.158857500242384,82.52341740371695,435.714858227981,3798.5143335065295,25709.838113612936,7854.062852584409,8.71789029402118,59.006108302509766,0.9999999999999982,183465.07734090582,212138.19818670506,183465.0773409055,1341256070248.7148,145.3677068612284,0,5265811442930.715,5265811442930.715,46167308834.95993,5265811442930.706,21395916570.39065,5094590514135.788,149779370413.7527,0,45641810.775833346,0,5219644134095.76,0.5295972845835778,209.86379986003985,21,101,719668,2541121,650095,1076810,0.9033262559958203,0.4237539259248182,0.9295387667751571,7102,28172,6320.016187511576,20238.625905049892,0,3933.3250708413966,3,45,0,39,0.2368602515027044,0.38082528541495614,0.4979660730053122,0.7249945614153612,0.6519012088308044,0.9872109393681687,68,212556.46518486692,14.770225242375249,0.006889413481956379,7863.825037690838,0,26490.473073006036,454.90416443283806,34468.09865580857,2397.0782946138006,120460.15514853825,0,0
2880,5355032,238128,2047481,155003,2914420,1.3429344214167864,0.016873937282774535,0.1456299334271513,0.12545208306438016,0.6816616595381689,0,0,4536,3890,5950,10941.026953817009,2881.328539943446,3.7972160418859273,101.05436865864735,1070.7096225411954,8177.572656960631,47059.397817758065,9280.139683615203,7.637526071309778,43.951596984874826,0.013382091083122494,1249357.9646457215,16719.022078313566,16719.022078313566,1377203739024.663,246.04131575249252,0,5414790151483.6455,5414790151483.6455,58589549450.56047,5414790151483.638,21029410994.859,5224393646431.585,169346611409.9921,0,20482647.201769527,0,5356200602033.082,0.5010879154704269,240.16523985732607,21,101,866977,2628699,691895,1059746,0.7980546196727248,0.4031446734677496,0.7735117428001324,7102,28166,7102,20732.76656547426,0,4113.562936081315,8,48,0,42,0.13549075526009846,0.28877543057357724,0.46316829088911565,0.6386288915024046,0.528216999118012,0.9872118790960698,68,150327.88243722546,10.298540564229231,0.005187226752795473,9351.72865265761,0,23277.675503169066,577.1085393359,12600.550509079072,2133.5190586924305,31054.73650326413,0,0
2910,5357564,271474,2009649,157265,2919176,1.3486519578295428,0.006093901814851977,0.2621138717757881,0.04537119022797541,0.6807222461551556,0,0,4039,4267,6799,14029.015898491398,7017.8408124283405,1.9990501741855589,118.09256967345067,2992.457909259008,17063.06866303142,116636.20697742015,13578.70398233788,5.702024616699312,38.976724323016995,0.016998624997286438,1979172.3556581608,33643.20867882904,33643.20867882905,1499561785750.8374,546.0299832588838,0,5532163514841.277,5532163514841.277,75161350533.19368,5532163514841.269,20513158011.215908,5336668337372.236,174979422931.554,0,2596526.2625957206,0,5457002164308.083,0.38080242305456274,274.4148651888482,21,101,1407342,3364156,736491,1080507,0.5233205574764342,0.32118219250236907,0.5018991178373844,7102,28157,7102,20759.435118623405,0,4373.9884969276045,9,50,0,42,0.09319303452152809,0.21027505894810095,0.34915429362670486,0.6511801174901236,0.40027357561200166,0.9872122411885363,68,78978.82752093942,5.21599875317019,0.004220066925638308,11945.587700822243,0,24309.738366019603,1291.5595183153582,0,2713.8044435859824,40228.360807211546,0,0
2940,5360064,253868,2022535,159759,2923902,1.3546199860042356,0.08063908677950331,0.37098710363058224,0.34037520676673017,0.648627143257991,0.031157836921350192,0,4267,4296,6796,19470.102864075347,20093.738780690885,0.9689636695578614,129.52405936927767,9737.44108662818,20377.22459066277,159960.82256316557,17774.614562912317,2.0926673044158943,16.427398239444013,0.02218573587327799,1631576.479120254,36197.724822814904,36197.724822814904,1784931743369.7964,1163.5929263406001,0,15763812649654.307,15763812649654.307,104360997438.03896,15763812649654.299,35203617164.5837,15515504196728.205,213102239235.25665,0,2596526.2625957206,0,15659451652216.28,0.3679689923899928,292.07683504051715,21,101,1543987,3480844,754465,1094517,0.4886472489729512,0.3144401185459618,0.4525303001711951,7102,28146,7102,20265.349164283172,0,4210.088374083147,6,60,0,45,0.06502152107419314,0.15941462593130157,0.28243168791942175,0.7042266217736262,0.32542458132920393,0.9872236897496028,68,66054.08982407817,4.286948590570043,0.00398935872048369,14489.622912187475,0,22895.537965547934,2882.840955338207,0,3163.844248781619,21287.593278743978,1,0
2970,5341024,412146,1840188,164251,2924439,1.3713285862576332,0.4423758673952268,0.43569745871792004,0.7609955015950015,0.04250065156044983,0.6961004107077594,0,4296,25775,6735,23346.464385418265,36657.88264066367,0.636874328347612,129.874958190559,11541.7167834047,21888.223509678748,177039.57812780477,19944.467478899413,1.8964443436309937,15.339102617936508,0.018731394582611083,1265614.2121060984,25807.437116075165,23706.71919631988,2157110480467.2747,1737.3617248859746,0,23393544363758.758,23393544363758.758,124694026597.6838,23393544363758.73,46921844060.07544,23130097345367.156,216525174331.49716,0,0,0,23268850337161.082,0.3198345012300431,293.99327063561503,21,101,1536332,3741532,720056,967987,0.46868515399015315,0.2587140775489826,0.4372552256739033,7102,28133,6992.68869136847,20958.199999999993,0,4281.172158429874,3,75,0,45,0.025378132539343297,0.11587597123093785,0.2232060985755548,0.7228180490278603,0.25333037575066863,0.9872516396354745,68,60840.92739929588,4.325074235618112,0.006497315139291742,15906.7674321462,0,22600.463867495688,4994.4949254536405,0,4570.9832980277415,20034.56777651652,1,0
3000,5193566,520519,1615628,170425,2886994,1.4312774354948419,0.6151441970939707,0.6835105762639665,0.9079923922442095,0.0009523321740784656,0.21356867323915785,0.515996908482534,25775,153627,6169,25675.243823053097,37508.13667091123,0.684524641901635,125.85575003266975,11807.936529459806,22053.731386863776,181468.70776286648,21531.460334654286,1.8677040930768534,15.368367479797792,0.012808386215922285,1653546.4352936265,21179.261369202242,21179.26136920223,1946901571166.0513,1803.5149664821201,0,25356018175408.176,25356018175408.176,133346073361.14287,25356018175408.152,47320791117.239,25016512985720.68,292184398570.24457,0,0,0,25222672102047.05,0.2865893137813131,271.328136474959,21,101,1509545,3768000,667325,845163,0.442070292704093,0.2243001592356688,0.42160381028730415,7102,28118,6743.08869136847,20956.700000000008,0,4276.2660033898555,4,77,0,45,0.008481367322286385,0.07844773229690867,0.19716684278465457,0.712564047755426,0.18311777075800809,0.9872854302684703,68,58587.64231867171,4.648312633383276,0.006162458125047215,16110.606809394123,0,22062.657018044316,5868.728760869654,0,15878.900932231441,14378.933300078377,1,0
3030,4827035,572410,1315852,171682,2767091,1.5563375209584263,0.6673389632034386,0.8832858080581355,0.9667243893290588,0.0010685648643525476,0.0013929876207651281,0.7066586424171359,153627,371840,5309,35689.01672837861,48046.13147189004,0.74280729030721,127.69514978026042,11855.320498119901,22151.298018169535,182266.24188015654,28815.5271088881,1.8684689310324796,15.374214632920433,0.0019414956247372217,2059468.358143772,3998.4488066208496,3998.4488066208496,1323056284080.391,2616.633398588003,0,27330547341927.85,27330547341927.85,172272132863.4777,27330547341927.84,48902390589.45638,26951133324138.027,330511627200.35065,0,0,0,27158275209064.375,0.24667770199415878,251.0908558065574,21,101,1480875,3711540,571797,709056,0.3861210433021018,0.19104091563070855,0.3721412129594295,7102,28097,6493.48869136847,20954.599999999995,0,4359.986299604862,15,78,0,45,0.001010527287984227,0.04622725898655052,0.17487246764605732,0.740490748670055,0.11394861696059791,0.9872981213532935,68,57955.029488021464,5.429665651376524,0.004676898958311804,15736.321302992217,0,21453.49011587067,6195.756707728863,0,24660.507275291842,13774.068117037245,1,0
3060,4071599,489594,872586,146150,2563269,1.989031552364592,0.6390837352762324,0.9563503778787945,0.9879654922833881,0.0009583458488913078,0.0007910896922806003,0.6524962305963824,357650,673290,0,61247.06068940062,81907.02814670303,0.7477631904761761,129.37484863745124,12496.506465195236,22027.76064328934,183843.45357413057,35065.24410543854,1.7627134995400648,14.71158792148541,0,2488065.6508995346,0,0,721274461286.1938,3912.6859674992556,0,27717402473960.082,27717402473960.082,249373471055.92386,27717402473960.06,53466044114.58668,27322940325695.61,340996104149.8654,0,0,0,27468029002904.16,0.1650133446336689,229.48759432373555,21,101,1460294,3684096,390313,458580,0.26728384832095453,0.12447558369814467,0.25509119304543715,7102,28081,6353.2,20952.999999999993,27.032914852669137,4431.418213609189,20,79,3,45,0.00001051169749324895,0.023326370405605035,0.1100858423939914,0.7425892463490665,0.06073241493359776,0.9873184996431689,68,57572.006048064475,8.138411702968146,0.003921159388648777,15431.252124155819,0,20895.453085879773,6343.580235679363,0,25105.762047508353,404.3965198584756,1,0
3090,3250189,344266,490515,109785,2305623,2.893463075944469,0.7492388762217095,0.9842912348969253,0.9956475817254447,0.0153415693671968,0.42039955214912117,0.5642518019721314,480673,623477,0,126308.63548573038,112344.61423104108,1.1242963122911416,116.88275658719743,10957.67472627172,19568.890705392045,179791.039308675,38737.63698712999,1.785861617015733,16.40777298103352,0,2699564.588338877,0,0,399723631612.2721,4933.5162685647665,0,29156125502706.305,29156125502706.305,410526937660.75104,29156125502706.285,54326760195.73823,28729163094575.52,372635647935.0257,0,0,0,28745598565045.547,0.09384872780744104,200.55876171671326,21,101,1451865,3626808,219975,256652,0.1515120207457305,0.0707652569421927,0.152163488783686,7102,28114,6353.2,20999.499999999996,87.02631121853088,4535.0284046748,20,80,3,45,1.0570694677624326e-177,0.008385376378576155,0.049976410683253106,0.7429966128036328,0.022840177366252865,0.9873633235125215,68,57414.022714731145,14.455082749755547,0.003800248360173728,15004.42589348428,0,21178.080783689216,6261.575171620109,0,21683.152912730347,0,1,0
3120,2212534,97227,74683,73139,1967485,11.870304228957012,0.869646147564276,0.9940312913729743,0.9983383184496041,0,0.6059021013914363,0.39409789860856376,440286,679204,0,217457.64304428015,112235.93774688996,1.9375045766061314,102.97006879321779,9105.10692574013,16918.49657420315,172732.64203496135,36534.8115940418,1.8581326624923615,18.97096249871007,0,2254892.5903893462,0,0,359281077797.04846,4825.50973043858,0,29321593398878.33,29321593398878.33,481132428795.3597,29321593398878.305,51473924589.21758,28896972052604.008,373147421685.0841,0,0,0,28840460970082.984,0.013604064252501479,171.43033592623453,21,101,1533625,3818011,30126,42678,0.01964365473958758,0.011178071514199408,0.020125611969574343,7097,28091,6352.700000000001,20997.2,55.99999992706934,4478.432222701938,20,80,3,45,0,0.002950605903525185,0.0007307877313681561,0.7430571426465657,0.0077260664612635475,0.9875323545651226,67,57402.41438139781,94.61416578440384,0.0038195361142253216,14281.421207141297,0,21142.863236213747,5846.88201478754,0,19678.026174966217,0,1,0
3150,1326180,5731,200,26930,1293319,222.601416287304,0.927660868421084,0.9985944209162814,0.9986180412088455,0,0,1,175851,454909,0,398439.9598097061,101045.2024991686,3.9431853265174506,82.83504816081725,7686.307541996151,14424.522529174415,164236.60528821667,37785.39628999952,1.876651753831377,21.36742569704205,0,1403443.633322976,0,0,319109629467.9193,4708.442353373025,0,29523040632614.848,29523040632614.848,528403105900.46124,29523040632614.816,51236988251.38436,29098663507682.375,373140136681.0647,0,0,0,28994637526714.375,0.000051230600635883575,136.39061241049197,21,101,921381,2923977,90,107,0.00009767946159080772,0.00003659399509640466,0.00009563924097575447,7092,28075,6352.2,20995.6,23.999999999999986,4536.848820930816,20,80,3,45,0,0.0009393334437901723,0,0.7430571426466008,0.0025336835093636295,0.9876189579499585,67,57391.38502723114,34959.219305927596,0.003925914985612714,12953.838633396637,0,21147.107140615677,5216.766470416734,0,17906.376468071823,0,1,0
3180,1108719,205,45,23217,1085252,4433.876,0.9731231802158004,0.9995298637485979,0.9979813044765382,0,0,1,102056,182907,0,519132.5888871518,87523.53835750534,5.931348282180538,64.06164288533122,6464.4050181611265,11988.328517318609,154861.00385396808,38040.91393808571,1.854513831302115,23.955956258758683,0,1162694.4343348057,0,0,202742727784.54062,4440.976870563509,0,29520665195789.883,29520665195789.883,575572164818.3969,29520665195789.855,50961749386.660675,29091640574366.703,378062872036.4916,0,0,0,28945093030971.48,0.000010405671139169317,103.20818555173292,21,101,1117813,3014549,21,22,0.000018786684355970096,0.000007297940753326617,0.000009847818379968225,7092,28060,6352.2,20994.099999999995,84.00000000000003,4613.767529537311,20,80,3,45,0,0.000266203703703629,0,0.7430571426466008,0.0007486753222163106,0.9876189579499585,67,57391.38502723114,160162.00472715666,0.0039856829584314305,11262.981499116615,0,19317.244458583904,4501.370846838108,0,15822.350556879426,0,1,0
3210,872072,142,3,21914,850013,6013.289655172413,0.9902701518291251,0.9998300770252497,0.9979448597775514,0,0,1,182261,236297,0,672727.2819892775,74485.49616450618,9.031654706354031,50.84170631940242,5359.031483663073,9671.43301259487,144866.3474071234,35742.58603330502,1.8046979276158555,27.03218815727175,0,914478.5013236953,0,0,206370747440.29877,4046.508514344773,0,28867802409911.527,28867802409911.527,586666626258.9768,28867802409911.496,44942765698.00688,28404299309227.53,418560334985.9578,0,0,0,28281135783652.53,6.109328884112752e-7,77.46740511830808,21,101,803209,2470473,0,2,0,8.095615697884575e-7,0,7087,28037,6351.7,20991.8,53.99999999999998,4536.00568526974,20,80,3,45,0,0.00001590413943355119,0,0.7430571426466366,0.00004766658959383894,0.9877405002295678,66,57391.38502723114,3443483.101633868,0.004021624697372676,9214.888741537898,0,17396.749247635544,3660.6414849868,0,13697.161626852552,0,1,0
3240,616086,2043,0,17767,596276,300.5594713656388,0.996476166171712,0.9999393268425231,0.9983748714798442,0,0,1,190360,205445,0,968524.8638176777,62685.43294348564,15.45055714444624,46.807966391132545,4390.378654252839,7871.870670920511,136199.4567456724,34352.66452443739,1.7929821755340503,31.022257411382895,0,645602.3393521503,0,0,167042999053.2392,3650.4877754855133,0,28659367241758.12,28659367241758.12,596694609250.002,28659367241758.09,44797134144.41245,28184431184369.65,430138923244.02594,0,0,0,28062672632508.105,0,58.15627742682154,21,101,796533,2384682,0,0,0,0,0,7082,28024,6351.2,20990.500000000007,23.99999999999999,4633.155029548748,20,80,3,45,0,0,0,0.7430571426466732,0,0.987811389891095,64,57224.71836056447,0,0.004057595604651369,7763.628000159567,0,16782.502619963205,3084.3391106314234,0,11729.868611362352,0,1,0
3270,15983,0,0,3955,12028,0,0.9981872185844708,0.9999509666788632,0.9985419608000938,0,0,1,29442,14628,0,37333079.475065865,52242.004155658295,714.6180564556757,45.57830205422814,3631.1760559814593,6741.741507248406,129794.40445822892,32785.739820113864,1.856627550774649,35.74445371339815,0,15364.156288294338,0,0,105495330802.91089,3290.662732790467,0,28553956527629.25,28553956527629.25,596694609250.002,28553956527629.22,44436639409.138336,28057700129535.16,451819758684.9183,0,0,0,27957261918379.227,0,43.674050224409,21,101,796533,2391533,0,0,0,0,0,7082,28073,6351.2,21054.799999999996,84.00000000000003,4631.999999986644,20,80,3,45,0,0.00018976757369614517,0,0.7430571426466732,0.0005437679043083889,0.9878377129167498,64,57141.38502723114,0,0.004102265690693845,6761.381434143509,0,16052.746073399827,2685.278185859626,0,10161.306220585038,0,1,0
3300,0,0,0,0,0,0,0,0,0,0,0,0,0,0,0,0,49721.32713532235,0,45.13357978909352,3110.383559464514,6113.427632120553,121517.50421142956,31437.296497996474,1.9654899517193456,39.068334142156445,0,0,0,0,117861216688.1818,3203.323947910867,0,17921408629298.805,17921408629298.805,607513601610.3779,17921408629298.758,29349809461.257004,17397197383178.447,494861436659.0539,0,0,0,17313895027688.393,0,32.81356072432488,21,101,796508,2395235,0,0,0,0,0,7077,28098,6350.7,21099.6,53.99999999999998,4540.666666666666,20,80,3,45,0,0.000438617496807152,0,0.7430571426467104,0.0011821955614940798,0.9880087119171976,63,57058.0516938978,0,0.004166946348310594,6085.56891256077,0,13272.569027510448,2424.5520690184226,0,9052.54412701762,0,0,0
3330,0,0,0,0,0,0,0,0,0,0,0,0,0,0,0,0,49721.32713532235,0,44.97274086161485,2788.9412493224336,5810.626772525863,112901.72501565711,30856.91464889337,2.0834525553155845,40.48193021028546,0,0,0,0,109461704475.00578,3203.323947910867,0,9982592699721.658,9982592699721.658,607513601610.3779,9982592699721.613,17175074503.655092,9431743331954.348,533674293263.6116,0,0,0,9375079098111.242,0,26.551364481884512,21,101,796488,2396280,0,0,0,0,0,7072,28133,6350.200000000001,21103.1,23.99999999999999,4490.665318268234,20,80,3,45,0,0.0002516864606226536,0,0.7430571426467485,0.0007323461735002427,0.9882599984301711,63,57058.0516938978,0,0.004218941636333464,5789.2905069133585,0,11307.441868120442,2271.0508981434336,0,8348.476828203062,0,0,0
3360,0,0,0,0,0,0,0,0,0,0,0,0,0,0,0,0,49721.32713532235,0,44.91457161167937,2605.2845593514753,5641.9980212027285,109605.76173656528,30761.176891022653,2.1655976123418825,42.07055284734389,0,0,0,0,88985611132.58879,3203.323947910867,0,7470982025440.515,7470982025440.515,607513601610.3779,7470982025440.473,10457332316.954948,6893470714942.299,567053978181.2207,0,0,0,6863468423830.105,0,21.554640765970195,21,101,796488,2398348,0,0,0,0,0,7072,28112,6350.200000000001,21101,84.00000000000003,4448.030407432424,20,80,3,45,0,0.0009802143209482735,0,0.7430571426467485,0.0024716282124490362,0.9884028111128791,61,56905.786891814474,0,0.004214117789192058,5533.490797273771,0,10766.14614749197,2185.4973455993177,0,7934.739816902604,0,0,0
3390,0,0,0,0,0,0,0,0,0,0,0,0,0,0,0,0,49721.32713532235,0,44.893534032710775,2505.5880227934194,5558.129016353487,108884.81245626142,30626.162545635623,2.2182932572278435,43.45678996935354,0,0,0,0,91560979833.38162,3203.323947910867,0,4743294044593.82,4743294044593.82,607513601610.3779,4743294044593.778,8182275358.89538,4115199480466.892,619912288767.9905,0,0,0,4135780442983.413,0,16.25892431650837,21,101,796464,2401806,0,0,0,0,0,7067,28101,6349.7,21107.1,53.99999999999998,4428.952377300628,20,80,3,45,0,0.0005894092111140786,0,0.7430571426467873,0.001573679829256248,0.988696624206822,60,56739.12022514781,0,0.004166439901260613,5314.8472996839055,0,9338.36597447799,2136.704933958707,0,7692.858311735852,0,0,0
3420,0,0,0,0,0,0,0,0,0,0,0,0,0,0,0,0,49721.32713532235,0,44.88592555006144,2454.5607892499115,5517.195962159247,108287.2851677273,30204.624992170073,2.247732460455887,44.11676648709881,0,0,0,0,85458403211.46823,3203.323947910867,0,4270442275233.3623,4270442275233.3623,607513601610.3779,4270442275233.32,997360831.6240826,3643270168582.8345,626174745818.8602,0,0,0,3662928673622.9536,0,12.276750890189366,21,101,796442,2380036,0,0,0,0,0,7062,28084,6349.2,20956.397409302113,23.99999999999999,4498.761905034538,20,80,3,45,0,0.00018068415637860212,0,0.743057142646827,0.0005188865669694014,0.9889992524294434,57,56655.786891814474,0,0.0041469876808238465,5151.219273545003,0,8383.617529590512,2108.1520608598275,0,7533.954768252486,0,0,0
3450,0,0,0,0,0,0,0,0,0,0,0,0,0,0,0,0,49721.32713532235,0,44.88317385471134,2429.371825789446,5498.462972873963,107782.26251596687,30499.919096572812,2.2633270520815345,44.366309583318746,0,0,0,0,64037418211.2834,3203.323947910867,0,1802869976066.0046,1802869976066.0046,607513601610.3779,1802869976065.9617,47899471.260640115,1163934813815.14,638887262779.5613,0,0,0,1195356374455.5957,0,9.303207156598486,21,101,796442,2405544,0,0,0,0,0,7062,28064,6349.2,21103.38676909928,84.00000000000003,4479.5238097636075,20,80,3,45,0,0,0,0.743057142646827,0,0.989049140890799,57,56572.453558481146,0,0.004155751172590702,5044.939733449025,0,4262.078813728252,2091.184160337504,0,7405.80485754917,0,0,0
3480,0,0,0,0,0,0,0,0,0,0,0,0,0,0,0,0,49721.32713532235,0,44.882178672406425,2417.372211619864,5490.405144435569,107407.82505732616,29848.833188498054,2.2712286995127187,44.43164546238948,0,0,0,0,27871502950.740467,3203.323947910867,0,915033279018.8395,915033279018.8395,607513601610.3779,915033279018.7964,10944.542462976518,237784520383.27725,677248747690.9774,0,0,0,307519677408.43085,0,7.086587468904798,21,101,796420,2346465,0,0,0,0,0,7057,28045,6348.7,20632.3150350712,53.99999999999998,4460.857142852518,20,80,3,45,0,0.000008333333333333334,0,0.7430571426468676,0.000024975008333333325,0.9892728989814558,57,56572.453558481146,0,0.004173047329189149,4984.1816506782325,0,3485.7962047215224,2081.406510064034,0,7297.039427673146,0,0,0
3510,0,0,0,0,0,0,0,0,0,0,0,0,0,0,0,0,49721.32713532235,0,44.88181875326787,2412.134001141406,5488.179277152495,107143.7781375553,29811.097489525448,2.275238139570822,44.41866748980595,0,0,0,0,7818725619.6633625,3203.323947910867,0,717017085885.4171,717017085885.4171,607513601610.3779,717017085885.3739,10944.542462976518,35176957798.8508,681840117141.9816,0,0,0,109503484275.00867,0,5.43125721065044,21,101,796397,2272607,0,0,0,0,0,7052,28029,6348.2,20071.613714417494,23.99999999999999,4562.285714245706,20,80,3,45,0,0,0,0.7430571426469091,0,0.9892977608599085,57,56572.453558481146,0,0.004194353621549206,4956.395359970456,0,2470.2519325538633,2076.1123945863515,0,7212.385145786758,0,0,0
3540,0,0,0,0,0,0,0,0,0,0,0,0,0,0,0,0,49721.32713532235,0,44.88168858436748,2411.1167387421174,5494.928444207901,106937.72537305015,29666.99053586442,2.278997261275127,44.35194847879481,0,0,0,0,2236074130.6807985,3203.323947910867,0,717383001512.5237,717383001512.5237,607513601610.3779,717383001512.4805,10944.542462976518,35115850620.73602,682267139947.2029,0,0,0,109869399902.11525,0,4.2033427897982385,21,101,796397,2196657,0,0,0,0,0,7052,28009,6348.2,19500.14096519236,84.00000000000003,4548.47695034638,20,80,3,45,0,0,0,0.7430571426469091,0,0.9892977608599085,57,56572.453558481146,0,0.00420447011621683,4972.136051660407,0,2426.655684691091,2074.080075421342,0,7160.169156219561,0,0,0
3570,0,0,0,0,0,0,0,0,0,0,0,0,0,0,0,0,49721.32713532235,0,44.88164150728597,2409.817980148335,5498.634611293574,105671.34296057405,29562.480479236197,2.2817634595601732,43.850342154916405,0,0,0,0,576867239.8611448,3203.323947910867,0,683009855256.7925,683009855256.7925,607513601610.3779,683009855256.7495,0,1159077344.2803311,681850777912.47,0,0,0,75496253646.38412,0,3.2983359016276284,21,101,796374,2176820,0,0,0,0,0,7047,27990,6347.700000000001,19383.420377712027,53.99999999999998,4568.658286179322,20,80,3,48,0,0,0,0.7430571426469516,0,0.9892977608599085,57,56572.453558481146,0,0.00425586869883243,5020.518418543468,0,1688.8307377759795,2075.565424675895,0,7132.217051993932,0,0,0
3600,0,0,0,0,0,0,0,0,0,0,0,0,0,0,0,0,49721.32713532235,0,44.881624481317424,2409.2551582863416,5499.540102402415,101593.0743147898,29457.365714199652,2.2826723369201525,42.16783513583969,0,0,0,0,159094126.81730345,3203.323947910867,0,683054872851.6013,683054872851.6013,607513601610.3779,683054872851.5582,0,1204478028.4890969,681850394823.0701,0,0,0,75541271241.19292,0,2.60251176611794,21,101,796353,2171388,0,0,0,0,0,7042,27973,6347.2,19356.399999999998,23.99999999999999,4687.446416101067,20,80,3,51,0,0,0,0.7430571426469949,0,0.9892977608599085,57,56572.453558481146,0,0.0042846520465431095,5051.15982627713,0,1700.6488230432283,2078.1700171624097,0,6659.730849490285,0,0,0
3630,0,0,0,0,0,0,0,0,0,0,0,0,0,0,0,0,49721.32713532235,0,44.88161832367987,2409.01406200151,5499.710301309816,98650.50638131873,29286.80083208049,2.2829714396687355,40.950573073598314,0,0,0,0,43749439.24660432,3203.323947910867,0,683078955581.1945,683078955581.1945,607513601610.3779,683078955581.1512,0,1228560758.0821195,681850394823.0701,0,0,0,75565353970.78596,0,2.096528535947434,21,101,796353,2171200,0,0,0,0,0,7042,27949,6347.2,19353.999999999996,84.00000000000003,4692.440698217666,20,80,3,51,0,0,0,0.7430571426469949,0,0.9892977608599085,57,56572.453558481146,0,0.0042960591208920295,5065.444796632619,0,1952.2463795246933,2080.199479528337,0,5890.008405118884,0,0,0
3660,0,0,0,0,0,0,0,0,0,0,0,0,0,0,0,0,49721.32713532235,0,44.88161609669935,2408.9118882023217,5499.714972530929,97042.21013530833,29169.74683584233,2.2830702108557217,40.28466570760593,0,0,0,0,14773495.918047134,3203.323947910867,0,683127285732.6499,683127285732.6499,607513601610.3779,683127285732.6068,0,1276890909.5376725,681850394823.0701,0,0,0,75613684122.24149,0,1.7366610613506765,21,101,796329,2171093,0,0,0,0,0,7037,27930,6346.7,19352.1,53.99999999999998,4711.379459482373,20,80,3,51,0,0,0,0.7430571426470391,0,0.9892977608599085,57,56572.453558481146,0,0.004298507498997208,5071.208074329896,0,1961.9881476094174,2081.4038017070898,0,5232.18719686274,0,0,0
3690,0,0,0,0,0,0,0,0,0,0,0,0,0,0,0,0,49721.32713532235,0,44.8816152912862,2408.8690124267123,5499.696089408317,96272.44845991182,29102.491372921024,2.2831030085226107,39.96582959192382,0,0,0,0,8299455.177808466,3203.323947910867,0,682200504595.9303,682200504595.9303,607513601610.3779,682200504595.887,0,861230110.1398697,681339274485.748,0,0,0,74686902985.52164,0,1.4872377336950737,21,101,796308,2170972,0,0,0,0,0,7032,27913,6346.2,19350.399999999998,23.99999999999999,4810.888990802449,20,80,3,51,0,0,0,0.7430571426470844,0,0.9892977608599085,57,56572.453558481146,0,0.004299032993614862,5073.304954478607,0,1856.0362785047168,2082.0207459301446,0,4798.198055459795,0,0,0
3720,0,0,0,0,0,0,0,0,0,0,0,0,0,0,0,0,49721.32713532235,0,44.88161499999927,2408.851180525188,5499.681819794686,95927.6054164933,29067.985358334787,2.283113985728094,39.822968804398606,0,0,0,0,6831510.686633389,3203.323947910867,0,682249681779.5774,682249681779.5774,607513601610.3779,682249681779.5339,0,910407293.7867773,681339274485.748,0,0,0,74736080169.16855,0,1.3107151359037563,21,101,796308,2170788,0,0,0,0,0,7032,27889,6346.2,19347.999999999993,84.00000000000003,4790.77386483889,20,80,3,51,0,0,0,0.7430571426470844,0,0.9892977608599085,57,56572.453558481146,0,0.004299145762897737,5073.994186262947,0,1967.9010960022802,2082.3075542605575,0,4549.033854142755,0,0,0
3750,0,0,0,0,0,0,0,0,0,0,0,0,0,0,0,0,49721.32713532235,0,44.88161489465199,2408.8438241901204,5499.67396814005,95786.07145442576,29055.77467358468,2.283117698586832,39.76433444647666,0,0,0,0,6462540.265200937,3203.323947910867,0,682289172796.3607,682289172796.3607,607513601610.3779,682289172796.3173,0,949898310.5702043,681339274485.748,0,0,0,74775571185.95197,0,1.1854563756107832,21,101,796283,2170389,0,0,0,0,0,7027,27870,6345.7,19343.06942248,53.99999999999998,4801.032354282581,20,80,3,51,0,0,0,0.7430571426471307,0,0.9892977608599085,57,56572.453558481146,0,0.004305293902652949,5074.191775247513,0,1823.3394670126575,2082.4314507392314,0,4417.859893046462,0,0,0
3780,0,0,0,0,0,0,0,0,0,0,0,0,0,0,0,0,49721.32713532235,0,44.88161485655195,2408.8408116298397,5499.670155306102,95760.24605247698,29123.98072445006,2.283118971064337,39.75366308564196,0,0,0,0,75659530.8721321,3203.323947910867,0,682389994025.1188,682389994025.1188,607513601610.3779,682389994025.0756,0,891129304.739682,681498864720.3368,0,0,0,74876392414.71017,0,1.09898017377528,21,101,796263,2169048,0,0,0,0,0,7022,27850,6345.200000000001,19328.40977200857,23.99999999999999,4911.76882587512,20,80,3,51,0,0,0,0.7430571426471784,0,0.9892977608599085,57,56572.453558481146,0,0.004308837511894471,5074.234882498666,0,1711.3489612641083,2082.481733576876,0,4352.771645624162,0,0,0
3810,0,0,0,0,0,0,0,0,0,0,0,0,0,0,0,0,49721.32713532235,0,44.88161484277261,2408.839586115639,5499.6684243833,95780.19800620795,29162.177400673332,2.2831194140460633,39.761966117742936,0,0,0,0,99506685.26601115,3203.323947910867,0,682411473302.7633,682411473302.7633,607513601610.3779,682411473302.7201,0,924616868.4829609,681486856434.238,0,0,0,74897871692.35472,0,1.043952715771766,21,101,796263,2166680,0,0,0,0,0,7022,27831,6345.200000000001,19303.992978680002,84.00000000000003,4962.491918938221,20,80,3,51,0,0,0,0.7430571426471784,0,0.9892977608599085,57,56572.453558481146,0,0.004312472706819925,5074.2367188675635,0,1728.64823183308,2082.5009566884,0,4321.833335932253,0,0,0
3840,0,0,0,0,0,0,0,0,0,0,0,0,0,0,0,0,49721.32713532235,0,44.88161483778918,2408.8390905804476,5499.66767108161,95757.37576562325,29102.291903386402,2.2831195709948306,39.7524999241643,0,0,0,0,39836580.67638325,3203.323947910867,0,682435890252.1238,682435890252.1238,607513601610.3779,682435890252.0804,0,949033817.8434111,681486856434.238,0,0,0,74922288641.71518,0,1.0154184413375609,21,101,796239,2163403,0,0,0,0,0,7017,27813,6344.7,19270.216223350002,53.99999999999998,5005.46959424851,20,80,3,51,0,0,0,0.743057142647227,0,0.9892977608599085,57,56572.453558481146,0,0.004316978684382579,5074.231141244886,0,1726.8388986991451,2082.5078408833233,0,4307.599055437907,0,0,0
3870,0,0,0,0,0,0,0,0,0,0,0,0,0,0,0,0,49721.32713532235,0,44.881614835986845,2408.8388913115955,5499.667352604057,95726.5880849645,29133.894749407296,2.283119627651614,39.73972208363095,0,0,0,0,17295182.4886624,3203.323947910867,0,682448207044.9958,682448207044.9958,607513601610.3779,682448207044.9528,0,961350610.7156315,681486856434.238,0,0,0,74934605434.5874,0,1.0093211865468659,21,101,796218,2159785,0,0,0,0,0,7012,27793,6344.2,19234.899999999998,23.99999999999999,5108.671221887689,20,80,3,54,0,0,0,0.7430571426472767,0,0.9892977608599085,57,56572.453558481146,0,0.004317945819604736,5074.2264075485355,0,1746.8948333822839,2082.5101085292595,0,4301.215316726225,0,0,0
3900,0,0,0,0,0,0,0,0,0,0,0,0,0,0,0,0,49721.32713532235,0,44.88161483533501,2408.8388115816388,5499.667220773,95751.83700525545,29083.312059038508,2.2831196484923493,39.75020517972516,0,0,0,0,10035247.024547936,3203.323947910867,0,682457045378.1785,682457045378.1785,607513601610.3779,682457045378.135,0,594675133.6632862,681862370244.4727,0,0,0,74943443767.76974,0,1.0049431306243588,21,101,796218,2159669,0,0,0,0,0,7012,27775,6344.2,19233.100000000002,84.00000000000003,5189.915111849355,20,80,3,54,0,0,0,0.7430571426472767,0,0.9892977608599085,57,56572.453558481146,0,0.004318153382081138,5074.223546833741,0,1728.6738010253994,2082.510763469018,0,4298.410639639402,0,0,0
3930,0,0,0,0,0,0,0,0,0,0,0,0,0,0,0,0,49721.32713532235,0,44.88161483509926,2408.8387798271165,5499.667167073102,95933.75007123873,29222.945980603265,2.2831196562967224,39.82572469134856,0,0,0,0,13118888.818619963,3203.323947910867,0,682467971020.9348,682467971020.9348,607513601610.3779,682467971020.8916,0,454024657.0079915,682013946363.8845,0,0,0,74954369410.52628,0,1.0016592335372332,21,101,796198,2159510,0,0,0,0,0,7007,27753,6343.7,19230.899999999994,53.99999999999998,5216.847601950103,20,80,3,54,0,0,0,0.7430571426473277,0,0.9892977608599085,57,56572.453558481146,0,0.004318197910802275,5074.222036555211,0,1725.939868838449,2082.510905049179,0,4297.19906006808,0,0,0
3960,0,0,0,0,0,0,0,0,0,0,0,0,0,0,0,0,49721.32713532235,0,44.881614835014005,2408.838767233349,5499.667145474098,96054.29184475342,29362.27270886415,2.283119659266649,39.87576634490807,0,0,0,0,30632265.118408646,3203.323947910867,0,682474417502.7977,682474417502.7977,607513601610.3779,682474417502.7548,0,417260038.2095707,682057157464.546,0,0,0,74960815892.38943,0,1,21,101,796172,2159397,0,0,0,0,0,7002,27737,6343.2,19229.299999999992,23.99999999999999,5371.301177833647,20,80,3,54,0,0,0,0.74305714264738,0,0.9892977608599085,57,56572.453558481146,0,0.004323408549227105,5074.221296503862,0,1721.292890263326,2082.510907178654,0,4296.683015151491,0,0,0
3990,0,0,0,0,0,0,0,0,0,0,0,0,0,0,0,0,49721.32713532235,0,44.88161483498317,2408.8387622580653,5499.667136874935,96097.87943015591,29409.377557373078,2.283119660412431,39.89386128113986,0,0,0,0,28192308.950426474,3203.323947910867,0,682478007443.8593,682478007443.8593,607513601610.3779,682478007443.8167,0,397421463.82622635,682080585979.9913,0,0,0,74964405833.45137,0,1,21,101,796172,2159220,0,0,0,0,0,7002,27715,6343.2,19227.1,84.00000000000003,5426.348959491256,20,80,3,54,0,0,0,0.74305714264738,0,0.9892977608599085,57,56572.453558481146,0,0.004359302003311092,5074.220950851164,0,1719.56439359284,2082.5108842797486,0,4296.465833446384,0,0,0
4020,0,0,0,0,0,0,0,0,0,0,0,0,0,0,0,0,49721.32713532235,0,44.881614834972005,2408.8387602995717,5499.667133480092,96113.64054824797,29425.408030932507,2.283119660859382,39.90040434931184,0,0,0,0,21651506.496328227,3203.323947910867,0,682479302201.6792,682479302201.6792,607513601610.3779,682479302201.6367,0,351204763.9498193,682128097437.6875,0,0,0,74965700591.27138,0,1,21,101,796149,2159108,0,0,0,0,0,6997,27697,6342.700000000001,19225.3,53.99999999999998,5440.455537497593,20,80,3,54,0,0,0,0.7430571426474336,0,0.9892977608599085,57,56572.453558481146,0,0.004380390609192299,5074.220794769564,0,1716.707767994808,2082.5108650667303,0,4296.375364997011,0,0,0
4050,0,0,0,0,0,0,0,0,0,0,0,0,0,0,0,0,49721.32713532235,0,44.881614834967976,2408.8387595311756,5499.667132149284,96119.33969869623,29431.81362580928,2.2831196610352062,39.90277029476378,0,0,0,0,14847820.00278209,3203.323947910867,0,682441812364.0295,682441812364.0295,607513601610.3779,682441812363.987,0,300038425.614026,682141773938.3738,0,0,0,74928210753.62175,0,1,21,101,796128,2158945,0,0,0,0,0,6992,27677,6342.2,19223.3,23.99999999999999,5514.276225162231,20,80,3,54,0,0,0,0.7430571426474885,0,0.9892977608599085,57,56572.453558481146,0,0.004398569543923933,5074.220726046972,0,1606.3829026397966,2082.5108532239437,0,4296.338013964042,0,0,0
4080,0,0,0,0,0,0,0,0,0,0,0,0,0,0,0,0,49721.32713532235,0,44.88161483496653,2408.838759230628,5499.667131630722,96121.40048052925,29433.639796870517,2.2831196611047933,39.903625808159106,0,0,0,0,10311146.811310807,3203.323947910867,0,682441927014.9456,682441927014.9456,607513601610.3779,682441927014.9031,0,251112722.80442455,682190814292.0995,0,0,0,74928325404.53777,0,1,21,101,796128,2158823,0,0,0,0,0,6992,27660,6342.2,19221.6,84.00000000000003,5576.933771152431,20,80,3,54,0,0,0,0.7430571426474885,0,0.9892977608599085,57,56572.453558481146,0,0.0044024714257723235,5074.2206963783665,0,1605.9881633585467,2082.510846800526,0,4296.32271282187,0,0,0
4110,0,0,0,0,0,0,0,0,0,0,0,0,0,0,0,0,49721.32713532235,0,44.881614834966,2408.8387591134097,5499.667131429705,96122.14564582176,29434.709301437266,2.283119661132444,39.90393515637394,0,0,0,0,8257844.076742715,3203.323947910867,0,682442130380.33,682442130380.33,607513601610.3779,682442130380.2874,0,211866845.68598217,682230263534.6019,0,0,0,74928528769.92197,0,1,21,101,796107,2158751,0,0,0,0,0,6987,27638,6341.7,19219.4,53.99999999999998,5541.051228364325,20,80,3,54,0,0,0,0.7430571426475449,0,0.9892977608599085,57,56572.453558481146,0,0.004403308898637102,5074.220683771304,0,1603.3604119705901,2082.510843558541,0,4296.316487510755,0,0,0
4140,0,0,0,0,0,0,0,0,0,0,0,0,0,0,0,0,49721.32713532235,0,44.8816148349658,2408.8387590678144,5499.667131352128,96122.41509188061,29434.98679456,2.2831196611434548,39.90404701437077,0,0,0,0,7113912.9270878965,3203.323947910867,0,682442204394.2083,682442204394.2083,607513601610.3779,682442204394.1656,0,107614426.38954988,682334589967.7767,0,0,0,74928602783.8003,0,1,21,101,796084,2158641,0,0,0,0,0,6982,27623,6341.2,19217.9,23.99999999999999,5655.200419719397,20,80,3,54,0,0,0,0.7430571426476026,0,0.9892977608599085,57,56572.453558481146,0,0.00440348863054543,5074.220678483723,0,1601.9083667570608,2082.5108419974113,0,4296.313970130635,0,0,0
4170,0,0,0,0,0,0,0,0,0,0,0,0,0,0,0,0,49721.32713532235,0,44.8816148349658,2408.8387590501225,5499.66713132231,95979.22345105316,29292.15469657656,2.2831196611478446,39.844602753278785,0,0,0,0,6655132.86419022,3203.323947910867,0,682442255902.149,682442255902.149,607513601610.3779,682442255902.1063,0,74200758.62104923,682368055143.486,0,0,0,74928654291.7409,0,1,21,101,796084,2158472,0,0,0,0,0,6982,27602,6341.2,19215.799999999992,84.00000000000003,5676.940159952053,20,80,3,54,0,0,0,0.7430571426476026,0,0.9892977608599085,57,56572.453558481146,0,0.004403527185747875,5074.220676290256,0,1600.7741320243395,2082.510841270471,0,4296.312957690077,0,0,0
4200,0,0,0,0,0,0,0,0,0,0,0,0,0,0,0,0,49721.32713532235,0,44.8816148349658,2408.838759043274,5499.667131310888,95828.67254474865,29131.427940977203,2.283119661149594,39.78210338279729,0,0,0,0,6377760.639027185,3203.323947910867,0,682442297134.8519,682442297134.8519,607513601610.3779,682442297134.8093,0,49825041.96361474,682392472092.8464,0,0,0,74928695524.44391,0,1,21,101,796058,2158362,0,0,0,0,0,6977,27584,6340.7,19213.999999999996,53.99999999999998,5665.8022067473885,20,80,3,54,0,0,0,0.7430571426476619,0,0.9892977608599085,57,56572.453558481146,0,0.004403535438956665,5074.220675388823,0,1598.8574461686985,2082.5108409404593,0,4296.31255249524,0,0,0
4230,0,0,0,0,0,0,0,0,0,0,0,0,0,0,0,0,49721.32713532235,0,44.8816148349658,2408.8387590406282,5499.667131306527,95758.73932112385,29073.97353735339,2.283119661150291,39.753071458905715,0,0,0,0,6310343.333627344,3203.323947910867,0,682442324999.3994,682442324999.3994,607513601610.3779,682442324999.3567,0,37536113.638788305,682404788885.7188,0,0,0,74928723388.99132,0,1,21,101,796038,2158199,0,0,0,0,0,6972,27565,6340.200000000001,19212.1,23.99999999999999,5744.484284188697,20,80,3,54,0,0,0,0.7430571426477228,0,0.9892977608599085,57,56572.453558481146,0,0.004464690080848192,5074.220675021362,0,1597.5255859046003,2082.510840793614,0,4296.312391045057,0,0,0
4260,0,0,0,0,0,0,0,0,0,0,0,0,0,0,0,0,49721.32713532235,0,44.8816148349658,2408.838759039609,5499.667131304868,95774.24580666368,29161.866538577593,2.2831196611505686,39.75950878706732,0,0,0,0,6302946.63836661,3203.323947910867,0,682442340032.1805,682442340032.1805,607513601610.3779,682442340032.1378,0,28712813.237538356,682413627218.901,0,0,0,74928738421.77242,0,1,21,101,796038,2158101,0,0,0,0,0,6972,27549,6340.200000000001,19210.5,84.00000000000003,5793.142526792923,20,80,3,54,0,0,0,0.7430571426477228,0,0.9892977608599085,57,56572.453558481146,0,0.004503943497138585,5074.220674872626,0,1596.401685874725,2082.51084072933,0,4296.312326972485,0,0,0
4290,0,0,0,0,0,0,0,0,0,0,0,0,0,0,0,0,49721.32713532235,0,44.8816148349658,2408.8387590392167,5499.6671313042425,95957.89364067995,29255.331502798803,2.2831196611506805,39.83574794310993,0,0,0,0,6337747.218614287,3203.323947910867,0,682442387343.2704,682442387343.2704,607513601610.3779,682442387343.228,0,17145843.81648332,682425241499.4121,0,0,0,74928785732.86258,0,1,21,101,796014,2157936,0,0,0,0,0,6967,27528,6339.7,19208.399999999998,53.99999999999998,5755.269410122077,20,80,3,54,0,0,0,0.7430571426477853,0,0.9892977608599085,57,56572.453558481146,0,0.004512368779659689,5074.220674812802,0,1594.5653216543842,2082.510840701569,0,4296.312301637516,0,0,0
4320,0,0,0,0,0,0,0,0,0,0,0,0,0,0,0,0,49721.32713532235,0,44.8816148349658,2408.838759039068,5499.667131304005,96063.0114331507,29371.968779717092,2.283119661150723,39.87938631121665,0,0,0,0,6389234.502304651,3203.323947910867,0,682442445045.523,682442445045.523,607513601610.3779,682442445045.4807,0,8576053.61864268,682433868991.8628,0,0,0,74928843435.11536,0,1,21,101,795993,2157829,0,0,0,0,0,6962,27513,6339.2,19206.899999999998,23.99999999999999,5857.143037006582,20,80,3,54,0,0,0,0.7430571426478496,0,0.9892977608599085,57,56572.453558481146,0,0.004514177149653744,5074.220674788872,0,1593.2604295795302,2082.5108406897193,0,4296.312291653175,0,0,0
4350,0,0,0,0,0,0,0,0,0,0,0,0,0,0,0,0,49721.32713532235,0,44.8816148349658,2408.8387590390125,5499.667131303921,96101.02849301958,29412.740150517155,2.283119661150741,39.895168629451284,0,0,0,0,6473560.556327954,3203.323947910867,0,682442513493.6616,682442513493.6616,607513601610.3779,682442513493.6198,0,4411419.077041217,682438102074.5433,0,0,0,74928911883.25438,0,1,21,101,795993,2157666,0,0,0,0,0,6962,27493,6339.2,19204.9,84.00000000000003,5860.729014790114,20,80,3,54,0,0,0,0.7430571426478496,0,0.9892977608599085,57,56572.453558481146,0,0.004514565273721845,5074.220674779352,0,1592.1549557102271,2082.5108406847103,0,4296.312287730438,0,0,0
4380,0,0,0,0,0,0,0,0,0,0,0,0,0,0,0,0,49721.32713532235,0,44.8816148349658,2408.8387590389934,5499.667131303889,96114.77780041147,29427.100508820255,2.2831196611507454,39.900876486542614,0,0,0,0,6449768.153888025,3203.323947910867,0,682442572610.3291,682442572610.3291,607513601610.3779,682442572610.2876,0,2368040.4637559853,682440204569.8248,0,0,0,74928970999.9222,0,1,21,101,795972,2157557,0,0,0,0,0,6957,27476,6338.7,19203.199999999993,53.99999999999998,5834.641253597766,20,80,3,54,0,0,0,0.7430571426479157,0,0.9892977608599085,57,56572.453558481146,0,0.0045146485579598975,5074.220674775579,0,1590.3093288971318,2082.510840682611,0,4296.312286193571,0,0,0
4410,0,0,0,0,0,0,0,0,0,0,0,0,0,0,0,0,49721.32713532235,0,44.8816148349658,2408.838759038986,5499.667131303878,96119.75039572535,29431.622422292483,2.2831196611507476,39.90294079877419,0,0,0,0,6533715.881872823,3203.323947910867,0,682442545705.6937,682442545705.6937,607513601610.3779,682442545705.6522,0,1131235.7994608926,682441414469.8536,0,0,0,74928944095.28683,0,1,21,101,795947,2157401,0,0,0,0,0,6952,27457,6338.2,19201.299999999996,23.99999999999999,5898.3629512182815,20,80,3,54,0,0,0,0.7430571426479836,0,0.9892977608599085,57,56572.453558481146,0,0.004514666411753631,5074.22067477409,0,1588.5889388026562,2082.5108406817385,0,4296.312285593014,0,0,0
4440,0,0,0,0,0,0,0,0,0,0,0,0,0,0,0,0,49721.32713532235,0,44.8816148349658,2408.838759038986,5499.667131303872,96121.54879207,29433.95203772757,2.2831196611507454,39.90368738105908,0,0,0,0,6455965.119059858,3203.323947910867,0,682442588528.0209,682442588528.0209,607513601610.3779,682442588527.9792,0,933647.9646991366,682441654880.0154,0,0,0,74928986917.61389,0,1,21,101,795947,2157298,0,0,0,0,0,6952,27441,6338.2,19199.699999999997,84.00000000000003,5932.541649455251,20,80,3,54,0,0,0,0.7430571426479836,0,0.9892977608599085,57,56572.453558481146,0,0.004514670221637676,5074.220674773508,0,1587.7125829834306,2082.510840681379,0,4296.312285358899,0,0,0
4470,0,0,0,0,0,0,0,0,0,0,0,0,0,0,0,0,49721.32713532235,0,44.8816148349658,2408.838759038986,5499.667131303871,96122.19920281292,29434.553043443924,2.283119661150745,39.90395739113778,0,0,0,0,6534235.621633316,3203.323947910867,0,682442676842.5621,682442676842.5621,607513601610.3779,682442676842.5203,0,794950.8549671296,682441881891.666,0,0,0,74929075232.15492,0,1,21,101,795927,2157141,0,0,0,0,0,6947,27420,6337.700000000001,19197.6,53.99999999999998,5876.590510549918,20,80,3,54,0,0,0,0.7430571426480533,0,0.9892977608599085,57,56572.453558481146,0,0.004514671017154312,5074.22067477328,0,1585.6651311134235,2082.5108406812315,0,4296.312285267838,0,0,0
4500,0,0,0,0,0,0,0,0,0,0,0,0,0,0,0,0,49721.32713532235,0,44.8816148349658,2408.838759038986,5499.6671313038705,96122.43443134622,29434.899670172505,2.283119661150745,39.90405504339135,0,0,0,0,6418708.400325705,3203.323947910867,0,682442765166.4259,682442765166.4259,607513601610.3779,682442765166.384,0,799422.6777115394,682441965743.707,0,0,0,74929163556.01872,0,1,21,101,795906,2157031,0,0,0,0,0,6942,27405,6337.2,19196.100000000002,23.99999999999999,5970.756815413749,20,80,3,54,0,0,0,0.7430571426481252,0,0.9892977608599085,57,56572.453558481146,0,0.004514671165670859,5074.220674773192,0,1584.2771587749646,2082.5108406811714,0,4296.312285232491,0,0,0
4530,0,0,0,0,0,0,0,0,0,0,0,0,0,0,0,0,49721.32713532235,0,44.8816148349658,2408.838759038986,5499.6671313038705,95979.23043432705,29290.53520234987,2.283119661150745,39.844605652483885,0,0,0,0,6422078.643267465,3203.323947910867,0,682442814924.7689,682442814924.7689,607513601610.3779,682442814924.7272,0,792822.5660162645,682442022102.1615,0,0,0,74929213314.36179,0,1,21,101,795906,2156906,0,0,0,0,0,6942,27385,6337.2,19194.1,84.00000000000003,5972.783754151406,20,80,3,54,0,0,0,0.7430571426481252,0,0.9892977608599085,57,56572.453558481146,0,0.004514671175316107,5074.220674773157,0,1583.229816815111,2082.5108406811482,0,4296.3122852188,0,0,0
4560,0,0,0,0,0,0,0,0,0,0,0,0,0,0,0,0,49721.32713532235,0,44.8816148349658,2408.838759038986,5499.6671313038705,95828.67506625006,29131.259656901562,2.283119661150745,39.78210442963862,0,0,0,0,6322726.161142832,3203.323947910867,0,682442856204.7438,682442856204.7438,607513601610.3779,682442856204.7019,0,792869.8377769466,682442063334.8644,0,0,0,74929254594.33656,0,1,21,101,795882,2156814,0,0,0,0,0,6937,27368,6336.7,19192.4,53.99999999999998,5941.647742491476,20,80,3,54,0,0,0,0.7430571426481992,0,0.9892977608599085,57,56572.453558481146,0,0.004514671155154175,5074.220674773151,0,1581.3964723133663,2082.5108406811396,0,4296.312285213504,0,0,0
4590,0,0,0,0,0,0,0,0,0,0,0,0,0,0,0,0,49721.32713532235,0,44.8816148349658,2408.838759038986,5499.6671313038705,95761.53570873839,29075.78911188584,2.283119661150745,39.75423234510838,0,0,0,0,6298625.612722182,3203.323947910867,0,682442884209.4213,682442884209.4213,607513601610.3779,682442884209.3796,0,793009.968079283,682442091199.4117,0,0,0,74929282599.01427,0,1,21,101,795858,2156656,0,0,0,0,0,6932,27350,6336.2,19190.600000000002,23.99999999999999,6030.19050711326,20,80,3,54,0,0,0,0.7430571426482754,0,0.9892977608599085,57,56572.453558481146,0,0.004514671128594496,5074.220674773151,0,1580.129332637752,2082.5108406811396,0,4296.312285211459,0,0,0
4620,0,0,0,0,0,0,0,0,0,0,0,0,0,0,0,0,49721.32713532235,0,44.8816148349658,2408.838759038986,5499.6671313038705,95811.54995557768,29180.20552545676,2.283119661150745,39.77499514903272,0,0,0,0,6326747.646992927,3203.323947910867,0,682442898222.439,682442898222.439,607513601610.3779,682442898222.3975,0,795509.0864009962,682442102713.3112,0,0,0,74929296612.03204,0,1,21,101,795858,2156547,0,0,0,0,0,6932,27335,6336.2,19189.099999999995,84.00000000000003,6090.327636404078,20,80,3,54,0,0,0,0.7430571426482754,0,0.9892977608599085,57,56572.453558481146,0,0.004514671100661613,5074.220674773151,0,1579.107624976264,2082.5108406811396,0,4296.3122852106735,0,0,0
4650,0,0,0,0,0,0,0,0,0,0,0,0,0,0,0,0,49721.32713532235,0,44.8816148349658,2408.838759038986,5499.6671313038705,95999.34367704533,29300.277520525597,2.283119661150745,39.85295541962492,0,0,0,0,6361017.910947186,3203.323947910867,0,682442954024.9967,682442954024.9967,607513601610.3779,682442954024.9551,0,802611.029490547,682442151413.926,0,0,0,74929352414.58965,0,1,21,101,795833,2156391,0,0,0,0,0,6927,27314,6335.7,19186.999999999996,53.99999999999998,6032.256837125708,20,80,3,54,0,0,0,0.7430571426483539,0,0.9892977608599085,57,56572.453558481146,0,0.004514671072433992,5074.220674773151,0,1577.2803710627936,2082.5108406811396,0,4296.31228521037,0,0,0
4680,0,0,0,0,0,0,0,0,0,0,0,0,0,0,0,0,49721.32713532235,0,44.8816148349658,2408.838759038986,5499.6671313038705,96078.00231595983,29386.238052187502,2.283119661150745,39.88560959318442,0,0,0,0,6398775.754628267,3203.323947910867,0,682443017100.9423,682443017100.9423,607513601610.3779,682443017100.9006,0,807469.1026192495,682442209631.7986,0,0,0,74929415490.53516,0,1,21,101,795816,2156283,0,0,0,0,0,6922,27300,6335.200000000001,19185.6,23.99999999999999,6155.840094869054,20,80,3,54,0,0,0,0.7430571426484348,0,0.9892977608599085,57,56572.453558481146,0,0.0045425671759456035,5074.220674773151,0,1576.0647396186653,2082.5108406811396,0,4296.312285210253,0,0,0
4710,0,0,0,0,0,0,0,0,0,0,0,0,0,0,0,0,49721.32713532235,0,44.8816148349658,2408.838759038986,5499.6671313038705,96106.45011835647,29418.429638369875,2.283119661150745,39.897419351014776,0,0,0,0,6498709.914649745,3203.323947910867,0,682443080969.431,682443080969.431,607513601610.3779,682443080969.3893,0,805043.8056165633,682442275925.5844,0,0,0,74929479359.02386,0,1,21,101,795816,2156140,0,0,0,0,0,6922,27281,6335.200000000001,19183.700000000004,84.00000000000003,6189.160063939376,20,80,3,54,0,0,0,0.7430571426484348,0,0.9892977608599085,57,56572.453558481146,0,0.004557834518056639,5074.220674773151,0,1575.0928720251227,2082.5108406811396,0,4296.3122852102115,0,0,0
4740,0,0,0,0,0,0,0,0,0,0,0,0,0,0,0,0,49721.32713532235,0,44.8816148349658,2408.838759038986,5499.6671313038705,96116.7385936259,29429.130944022614,2.283119661150745,39.90169048590532,0,0,0,0,6441736.085174868,3203.323947910867,0,682443147882.1293,682443147882.1293,607513601610.3779,682443147882.0878,0,808796.4735815394,682442339085.6145,0,0,0,74929546271.72229,0,1,21,101,795792,2156073,0,0,0,0,0,6917,27264,6334.7,19182,53.99999999999998,6163.199412940634,20,80,3,54,0,0,0,0.7430571426485183,0,0.9892977608599085,57,56572.453558481146,0,0.0045611114592639165,5074.220674773151,0,1573.9478405816094,2082.5108406811396,0,4296.312285210199,0,0,0
4770,0,0,0,0,0,0,0,0,0,0,0,0,0,0,0,0,49721.32713532235,0,44.8816148349658,2408.838759038986,5499.6671313038705,96120.45953916306,29432.9733015116,2.283119661150745,39.90323519101404,0,0,0,0,6559745.906206439,3203.323947910867,0,682443139532.371,682443139532.371,607513601610.3779,682443139532.3292,0,797411.1432450288,682442342121.1864,0,0,0,74929537921.96384,0,1,21,101,795768,2155917,0,0,0,0,0,6912,27246,6334.2,19180.199999999997,23.99999999999999,6256.966294905592,20,80,3,54,0,0,0,0.7430571426486043,0,0.9892977608599085,57,56572.453558481146,0,0.004561814795642041,5074.220674773151,0,1572.4181759406931,2082.5108406811396,0,4296.312285210199,0,0,0
4800,0,0,0,0,0,0,0,0,0,0,0,0,0,0,0,0,49721.32713532235,0,44.8816148349658,2408.838759038986,5499.6671313038705,96121.80526195752,29434.359465846104,2.283119661150745,39.9037938514015,0,0,0,0,6434105.799950216,3203.323947910867,0,682443183120.3148,682443183120.3148,607513601610.3779,682443183120.273,0,793864.873627019,682442389255.3997,0,0,0,74929581509.90762,0,1,21,101,795768,2155867,0,0,0,0,0,6912,27232,6334.2,19178.800000000003,84.00000000000003,6319.669357995887,20,80,3,54,0,0,0,0.7430571426486043,0,0.9892977608599085,57,56572.453558481146,0,0.004561965736660764,5074.220674773151,0,1572.4437665011592,2082.5108406811396,0,4296.312285210199,0,0,0
4830,0,0,0,0,0,0,0,0,0,0,0,0,0,0,0,0,49721.32713532235,0,44.8816148349658,2408.838759038986,5499.6671313038705,96122.29195810008,29434.86048787451,2.283119661150745,39.90399589736275,0,0,0,0,6504922.067941289,3203.323947910867,0,682443276310.0082,682443276310.0082,607513601610.3779,682443276309.9661,0,793230.9769653353,682442483078.9897,0,0,0,74929674699.60074,0,1,21,101,795747,2155723,0,0,0,0,0,6907,27212,6333.7,19176.799999999992,53.99999999999998,6243.341559347525,20,80,3,54,0,0,0,0.7430571426486932,0,0.9892977608599085,57,56572.453558481146,0,0.00456199811222234,5074.220674773151,0,1570.4195433387406,2082.5108406811396,0,4296.312285210199,0,0,0
4860,0,0,0,0,0,0,0,0,0,0,0,0,0,0,0,0,49721.32713532235,0,44.8816148349658,2408.838759038986,5499.6671313038705,96122.4679773636,29435.04148710936,2.283119661150745,39.90406896961088,0,0,0,0,6419711.8952101115,3203.323947910867,0,682443391943.7695,682443391943.7695,607513601610.3779,682443391943.7274,0,818396.8465060837,682442573546.8815,0,0,0,74929790333.36201,0,1,21,101,795722,2155587,0,0,0,0,0,6902,27196,6333.2,19175.199999999997,23.99999999999999,6316.8707946388395,20,80,3,54,0,0,0,0.743057142648785,0,0.9892977608599085,57,56572.453558481146,0,0.004562005039040751,5074.220674773151,0,1569.2244112471415,2082.5108406811396,0,4296.312285210199,0,0,0
4890,0,0,0,0,0,0,0,0,0,0,0,0,0,0,0,0,49721.32713532235,0,44.8816148349658,2408.838759038986,5499.6671313038705,95979.24256663039,29291.944951060403,2.283119661150745,39.84461068906148,0,0,0,0,6410175.935719957,3203.323947910867,0,682443416397.5183,682443416397.5183,607513601610.3779,682443416397.4763,0,793357.4605387411,682442623040.0166,0,0,0,74929814787.1109,0,1,21,101,795722,2155502,0,0,0,0,0,6902,27182,6333.2,19173.799999999996,84.00000000000003,6359.307197174279,20,80,3,54,0,0,0,0.743057142648785,0,0.9892977608599085,57,56572.453558481146,0,0.0045654461801163055,5074.220674773151,0,1568.3310491730917,2082.5108406811396,0,4296.312285210199,0,0,0
4920,0,0,0,0,0,0,0,0,0,0,0,0,0,0,0,0,49721.32713532235,0,44.8816148349658,2408.838759038986,5499.6671313038705,95828.67945403722,29132.15967070545,2.283119661150745,39.782106251174895,0,0,0,0,6319944.171837102,3203.323947910867,0,682443464278.3928,682443464278.3928,607513601610.3779,682443464278.3507,0,799958.3601250696,682442664319.9915,0,0,0,74929862667.98529,0,1,21,101,795702,2155389,0,0,0,0,0,6897,27165,6332.700000000001,19172.1,53.99999999999998,6308.178308764763,20,80,3,54,0,0,0,0.7430571426488798,0,0.9892977608599085,57,56572.453558481146,0,0.004591779887413017,5074.220674773151,0,1566.4977033563457,2082.5108406811396,0,4296.312285210199,0,0,0
4950,0,0,0,0,0,0,0,0,0,0,0,0,0,0,0,0,49721.32713532235,0,44.8816148349658,2408.838759038986,5499.6671313038705,95772.62726822561,29081.278713220912,2.283119661150745,39.75883687060665,0,0,0,0,6298072.489288364,3203.323947910867,0,682443490781.8043,682443490781.8043,607513601610.3779,682443490781.7625,0,798457.0941779409,682442692324.6691,0,0,0,74929889171.39703,0,1,21,101,795681,2155304,0,0,0,0,0,6892,27149,6332.2,19170.500000000004,23.99999999999999,6376.47797565816,20,80,3,54,0,0,0,0.7430571426489778,0,0.9892977608599085,57,56572.453558481146,0,0.004603277057743456,5074.220674773151,0,1566.0391717806087,2082.5108406811396,0,4296.312285210199,0,0,0
4980,0,0,0,0,0,0,0,0,0,0,0,0,0,0,0,0,49721.32713532235,0,44.8816148349658,2408.838759038986,5499.6671313038705,95886.4568919691,29213.51867925982,2.283119661150745,39.806091849096326,0,0,0,0,6318459.726085649,3203.323947910867,0,682443506772.3994,682443506772.3994,607513601610.3779,682443506772.3574,0,800091.9929300797,682442706680.3654,0,0,0,74929905161.99202,0,1,21,101,795681,2155247,0,0,0,0,0,6892,27135,6332.2,19169.1,84.00000000000003,6417.088534074495,20,80,3,54,0,0,0,0.7430571426489778,0,0.9892977608599085,57,56572.453558481146,0,0.004612824882310044,5074.220674773151,0,1565.1307804690275,2082.5108406811396,0,4296.312285210199,0,0,0
5010,0,0,0,0,0,0,0,0,0,0,0,0,0,0,0,0,49721.32713532235,0,44.8816148349658,2408.838759038986,5499.6671313038705,96037.17551041934,29340.984817530796,2.283119661150745,39.86866084334083,0,0,0,0,6372654.081402565,3203.323947910867,0,682443572266.3016,682443572266.3016,607513601610.3779,682443572266.2595,0,811087.1374357109,682442761179.1227,0,0,0,74929970655.8941,0,1,21,101,795657,2155110,0,0,0,0,0,6887,27115,6331.7,19167.1,53.99999999999998,6339.469051907627,20,80,3,54,0,0,0,0.7430571426490793,0,0.9892977608599085,57,56572.453558481146,0,0.004636549197144227,5074.220674773151,0,1563.3020897641431,2082.5108406811396,0,4296.312285210199,0,0,0
5040,0,0,0,0,0,0,0,0,0,0,0,0,0,0,0,0,49721.32713532235,0,44.8816148349658,2408.838759038986,5499.6671313038705,96091.6846340749,29402.85838523151,2.283119661150745,39.89128964049507,0,0,0,0,6377934.514767991,3203.323947910867,0,682443649207.6115,682443649207.6115,607513601610.3779,682443649207.5695,0,822793.8090384174,682442826413.761,0,0,0,74930047597.20409,0,1,21,101,795633,2155013,0,0,0,0,0,6882,27102,6331.2,19165.8,23.99999999999999,6443.132302464537,20,80,3,54,0,0,0,0.7430571426491842,0,0.9892977608599085,57,56572.453558481146,0,0.004641641332523552,5074.220674773151,0,1562.1821633263937,2082.5108406811396,0,4296.312285210199,0,0,0
5070,0,0,0,0,0,0,0,0,0,0,0,0,0,0,0,0,49721.32713532235,0,44.8816148349658,2408.838759038986,5499.6671313038705,96111.39848623364,29423.173159509995,2.283119661150745,39.899473605521685,0,0,0,0,6460890.362528381,3203.323947910867,0,682443707507.0886,682443707507.0886,607513601610.3779,682443707507.0469,0,816663.1673158817,682442890843.8802,0,0,0,74930105896.68143,0,1,21,101,795633,2154875,0,0,0,0,0,6882,27085,6331.2,19164.099999999995,84.00000000000003,6456.872772198606,20,80,3,54,0,0,0,0.7430571426491842,0,0.9892977608599085,57,56572.453558481146,0,0.004642734279935132,5074.220674773151,0,1561.2431854096988,2082.5108406811396,0,4296.312285210199,0,0,0
5100,0,0,0,0,0,0,0,0,0,0,0,0,0,0,0,0,49721.32713532235,0,44.8816148349658,2408.838759038986,5499.6671313038705,96118.52822784153,29430.980620133283,2.283119661150745,39.902433430699325,0,0,0,0,6394681.762943656,3203.323947910867,0,682443790820.8192,682443790820.8192,607513601610.3779,682443790820.7776,0,830292.9626771907,682442960527.8158,0,0,0,74930189210.41214,0,1,21,101,795608,2154777,0,0,0,0,0,6877,27068,6330.7,19162.399999999998,53.99999999999998,6410.972053641403,20,80,3,54,0,0,0,0.743057142649293,0,0.9892977608599085,57,56572.453558481146,0,0.004642968846584542,5074.220674773151,0,1559.4048952722271,2082.5108406811396,0,4296.312285210199,0,0,0
5130,0,0,0,0,0,0,0,0,0,0,0,0,0,0,0,0,49721.32713532235,0,44.8816148349658,2408.838759038986,5499.6671313038705,96121.10678098202,29433.640220433153,2.283119661150745,39.90350388555266,0,0,0,0,6479403.988779332,3203.323947910867,0,682443764886.0885,682443764886.0885,607513601610.3779,682443764886.047,0,829660.1853102968,682442935225.8627,0,0,0,74930163275.68163,0,1,21,101,795591,2154639,0,0,0,0,0,6872,27052,6330.200000000001,19160.800000000003,23.99999999999999,6484.71953065878,20,80,3,54,0,0,0,0.7430571426494057,0,0.9892977608599085,57,56572.453558481146,0,0.004643019171448175,5074.220674773151,0,1557.9147982681463,2082.5108406811396,0,4296.312285210199,0,0,0
5160,0,0,0,0,0,0,0,0,0,0,0,0,0,0,0,0,49721.32713532235,0,44.8816148349658,2408.838759038986,5499.6671313038705,96122.03934441335,29434.60039145559,2.283119661150745,39.903891027875,0,0,0,0,6419365.716759096,3203.323947910867,0,682443845841.6681,682443845841.6681,607513601610.3779,682443845841.6262,0,863759.1604088004,682442982082.4672,0,0,0,74930244231.26088,0,1,21,101,795591,2154507,0,0,0,0,0,6872,27035,6330.200000000001,19159.1,84.00000000000003,6498.320736175481,20,80,3,54,0,0,0,0.7430571426494057,0,0.9892977608599085,57,56572.453558481146,0,0.00466192909237778,5074.220674773151,0,1557.2776388607601,2082.5108406811396,0,4296.312285210199,0,0,0
5190,0,0,0,0,0,0,0,0,0,0,0,0,0,0,0,0,49721.32713532235,0,44.8816148349658,2408.838759038986,5499.6671313038705,96122.37661671532,29434.788561037174,2.283119661150745,39.904031042353225,0,0,0,0,6483420.593822668,3203.323947910867,0,682443909476.2742,682443909476.2742,607513601610.3779,682443909476.2324,0,839298.0762572445,682443070178.1573,0,0,0,74930307865.86705,0,1,21,101,795567,2154414,0,0,0,0,0,6867,27018,6329.7,19157.399999999998,53.99999999999998,6452.474888546472,20,80,3,54,0,0,0,0.7430571426495226,0,0.9892977608599085,57,56572.453558481146,0,0.004689314571036727,5074.220674773151,0,1555.1636036881935,2082.5108406811396,0,4296.312285210199,0,0,0
5220,0,0,0,0,0,0,0,0,0,0,0,0,0,0,0,0,49721.32713532235,0,44.8816148349658,2408.838759038986,5499.6671313038705,96122.4985951265,29435.073059325994,2.283119661150745,39.90408168020132,0,0,0,0,6497132.462437769,3203.323947910867,0,682444021477.7675,682444021477.7675,607513601610.3779,682444021477.7255,0,838526.9049555993,682443182950.8219,0,0,0,74930419867.36003,0,1,21,101,795543,2154322,0,0,0,0,0,6862,27002,6329.2,19155.8,23.99999999999999,6526.469874308656,20,80,3,54,0,0,0,0.7430571426496438,0,0.9892977608599085,57,56572.453558481146,0,0.0047227246166333565,5074.220674773151,0,1552.9895323831493,2082.5108406811396,0,4296.312285210199,0,0,0
5250,0,0,0,0,0,0,0,0,0,0,0,0,0,0,0,0,49721.32713532235,0,44.8816148349658,2408.838759038986,5499.6671313038705,95979.25363989687,29284.040681716997,2.283119661150745,39.844615285992866,0,0,0,0,6411129.516781132,3203.323947910867,0,682444052391.9255,682444052391.9255,607513601610.3779,682444052391.8834,0,840049.5902327353,682443212342.2947,0,0,0,74930450781.51811,0,1,21,101,795543,2154230,0,0,0,0,0,6862,26988,6329.2,19154.4,84.00000000000003,6568.41776734808,20,80,3,54,0,0,0,0.7430571426496438,0,0.9892977608599085,57,56572.453558481146,0,0.004731057550206754,5074.220674773151,0,1552.1007611906882,2082.5108406811396,0,4296.312285210199,0,0,0
5280,0,0,0,0,0,0,0,0,0,0,0,0,0,0,0,0,49721.32713532235,0,44.8816148349658,2408.838759038986,5499.6671313038705,95828.38465642133,29130.028797803192,2.283119661150745,39.781983869544,0,0,0,0,6319879.076172078,3203.323947910867,0,682444107701.8378,682444107701.8378,607513601610.3779,682444107701.7955,0,847478.627946137,682443260223.1688,0,0,0,74930506091.4302,0,1,21,101,795522,2154085,0,0,0,0,0,6857,26968,6328.7,19152.399999999994,53.99999999999998,6487.097594900148,20,80,3,54,0,0,0,0.7430571426497697,0,0.9892977608599085,57,56572.453558481146,0,0.004732846098536925,5074.220674773151,0,1550.315961018121,2082.5108406811396,0,4296.312285210199,0,0,0
5310,0,0,0,0,0,0,0,0,0,0,0,0,0,0,0,0,49721.32713532235,0,44.8816148349658,2408.838759038986,5499.6671313038705,95829.37290346838,29202.513935362957,2.283119661150745,39.78239412823954,0,0,0,0,6327435.8489095755,3203.323947910867,0,682444132397.1785,682444132397.1785,607513601610.3779,682444132397.1364,0,845670.557048342,682443286726.5806,0,0,0,74930530786.77107,0,1,21,101,795497,2154023,0,0,0,0,0,6852,26955,6328.2,19151.099999999995,23.99999999999999,6586.352771133628,20,80,3,54,0,0,0,0.7430571426499007,0,0.9892977608599085,57,56572.453558481146,0,0.004733229968107731,5074.220674773151,0,1549.1245110731888,2082.5108406811396,0,4296.312285210199,0,0,0
5340,0,0,0,0,0,0,0,0,0,0,0,0,0,0,0,0,49721.32713532235,0,44.8816148349658,2408.838759038986,5499.6671313038705,96002.58331549849,29301.390447373393,2.283119661150745,39.85430031597425,0,0,0,0,6328766.441699225,3203.323947910867,0,682444161816.9155,682444161816.9155,607513601610.3779,682444161816.8735,0,861391.0960702576,682443300425.7789,0,0,0,74930560206.50816,0,1,21,101,795497,2153933,0,0,0,0,0,6852,26941,6328.2,19149.699999999997,84.00000000000003,6629.179935149604,20,80,3,54,0,0,0,0.7430571426499007,0,0.9892977608599085,57,56572.453558481146,0,0.004733312339165902,5074.220674773151,0,1548.163540776453,2082.5108406811396,0,4296.312285210199,0,0,0
5370,0,0,0,0,0,0,0,0,0,0,0,0,0,0,0,0,49721.32713532235,0,44.8816148349658,2408.838759038986,5499.6671313038705,96079.17396850587,29389.518983673,2.283119661150745,39.88609599043357,0,0,0,0,6424001.980430901,3203.323947910867,0,682444239471.6635,682444239471.6635,607513601610.3779,682444239471.6213,0,882463.9364884777,682443357007.6865,0,0,0,74930637861.256,0,1,21,101,795477,2153785,0,0,0,0,0,6847,26921,6327.700000000001,19147.699999999997,53.99999999999998,6552.439620567054,20,80,3,54,0,0,0,0.7430571426500368,0,0.9892977608599085,57,56572.453558481146,0,0.004733329996955985,5074.220674773151,0,1546.333291494487,2082.5108406811396,0,4296.312285210199,0,0,0
5400,0,0,0,0,0,0,0,0,0,0,0,0,0,0,0,0,49721.32713532235,0,44.8816148349658,2408.838759038986,5499.6671313038705,96106.87385998952,29418.873694900285,2.283119661150745,39.89759526218005,0,0,0,0,6420006.682889691,3203.323947910867,0,682444350285.7034,682444350285.7034,607513601610.3779,682444350285.6614,0,913497.0578633834,682443436788.6051,0,0,0,74930748675.29599,0,1,21,101,795456,2153667,0,0,0,0,0,6842,26905,6327.2,19146.100000000002,23.99999999999999,6626.071600426695,20,80,3,54,0,0,0,0.7430571426501784,0,0.9892977608599085,57,56572.453558481146,0,0.004733333764770203,5074.220674773151,0,1545.238355848373,2082.5108406811396,0,4296.312285210199,0,0,0
5430,0,0,0,0,0,0,0,0,0,0,0,0,0,0,0,0,49721.32713532235,0,44.8816148349658,2408.838759038986,5499.6671313038705,96116.89184466623,29429.289578440374,2.283119661150745,39.90175410620359,0,0,0,0,6442898.029593378,3203.323947910867,0,682444383492.1787,682444383492.1787,607513601610.3779,682444383492.1364,0,889275.8843283099,682443494216.2535,0,0,0,74930781881.77106,0,1,21,101,795456,2153572,0,0,0,0,0,6842,26891,6327.2,19144.699999999997,84.00000000000003,6670.1607654552745,20,80,3,54,0,0,0,0.7430571426501784,0,0.9892977608599085,57,56572.453558481146,0,0.004757411418845157,5074.220674773151,0,1544.2826274317388,2082.5108406811396,0,4296.312285210199,0,0,0
5460,0,0,0,0,0,0,0,0,0,0,0,0,0,0,0,0,49721.32713532235,0,44.8816148349658,2408.838759038986,5499.6671313038705,96120.51496416624,29433.030384936283,2.283119661150745,39.903258200027395,0,0,0,0,6477861.820949932,3203.323947910867,0,682444487021.0951,682444487021.0951,607513601610.3779,682444487021.0525,0,910538.5357097279,682443576482.5184,0,0,0,74930885410.68718,0,1,21,101,795432,2153429,0,0,0,0,0,6837,26871,6326.7,19142.700000000004,53.99999999999998,6593.7912666255015,20,80,3,54,0,0,0,0.7430571426503261,0,0.9892977608599085,57,56572.453558481146,0,0.004764284262544972,5074.220674773151,0,1542.4581152884325,2082.5108406811396,0,4296.312285210199,0,0,0
5490,0,0,0,0,0,0,0,0,0,0,0,0,0,0,0,0,49721.32713532235,0,44.8816148349658,2408.838759038986,5499.6671313038705,96121.82530704807,29434.38010483436,2.283119661150745,39.903802172876105,0,0,0,0,6427464.219825888,3203.323947910867,0,682444436688.4572,682444436688.4572,607513601610.3779,682444436688.4144,0,892532.441445239,682443544155.9747,0,0,0,74930835078.04912,0,1,21,101,795407,2153336,0,0,0,0,0,6832,26858,6326.2,19141.399999999998,23.99999999999999,6694.958094481863,20,80,3,54,0,0,0,0.7430571426504798,0,0.9892977608599085,57,56572.453558481146,0,0.00476575941898947,5074.220674773151,0,1540.9281857858332,2082.5108406811396,0,4296.312285210199,0,0,0
5520,0,0,0,0,0,0,0,0,0,0,0,0,0,0,0,0,49721.32713532235,0,44.8816148349658,2408.838759038986,5499.6671313038705,96122.29920763787,29434.7031157921,2.283119661150745,39.90399890691985,0,0,0,0,6492312.458002931,3203.323947910867,0,682444498024.1094,682444498024.1094,607513601610.3779,682444498024.0667,0,883892.5278734047,682443614131.54,0,0,0,74930896413.7013,0,1,21,101,795407,2153205,0,0,0,0,0,6832,26842,6326.2,19139.799999999996,84.00000000000003,6730.451000038589,20,80,3,54,0,0,0,0.7430571426504798,0,0.9892977608599085,57,56572.453558481146,0,0.004766076022513343,5074.220674773151,0,1540.3122645243475,2082.5108406811396,0,4296.312285210199,0,0,0
5550,0,0,0,0,0,0,0,0,0,0,0,0,0,0,0,0,49721.32713532235,0,44.8816148349658,2408.838759038986,5499.6671313038705,96122.4705992424,29435.0442099372,2.283119661150745,39.90407005805186,0,0,0,0,6413530.524382558,3203.323947910867,0,682444577678.059,682444577678.059,607513601610.3779,682444577678.0162,0,887365.9500284332,682443690312.0679,0,0,0,74930976067.6509,0,1,21,101,795383,2153117,0,0,0,0,0,6827,26827,6325.7,19138.3,53.99999999999998,6736.011253287672,20,80,3,54,0,0,0,0.7430571426506404,0,0.9892977608599085,57,56572.453558481146,0,0.0047661439556703775,5074.220674773151,0,1538.0451136927934,2082.5108406811396,0,4296.312285210199,0,0,0
5580,0,0,0,0,0,0,0,0,0,0,0,0,0,0,0,0,49721.32713532235,0,44.8816148349658,2408.838759038986,5499.6671313038705,96122.53258498949,29435.108092095827,2.283119661150745,39.90409579067794,0,0,0,0,6507995.746555345,3203.323947910867,0,682444674098.674,682444674098.674,607513601610.3779,682444674098.6313,0,878492.3478364397,682443795606.2848,0,0,0,74931072488.26607,0,1,21,101,795366,2153012,0,0,0,0,0,6822,26812,6325.200000000001,19136.8,23.99999999999999,6830.949313688014,20,80,3,54,0,0,0,0.7430571426508081,0,0.9892977608599085,57,56572.453558481146,0,0.004766158514527248,5074.220674773151,0,1535.277986979592,2082.5108406811396,0,4296.312285210199,0,0,0
5610,0,0,0,0,0,0,0,0,0,0,0,0,0,0,0,0,49721.32713532235,0,44.8816148349658,2408.838759038986,5499.6671313038705,95979.26593272215,29282.663719704142,2.283119661150745,39.84462038920919,0,0,0,0,6385557.76237257,3203.323947910867,0,682444716376.2052,682444716376.2052,607513601610.3779,682444716376.1627,0,881880.9169505641,682443834495.2471,0,0,0,74931114765.79736,0,1,21,101,795366,2152933,0,0,0,0,0,6822,26799,6325.200000000001,19135.5,84.00000000000003,6894.544574203208,20,80,3,54,0,0,0,0.7430571426508081,0,0.9892977608599085,57,56572.453558481146,0,0.004766161617190303,5074.220674773151,0,1534.482988397106,2082.5108406811396,0,4296.312285210199,0,0,0
5640,0,0,0,0,0,0,0,0,0,0,0,0,0,0,0,0,49721.32713532235,0,44.8816148349658,2408.838759038986,5499.6671313038705,95952.69967277636,29289.657792825732,2.283119661150745,39.83359173075453,0,0,0,0,6381873.689932282,3203.323947910867,0,682444779376.723,682444779376.723,607513601610.3779,682444779376.6805,0,890654.5199126431,682443888722.1621,0,0,0,74931177766.31519,0,1,21,101,795342,2152812,0,0,0,0,0,6817,26781,6324.7,19133.7,53.99999999999998,6865.563740234882,20,80,3,54,0,0,0,0.7430571426509833,0,0.9892977608599085,57,56572.453558481146,0,0.004775582426090933,5074.220674773151,0,1532.84376660725,2082.5108406811396,0,4296.312285210199,0,0,0
5670,0,0,0,0,0,0,0,0,0,0,0,0,0,0,0,0,49721.32713532235,0,44.8816148349658,2408.838759038986,5499.6671313038705,96061.13297478201,29371.034936258453,2.283119661150745,39.87860649216135,0,0,0,0,6372676.999234757,3203.323947910867,0,682444849161.7896,682444849161.7896,607513601610.3779,682444849161.7472,0,939981.4668956717,682443909180.2817,0,0,0,74931247551.38182,0,1,21,101,795318,2152760,0,0,0,0,0,6812,26769,6324.2,19132.499999999996,23.99999999999999,6990.5007700629485,20,80,3,54,0,0,0,0.743057142651167,0,0.9892977608599085,57,56572.453558481146,0,0.004784406525151481,5074.220674773151,0,1532.53206511994,2082.5108406811396,0,4296.312285210199,0,0,0
5700,0,0,0,0,0,0,0,0,0,0,0,0,0,0,0,0,49721.32713532235,0,44.8816148349658,2408.838759038986,5499.6671313038705,96100.349126895,29412.05158506734,2.283119661150745,39.89488659889985,0,0,0,0,6458276.651638948,3203.323947910867,0,682444902800.7114,682444902800.7114,607513601610.3779,682444902800.669,0,971092.7401406723,682443931707.9303,0,0,0,74931301190.30359,0,1,21,101,795318,2152639,0,0,0,0,0,6812,26753,6324.2,19130.9,84.00000000000003,7025.797557092825,20,80,3,54,0,0,0,0.743057142651167,0,0.9892977608599085,57,56572.453558481146,0,0.004786300496634777,5074.220674773151,0,1531.6735793537691,2082.5108406811396,0,4296.312285210199,0,0,0
5730,0,0,0,0,0,0,0,0,0,0,0,0,0,0,0,0,49721.32713532235,0,44.8816148349658,2408.838759038986,5499.6671313038705,96114.53209982034,29426.846278689438,2.283119661150745,39.90077448694222,0,0,0,0,6381977.26605294,3203.323947910867,0,682444981694.945,682444981694.945,607513601610.3779,682444981694.9023,0,962336.4714339032,682444019358.4325,0,0,0,74931380084.53694,0,1,21,101,795300,2152534,0,0,0,0,0,6808,26738,6323.8,19129.399999999994,53.99999999999998,7022.548729589113,20,80,3,54,0,0,0,0.743057142651359,0,0.9892977608599085,57,56572.453558481146,0,0.004786706994100931,5074.220674773151,0,1530.0866167581496,2082.5108406811396,0,4296.312285210199,0,0,0
5760,0,0,0,0,0,0,0,0,0,0,0,0,0,0,0,0,49721.32713532235,0,44.8816148349658,2408.838759038986,5499.6671313038705,96119.6615352739,29431.80134922436,2.283119661150745,39.90290390944271,0,0,0,0,6470132.007117872,3203.323947910867,0,682445071154.3491,682445071154.3491,607513601610.3779,682445071154.3065,0,956049.7012866577,682444115104.6067,0,0,0,74931469543.94113,0,1,21,101,795281,2152396,0,0,0,0,0,6804,26723,6323.4,19127.899999999994,23.99999999999999,7089.710541157148,20,80,3,54,0,0,0,0.7430571426515605,0,0.9892977608599085,57,56572.453558481146,0,0.0047867942219826575,5074.220674773151,0,1529.1472746881811,2082.5108406811396,0,4296.312285210199,0,0,0
5790,0,0,0,0,0,0,0,0,0,0,0,0,0,0,0,0,49721.32713532235,0,44.8816148349658,2408.838759038986,5499.6671313038705,96121.51665466324,29434.062281883038,2.283119661150745,39.90367403960705,0,0,0,0,6446418.046580272,3203.323947910867,0,682445151718.6206,682445151718.6206,607513601610.3779,682445151718.5779,0,992488.5845541912,682444159229.995,0,0,0,74931550108.21248,0,1,21,101,795281,2152274,0,0,0,0,0,6804,26707,6323.4,19126.299999999996,84.00000000000003,7076.148369225851,20,80,3,54,0,0,0,0.7430571426515605,0,0.9892977608599085,57,56572.453558481146,0,0.004786812922235417,5074.220674773151,0,1528.3124111231455,2082.5108406811396,0,4296.312285210199,0,0,0
5820,0,0,0,0,0,0,0,0,0,0,0,0,0,0,0,0,49721.32713532235,0,44.8816148349658,2408.838759038986,5499.6671313038705,96122.18757994921,29434.16250670462,2.283119661150745,39.90395256604783,0,0,0,0,6475539.429593633,3203.323947910867,0,682445212411.659,682445212411.659,607513601610.3779,682445212411.616,0,964503.9813882516,682444247907.6365,0,0,0,74931610801.25061,0,1,21,101,795265,2152176,0,0,0,0,0,6800,26692,6323,19124.8,53.99999999999998,7033.18236948085,20,80,3,54,0,0,0,0.7430571426517723,0,0.9892977608599085,57,56572.453558481146,0,0.004809020960460672,5074.220674773151,0,1526.709635318668,2082.5108406811396,0,4296.312285210199,0,0,0
5850,0,0,0,0,0,0,0,0,0,0,0,0,0,0,0,0,49721.32713532235,0,44.8816148349658,2408.838759038986,5499.6671313038705,96122.43022780358,29435.002776033834,2.283119661150745,39.90405329834195,0,0,0,0,6530248.782745077,3203.323947910867,0,682445175757.923,682445175757.923,607513601610.3779,682445175757.88,0,992014.3294341923,682444183743.5526,0,0,0,74931574147.51457,0,1,21,101,795246,2152059,0,0,0,0,0,6796,26677,6322.6,19123.3,23.99999999999999,7079.620508654655,20,80,3,54,0,0,0,0.7430571426519947,0,0.9892977608599085,57,56572.453558481146,0,0.004813889144025566,5074.220674773151,0,1525.3323065366753,2082.5108406811396,0,4296.312285210199,0,0,0
5880,0,0,0,0,0,0,0,0,0,0,0,0,0,0,0,0,49721.32713532235,0,44.8816148349658,2408.838759038986,5499.6671313038705,96122.51798419384,29434.572508634825,2.283119661150745,39.9040897293359,0,0,0,0,6448745.190779564,3203.323947910867,0,682445216788.6896,682445216788.6896,607513601610.3779,682445216788.6462,0,970011.5979821574,682444246777.0508,0,0,0,74931615178.28082,0,1,21,101,795246,2151976,0,0,0,0,0,6796,26664,6322.6,19122,84.00000000000003,7096.649330437096,20,80,3,54,0,0,0,0.7430571426519947,0,0.9892977608599085,57,56572.453558481146,0,0.004814934022696647,5074.220674773151,0,1524.7388825680034,2082.5108406811396,0,4296.312285210199,0,0,0
5910,0,0,0,0,0,0,0,0,0,0,0,0,0,0,0,0,49721.32713532235,0,44.8816148349658,2408.838759038986,5499.6671313038705,96122.54972230275,29434.950351776064,2.283119661150745,39.9041029050243,0,0,0,0,6511023.568469371,3203.323947910867,0,682445311955.1602,682445311955.1602,607513601610.3779,682445311955.1165,0,993640.2785255711,682444318314.8403,0,0,0,74931710344.75107,0,1,21,101,795231,2151840,0,0,0,0,0,6792,26646,6322.2,19120.200000000004,53.99999999999998,7023.6447967375025,20,80,3,54,0,0,0,0.7430571426522289,0,0.9892977608599085,57,56572.453558481146,0,0.004815158271931143,5074.220674773151,0,1522.916937670242,2082.5108406811396,0,4296.312285210199,0,0,0
5940,0,0,0,0,0,0,0,0,0,0,0,0,0,0,0,0,49721.32713532235,0,44.8816148349658,2408.838759038986,5499.6671313038705,96122.56120075524,29434.990570275426,2.283119661150745,39.90410767016371,0,0,0,0,6409306.856792812,3203.323947910867,0,682445398502.4655,682445398502.4655,607513601610.3779,682445398502.4215,0,976614.064256954,682444421888.3597,0,0,0,74931796892.0562,0,1,21,101,795213,2151751,0,0,0,0,0,6788,26634,6321.8,19119.000000000004,23.99999999999999,7100.5652920094535,20,80,3,54,0,0,0,0.7430571426524758,0,0.9892977608599085,57,56572.453558481146,0,0.0048267967107239445,5074.220674773151,0,1521.8661373257332,2082.5108406811396,0,4296.312285210199,0,0,0
5970,0,0,0,0,0,0,0,0,0,0,0,0,0,0,0,0,49721.32713532235,0,44.8816148349658,2408.838759038986,5499.6671313038705,95979.2762819433,29281.239569170324,2.283119661150745,39.84462468556199,0,0,0,0,6406783.476733922,3203.323947910867,0,682445447335.8801,682445447335.8801,607513601610.3779,682445447335.8365,0,994824.156190732,682444452511.6829,0,0,0,74931845725.4712,0,1,21,101,795213,2151620,0,0,0,0,0,6788,26618,6321.8,19117.399999999998,84.00000000000003,7084.860680094609,20,80,3,54,0,0,0,0.7430571426524758,0,0.9892977608599085,57,56572.453558481146,0,0.004837235966874093,5074.220674773151,0,1521.0717175388181,2082.5108406811396,0,4296.312285210199,0,0,0
6000,0,0,0,0,0,0,0,0,0,0,0,0,0,0,0,0,49721.32713532235,0,44.8816148349658,2408.838759038986,5499.6671313038705,95828.69164756834,29129.365539408976,2.283119661150745,39.78211131317046,0,0,0,0,6319115.8809213005,3203.323947910867,0,682445490414.2291,682445490414.2291,607513601610.3779,682445490414.1854,0,973818.9899918808,682444516595.1976,0,0,0,74931888803.82004,0,1,21,101,795191,2151517,0,0,0,0,0,6784,26603,6321.4,19115.899999999998,53.99999999999998,7036.577409516983,20,80,3,54,0,0,0,0.7430571426527365,0,0.9892977608599085,57,56572.453558481146,0,0.004839476613678723,5074.220674773151,0,1519.488371867143,2082.5108406811396,0,4296.312285210199,0,0,0
6030,0,0,0,0,0,0,0,0,0,0,0,0,0,0,0,0,49721.32713532235,0,44.8816148349658,2408.838759038986,5499.6671313038705,95759.80715099965,29068.103634672578,2.283119661150745,39.75351475546804,0,0,0,0,6297761.662461043,3203.323947910867,0,682445516483.9884,682445516483.9884,607513601610.3779,682445516483.9447,0,925866.4614605912,682444590617.4855,0,0,0,74931914873.57935,0,1,21,101,795178,2151382,0,0,0,0,0,6780,26588,6321,19114.4,23.99999999999999,7077.809446519652,20,80,3,54,0,0,0,0.7430571426530119,0,0.9892977608599085,57,56572.453558481146,0,0.004839957521107388,5074.220674773151,0,1518.5065877919315,2082.5108406811396,0,4296.312285210199,0,0,0
6060,0,0,0,0,0,0,0,0,0,0,0,0,0,0,0,0,49721.32713532235,0,44.8816148349658,2408.838759038986,5499.6671313038705,95750.3164751165,29068.033073919054,2.283119661150745,39.74957481725194,0,0,0,0,6293375.739965186,3203.323947910867,0,682445529096.6074,682445529096.6074,607513601610.3779,682445529096.5635,0,872480.4697774738,682444656616.0957,0,0,0,74931927486.19809,0,1,21,101,795178,2151304,0,0,0,0,0,6780,26575,6321,19113.1,84.00000000000003,7089.237709324554,20,80,3,54,0,0,0,0.7430571426530119,0,0.9892977608599085,57,56572.453558481146,0,0.00484006072025154,5074.220674773151,0,1517.620660108089,2082.5108406811396,0,4296.312285210199,0,0,0
6090,0,0,0,0,0,0,0,0,0,0,0,0,0,0,0,0,49721.32713532235,0,44.8816148349658,2408.838759038986,5499.6671313038705,95903.02473984804,29212.645069131802,2.283119661150745,39.81296978885746,0,0,0,0,6315021.709858455,3203.323947910867,0,682445558688.2378,682445558688.2378,607513601610.3779,682445558688.1938,0,822684.7620463036,682444736003.4336,0,0,0,74931957077.82843,0,1,21,101,795157,2151222,0,0,0,0,0,6776,26560,6320.6,19111.600000000002,53.99999999999998,7043.888167296486,20,80,3,54,0,0,0,0.7430571426533035,0,0.9892977608599085,57,56572.453558481146,0,0.004840082848556382,5074.220674773151,0,1516.0189010241663,2082.5108406811396,0,4296.312285210199,0,0,0
6120,0,0,0,0,0,0,0,0,0,0,0,0,0,0,0,0,49721.32713532235,0,44.8816148349658,2408.838759038986,5499.6671313038705,96043.16746335804,29350.34919013238,2.283119661150745,39.87114832944434,0,0,0,0,6374070.988678784,3203.323947910867,0,682445624520.8754,682445624520.8754,607513601610.3779,682445624520.8314,0,787883.2870374857,682444836637.5464,0,0,0,74932022910.46606,0,1,21,101,795137,2151094,0,0,0,0,0,6772,26545,6320.2,19110.099999999995,23.99999999999999,7089.207127750352,20,80,3,54,0,0,0,0.743057142653613,0,0.9892977608599085,57,56572.453558481146,0,0.004840087575916482,5074.220674773151,0,1515.0605675938925,2082.5108406811396,0,4296.312285210199,0,0,0
6150,0,0,0,0,0,0,0,0,0,0,0,0,0,0,0,0,49721.32713532235,0,44.8816148349658,2408.838759038986,5499.6671313038705,96093.8516928433,29405.15303014587,2.283119661150745,39.892189268483975,0,0,0,0,6426230.624556691,3203.323947910867,0,682445695477.6273,682445695477.6273,607513601610.3779,682445695477.5836,0,778938.4106229825,682444916539.1747,0,0,0,74932093867.21817,0,1,21,101,795137,2150966,0,0,0,0,0,6772,26529,6320.2,19108.5,84.00000000000003,7075.736661530171,20,80,3,54,0,0,0,0.743057142653613,0,0.9892977608599085,57,56572.453558481146,0,0.004840088568359316,5074.220674773151,0,1514.2191333602018,2082.5108406811396,0,4296.312285210199,0,0,0
6180,0,0,0,0,0,0,0,0,0,0,0,0,0,0,0,0,49721.32713532235,0,44.8816148349658,2408.838759038986,5499.6671313038705,96112.18222798758,29424.406333042898,2.283119661150745,39.899798966341706,0,0,0,0,6458346.345580499,3203.323947910867,0,682445756419.5433,682445756419.5433,607513601610.3779,682445756419.4996,0,771246.8182824607,682444985172.6829,0,0,0,74932154809.13425,0,1,21,101,795121,2150866,0,0,0,0,0,6768,26514,6319.8,19106.999999999996,53.99999999999998,7032.547509000104,20,80,3,54,0,0,0,0.7430571426539416,0,0.9892977608599085,57,56572.453558481146,0,0.004840088759144128,5074.220674773151,0,1512.6189780377417,2082.5108406811396,0,4296.312285210199,0,0,0
6210,0,0,0,0,0,0,0,0,0,0,0,0,0,0,0,0,49721.32713532235,0,44.8816148349658,2408.838759038986,5499.6671313038705,96118.81167707042,29430.846220489002,2.283119661150745,39.90255110118592,0,0,0,0,6488442.92904356,3203.323947910867,0,682445748582.2648,682445748582.2648,607513601610.3779,682445748582.2212,0,770121.7553729553,682444978460.4673,0,0,0,74932146971.85582,0,1,21,101,795101,2150728,0,0,0,0,0,6764,26499,6319.4,19105.499999999993,23.99999999999999,7079.057632056561,20,80,3,54,0,0,0,0.7430571426542916,0,0.9892977608599085,57,56572.453558481146,0,0.00484008877786206,5074.220674773151,0,1511.3335831256088,2082.5108406811396,0,4296.312285210199,0,0,0
6240,0,0,0,0,0,0,0,0,0,0,0,0,0,0,0,0,49721.32713532235,0,44.8816148349658,2408.838759038986,5499.6671313038705,96121.20929365914,29433.74580472094,2.283119661150745,39.90354644243893,0,0,0,0,6452200.296056003,3203.323947910867,0,682445780503.9443,682445780503.9443,607513601610.3779,682445780503.901,0,763129.5946809688,682445017374.3076,0,0,0,74932178893.53561,0,1,21,101,795101,2150651,0,0,0,0,0,6764,26487,6319.4,19104.299999999996,84.00000000000003,7096.154410888359,20,80,3,54,0,0,0,0.7430571426542916,0,0.9892977608599085,57,56572.453558481146,0,0.004840088759647775,5074.220674773151,0,1510.6220410280864,2082.5108406811396,0,4296.312285210199,0,0,0
6270,0,0,0,0,0,0,0,0,0,0,0,0,0,0,0,0,49721.32713532235,0,44.8816148349658,2408.838759038986,5499.6671313038705,96122.0764193033,29434.350408327955,2.283119661150745,39.90390641906289,0,0,0,0,6510645.781459508,3203.323947910867,0,682445874945.0724,682445874945.0724,607513601610.3779,682445874945.029,0,762009.8193573162,682445112935.2109,0,0,0,74932273334.66364,0,1,21,101,795084,2150524,0,0,0,0,0,6760,26470,6319,19102.6,53.99999999999998,7022.475970535203,20,80,3,54,0,0,0,0.7430571426546647,0,0.9892977608599085,57,56572.453558481146,0,0.004840088733506408,5074.220674773151,0,1508.970383732963,2082.5108406811396,0,4296.312285210199,0,0,0
6300,0,0,0,0,0,0,0,0,0,0,0,0,0,0,0,0,49721.32713532235,0,44.8816148349658,2408.838759038986,5499.6671313038705,96122.39002527614,29434.75846079249,2.283119661150745,39.904036608753536,0,0,0,0,6421689.362236244,3203.323947910867,0,682445951535.4583,682445951535.4583,607513601610.3779,682445951535.4152,0,752414.183672971,682445199121.2325,0,0,0,74932349925.04976,0,1,21,101,795066,2150457,0,0,0,0,0,6756,26460,6318.6,19101.600000000002,23.99999999999999,7099.510717934681,20,80,3,54,0,0,0,0.7430571426550637,0,0.9892977608599085,57,56572.453558481146,0,0.0048400887056635885,5074.220674773151,0,1507.9903077689307,2082.5108406811396,0,4296.312285210199,0,0,0
6330,0,0,0,0,0,0,0,0,0,0,0,0,0,0,0,0,49721.32713532235,0,44.8816148349658,2408.838759038986,5499.6671313038705,95979.21437436045,29282.964396644624,2.283119661150745,39.844598985384835,0,0,0,0,6415773.734255488,3203.323947910867,0,682446000734.5826,682446000734.5826,607513601610.3779,682446000734.5396,0,757225.348092607,682445243509.1924,0,0,0,74932399124.17418,0,1,21,101,795066,2150343,0,0,0,0,0,6756,26445,6318.6,19100.1,84.00000000000003,7083.89073365972,20,80,3,54,0,0,0,0.7430571426550637,0,0.9892977608599085,57,56572.453558481146,0,0.00484008867745557,5074.220674773151,0,1507.184012424128,2082.5108406811396,0,4296.312285210199,0,0,0
6360,0,0,0,0,0,0,0,0,0,0,0,0,0,0,0,0,49721.32713532235,0,44.8816148349658,2408.838759038986,5499.6671313038705,95828.66925797822,29126.355292488995,2.283119661150745,39.78210201840549,0,0,0,0,6321160.320110748,3203.323947910867,0,682446043958.0243,682446043958.0243,607513601610.3779,682446043957.9812,0,757370.440853153,682445286587.5413,0,0,0,74932442347.61578,0,1,21,101,795047,2150262,0,0,0,0,0,6752,26431,6318.2,19098.7,53.99999999999998,7035.608598349846,20,80,3,54,0,0,0,0.7430571426554912,0,0.9892977608599085,57,56572.453558481146,0,0.004840088649169174,5074.220674773151,0,1505.6840040803245,2082.5108406811396,0,4296.312285210199,0,0,0
6390,0,0,0,0,0,0,0,0,0,0,0,0,0,0,0,0,49721.32713532235,0,44.8816148349658,2408.838759038986,5499.6671313038705,95761.48428535931,29070.58354882327,2.283119661150745,39.75421099732041,0,0,0,0,6298247.230359587,3203.323947910867,0,682446070109.0092,682446070109.0092,607513601610.3779,682446070108.966,0,757451.6662833298,682445312657.3007,0,0,0,74932468498.6005,0,1,21,101,795033,2150142,0,0,0,0,0,6748,26418,6317.8,19097.4,23.99999999999999,7077.047981206742,20,80,3,54,0,0,0,0.7430571426559502,0,0.9892977608599085,57,56572.453558481146,0,0.004840088620865961,5074.220674773151,0,1504.8092582069723,2082.5108406811396,0,4296.312285210199,0,0,0
6420,0,0,0,0,0,0,0,0,0,0,0,0,0,0,0,0,49721.32713532235,0,44.8816148349658,2408.838759038986,5499.6671313038705,95741.96721551917,29058.900939291656,2.283119661150745,39.74610872407073,0,0,0,0,6293454.16246132,3203.323947910867,0,682446083894.5409,682446083894.5409,607513601610.3779,682446083894.4976,0,758624.5791742256,682445325269.9196,0,0,0,74932482284.13214,0,1,21,101,795033,2150061,0,0,0,0,0,6748,26406,6317.8,19096.199999999993,84.00000000000003,7088.476153051403,20,80,3,54,0,0,0,0.7430571426559502,0,0.9892977608599085,57,56572.453558481146,0,0.004840088592559146,5074.220674773151,0,1503.8993227879469,2082.5108406811396,0,4296.312285210199,0,0,0
6450,0,0,0,0,0,0,0,0,0,0,0,0,0,0,0,0,49721.32713532235,0,44.8816148349658,2408.838759038986,5499.6671313038705,95869.23025005194,29201.80623963289,2.283119661150745,39.798940419033805,0,0,0,0,6313706.578988652,3203.323947910867,0,682446109925.6719,682446109925.6719,607513601610.3779,682446109925.6285,0,755242.5640884733,682445354683.0656,0,0,0,74932508315.26314,0,1,21,101,795011,2149968,0,0,0,0,0,6744,26392,6317.4,19094.8,53.99999999999998,7042.191801713201,20,80,3,54,0,0,0,0.7430571426564447,0,0.9892977608599085,57,56572.453558481146,0,0.004840088564251559,5074.220674773151,0,1502.3755104009365,2082.5108406811396,0,4296.312285210199,0,0,0
6480,0,0,0,0,0,0,0,0,0,0,0,0,0,0,0,0,49721.32713532235,0,44.8816148349658,2408.838759038986,5499.6671313038705,96030.94529703172,29337.087640390164,2.283119661150745,39.866074446321,0,0,0,0,6378595.7364445245,3203.323947910867,0,682446169181.8628,682446169181.8628,607513601610.3779,682446169181.8197,0,747788.2536908592,682445421393.5671,0,0,0,74932567571.45424,0,1,21,101,794994,2149853,0,0,0,0,0,6740,26379,6317,19093.5,23.99999999999999,7087.524286638139,20,80,3,54,0,0,0,0.7430571426569786,0,0.9892977608599085,57,56572.453558481146,0,0.00484008853594381,5074.220674773151,0,1501.4873717973846,2082.5108406811396,0,4296.312285210199,0,0,0
6510,0,0,0,0,0,0,0,0,0,0,0,0,0,0,0,0,49721.32713532235,0,44.8816148349658,2408.838759038986,5499.6671313038705,96089.43140567193,29400.448676097927,2.283119661150745,39.89035424023446,0,0,0,0,6363126.3190535605,3203.323947910867,0,682446245210.9519,682446245210.9519,607513601610.3779,682446245210.9087,0,753710.8447780453,682445491500.0651,0,0,0,74932643600.54323,0,1,21,101,794994,2149777,0,0,0,0,0,6740,26364,6317,19092,84.00000000000003,7074,20,80,3,54,0,0,0,0.7430571426569786,0,0.9892977608599085,57,56572.453558481146,0,0.004840088507636042,5074.220674773151,0,1500.6113189870696,2082.5108406811396,0,4296.312285210199,0,0,0
6540,0,0,0,0,0,0,0,0,0,0,0,0,0,0,0,0,49721.32713532235,0,44.8816148349658,2408.838759038986,5499.6671313038705,96110.58358023925,29421.292586040196,2.283119661150745,39.89913530724775,0,0,0,0,6486862.627876458,3203.323947910867,0,682446301149.1262,682446301149.1262,607513601610.3779,682446301149.0831,0,753202.123068234,682445547946.9613,0,0,0,74932699538.71773,0,1,21,101,794977,2149662,0,0,0,0,0,6736,26350,6316.6,19090.600000000002,53.99999999999998,7030.801898962758,20,80,3,54,0,0,0,0.7430571426575572,0,0.9892977608599085,57,56572.453558481146,0,0.004840088479328262,5074.220674773151,0,1499.1139181616804,2082.5108406811396,0,4296.312285210199,0,0,0
6570,0,0,0,0,0,0,0,0,0,0,0,0,0,0,0,0,49721.32713532235,0,44.8816148349658,2408.838759038986,5499.6671313038705,96118.23350770626,29430.67633397505,2.283119661150745,39.90231108123357,0,0,0,0,6530964.387816421,3203.323947910867,0,682446332700.6531,682446332700.6531,607513601610.3779,682446332700.6099,0,755563.8295475849,682445577136.7815,0,0,0,74932731090.24458,0,1,21,101,794957,2149564,0,0,0,0,0,6732,26337,6316.2,19089.3,23.99999999999999,7077.411777005102,20,80,3,54,0,0,0,0.743057142658186,0,0.9892977608599085,57,56572.453558481146,0,0.0048400884510204885,5074.220674773151,0,1498.0030959097298,2082.5108406811396,0,4296.312285210199,0,0,0
6600,0,0,0,0,0,0,0,0,0,0,0,0,0,0,0,0,49721.32713532235,0,44.8816148349658,2408.838759038986,5499.6671313038705,96121.00019205186,29433.263603171876,2.283119661150745,39.9034596364597,0,0,0,0,6474574.719567447,3203.323947910867,0,682446357222.8569,682446357222.8569,607513601610.3779,682446357222.8137,0,754222.0059833277,682445603000.8088,0,0,0,74932755612.44841,0,1,21,101,794957,2149520,0,0,0,0,0,6732,26326,6316.2,19088.200000000004,84.00000000000003,7094.309933126016,20,80,3,54,0,0,0,0.743057142658186,0,0.9892977608599085,57,56572.453558481146,0,0.004840088422712729,5074.220674773151,0,1498.1372921003517,2082.5108406811396,0,4296.312285210199,0,0,0
6630,0,0,0,0,0,0,0,0,0,0,0,0,0,0,0,0,49721.32713532235,0,44.8816148349658,2408.838759038986,5499.6671313038705,96122.00079529955,29434.560913328904,2.283119661150745,39.90387502468107,0,0,0,0,6523426.668363259,3203.323947910867,0,682446459674.2168,682446459674.2168,607513601610.3779,682446459674.1735,0,757979.3572277523,682445701694.8173,0,0,0,74932858063.80809,0,1,21,101,794941,2149388,0,0,0,0,0,6728,26310,6315.8,19086.599999999995,53.99999999999998,7020.692163664922,20,80,3,54,0,0,0,0.743057142658872,0,0.9892977608599085,57,56572.453558481146,0,0.004840088394404969,5074.220674773151,0,1496.5616489727847,2082.5108406811396,0,4296.312285210199,0,0,0
6660,0,0,0,0,0,0,0,0,0,0,0,0,0,0,0,0,49721.32713532235,0,44.8816148349658,2408.838759038986,5499.6671313038705,96122.36267498448,29434.93319808334,2.283119661150745,39.90402525461389,0,0,0,0,6444070.586848691,3203.323947910867,0,682446533902.8762,682446533902.8762,607513601610.3779,682446533902.8326,0,760129.4442438821,682445773773.3896,0,0,0,74932932292.46735,0,1,21,101,794921,2149311,0,0,0,0,0,6724,26300,6315.4,19085.599999999995,23.99999999999999,7097.754025707856,20,80,3,54,0,0,0,0.7430571426596233,0,0.9892977608599085,57,56572.453558481146,0,0.004840088366097212,5074.220674773151,0,1495.577334742603,2082.5108406811396,0,4296.312285210199,0,0,0
6690,0,0,0,0,0,0,0,0,0,0,0,0,0,0,0,0,49721.32713532235,0,44.8816148349658,2408.838759038986,5499.6671313038705,95979.20448281258,29284.208993888657,2.283119661150745,39.84459487902951,0,0,0,0,6386811.5462585855,3203.323947910867,0,682446582220.1731,682446582220.1731,607513601610.3779,682446582220.1294,0,764834.0000394182,682445817386.1307,0,0,0,74932980609.76404,0,1,21,101,794921,2149200,0,0,0,0,0,6724,26286,6315.4,19084.199999999993,84.00000000000003,7081.952920044773,20,80,3,54,0,0,0,0.7430571426596233,0,0.9892977608599085,57,56572.453558481146,0,0.004840088337789445,5074.220674773151,0,1494.854131488263,2082.5108406811396,0,4296.312285210199,0,0,0
6720,0,0,0,0,0,0,0,0,0,0,0,0,0,0,0,0,49721.32713532235,0,44.8816148349658,2408.838759038986,5499.6671313038705,95828.66568058604,29128.463539918994,2.283119661150745,39.7821005332948,0,0,0,0,6314392.809786633,3203.323947910867,0,682446625251.6877,682446625251.6877,607513601610.3779,682446625251.6444,0,764642.0733869866,682445860609.5725,0,0,0,74933023641.27899,0,1,21,101,794904,2149112,0,0,0,0,0,6720,26273,6315,19082.9,53.99999999999998,7033.669807057226,20,80,3,54,0,0,0,0.7430571426604496,0,0.9892977608599085,57,56572.453558481146,0,0.00484008830948169,5074.220674773151,0,1493.4374562241544,2082.5108406811396,0,4296.312285210199,0,0,0
6750,0,0,0,0,0,0,0,0,0,0,0,0,0,0,0,0,49721.32713532235,0,44.8816148349658,2408.838759038986,5499.6671313038705,95768.4466929147,29071.03898738193,2.283119661150745,39.75710135580923,0,0,0,0,6296823.696234608,3203.323947910867,0,682446651417.1256,682446651417.1256,607513601610.3779,682446651417.0824,0,764656.5266390254,682445886760.5571,0,0,0,74933049806.717,0,1,21,101,794887,2148999,0,0,0,0,0,6716,26260,6314.6,19081.600000000002,23.99999999999999,7075.142939703868,20,80,3,54,0,0,0,0.7430571426613631,0,0.9892977608599085,57,56572.453558481146,0,0.004840088281173951,5074.220674773151,0,1492.6020390275753,2082.5108406811396,0,4296.312285210199,0,0,0
6780,0,0,0,0,0,0,0,0,0,0,0,0,0,0,0,0,49721.32713532235,0,44.8816148349658,2408.838759038986,5499.6671313038705,95728.60145466504,29052.864303505194,2.283119661150745,39.740560091641946,0,0,0,0,6293126.664447223,3203.323947910867,0,682446665135.4265,682446665135.4265,607513601610.3779,682446665135.3833,0,764589.295949437,682445900546.0887,0,0,0,74933063525.01796,0,1,21,101,794887,2148929,0,0,0,0,0,6716,26249,6314.6,19080.5,84.00000000000003,7086.571007836622,20,80,3,54,0,0,0,0.7430571426613631,0,0.9892977608599085,57,56572.453558481146,0,0.0048400882528662195,5074.220674773151,0,1491.7488449198536,2082.5108406811396,0,4296.312285210199,0,0,0
6810,0,0,0,0,0,0,0,0,0,0,0,0,0,0,0,0,49721.32713532235,0,44.8816148349658,2408.838759038986,5499.6671313038705,95795.58363248376,29165.44548585589,2.283119661150745,39.76836692494175,0,0,0,0,6311033.500295697,3203.323947910867,0,682446690427.3405,682446690427.3405,607513601610.3779,682446690427.297,0,763151.4869196124,682445927275.8116,0,0,0,74933088816.93163,0,1,21,101,794867,2148845,0,0,0,0,0,6712,26236,6314.2,19079.199999999997,53.99999999999998,7039.564849353639,20,80,3,54,0,0,0,0.743057142662378,0,0.9892977608599085,57,56572.453558481146,0,0.004840088224558501,5074.220674773151,0,1490.298211593406,2082.5108406811396,0,4296.312285210199,0,0,0
6840,0,0,0,0,0,0,0,0,0,0,0,0,0,0,0,0,49721.32713532235,0,44.8816148349658,2408.838759038986,5499.6671313038705,95991.69064151011,29295.8242954885,2.283119661150745,39.849778355362524,0,0,0,0,6362603.028352555,3203.323947910867,0,682446744399.5157,682446744399.5157,607513601610.3779,682446744399.4723,0,755948.2260862159,682445988451.2477,0,0,0,74933142789.10687,0,1,21,101,794854,2148727,0,0,0,0,0,6708,26223,6313.8,19077.899999999998,23.99999999999999,7084.524257703298,20,80,3,54,0,0,0,0.7430571426635123,0,0.9892977608599085,57,56572.453558481146,0,0.0048400881962507875,5074.220674773151,0,1489.4069075533102,2082.5108406811396,0,4296.312285210199,0,0,0
6870,0,0,0,0,0,0,0,0,0,0,0,0,0,0,0,0,49721.32713532235,0,44.8816148349658,2408.838759038986,5499.6671313038705,96075.23450754558,29381.643720748514,2.283119661150745,39.88446057131491,0,0,0,0,6370059.8932977645,3203.323947910867,0,682446782782.6611,682446782782.6611,607513601610.3779,682446782782.6178,0,719787.8822882124,682446062994.7369,0,0,0,74933181172.25243,0,1,21,101,794854,2148662,0,0,0,0,0,6708,26212,6313.8,19076.799999999996,84.00000000000003,7100.716029470402,20,80,3,54,0,0,0,0.7430571426635123,0,0.9892977608599085,57,56572.453558481146,0,0.004840088167943076,5074.220674773151,0,1488.6097573431186,2082.5108406811396,0,4296.312285210199,0,0,0
6900,0,0,0,0,0,0,0,0,0,0,0,0,0,0,0,0,49721.32713532235,0,44.8816148349658,2408.838759038986,5499.6671313038705,96105.4491085764,29415.525313772774,2.283119661150745,39.89700379402645,0,0,0,0,6494393.385284356,3203.323947910867,0,682446871644.1581,682446871644.1581,607513601610.3779,682446871644.1152,0,749778.3161343498,682446121865.8004,0,0,0,74933270033.74988,0,1,21,101,794831,2148533,0,0,0,0,0,6704,26196,6313.4,19075.199999999997,53.99999999999998,7027.370236744998,20,80,3,54,0,0,0,0.7430571426647884,0,0.9892977608599085,57,56572.453558481146,0,0.004840088139635372,5074.220674773151,0,1487.1968063254892,2082.5108406811396,0,4296.312285210199,0,0,0
6930,0,0,0,0,0,0,0,0,0,0,0,0,0,0,0,0,49721.32713532235,0,44.8816148349658,2408.838759038986,5499.6671313038705,96116.37656691385,29428.75633347407,2.283119661150745,39.901540194936,0,0,0,0,6405537.666923117,3203.323947910867,0,682446896224.6351,682446896224.6351,607513601610.3779,682446896224.5922,0,744711.6050454538,682446151512.9888,0,0,0,74933294614.22687,0,1,21,101,794814,2148466,0,0,0,0,0,6700,26184,6313,19073.999999999996,23.99999999999999,7104.000000000001,20,80,3,54,0,0,0,0.7430571426662347,0,0.9892977608599085,57,56572.453558481146,0,0.004840088111327677,5074.220674773151,0,1486.154295217737,2082.5108406811396,0,4296.312285210199,0,0,0
6960,0,0,0,0,0,0,0,0,0,0,0,0,0,0,0,0,49721.32713532235,0,44.8816148349658,2408.838759038986,5499.6671313038705,96120.32860803446,29432.838409744792,2.283119661150745,39.90318083655461,0,0,0,0,6495870.734208986,3203.323947910867,0,682446924759.0713,682446924759.0713,607513601610.3779,682446924759.0282,0,742594.8640039433,682446182164.1659,0,0,0,74933323148.66289,0,1,21,101,794814,2148348,0,0,0,0,0,6700,26173,6313,19072.9,84.00000000000003,7120.909042848971,20,80,3,54,0,0,0,0.7430571426662347,0,0.9892977608599085,57,56572.453558481146,0,0.0048467233848824304,5074.220674773151,0,1485.5487480538284,2082.5108406811396,0,4296.312285210199,0,0,0
6990,0,0,0,0,0,0,0,0,0,0,0,0,0,0,0,0,49721.32713532235,0,44.8816148349658,2408.838759038986,5499.6671313038705,96121.75790920742,29434.310826591736,2.283119661150745,39.903774193485454,0,0,0,0,6531143.678970434,3203.323947910867,0,682447025052.2927,682447025052.2927,607513601610.3779,682447025052.2499,0,743043.2910066263,682446282008.9606,0,0,0,74933423441.8845,0,1,21,101,794802,2148244,0,0,0,0,0,6697,26158,6312.7,19071.399999999998,53.99999999999998,7077.9277011009635,20,80,3,54,0,0,0,0.7430571426678874,0,0.9892977608599085,57,56572.453558481146,0,0.004856211057488451,5074.220674773151,0,1484.231138924821,2082.5108406811396,0,4296.312285210199,0,0,0
7020,0,0,0,0,0,0,0,0,0,0,0,0,0,0,0,0,49721.32713532235,0,44.8816148349658,2408.838759038986,5499.6671313038705,96122.27483243281,29434.842847907625,2.283119661150745,39.90398878785108,0,0,0,0,6475976.594745379,3203.323947910867,0,682447086820.2871,682447086820.2871,607513601610.3779,682447086820.2445,0,733900.9879419132,682446352919.258,0,0,0,74933485209.87912,0,1,21,101,794787,2148176,0,0,0,0,0,6694,26149,6312.4,19070.499999999996,23.99999999999999,7185.013823295855,20,80,3,54,0,0,0,0.7430571426697946,0,0.9892977608599085,57,56572.453558481146,0,0.004861748662695806,5074.220674773151,0,1483.3266924070708,2082.5108406811396,0,4296.312285210199,0,0,0
7050,0,0,0,0,0,0,0,0,0,0,0,0,0,0,0,0,49721.32713532235,0,44.8816148349658,2408.838759038986,5499.6671313038705,96114.32718818379,29428.930122136226,2.283119661150745,39.900689420378185,0,0,0,0,6549594.545432025,3203.323947910867,0,682447157037.5837,682447157037.5837,607513601610.3779,682447157037.5409,0,746229.2952139111,682446410808.2472,0,0,0,74933555427.17549,0,1,21,101,794787,2148049,0,0,0,0,0,6694,26135,6312.4,19069.100000000002,84.00000000000003,7171.122769945658,20,80,3,54,0,0,0,0.7430571426697946,0,0.9892977608599085,57,56572.453558481146,0,0.0048661371470371945,5074.220674773151,0,1482.6284534183203,2082.5108406811396,0,4296.312285210199,0,0,0
7080,0,0,0,0,0,0,0,0,0,0,0,0,0,0,0,0,49721.32713532235,0,44.8816148349658,2408.838759038986,5499.6671313038705,96119.58742662129,29432.116908893477,2.283119661150745,39.902873144140415,0,0,0,0,6447032.343405456,3203.323947910867,0,682447226887.3778,682447226887.3778,607513601610.3779,682447226887.335,0,781440.7428765643,682446445446.5934,0,0,0,74933625276.96953,0,1,21,101,794776,2147971,0,0,0,0,0,6691,26123,6312.1,19067.89999999999,53.99999999999998,7158.0573187561085,20,80,3,54,0,0,0,0.7430571426720196,0,0.9892977608599085,57,56572.453558481146,0,0.004867079063660069,5074.220674773151,0,1481.3686338527618,2082.5108406811396,0,4296.312285210199,0,0,0
7110,0,0,0,0,0,0,0,0,0,0,0,0,0,0,0,0,49721.32713532235,0,44.8816148349658,2408.838759038986,5499.6671313038705,96121.48985241576,29433.845572511174,2.283119661150745,39.90366291298125,0,0,0,0,6571485.674948215,3203.323947910867,0,682447315384.948,682447315384.948,607513601610.3779,682447315384.9052,0,859462.7155617855,682446455922.1909,0,0,0,74933713774.53983,0,1,21,101,794759,2147857,0,0,0,0,0,6688,26111,6311.8,19066.699999999993,23.99999999999999,7234.814734810488,20,80,3,54,0,0,0,0.7430571426746492,0,0.9892977608599085,57,56572.453558481146,0,0.004867281213248009,5074.220674773151,0,1480.671179192447,2082.5108406811396,0,4296.312285210199,0,0,0
7140,0,0,0,0,0,0,0,0,0,0,0,0,0,0,0,0,49721.32713532235,0,44.8816148349658,2408.838759038986,5499.6671313038705,96122.17788660784,29434.743039673343,2.283119661150745,39.9039485419755,0,0,0,0,6437778.239288203,3203.323947910867,0,682447366293.3033,682447366293.3033,607513601610.3779,682447366293.2603,0,903314.2909283496,682446462978.9707,0,0,0,74933764682.89491,0,1,21,101,794759,2147783,0,0,0,0,0,6688,26100,6311.8,19065.599999999995,84.00000000000003,7251.777936818831,20,80,3,54,0,0,0,0.7430571426746492,0,0.9892977608599085,57,56572.453558481146,0,0.0048673245801539675,5074.220674773151,0,1479.8819559608926,2082.5108406811396,0,4296.312285210199,0,0,0
7170,0,0,0,0,0,0,0,0,0,0,0,0,0,0,0,0,49721.32713532235,0,44.8816148349658,2408.838759038986,5499.6671313038705,96122.42672209507,29434.999264025748,2.283119661150745,39.904051842989865,0,0,0,0,6564714.643346026,3203.323947910867,0,682447455425.3674,682447455425.3674,607513601610.3779,682447455425.3247,0,985375.8285650038,682446470049.4973,0,0,0,74933853814.95938,0,1,21,101,794748,2147672,0,0,0,0,0,6685,26085,6311.5,19064.1,53.99999999999998,7192.275490039947,20,80,3,54,0,0,0,0.7430571426778045,0,0.9892977608599085,57,56572.453558481146,0,0.004867333866141326,5074.220674773151,0,1478.6354024245127,2082.5108406811396,0,4296.312285210199,0,0,0
7200,0,0,0,0,0,0,0,0,0,0,0,0,0,0,0,0,49721.32713532235,0,44.8816148349658,2408.838759038986,5499.6671313038705,96122.51671631397,29435.091647866022,2.283119661150745,39.90408920299105,0,0,0,0,6458076.299310978,3203.323947910867,0,682447568378.8036,682447568378.8036,607513601610.3779,682447568378.7609,0,1044108.9589319531,682446524269.8029,0,0,0,74933966768.39548,0,1,21,101,794734,2147562,0,0,0,0,0,6682,26073,6311.2,19062.899999999998,23.99999999999999,7249.116193423968,20,80,3,54,0,0,0,0.7430571426816611,0,0.9892977608599085,57,56572.453558481146,0,0.00486733583704245,5074.220674773151,0,1477.8725779107424,2082.5108406811396,0,4296.312285210199,0,0,0
7230,0,0,0,0,0,0,0,0,0,0,0,0,0,0,0,0,49721.32713532235,0,44.8816148349658,2408.838759038986,5499.6671313038705,96122.54926375939,29435.125336022415,2.283119661150745,39.904102714665626,0,0,0,0,6510487.643263385,3203.323947910867,0,682447596827.5696,682447596827.5696,607513601610.3779,682447596827.5269,0,1049819.9752983684,682446547007.5525,0,0,0,74933995217.16151,0,1,21,101,794734,2147491,0,0,0,0,0,6682,26062,6311.2,19061.799999999996,84.00000000000003,7246.191294911375,20,80,3,54,0,0,0,0.7430571426816611,0,0.9892977608599085,57,56572.453558481146,0,0.004867336237842513,5074.220674773151,0,1477.1438490914243,2082.5108406811396,0,4296.312285210199,0,0,0
7260,0,0,0,0,0,0,0,0,0,0,0,0,0,0,0,0,49721.32713532235,0,44.8816148349658,2408.838759038986,5499.6671313038705,96122.56103491777,29434.974100133353,2.283119661150745,39.90410760131831,0,0,0,0,6547640.066000873,3203.323947910867,0,682447695766.8658,682447695766.8658,607513601610.3779,682447695766.823,0,1056303.084582992,682446639463.7393,0,0,0,74934094156.45769,0,1,21,101,794721,2147374,0,0,0,0,0,6679,26047,6310.9,19060.3,53.99999999999998,7183.147452945077,20,80,3,54,0,0,0,0.7430571426864819,0,0.9892977608599085,57,56572.453558481146,0,0.004867336301638032,5074.220674773151,0,1475.9043000347235,2082.5108406811396,0,4296.312285210199,0,0,0
7290,0,0,0,0,0,0,0,0,0,0,0,0,0,0,0,0,49721.32713532235,0,44.8816148349658,2408.838759038986,5499.6671313038705,96122.56529209272,29435.141687201918,2.283119661150745,39.90410936863251,0,0,0,0,6468894.025621884,3203.323947910867,0,682447636782.6724,682447636782.6724,607513601610.3779,682447636782.6299,0,1020756.0804237217,682446616026.5498,0,0,0,74934035172.26445,0,1,21,101,794710,2147300,0,0,0,0,0,6676,26038,6310.6,19059.399999999998,23.99999999999999,7270.114690330141,20,80,3,54,0,0,0,0.7430571426926801,0,0.9892977608599085,57,56572.453558481146,0,0.004867336293099309,5074.220674773151,0,1474.738278508983,2082.5108406811396,0,4296.312285210199,0,0,0
7320,0,0,0,0,0,0,0,0,0,0,0,0,0,0,0,0,49721.32713532235,0,44.8816148349658,2408.838759038986,5499.6671313038705,96122.56683174903,29435.143563907855,2.283119661150745,39.90411000780203,0,0,0,0,6569949.419777222,3203.323947910867,0,682447704035.4695,682447704035.4695,607513601610.3779,682447704035.427,0,1065124.471414199,682446638910.9559,0,0,0,74934102425.06163,0,1,21,101,794710,2147189,0,0,0,0,0,6676,26024,6310.6,19057.999999999996,84.00000000000003,7237.12260304811,20,80,3,54,0,0,0,0.7430571426926801,0,0.9892977608599085,57,56572.453558481146,0,0.004867336269034865,5074.220674773151,0,1474.2146082439056,2082.5108406811396,0,4296.312285210199,0,0,0
7350,0,0,0,0,0,0,0,0,0,0,0,0,0,0,0,0,49721.32713532235,0,44.8816148349658,2408.838759038986,5499.6671313038705,96122.56738858348,29435.024169766228,2.283119661150745,39.90411023896505,0,0,0,0,6438580.869655437,3203.323947910867,0,682447778832.5024,682447778832.5024,607513601610.3779,682447778832.4601,0,1033226.9845849901,682446745605.4758,0,0,0,74934177222.09462,0,1,21,101,794690,2147106,0,0,0,0,0,6673,26012,6310.3,19056.799999999996,53.99999999999998,7204.128006359141,20,80,3,54,0,0,0,0.7430571427009444,0,0.9892977608599085,57,56572.453558481146,0,0.004867336241638005,5074.220674773151,0,1472.7974764617693,2082.5108406811396,0,4296.312285210199,0,0,0
7380,0,0,0,0,0,0,0,0,0,0,0,0,0,0,0,0,49721.32713532235,0,44.8816148349658,2408.838759038986,5499.6671313038705,96122.56758996908,29435.144178006634,2.283119661150745,39.904110322567824,0,0,0,0,6552999.481852817,3203.323947910867,0,682447861311.7861,682447861311.7861,607513601610.3779,682447861311.7438,0,1062161.1509859217,682446799150.5934,0,0,0,74934259701.37834,0,1,21,101,794679,2146998,0,0,0,0,0,6670,26000,6310,19055.599999999995,23.99999999999999,7261.07420393938,20,80,3,54,0,0,0,0.7430571427125142,0,0.9892977608599085,57,56572.453558481146,0,0.004867336213525883,5074.220674773151,0,1471.995194406947,2082.5108406811396,0,4296.312285210199,0,0,0
7410,0,0,0,0,0,0,0,0,0,0,0,0,0,0,0,0,49721.32713532235,0,44.8816148349658,2408.838759038986,5499.6671313038705,95979.27859267606,29285.468818664845,2.283119661150745,39.84462564483448,0,0,0,0,6394742.993985764,3203.323947910867,0,682447910116.3346,682447910116.3346,607513601610.3779,682447910116.2919,0,1027302.0447969448,682446882814.2477,0,0,0,74934308505.92648,0,1,21,101,794679,2146926,0,0,0,0,0,6670,25989,6310,19054.5,84.00000000000003,7255.87786559578,20,80,3,54,0,0,0,0.7430571427125142,0,0.9892977608599085,57,56572.453558481146,0,0.004867336185260244,5074.220674773151,0,1471.2748106488034,2082.5108406811396,0,4296.312285210199,0,0,0
7440,0,0,0,0,0,0,0,0,0,0,0,0,0,0,0,0,49721.32713532235,0,44.8816148349658,2408.838759038986,5499.6671313038705,95983.31656103261,29308.267252945487,2.283119661150745,39.846301958095964,0,0,0,0,6437296.260465453,3203.323947910867,0,682447970502.1086,682447970502.1086,607513601610.3779,682447970502.066,0,1015405.602597399,682446955096.4641,0,0,0,74934368891.7007,0,1,21,101,794667,2146821,0,0,0,0,0,6667,25974,6309.7,19052.999999999996,53.99999999999998,7188.989014658365,20,80,3,54,0,0,0,0.743057142729869,0,0.9892977608599085,57,56572.453558481146,0,0.00486733615696166,5074.220674773151,0,1470.0329062505405,2082.5108406811396,0,4296.312285210199,0,0,0
7470,0,0,0,0,0,0,0,0,0,0,0,0,0,0,0,0,49721.32713532235,0,44.8816148349658,2408.838759038986,5499.6671313038705,96072.20592492624,29382.615166298012,2.283119661150745,39.88320329221809,0,0,0,0,6390038.401577773,3203.323947910867,0,682448034762.8297,682448034762.8297,607513601610.3779,682448034762.7872,0,980370.6307536189,682447054392.1572,0,0,0,74934433152.42194,0,1,21,101,794651,2146757,0,0,0,0,0,6664,25965,6309.4,19052.1,23.99999999999999,7275.313588405416,20,80,3,54,0,0,0,0.7430571427587938,0,0.9892977608599085,57,56572.453558481146,0,0.004867336128656005,5074.220674773151,0,1469.313690432482,2082.5108406811396,0,4296.312285210199,0,0,0
7500,0,0,0,0,0,0,0,0,0,0,0,0,0,0,0,0,49721.32713532235,0,44.8816148349658,2408.838759038986,5499.6671313038705,96104.35378680266,29416.249375419447,2.283119661150745,39.89654908456546,0,0,0,0,6501053.046171106,3203.323947910867,0,682448092488.2448,682448092488.2448,607513601610.3779,682448092488.202,0,998362.4274745866,682447094125.7754,0,0,0,74934490877.8367,0,1,21,101,794651,2146631,0,0,0,0,0,6664,25951,6309.4,19050.7,84.00000000000003,7242.003547231205,20,80,3,54,0,0,0,0.7430571427587938,0,0.9892977608599085,57,56572.453558481146,0,0.004867336100348839,5074.220674773151,0,1468.525573176958,2082.5108406811396,0,4296.312285210199,0,0,0
7530,0,0,0,0,0,0,0,0,0,0,0,0,0,0,0,0,49721.32713532235,0,44.8816148349658,2408.838759038986,5499.6671313038705,96115.98043118343,29428.346603289996,2.283119661150745,39.90137574402415,0,0,0,0,6437663.745421527,3203.323947910867,0,682448202964.9878,682448202964.9878,607513601610.3779,682448202964.9448,0,1002712.5169069732,682447200252.4291,0,0,0,74934601354.57953,0,1,21,101,794640,2146516,0,0,0,0,0,6661,25936,6309.1,19049.199999999993,53.99999999999998,7178.526752808993,20,80,3,54,0,0,0,0.7430571428166431,0,0.9892977608599085,57,56572.453558481146,0,0.0048673360720413545,5074.220674773151,0,1467.2982437084954,2082.5108406811396,0,4296.312285210199,0,0,0
7560,0,0,0,0,0,0,0,0,0,0,0,0,0,0,0,0,49721.32713532235,0,44.8816148349658,2408.838759038986,5499.6671313038705,96120.18534098667,29432.690632232596,2.283119661150745,39.90312136098895,0,0,0,0,6499677.309249969,3203.323947910867,0,682448252909.2192,682448252909.2192,607513601610.3779,682448252909.1768,0,960080.7540835522,682447292828.4237,0,0,0,74934651298.81142,0,1,21,101,794624,2146443,0,0,0,0,0,6658,25927,6308.8,19048.299999999996,23.99999999999999,7265.54121212736,20,80,3,54,0,0,0,0.7430571429901917,0,0.9892977608599085,57,56572.453558481146,0,0.0048673360437338055,5074.220674773151,0,1466.565390649195,2082.5108406811396,0,4296.312285210199,0,0,0
7590,0,0,0,0,0,0,0,0,0,0,0,0,0,0,0,0,49721.32713532235,0,44.8816148349658,2408.838759038986,5499.6671313038705,96121.70609503007,29434.25754812188,2.283119661150745,39.90375268346235,0,0,0,0,6516611.883118908,3203.323947910867,0,682448331982.9938,682448331982.9938,607513601610.3779,682448331982.9514,0,1001654.8110625596,682447330328.1415,0,0,0,74934730372.58606,0,1,21,101,794624,2146322,0,0,0,0,0,6658,25913,6308.8,19046.899999999998,84.00000000000003,7231.898026263667,20,80,3,54,0,0,0,0.7430571429901917,0,0.9892977608599085,57,56572.453558481146,0,0.004867336015426249,5074.220674773151,0,1465.7929033077166,2082.5108406811396,0,4296.312285210199,0,0,0
7620,0,0,0,0,0,0,0,0,0,0,0,0,0,0,0,0,49721.32713532235,0,44.8816148349658,2408.838759038986,5499.6671313038705,96122.256093239,29434.498025638182,2.283119661150745,39.903981008503564,0,0,0,0,6485338.836856883,3203.323947910867,0,682448388285.6702,682448388285.6702,607513601610.3779,682448388285.6276,0,963545.6696673856,682447424739.959,0,0,0,74934786675.26216,0,1,21,101,794613,2146257,0,0,0,0,0,6655,25902,6308.5,19045.8,53.99999999999998,7229.009894599588,20,80,3,54,0,0,0,0.7430571429901917,0,0.9892977608599085,57,56572.453558481146,0,0.004867335987118673,5074.220674773151,0,1464.6081933808841,2082.5108406811396,0,4296.312285210199,0,0,0
7650,0,0,0,0,0,0,0,0,0,0,0,0,0,0,0,0,49721.32713532235,0,44.8816148349658,2408.838759038986,5499.6671313038705,96122.45500642365,29435.02838450788,2.283119661150745,39.90406358488354,0,0,0,0,6588425.494331218,3203.323947910867,0,682448365817.882,682448365817.882,607513601610.3779,682448365817.8392,0,996525.9085925941,682447369291.9319,0,0,0,74934764207.47386,0,1,21,101,794598,2146160,0,0,0,0,0,6652,25891,6308.2,19044.7,23.99999999999999,7315.325834139793,20,80,3,54,0,0,0,0.7430571429901917,0,0.9892977608599085,57,56572.453558481146,0,0.004867335958811125,5074.220674773151,0,1463.5835455876274,2082.5108406811396,0,4296.312285210199,0,0,0
7680,0,0,0,0,0,0,0,0,0,0,0,0,0,0,0,0,49721.32713532235,0,44.8816148349658,2408.838759038986,5499.6671313038705,96122.52694566706,29435.102260026317,2.283119661150745,39.90409344958209,0,0,0,0,6474751.546222977,3203.323947910867,0,682448412783.8228,682448412783.8228,607513601610.3779,682448412783.7797,0,965818.2566741422,682447446965.5243,0,0,0,74934811173.41429,0,1,21,101,794598,2146087,0,0,0,0,0,6652,25880,6308.2,19043.59999999999,84.00000000000003,7312.358632004483,20,80,3,54,0,0,0,0.7430571429901917,0,0.9892977608599085,57,56572.453558481146,0,0.004867335930503587,5074.220674773151,0,1463.0762709929675,2082.5108406811396,0,4296.312285210199,0,0,0
7710,0,0,0,0,0,0,0,0,0,0,0,0,0,0,0,0,49721.32713532235,0,44.8816148349658,2408.838759038986,5499.6671313038705,96122.55296332271,29435.129229706683,2.283119661150745,39.90410425049417,0,0,0,0,6585311.756443162,3203.323947910867,0,682448503406.2728,682448503406.2728,607513601610.3779,682448503406.23,0,998460.6572702355,682447504945.5737,0,0,0,74934901795.86455,0,1,21,101,794582,2145978,0,0,0,0,0,6649,25866,6307.9,19042.2,53.99999999999998,7279.312464751101,20,80,3,54,0,0,0,0.7430571429901917,0,0.9892977608599085,57,56572.453558481146,0,0.004867335902196048,5074.220674773151,0,1461.7293349166991,2082.5108406811396,0,4296.312285210199,0,0,0
7740,0,0,0,0,0,0,0,0,0,0,0,0,0,0,0,0,49721.32713532235,0,44.8816148349658,2408.838759038986,5499.6671313038705,96122.56237290743,29434.98521792239,2.283119661150745,39.90410815676838,0,0,0,0,6435110.829370237,3203.323947910867,0,682448578826.0872,682448578826.0872,607513601610.3779,682448578826.0442,0,976038.238275918,682447602787.8069,0,0,0,74934977215.67883,0,1,21,101,794571,2145919,0,0,0,0,0,6646,25858,6307.6,19041.399999999998,23.99999999999999,7396.3178361236905,20,80,3,54,0,0,0,0.7430571429901917,0,0.9892977608599085,57,56572.453558481146,0,0.004867335873888516,5074.220674773151,0,1461.0020277413303,2082.5108406811396,0,4296.312285210199,0,0,0
7770,0,0,0,0,0,0,0,0,0,0,0,0,0,0,0,0,49721.32713532235,0,44.8816148349658,2408.838759038986,5499.6671313038705,95979.27670586565,29292.20143971788,2.283119661150745,39.844624861548176,0,0,0,0,6451840.789435002,3203.323947910867,0,682448631571.9598,682448631571.9598,607513601610.3779,682448631571.9169,0,996273.7662364009,682447635298.1515,0,0,0,74935029961.5514,0,1,21,101,794571,2145882,0,0,0,0,0,6646,25844,6307.6,19039.999999999996,84.00000000000003,7361.210652294263,20,80,3,54,0,0,0,0.7430571429901917,0,0.9892977608599085,57,56572.453558481146,0,0.0048673358455809685,5074.220674773151,0,1460.2824530736277,2082.5108406811396,0,4296.312285210199,0,0,0
7800,0,0,0,0,0,0,0,0,0,0,0,0,0,0,0,0,49721.32713532235,0,44.8816148349658,2408.838759038986,5499.6671313038705,95828.69180088471,29132.45995432666,2.283119661150745,39.78211137681788,0,0,0,0,6329771.395775583,3203.323947910867,0,682448672777.8917,682448672777.8917,607513601610.3779,682448672777.8486,0,971133.1775985127,682447701644.6718,0,0,0,74935071167.48315,0,1,21,101,794555,2145808,0,0,0,0,0,6643,25833,6307.3,19038.899999999998,53.99999999999998,7352.927672676952,20,80,3,54,0,0,0,0.7430571429901917,0,0.9892977608599085,57,56572.453558481146,0,0.004867335817273447,5074.220674773151,0,1459.1157769532656,2082.5108406811396,0,4296.312285210199,0,0,0
7830,0,0,0,0,0,0,0,0,0,0,0,0,0,0,0,0,49721.32713532235,0,44.8816148349658,2408.838759038986,5499.6671313038705,95759.58963253922,29075.47206962254,2.283119661150745,39.753424455334994,0,0,0,0,6300124.49955969,3203.323947910867,0,682448702161.051,682448702161.051,607513601610.3779,682448702161.0077,0,931363.8978706583,682447770797.1106,0,0,0,74935100550.64226,0,1,21,101,794545,2145714,0,0,0,0,0,6640,25822,6307,19037.8,23.99999999999999,7430.901233094976,20,80,3,54,0,0,0,0.7430571429901917,0,0.9892977608599085,57,56572.453558481146,0,0.0048673357889659355,5074.220674773151,0,1458.456008044278,2082.5108406811396,0,4296.312285210199,0,0,0
7860,0,0,0,0,0,0,0,0,0,0,0,0,0,0,0,0,49721.32713532235,0,44.8816148349658,2408.838759038986,5499.6671313038705,95790.88927532836,29168.470065437163,2.283119661150745,39.766418119884634,0,0,0,0,6328785.077450854,3203.323947910867,0,682448724013.6914,682448724013.6914,607513601610.3779,682448724013.6483,0,880687.7810648049,682447843325.8677,0,0,0,74935122403.28294,0,1,21,101,794545,2145640,0,0,0,0,0,6640,25811,6307,19036.7,84.00000000000003,7403.369849290057,20,80,3,54,0,0,0,0.7430571429901917,0,0.9892977608599085,57,56572.453558481146,0,0.004867335760658429,5074.220674773151,0,1457.6658123209838,2082.5108406811396,0,4296.312285210199,0,0,0
7890,0,0,0,0,0,0,0,0,0,0,0,0,0,0,0,0,49721.32713532235,0,44.8816148349658,2408.838759038986,5499.6671313038705,95980.07197777489,29285.33013443002,2.283119661150745,39.8449550089714,0,0,0,0,6376440.110661029,3203.323947910867,0,682448784144.9531,682448784144.9531,607513601610.3779,682448784144.9099,0,831931.3651008914,682447952213.545,0,0,0,74935182534.54453,0,1,21,101,794529,2145534,0,0,0,0,0,6637,25797,6306.7,19035.3,53.99999999999998,7348.309926352324,20,80,3,54,0,0,0,0.7430571429901917,0,0.9892977608599085,57,56572.453558481146,0,0.004867335732350932,5074.220674773151,0,1456.5052588371088,2082.5108406811396,0,4296.312285210199,0,0,0
7920,0,0,0,0,0,0,0,0,0,0,0,0,0,0,0,0,49721.32713532235,0,44.8816148349658,2408.838759038986,5499.6671313038705,96071.03248403472,29380.6770404676,2.283119661150745,39.882716152559155,0,0,0,0,6414225.476087337,3203.323947910867,0,682448833226.1156,682448833226.1156,607513601610.3779,682448833226.0728,0,818001.7106430831,682448015224.3624,0,0,0,74935231615.70726,0,1,21,101,794516,2145468,0,0,0,0,0,6634,25789,6306.4,19034.499999999996,23.99999999999999,7444.413484475521,20,80,3,54,0,0,0,0.7430571429901917,0,0.9892977608599085,57,56572.453558481146,0,0.004867335704043442,5074.220674773151,0,1455.7776376425877,2082.5108406811396,0,4296.312285210199,0,0,0
7950,0,0,0,0,0,0,0,0,0,0,0,0,0,0,0,0,49721.32713532235,0,44.8816148349658,2408.838759038986,5499.6671313038705,96103.92939839387,29415.78903440872,2.283119661150745,39.89637290489914,0,0,0,0,6521618.583595904,3203.323947910867,0,682448901916.4042,682448901916.4042,607513601610.3779,682448901916.3613,0,811895.9356240341,682448090020.4263,0,0,0,74935300305.99583,0,1,21,101,794516,2145358,0,0,0,0,0,6634,25776,6306.4,19033.2,84.00000000000003,7420.8990927960795,20,80,3,54,0,0,0,0.7430571429901917,0,0.9892977608599085,57,56572.453558481146,0,0.004867335675735954,5074.220674773151,0,1455.1639172981422,2082.5108406811396,0,4296.312285210199,0,0,0
7980,0,0,0,0,0,0,0,0,0,0,0,0,0,0,0,0,49721.32713532235,0,44.8816148349658,2408.838759038986,5499.6671313038705,96115.82694622921,29427.927390928315,2.283119661150745,39.90131202661938,0,0,0,0,6458662.871702577,3203.323947910867,0,682448963895.8358,682448963895.8358,607513601610.3779,682448963895.793,0,813811.5836033623,682448150084.2101,0,0,0,74935362285.42757,0,1,21,101,794501,2145297,0,0,0,0,0,6631,25766,6306.1,19032.199999999993,53.99999999999998,7427.829724269562,20,80,3,54,0,0,0,0.7430571429901917,0,0.9892977608599085,57,56572.453558481146,0,0.004867335647428477,5074.220674773151,0,1454.068086638266,2082.5108406811396,0,4296.312285210199,0,0,0
8010,0,0,0,0,0,0,0,0,0,0,0,0,0,0,0,0,49721.32713532235,0,44.8816148349658,2408.838759038986,5499.6671313038705,96120.12983138581,29432.63351823888,2.283119661150745,39.903098316855896,0,0,0,0,6603434.13965186,3203.323947910867,0,682448948339.6504,682448948339.6504,607513601610.3779,682448948339.6078,0,810135.4652371001,682448138204.1436,0,0,0,74935346729.24232,0,1,21,101,794489,2145196,0,0,0,0,0,6628,25755,6305.8,19031.099999999995,23.99999999999999,7494.272034418606,20,80,3,54,0,0,0,0.7430571429901917,0,0.9892977608599085,57,56572.453558481146,0,0.004867335619121009,5074.220674773151,0,1453.0795902466655,2082.5108406811396,0,4296.312285210199,0,0,0
8040,0,0,0,0,0,0,0,0,0,0,0,0,0,0,0,0,49721.32713532235,0,44.8816148349658,2408.838759038986,5499.6671313038705,96121.6860193438,29434.23672493969,2.283119661150745,39.90374434928631,0,0,0,0,6459610.910684658,3203.323947910867,0,682448999560.185,682448999560.185,607513601610.3779,682448999560.1422,0,811445.3727498604,682448188114.7703,0,0,0,74935397949.7768,0,1,21,101,794489,2145127,0,0,0,0,0,6628,25745,6305.8,19030.099999999995,84.00000000000003,7501.135212462323,20,80,3,54,0,0,0,0.7430571429901917,0,0.9892977608599085,57,56572.453558481146,0,0.004867335590813542,5074.220674773151,0,1452.667378437651,2082.5108406811396,0,4296.312285210199,0,0,0
8070,0,0,0,0,0,0,0,0,0,0,0,0,0,0,0,0,49721.32713532235,0,44.8816148349658,2408.838759038986,5499.6671313038705,96122.24883263595,29434.816287716443,2.283119661150745,39.90397799435286,0,0,0,0,6587577.824922216,3203.323947910867,0,682449087535.1779,682449087535.1779,607513601610.3779,682449087535.1346,0,808339.2968116576,682448279195.8387,0,0,0,74935485924.76913,0,1,21,101,794479,2145023,0,0,0,0,0,6625,25732,6305.5,19028.8,53.99999999999998,7477.715914997447,20,80,3,54,0,0,0,0.7430571429901917,0,0.9892977608599085,57,56572.453558481146,0,0.0048673355625060855,5074.220674773151,0,1451.396976308647,2082.5108406811396,0,4296.312285210199,0,0,0
8100,0,0,0,0,0,0,0,0,0,0,0,0,0,0,0,0,49721.32713532235,0,44.8816148349658,2408.838759038986,5499.6671313038705,96122.45238054296,29435.025467750365,2.283119661150745,39.90406249478123,0,0,0,0,6429221.949732997,3203.323947910867,0,682449167472.9445,682449167472.9445,607513601610.3779,682449167472.9012,0,811749.3136807249,682448355723.5885,0,0,0,74935565862.53575,0,1,21,101,794463,2144966,0,0,0,0,0,6622,25724,6305.2,19027.999999999996,23.99999999999999,7574.590185605991,20,80,3,54,0,0,0,0.7430571429901917,0,0.9892977608599085,57,56572.453558481146,0,0.004867335534198637,5074.220674773151,0,1450.6715238294037,2082.5108406811396,0,4296.312285210199,0,0,0
8130,0,0,0,0,0,0,0,0,0,0,0,0,0,0,0,0,49721.32713532235,0,44.8816148349658,2408.838759038986,5499.6671313038705,95979.23692586063,29292.37307787853,2.283119661150745,39.84460834736479,0,0,0,0,6463762.173077106,3203.323947910867,0,682449218399.7518,682449218399.7518,607513601610.3779,682449218399.7086,0,816133.7807617949,682448402265.9287,0,0,0,74935616789.34315,0,1,21,101,794463,2144859,0,0,0,0,0,6622,25711,6305.2,19026.699999999997,84.00000000000003,7549.371129688953,20,80,3,54,0,0,0,0.7430571429901917,0,0.9892977608599085,57,56572.453558481146,0,0.0048673355058911905,5074.220674773151,0,1450.0361494316537,2082.5108406811396,0,4296.312285210199,0,0,0
8160,0,0,0,0,0,0,0,0,0,0,0,0,0,0,0,0,49721.32713532235,0,44.8816148349658,2408.838759038986,5499.6671313038705,95828.67741398791,29131.709390933425,2.283119661150745,39.78210540427333,0,0,0,0,6332613.352721073,3203.323947910867,0,682449259799.5492,682449259799.5492,607513601610.3779,682449259799.5059,0,816327.6462047661,682448443471.8607,0,0,0,74935658189.14035,0,1,21,101,794447,2144794,0,0,0,0,0,6619,25701,6304.9,19025.7,53.99999999999998,7546.4242939940505,20,80,3,54,0,0,0,0.7430571429901917,0,0.9892977608599085,57,56572.453558481146,0,0.004867335477583752,5074.220674773151,0,1448.9528063730647,2082.5108406811396,0,4296.312285210199,0,0,0
8190,0,0,0,0,0,0,0,0,0,0,0,0,0,0,0,0,49721.32713532235,0,44.8816148349658,2408.838759038986,5499.6671313038705,95764.78706732481,29076.283083878792,2.283119661150745,39.75558210692794,0,0,0,0,6300734.502122308,3203.323947910867,0,682449289166.5446,682449289166.5446,607513601610.3779,682449289166.5011,0,816311.482386849,682448472855.0197,0,0,0,74935687556.13562,0,1,21,101,794435,2144690,0,0,0,0,0,6616,25690,6304.6,19024.6,23.99999999999999,7587.618886442918,20,80,3,54,0,0,0,0.7430571429901917,0,0.9892977608599085,57,56572.453558481146,0,0.004867335449276318,5074.220674773151,0,1448.2687077896287,2082.5108406811396,0,4296.312285210199,0,0,0
8220,0,0,0,0,0,0,0,0,0,0,0,0,0,0,0,0,49721.32713532235,0,44.8816148349658,2408.838759038986,5499.6671313038705,95837.10573435957,29183.355355112224,2.283119661150745,39.7856043185697,0,0,0,0,6323987.952929463,3203.323947910867,0,682449308556.9237,682449308556.9237,607513601610.3779,682449308556.88,0,814803.3692799705,682448493753.5121,0,0,0,74935706946.51457,0,1,21,101,794435,2144620,0,0,0,0,0,6616,25680,6304.6,19023.599999999995,84.00000000000003,7570.341858987454,20,80,3,54,0,0,0,0.7430571429901917,0,0.9892977608599085,57,56572.453558481146,0,0.004867335420968896,5074.220674773151,0,1447.5792267299432,2082.5108406811396,0,4296.312285210199,0,0,0
8250,0,0,0,0,0,0,0,0,0,0,0,0,0,0,0,0,49721.32713532235,0,44.8816148349658,2408.838759038986,5499.6671313038705,96016.08900431491,29321.71736502639,2.283119661150745,39.85990703778813,0,0,0,0,6400172.253289495,3203.323947910867,0,682449367621.6451,682449367621.6451,607513601610.3779,682449367621.6017,0,814201.8532143674,682448553419.7498,0,0,0,74935766011.2362,0,1,21,101,794420,2144513,0,0,0,0,0,6613,25667,6304.3,19022.299999999996,53.99999999999998,7525.743170156037,20,80,3,54,0,0,0,0.7430571429901917,0,0.9892977608599085,57,56572.453558481146,0,0.004867335392661467,5074.220674773151,0,1446.502015604069,2082.5108406811396,0,4296.312285210199,0,0,0
8280,0,0,0,0,0,0,0,0,0,0,0,0,0,0,0,0,49721.32713532235,0,44.8816148349658,2408.838759038986,5499.6671313038705,96084.05845636356,29394.716677580494,2.283119661150745,39.888123725930335,0,0,0,0,6417139.805754467,3203.323947910867,0,682449425036.0364,682449425036.0364,607513601610.3779,682449425035.9929,0,819949.3308463101,682448605086.6632,0,0,0,74935823425.62752,0,1,21,101,794411,2144455,0,0,0,0,0,6610,25659,6304,19021.499999999996,23.99999999999999,7602.205111341157,20,80,3,54,0,0,0,0.7430571429901917,0,0.9892977608599085,57,56572.453558481146,0,0.004867335364354053,5074.220674773151,0,1445.8622266041225,2082.5108406811396,0,4296.312285210199,0,0,0
8310,0,0,0,0,0,0,0,0,0,0,0,0,0,0,0,0,49721.32713532235,0,44.8816148349658,2408.838759038986,5499.6671313038705,96108.64039126062,29420.718219022034,2.283119661150745,39.89832861606871,0,0,0,0,6547271.629339049,3203.323947910867,0,682449491330.3813,682449491330.3813,607513601610.3779,682449491330.3385,0,817724.4780418073,682448673605.8611,0,0,0,74935889719.97311,0,1,21,101,794411,2144351,0,0,0,0,0,6610,25646,6304,19020.2,84.00000000000003,7558.518542507499,20,80,3,54,0,0,0,0.7430571429901917,0,0.9892977608599085,57,56572.453558481146,0,0.004867335336046644,5074.220674773151,0,1445.1618626476059,2082.5108406811396,0,4296.312285210199,0,0,0
8340,0,0,0,0,0,0,0,0,0,0,0,0,0,0,0,0,49721.32713532235,0,44.8816148349658,2408.838759038986,5499.6671313038705,96117.53073103931,29429.95009164311,2.283119661150745,39.90201933208087,0,0,0,0,6444724.393004737,3203.323947910867,0,682449559905.876,682449559905.876,607513601610.3779,682449559905.8335,0,821551.3053485563,682448738354.5286,0,0,0,74935958295.46806,0,1,21,101,794397,2144291,0,0,0,0,0,6607,25636,6303.7,19019.199999999997,53.99999999999998,7545.457172182231,20,80,3,54,0,0,0,0.7430571429901917,0,0.9892977608599085,57,56572.453558481146,0,0.004867335307739239,5074.220674773151,0,1444.0700263924657,2082.5108406811396,0,4296.312285210199,0,0,0
8370,0,0,0,0,0,0,0,0,0,0,0,0,0,0,0,0,49721.32713532235,0,44.8816148349658,2408.838759038986,5499.6671313038705,96120.74602477885,29433.268651244904,2.283119661150745,39.90335412201958,0,0,0,0,6573621.196988123,3203.323947910867,0,682449537227.0759,682449537227.0759,607513601610.3779,682449537227.0333,0,818436.8491888554,682448718790.1843,0,0,0,74935935616.66788,0,1,21,101,794381,2144183,0,0,0,0,0,6604,25625,6303.4,19018.1,23.99999999999999,7591.8771708958675,20,80,3,54,0,0,0,0.7430571429901917,0,0.9892977608599085,57,56572.453558481146,0,0.004867335279431838,5074.220674773151,0,1443.0761825937761,2082.5108406811396,0,4296.312285210199,0,0,0
8400,0,0,0,0,0,0,0,0,0,0,0,0,0,0,0,0,49721.32713532235,0,44.8816148349658,2408.838759038986,5499.6671313038705,96121.90887277893,29434.466116680058,2.283119661150745,39.90383686416897,0,0,0,0,6427949.603241127,3203.323947910867,0,682449593193.268,682449593193.268,607513601610.3779,682449593193.2252,0,820243.747747197,682448772949.478,0,0,0,74935991582.85983,0,1,21,101,794381,2144112,0,0,0,0,0,6604,25615,6303.4,19017.100000000002,84.00000000000003,7578.858274836076,20,80,3,54,0,0,0,0.7430571429901917,0,0.9892977608599085,57,56572.453558481146,0,0.004872538428746896,5074.220674773151,0,1442.6681157176733,2082.5108406811396,0,4296.312285210199,0,0,0
8430,0,0,0,0,0,0,0,0,0,0,0,0,0,0,0,0,49721.32713532235,0,44.8816148349658,2408.838759038986,5499.6671313038705,96122.32943014656,29434.7327273559,2.283119661150745,39.90401145342533,0,0,0,0,6565955.718175145,3203.323947910867,0,682449676703.3004,682449676703.3004,607513601610.3779,682449676703.2578,0,822846.3451337933,682448853856.9133,0,0,0,74936075092.89243,0,1,21,101,794367,2144021,0,0,0,0,0,6601,25602,6303.1,19015.799999999992,53.99999999999998,7535.826256613628,20,80,3,54,0,0,0,0.7430571429901917,0,0.9892977608599085,57,56572.453558481146,0,0.004874429952397175,5074.220674773151,0,1441.3953275496442,2082.5108406811396,0,4296.312285210199,0,0,0
8460,0,0,0,0,0,0,0,0,0,0,0,0,0,0,0,0,49721.32713532235,0,44.8816148349658,2408.838759038986,5499.6671313038705,96122.48152956064,29434.490059983204,2.283119661150745,39.90407459564002,0,0,0,0,6495429.687660215,3203.323947910867,0,682449786008.2914,682449786008.2914,607513601610.3779,682449786008.249,0,857548.3883119005,682448928459.8613,0,0,0,74936184397.88371,0,1,21,101,794354,2143910,0,0,0,0,0,6598,25591,6302.8,19014.699999999993,23.99999999999999,7582.288256253357,20,80,3,54,0,0,0,0.7430571429901917,0,0.9892977608599085,57,56572.453558481146,0,0.004874835924463922,5074.220674773151,0,1440.6946832243027,2082.5108406811396,0,4296.312285210199,0,0,0
8490,0,0,0,0,0,0,0,0,0,0,0,0,0,0,0,0,49721.32713532235,0,44.8816148349658,2408.838759038986,5499.6671313038705,95979.24746793848,29283.975823548397,2.283119661150745,39.8446127237797,0,0,0,0,6457557.046816746,3203.323947910867,0,682449811057.4272,682449811057.4272,607513601610.3779,682449811057.3853,0,823475.7609110714,682448987581.6251,0,0,0,74936209447.0199,0,1,21,101,794354,2143844,0,0,0,0,0,6598,25581,6302.8,19013.699999999993,84.00000000000003,7567.134666004389,20,80,3,54,0,0,0,0.7430571429901917,0,0.9892977608599085,57,56572.453558481146,0,0.0048749230395750106,5074.220674773151,0,1440.0364131650265,2082.5108406811396,0,4296.312285210199,0,0,0
8520,0,0,0,0,0,0,0,0,0,0,0,0,0,0,0,0,49721.32713532235,0,44.8816148349658,2408.838759038986,5499.6671313038705,95828.68122665174,29129.26307491259,2.283119661150745,39.78210698705416,0,0,0,0,6330801.399778521,3203.323947910867,0,682449852388.5547,682449852388.5547,607513601610.3779,682449852388.5127,0,823407.0910641615,682449028981.4224,0,0,0,74936250778.14726,0,1,21,101,794347,2143784,0,0,0,0,0,6595,25571,6302.5,19012.699999999997,53.99999999999998,7548.844109115812,20,80,3,54,0,0,0,0.7430571429901917,0,0.9892977608599085,57,56572.453558481146,0,0.004874941715623269,5074.220674773151,0,1438.9530700870623,2082.5108406811396,0,4296.312285210199,0,0,0
8550,0,0,0,0,0,0,0,0,0,0,0,0,0,0,0,0,49721.32713532235,0,44.8816148349658,2408.838759038986,5499.6671313038705,95784.97140753735,29093.501036145663,2.283119661150745,39.763961389325644,0,0,0,0,6300570.600087605,3203.323947910867,0,682449881623.2428,682449881623.2428,607513601610.3779,682449881623.2008,0,823274.7838931927,682449058348.4178,0,0,0,74936280012.83539,0,1,21,101,794329,2143687,0,0,0,0,0,6592,25560,6302.2,19011.600000000002,23.99999999999999,7589.906403023892,20,80,3,54,0,0,0,0.7430571429901917,0,0.9892977608599085,57,56572.453558481146,0,0.0048749457019956815,5074.220674773151,0,1438.2438817949437,2082.5108406811396,0,4296.312285210199,0,0,0
8580,0,0,0,0,0,0,0,0,0,0,0,0,0,0,0,0,49721.32713532235,0,44.8816148349658,2408.838759038986,5499.6671313038705,95933.64212594033,29243.63912056059,2.283119661150745,39.825680222869444,0,0,0,0,6339263.526426888,3203.323947910867,0,682449903988.7185,682449903988.7185,607513601610.3779,682449903988.6765,0,826681.6515562156,682449077307.0258,0,0,0,74936302378.31107,0,1,21,101,794329,2143615,0,0,0,0,0,6592,25550,6302.2,19010.59999999999,84.00000000000003,7574.502506695435,20,80,3,54,0,0,0,0.7430571429901917,0,0.9892977608599085,57,56572.453558481146,0,0.004874946535394234,5074.220674773151,0,1437.578324185973,2082.5108406811396,0,4296.312285210199,0,0,0
8610,0,0,0,0,0,0,0,0,0,0,0,0,0,0,0,0,49721.32713532235,0,44.8816148349658,2408.838759038986,5499.6671313038705,96054.2405935504,29354.62191670321,2.283119661150745,39.87574520424586,0,0,0,0,6430588.054951773,3203.323947910867,0,682449970099.7008,682449970099.7008,607513601610.3779,682449970099.6589,0,839409.0555209749,682449130690.6041,0,0,0,74936368489.29346,0,1,21,101,794312,2143515,0,0,0,0,0,6589,25537,6301.9,19009.3,53.99999999999998,7530.129961094036,20,80,3,54,0,0,0,0.7430571429901917,0,0.9892977608599085,57,56572.453558481146,0,0.004874946692042381,5074.220674773151,0,1436.5002979285728,2082.5108406811396,0,4296.312285210199,0,0,0
8640,0,0,0,0,0,0,0,0,0,0,0,0,0,0,0,0,49721.32713532235,0,44.8816148349658,2408.838759038986,5499.6671313038705,96097.85641786744,29409.398927548347,2.283119661150745,39.893851781181894,0,0,0,0,6403087.317028716,3203.323947910867,0,682450038993.1166,682450038993.1166,607513601610.3779,682450038993.0748,0,848168.2616853932,682449190824.814,0,0,0,74936437382.70943,0,1,21,101,794300,2143454,0,0,0,0,0,6586,25529,6301.6,19008.5,23.99999999999999,7606.879498103867,20,80,3,54,0,0,0,0.7430571429901917,0,0.9892977608599085,57,56572.453558481146,0,0.004874946703433661,5074.220674773151,0,1435.8688288233075,2082.5108406811396,0,4296.312285210199,0,0,0
8670,0,0,0,0,0,0,0,0,0,0,0,0,0,0,0,0,49721.32713532235,0,44.8816148349658,2408.838759038986,5499.6671313038705,96113.6305829008,29424.28577872207,2.283119661150745,39.90040023320019,0,0,0,0,6460658.21161299,3203.323947910867,0,682450101574.6685,682450101574.6685,607513601610.3779,682450101574.6267,0,840424.5645070246,682449261150.0631,0,0,0,74936499964.26129,0,1,21,101,794300,2143351,0,0,0,0,0,6586,25517,6301.6,19007.299999999992,84.00000000000003,7563.307613678032,20,80,3,54,0,0,0,0.7430571429901917,0,0.9892977608599085,57,56572.453558481146,0,0.004874946683647187,5074.220674773151,0,1435.1673011488265,2082.5108406811396,0,4296.312285210199,0,0,0
8700,0,0,0,0,0,0,0,0,0,0,0,0,0,0,0,0,49721.32713532235,0,44.8816148349658,2408.838759038986,5499.6671313038705,96119.33549130037,29431.813909955043,2.283119661150745,39.90276855626795,0,0,0,0,6376025.3834625,3203.323947910867,0,682450207285.0514,682450207285.0514,607513601610.3779,682450207285.0099,0,871916.9848041921,682449335368.026,0,0,0,74936605674.64447,0,1,21,101,794285,2143285,0,0,0,0,0,6583,25505,6301.3,19006.1,53.99999999999998,7520.000000000001,20,80,3,54,0,0,0,0.7430571429901917,0,0.9892977608599085,57,56572.453558481146,0,0.004874946657168766,5074.220674773151,0,1434.0810619501744,2082.5108406811396,0,4296.312285210199,0,0,0
8730,0,0,0,0,0,0,0,0,0,0,0,0,0,0,0,0,49721.32713532235,0,44.8816148349658,2408.838759038986,5499.6671313038705,96121.3987371063,29433.376661580656,2.283119661150745,39.903625087573,0,0,0,0,6451814.151927165,3203.323947910867,0,682450157635.6589,682450157635.6589,607513601610.3779,682450157635.6177,0,846736.4214603133,682449310899.197,0,0,0,74936556025.25223,0,1,21,101,794274,2143201,0,0,0,0,0,6580,25497,6301,19005.3,23.99999999999999,7597.026465047441,20,80,3,54,0,0,0,0.7430571429901917,0,0.9892977608599085,57,56572.453558481146,0,0.004879190876655625,5074.220674773151,0,1433.0721061166291,2082.5108406811396,0,4296.312285210199,0,0,0
8760,0,0,0,0,0,0,0,0,0,0,0,0,0,0,0,0,49721.32713532235,0,44.8816148349658,2408.838759038986,5499.6671313038705,96122.14493370712,29434.709245612197,2.283119661150745,39.903934861981114,0,0,0,0,6467866.382815952,3203.323947910867,0,682450236512.1667,682450236512.1667,607513601610.3779,682450236512.1254,0,871974.7391973428,682449364537.3867,0,0,0,74936634901.75996,0,1,21,101,794274,2143117,0,0,0,0,0,6580,25485,6301,19004.1,84.00000000000003,7553.867708647268,20,80,3,54,0,0,0,0.7430571429901917,0,0.9892977608599085,57,56572.453558481146,0,0.0048814098274887795,5074.220674773151,0,1432.6652267515826,2082.5108406811396,0,4296.312285210199,0,0,0
8790,0,0,0,0,0,0,0,0,0,0,0,0,0,0,0,0,49721.32713532235,0,44.8816148349658,2408.838759038986,5499.6671313038705,96122.41480429913,29434.493251988242,2.283119661150745,39.904046895462386,0,0,0,0,6436050.520717155,3203.323947910867,0,682450305426.1792,682450305426.1792,607513601610.3779,682450305426.138,0,842214.6889367205,682449463211.4495,0,0,0,74936703815.77248,0,1,21,101,794258,2143049,0,0,0,0,0,6577,25475,6300.7,19003.099999999995,53.99999999999998,7540.896066114729,20,80,3,54,0,0,0,0.7430571429901917,0,0.9892977608599085,57,56572.453558481146,0,0.0048818860781213915,5074.220674773151,0,1431.3886158537873,2082.5108406811396,0,4296.312285210199,0,0,0
8820,0,0,0,0,0,0,0,0,0,0,0,0,0,0,0,0,49721.32713532235,0,44.8816148349658,2408.838759038986,5499.6671313038705,96122.51240610586,29434.942146511676,2.283119661150745,39.90408741366078,0,0,0,0,6518480.209960931,3203.323947910867,0,682450402273.1174,682450402273.1174,607513601610.3779,682450402273.0762,0,830773.5014238578,682449571499.5752,0,0,0,74936800662.71082,0,1,21,101,794246,2142953,0,0,0,0,0,6574,25465,6300.4,19002.1,23.99999999999999,7587.428526140108,20,80,3,54,0,0,0,0.7430571429901917,0,0.9892977608599085,57,56572.453558481146,0,0.004881988277737037,5074.220674773151,0,1430.6794115929292,2082.5108406811396,0,4296.312285210199,0,0,0
8850,0,0,0,0,0,0,0,0,0,0,0,0,0,0,0,0,49721.32713532235,0,44.8816148349658,2408.838759038986,5499.6671313038705,95979.25863479656,29291.979336935947,2.283119661150745,39.84461735956448,0,0,0,0,6396804.765243831,3203.323947910867,0,682450450720.3608,682450450720.3608,607513601610.3779,682450450720.3197,0,841844.7096035288,682449608875.6102,0,0,0,74936849109.95436,0,1,21,101,794246,2142884,0,0,0,0,0,6574,25455,6300.4,19001.100000000002,84.00000000000003,7572.290301281989,20,80,3,54,0,0,0,0.7430571429901917,0,0.9892977608599085,57,56572.453558481146,0,0.004882010191504745,5074.220674773151,0,1430.0407861549752,2082.5108406811396,0,4296.312285210199,0,0,0
8880,0,0,0,0,0,0,0,0,0,0,0,0,0,0,0,0,49721.32713532235,0,44.8816148349658,2408.838759038986,5499.6671313038705,95837.97505457675,29144.398313138172,2.283119661150745,39.785965206243866,0,0,0,0,6316962.306999747,3203.323947910867,0,682450504653.4622,682450504653.4622,607513601610.3779,682450504653.4211,0,854446.6836365119,682449650206.7374,0,0,0,74936903043.05577,0,1,21,101,794232,2142802,0,0,0,0,0,6571,25443,6300.1,18999.89999999999,53.99999999999998,7523.428561356527,20,80,3,54,0,0,0,0.7430571429901917,0,0.9892977608599085,57,56572.453558481146,0,0.00488201487281731,5074.220674773151,0,1428.989823300569,2082.5108406811396,0,4296.312285210199,0,0,0
8910,0,0,0,0,0,0,0,0,0,0,0,0,0,0,0,0,49721.32713532235,0,44.8816148349658,2408.838759038986,5499.6671313038705,95931.16900192648,29244.637856370086,2.283119661150745,39.8246535356308,0,0,0,0,6347311.508536826,3203.323947910867,0,682450542126.5243,682450542126.5243,607513601610.3779,682450542126.4833,0,866247.388257998,682449675879.0948,0,0,0,74936940516.11797,0,1,21,101,794219,2142737,0,0,0,0,0,6568,25435,6299.8,18999.099999999995,23.99999999999999,7597.526024774369,20,80,3,54,0,0,0,0.7430571429901917,0,0.9892977608599085,57,56572.453558481146,0,0.004882015855377008,5074.220674773151,0,1428.3180128544275,2082.5108406811396,0,4296.312285210199,0,0,0
8940,0,0,0,0,0,0,0,0,0,0,0,0,0,0,0,0,49721.32713532235,0,44.8816148349658,2408.838759038986,5499.6671313038705,96053.34615977659,29356.5447102052,2.283119661150745,39.87537389098529,0,0,0,0,6389777.693571075,3203.323947910867,0,682450600848.6578,682450600848.6578,607513601610.3779,682450600848.617,0,904909.7123846202,682449695938.9043,0,0,0,74936999238.2516,0,1,21,101,794219,2142639,0,0,0,0,0,6568,25423,6299.8,18997.899999999998,84.00000000000003,7553.336753875714,20,80,3,54,0,0,0,0.7430571429901917,0,0.9892977608599085,57,56572.453558481146,0,0.004882016044040969,5074.220674773151,0,1427.6174816405266,2082.5108406811396,0,4296.312285210199,0,0,0
8970,0,0,0,0,0,0,0,0,0,0,0,0,0,0,0,0,49721.32713532235,0,44.8816148349658,2408.838759038986,5499.6671313038705,96097.5329355951,29409.06698380097,2.283119661150745,39.8937174914661,0,0,0,0,6405197.199627756,3203.323947910867,0,682450664725.0432,682450664725.0432,607513601610.3779,682450664725.0022,0,899926.8772712261,682449764798.1249,0,0,0,74937063114.63686,0,1,21,101,794209,2142583,0,0,0,0,0,6565,25413,6299.5,18996.9,53.99999999999998,7539.8997865491265,20,80,3,54,0,0,0,0.7430571429901917,0,0.9892977608599085,57,56572.453558481146,0,0.004882016062304138,5074.220674773151,0,1426.523640945748,2082.5108406811396,0,4296.312285210199,0,0,0
9000,0,0,0,0,0,0,0,0,0,0,0,0,0,0,0,0,49721.32713532235,0,44.8816148349658,2408.838759038986,5499.6671313038705,96113.5135918126,29425.005294213486,2.283119661150745,39.900351665778324,0,0,0,0,6468529.444962811,3203.323947910867,0,682450764851.0441,682450764851.0441,607513601610.3779,682450764851.003,0,935894.7530121184,682449828956.2504,0,0,0,74937163240.63771,0,1,21,101,794196,2142497,0,0,0,0,0,6562,25403,6299.2,18995.899999999998,23.99999999999999,7586.159817970519,20,80,3,54,0,0,0,0.7430571429901917,0,0.9892977608599085,57,56572.453558481146,0,0.004882016043992692,5074.220674773151,0,1425.9165694676838,2082.5108406811396,0,4296.312285210199,0,0,0
9030,0,0,0,0,0,0,0,0,0,0,0,0,0,0,0,0,49721.32713532235,0,44.8816148349658,2408.838759038986,5499.6671313038705,96119.29318012633,29431.77035407946,2.283119661150745,39.90275099130065,0,0,0,0,6421925.8278727755,3203.323947910867,0,682450811949.1964,682450811949.1964,607513601610.3779,682450811949.1553,0,917157.8830172516,682449894791.273,0,0,0,74937210338.7899,0,1,21,101,794196,2142433,0,0,0,0,0,6562,25394,6299.2,18994.999999999993,84.00000000000003,7603.1503030247395,20,80,3,54,0,0,0,0.7430571429901917,0,0.9892977608599085,57,56572.453558481146,0,0.004882016017830921,5074.220674773151,0,1425.2927283138956,2082.5108406811396,0,4296.312285210199,0,0,0
9060,0,0,0,0,0,0,0,0,0,0,0,0,0,0,0,0,49721.32713532235,0,44.8816148349658,2408.838759038986,5499.6671313038705,96121.38343478307,29433.654119622144,2.283119661150745,39.90361873500034,0,0,0,0,6489932.798996282,3203.323947910867,0,682450902395.3876,682450902395.3876,607513601610.3779,682450902395.3462,0,914041.2035719524,682449988354.1434,0,0,0,74937300784.9808,0,1,21,101,794182,2142354,0,0,0,0,0,6559,25383,6298.9,18993.899999999998,53.99999999999998,7590.098740303659,20,80,3,54,0,0,0,0.7430571429901917,0,0.9892977608599085,57,56572.453558481146,0,0.004882015989984178,5074.220674773151,0,1424.29667768406,2082.5108406811396,0,4296.312285210199,0,0,0
9090,0,0,0,0,0,0,0,0,0,0,0,0,0,0,0,0,49721.32713532235,0,44.8816148349658,2408.838759038986,5499.6671313038705,96122.13939944575,29434.703383151314,2.283119661150745,39.903932564500074,0,0,0,0,6394217.587876758,3203.323947910867,0,682450857848.7506,682450857848.7506,607513601610.3779,682450857848.7092,0,925921.9857031755,682449931926.7244,0,0,0,74937256238.3439,0,1,21,101,794165,2142293,0,0,0,0,0,6556,25375,6298.6,18993.099999999995,23.99999999999999,7667.079543596864,20,80,3,54,0,0,0,0.7430571429901917,0,0.9892977608599085,57,56572.453558481146,0,0.004882015961775772,5074.220674773151,0,1423.2374830980868,2082.5108406811396,0,4296.312285210199,0,0,0
9120,0,0,0,0,0,0,0,0,0,0,0,0,0,0,0,0,49721.32713532235,0,44.8816148349658,2408.838759038986,5499.6671313038705,96122.41280276979,29434.984994615123,2.283119661150745,39.90404606455192,0,0,0,0,6480092.314999796,3203.323947910867,0,682450921267.5242,682450921267.5242,607513601610.3779,682450921267.4825,0,917349.4864624293,682450003917.9971,0,0,0,74937319657.11716,0,1,21,101,794165,2142193,0,0,0,0,0,6556,25364,6298.6,18991.999999999993,84.00000000000003,7653.638416174409,20,80,3,54,0,0,0,0.7430571429901917,0,0.9892977608599085,57,56572.453558481146,0,0.004882015933489745,5074.220674773151,0,1422.9125039727205,2082.5108406811396,0,4296.312285210199,0,0,0
9150,0,0,0,0,0,0,0,0,0,0,0,0,0,0,0,0,49721.32713532235,0,44.8816148349658,2408.838759038986,5499.6671313038705,96122.51168222973,29434.898075972145,2.283119661150745,39.90408711315244,0,0,0,0,6376019.083104394,3203.323947910867,0,682451028230.6173,682451028230.6173,607513601610.3779,682451028230.5757,0,944609.5827210253,682450083620.994,0,0,0,74937426620.2104,0,1,21,101,794150,2142108,0,0,0,0,0,6553,25353,6298.3,18990.899999999998,53.99999999999998,7640.533697893731,20,80,3,54,0,0,0,0.7430571429901917,0,0.9892977608599085,57,56572.453558481146,0,0.004882015905187065,5074.220674773151,0,1421.7449437423716,2082.5108406811396,0,4296.312285210199,0,0,0
9180,0,0,0,0,0,0,0,0,0,0,0,0,0,0,0,0,49721.32713532235,0,44.8816148349658,2408.838759038986,5499.6671313038705,96122.54744312487,29435.123381008267,2.283119661150745,39.904101958851435,0,0,0,0,6462161.164088223,3203.323947910867,0,682451094565.1196,682451094565.1196,607513601610.3779,682451094565.0776,0,922613.1492235358,682450171951.9297,0,0,0,74937492954.71233,0,1,21,101,794142,2142055,0,0,0,0,0,6550,25345,6298,18990.099999999995,23.99999999999999,7717.491741605002,20,80,3,54,0,0,0,0.7430571429901917,0,0.9892977608599085,57,56572.453558481146,0,0.004882015876880822,5074.220674773151,0,1421.0046035437626,2082.5108406811396,0,4296.312285210199,0,0,0
9210,0,0,0,0,0,0,0,0,0,0,0,0,0,0,0,0,49721.32713532235,0,44.8816148349658,2408.838759038986,5499.6671313038705,96028.41590440551,29327.059790472893,2.283119661150745,39.86502439985495,0,0,0,0,6355430.348638506,3203.323947910867,0,682451168799.0726,682451168799.0726,607513601610.3779,682451168799.0306,0,944297.6719503315,682450224501.3601,0,0,0,74937567188.66527,0,1,21,101,794142,2141971,0,0,0,0,0,6550,25334,6298,18989,84.00000000000003,7701.9179182953585,20,80,3,54,0,0,0,0.7430571429901917,0,0.9892977608599085,57,56572.453558481146,0,0.0048820158485738075,5074.220674773151,0,1420.4817777852495,2082.5108406811396,0,4296.312285210199,0,0,0
9240,0,0,0,0,0,0,0,0,0,0,0,0,0,0,0,0,49721.32713532235,0,44.8816148349658,2408.838759038986,5499.6671313038705,96087.88429831722,29399.99518667668,2.283119661150745,39.88971197750562,0,0,0,0,6430833.312026563,3203.323947910867,0,682451222944.3739,682451222944.3739,607513601610.3779,682451222944.3317,0,955830.2890124938,682450267114.0443,0,0,0,74937621333.96631,0,1,21,101,794124,2141911,0,0,0,0,0,6547,25325,6297.7,18988.099999999995,53.99999999999998,7715.599917920835,20,80,3,54,0,0,0,0.7430571429901917,0,0.9892977608599085,57,56572.453558481146,0,0.004882015820266636,5074.220674773151,0,1419.4597105478376,2082.5108406811396,0,4296.312285210199,0,0,0
9270,0,0,0,0,0,0,0,0,0,0,0,0,0,0,0,0,49721.32713532235,0,44.8816148349658,2408.838759038986,5499.6671313038705,96110.02405105183,29421.08730633417,2.283119661150745,39.89890302553718,0,0,0,0,6455420.41016483,3203.323947910867,0,682451333111.3989,682451333111.3989,607513601610.3779,682451333111.3568,0,1031967.5110490517,682450301143.8475,0,0,0,74937731500.99144,0,1,21,101,794112,2141819,0,0,0,0,0,6544,25315,6297.4,18987.099999999995,23.99999999999999,7741.776730451615,20,80,3,54,0,0,0,0.7430571429901917,0,0.9892977608599085,57,56572.453558481146,0,0.004882015791959435,5074.220674773151,0,1418.8568089963185,2082.5108406811396,0,4296.312285210199,0,0,0
9300,0,0,0,0,0,0,0,0,0,0,0,0,0,0,0,0,49721.32713532235,0,44.8816148349658,2408.838759038986,5499.6671313038705,96118.03114753352,29430.161731064156,2.283119661150745,39.902227073878585,0,0,0,0,6435440.4214539975,3203.323947910867,0,682451374672.8766,682451374672.8766,607513601610.3779,682451374672.8346,0,1022476.1824001241,682450352196.6539,0,0,0,74937773062.46918,0,1,21,101,794112,2141758,0,0,0,0,0,6544,25306,6297.4,18986.199999999997,84.00000000000003,7738.805490148792,20,80,3,54,0,0,0,0.7430571429901917,0,0.9892977608599085,57,56572.453558481146,0,0.004882015763652229,5074.220674773151,0,1418.2296689698258,2082.5108406811396,0,4296.312285210199,0,0,0
9330,0,0,0,0,0,0,0,0,0,0,0,0,0,0,0,0,49721.32713532235,0,44.8816148349658,2408.838759038986,5499.6671313038705,96120.92700616551,29433.45516020063,2.283119661150745,39.90342925423255,0,0,0,0,6503254.7132999385,3203.323947910867,0,682451467265.494,682451467265.494,607513601610.3779,682451467265.4517,0,1054442.876186364,682450412822.5771,0,0,0,74937865655.08632,0,1,21,101,794101,2141679,0,0,0,0,0,6541,25295,6297.1,18985.09999999999,53.99999999999998,7705.264455289243,20,80,3,54,0,0,0,0.7430571429901917,0,0.9892977608599085,57,56572.453558481146,0,0.0048820157353450305,5074.220674773151,0,1417.2348530143602,2082.5108406811396,0,4296.312285210199,0,0,0
9360,0,0,0,0,0,0,0,0,0,0,0,0,0,0,0,0,49721.32713532235,0,44.8816148349658,2408.838759038986,5499.6671313038705,96121.97432678114,29434.32050568322,2.283119661150745,39.903864036598826,0,0,0,0,6403815.588428459,3203.323947910867,0,682451552810.6406,682451552810.6406,607513601610.3779,682451552810.5983,0,1034367.2604687052,682450518443.3391,0,0,0,74937951200.23294,0,1,21,101,794084,2141615,0,0,0,0,0,6538,25287,6296.8,18984.299999999996,23.99999999999999,7762.231838903541,20,80,3,54,0,0,0,0.7430571429901917,0,0.9892977608599085,57,56572.453558481146,0,0.00488201570703784,5074.220674773151,0,1416.6125187545913,2082.5108406811396,0,4296.312285210199,0,0,0
9390,0,0,0,0,0,0,0,0,0,0,0,0,0,0,0,0,49721.32713532235,0,44.8816148349658,2408.838759038986,5499.6671313038705,96122.35310234007,29434.92366250604,2.283119661150745,39.90402128064744,0,0,0,0,6489017.052680021,3203.323947910867,0,682451618767.8773,682451618767.8773,607513601610.3779,682451618767.8345,0,1057774.2254950705,682450560993.6104,0,0,0,74938017157.46909,0,1,21,101,794084,2141526,0,0,0,0,0,6538,25276,6296.8,18983.199999999993,84.00000000000003,7728.512036683176,20,80,3,54,0,0,0,0.7430571429901917,0,0.9892977608599085,57,56572.453558481146,0,0.004882015678730657,5074.220674773151,0,1415.9984541218969,2082.5108406811396,0,4296.312285210199,0,0,0
9420,0,0,0,0,0,0,0,0,0,0,0,0,0,0,0,0,49721.32713532235,0,44.8816148349658,2408.838759038986,5499.6671313038705,96122.49009088195,29434.727235596096,2.283119661150745,39.90407814976803,0,0,0,0,6389907.411940423,3203.323947910867,0,682451698603.4407,682451698603.4407,607513601610.3779,682451698603.3977,0,1036208.302720591,682450662395.0964,0,0,0,74938096993.03241,0,1,21,101,794070,2141471,0,0,0,0,0,6535,25267,6296.5,18982.3,53.99999999999998,7725.602512357233,20,80,3,54,0,0,0,0.7430571429901917,0,0.9892977608599085,57,56572.453558481146,0,0.004882015650423476,5074.220674773151,0,1414.9939588218463,2082.5108406811396,0,4296.312285210199,0,0,0
9450,0,0,0,0,0,0,0,0,0,0,0,0,0,0,0,0,49721.32713532235,0,44.8816148349658,2408.838759038986,5499.6671313038705,96122.53963436536,29435.115406135177,2.283119661150745,39.904098717140265,0,0,0,0,6480673.702680875,3203.323947910867,0,682451643354.0011,682451643354.0011,607513601610.3779,682451643353.9578,0,1054207.9104678966,682450589146.0488,0,0,0,74938041743.59239,0,1,21,101,794062,2141380,0,0,0,0,0,6532,25257,6296.2,18981.3,23.99999999999999,7751.947390734107,20,80,3,54,0,0,0,0.7430571429901917,0,0.9892977608599085,57,56572.453558481146,0,0.004882015622116307,5074.220674773151,0,1413.9066545000835,2082.5108406811396,0,4296.312285210199,0,0,0
9480,0,0,0,0,0,0,0,0,0,0,0,0,0,0,0,0,49721.32713532235,0,44.8816148349658,2408.838759038986,5499.6671313038705,96122.55755233654,29434.8321469875,2.283119661150745,39.904106155567234,0,0,0,0,6417174.258946674,3203.323947910867,0,682451728193.9083,682451728193.9083,607513601610.3779,682451728193.8644,0,1064432.1375067409,682450663761.7285,0,0,0,74938126583.49901,0,1,21,101,794062,2141296,0,0,0,0,0,6532,25246,6296.2,18980.19999999999,84.00000000000003,7718.508610170569,20,80,3,54,0,0,0,0.7430571429901917,0,0.9892977608599085,57,56572.453558481146,0,0.004882015593809145,5074.220674773151,0,1413.6189924343669,2082.5108406811396,0,4296.312285210199,0,0,0
9510,0,0,0,0,0,0,0,0,0,0,0,0,0,0,0,0,49721.32713532235,0,44.8816148349658,2408.838759038986,5499.6671313038705,96122.56403257711,29435.14045602267,2.283119661150745,39.904108845759986,0,0,0,0,6479632.7957653375,3203.323947910867,0,682451788230.2606,682451788230.2606,607513601610.3779,682451788230.2166,0,1030211.1786548981,682450758019.0394,0,0,0,74938186619.85124,0,1,21,101,794043,2141246,0,0,0,0,0,6529,25237,6295.9,18979.299999999996,53.99999999999998,7715.519448850642,20,80,3,54,0,0,0,0.7430571429901917,0,0.9892977608599085,57,56572.453558481146,0,0.00488201556550198,5074.220674773151,0,1412.3972607169676,2082.5108406811396,0,4296.312285210199,0,0,0
9540,0,0,0,0,0,0,0,0,0,0,0,0,0,0,0,0,49721.32713532235,0,44.8816148349658,2408.838759038986,5499.6671313038705,96122.56637623072,29435.14290103087,2.283119661150745,39.90410981869917,0,0,0,0,6516552.717128846,3203.323947910867,0,682451895714.0808,682451895714.0808,607513601610.3779,682451895714.0367,0,1065520.646012118,682450830193.3922,0,0,0,74938294103.67136,0,1,21,101,794030,2141153,0,0,0,0,0,6526,25227,6295.6,18978.299999999996,23.99999999999999,7742.3767114197,20,80,3,54,0,0,0,0.7430571429901917,0,0.9892977608599085,57,56572.453558481146,0,0.004882015537194826,5074.220674773151,0,1411.6907373690415,2082.5108406811396,0,4296.312285210199,0,0,0
9570,0,0,0,0,0,0,0,0,0,0,0,0,0,0,0,0,49721.32713532235,0,44.8816148349658,2408.838759038986,5499.6671313038705,95979.2781537136,29283.087678046708,2.283119661150745,39.844625462604576,0,0,0,0,6412010.137196398,3203.323947910867,0,682451934664.3494,682451934664.3494,607513601610.3779,682451934664.3054,0,1039181.3306112237,682450895482.9763,0,0,0,74938333053.94011,0,1,21,101,794030,2141083,0,0,0,0,0,6526,25218,6295.6,18977.399999999994,84.00000000000003,7737.404673753525,20,80,3,54,0,0,0,0.7430571429901917,0,0.9892977608599085,57,56572.453558481146,0,0.004882015508887679,5074.220674773151,0,1411.1300074433404,2082.5108406811396,0,4296.312285210199,0,0,0
9600,0,0,0,0,0,0,0,0,0,0,0,0,0,0,0,0,49721.32713532235,0,44.8816148349658,2408.838759038986,5499.6671313038705,95829.16255735111,29129.974239970572,2.283119661150745,39.78230680561718,0,0,0,0,6320359.623557659,3203.323947910867,0,682451981237.9653,682451981237.9653,607513601610.3779,682451981237.9214,0,1020289.2280917586,682450960948.6945,0,0,0,74938379627.55605,0,1,21,101,794021,2141017,0,0,0,0,0,6524,25208,6295.4,18976.399999999994,83.99999999999994,7728.857139506192,20,80,3,54,0,0,0,0.7430571429901917,0,0.9892977608599085,57,56572.453558481146,0,0.00488201548058054,5074.220674773151,0,1410.3477059199945,2082.5108406811396,0,4296.312285210199,0,0,0
9630,0,0,0,0,0,0,0,0,0,0,0,0,0,0,0,0,49721.32713532235,0,44.8816148349658,2408.838759038986,5499.6671313038705,95852.42678704755,29213.8172175866,2.283119661150745,39.7919646665301,0,0,0,0,6336545.142706166,3203.323947910867,0,682452005459.1663,682452005459.1663,607513601610.3779,682452005459.1221,0,927841.0962850932,682451077618.0269,0,0,0,74938403848.75674,0,1,21,101,794016,2140963,0,0,0,0,0,6522,25200,6295.2,18975.59999999999,83.99999999999993,7781.158922161732,20,80,3,54,0,0,0,0.7430571429901917,0,0.9892977608599085,57,56572.453558481146,0,0.004882015452273403,5074.220674773151,0,1409.7349114742672,2082.5108406811396,0,4296.312285210199,0,0,0
9660,0,0,0,0,0,0,0,0,0,0,0,0,0,0,0,0,49721.32713532235,0,44.8816148349658,2408.838759038986,5499.6671313038705,96019.75569135048,29323.06799130806,2.283119661150745,39.86142921814238,0,0,0,0,6334872.913385052,3203.323947910867,0,682452042276.4158,682452042276.4158,607513601610.3779,682452042276.3717,0,914454.0276331552,682451127822.3452,0,0,0,74938440666.00638,0,1,21,101,794016,2140904,0,0,0,0,0,6522,25192,6295.2,18974.799999999996,144.00000000000009,7806.783951608084,20,80,3,54,0,0,0,0.7430571429901917,0,0.9892977608599085,57,56572.453558481146,0,0.0048820154239662735,5074.220674773151,0,1409.1922524100373,2082.5108406811396,0,4296.312285210199,0,0,0
9690,0,0,0,0,0,0,0,0,0,0,0,0,0,0,0,0,49721.32713532235,0,44.8816148349658,2408.838759038986,5499.6671313038705,96085.38455594624,29396.16840950499,2.283119661150745,39.888674239981015,0,0,0,0,6448662.299337705,3203.323947910867,0,682452110181.4323,682452110181.4323,607513601610.3779,682452110181.3883,0,890598.6425694006,682451219582.7468,0,0,0,74938508571.02298,0,1,21,101,794004,2140818,0,0,0,0,0,6520,25182,6295,18973.799999999996,144.0000000000002,7802.800876521451,20,80,3,54,0,0,0,0.7430571429901917,0,0.9892977608599085,57,56572.453558481146,0,0.004882015395659153,5074.220674773151,0,1408.3613654328453,2082.5108406811396,0,4296.312285210199,0,0,0
9720,0,0,0,0,0,0,0,0,0,0,0,0,0,0,0,0,49721.32713532235,0,44.8816148349658,2408.838759038986,5499.6671313038705,96109.11999044269,29421.218855738618,2.283119661150745,39.89852771581346,0,0,0,0,6440041.9453955665,3203.323947910867,0,682452225883.491,682452225883.491,607513601610.3779,682452225883.4469,0,918183.0952198525,682451307700.3529,0,0,0,74938624273.0815,0,1,21,101,793994,2140739,0,0,0,0,0,6518,25172,6294.8,18972.799999999992,144.00000000000034,7829.077416170638,20,80,3,54,0,0,0,0.7430571429901917,0,0.9892977608599085,57,56572.453558481146,0,0.0048820153673520385,5074.220674773151,0,1407.851514515615,2082.5108406811396,0,4296.312285210199,0,0,0
9750,0,0,0,0,0,0,0,0,0,0,0,0,0,0,0,0,49721.32713532235,0,44.8816148349658,2408.838759038986,5499.6671313038705,96117.70418360535,29429.864935287384,2.283119661150745,39.902091338795884,0,0,0,0,6461867.100589203,3203.323947910867,0,682452261492.0641,682452261492.0641,607513601610.3779,682452261492.02,0,895253.3543058494,682451366238.6669,0,0,0,74938659881.65466,0,1,21,101,793994,2140682,0,0,0,0,0,6518,25164,6294.8,18971.999999999993,204.00000000000006,7856.029950610742,20,80,3,54,0,0,0,0.7430571429901917,0,0.9892977608599085,57,56572.453558481146,0,0.004882015339044927,5074.220674773151,0,1407.3046322331606,2082.5108406811396,0,4296.312285210199,0,0,0
9780,0,0,0,0,0,0,0,0,0,0,0,0,0,0,0,0,49721.32713532235,0,44.8816148349658,2408.838759038986,5499.6671313038705,96120.80875589642,29433.333310803024,2.283119661150745,39.90338016407712,0,0,0,0,6512496.410472435,3203.323947910867,0,682452354136.9633,682452354136.9633,607513601610.3779,682452354136.9191,0,916630.9950820624,682451437505.925,0,0,0,74938752526.55365,0,1,21,101,793986,2140605,0,0,0,0,0,6516,25154,6294.6,18970.999999999993,203.99999999999977,7852.415595807219,20,80,3,54,0,0,0,0.7430571429901917,0,0.9892977608599085,57,56572.453558481146,0,0.004882015310737821,5074.220674773151,0,1406.4818128988186,2082.5108406811396,0,4296.312285210199,0,0,0
9810,0,0,0,0,0,0,0,0,0,0,0,0,0,0,0,0,49721.32713532235,0,44.8816148349658,2408.838759038986,5499.6671313038705,96121.93156020985,29434.313158451143,2.283119661150745,39.90384628257891,0,0,0,0,6439395.708642661,3203.323947910867,0,682452290344.4746,682452290344.4746,607513601610.3779,682452290344.4304,0,895436.7188871553,682451394907.7126,0,0,0,74938688734.065,0,1,21,101,793976,2140543,0,0,0,0,0,6514,25146,6294.4,18970.199999999997,196,7909.410305807442,20,80,3,54,0,0,0,0.7430571429901917,0,0.9892977608599085,57,56572.453558481146,0,0.004882015282430725,5074.220674773151,0,1405.4878848154872,2082.5108406811396,0,4296.312285210199,0,0,0
9840,0,0,0,0,0,0,0,0,0,0,0,0,0,0,0,0,49721.32713532235,0,44.8816148349658,2408.838759038986,5499.6671313038705,96122.33763531716,29434.323027217066,2.283119661150745,39.904014859701725,0,0,0,0,6522801.711963195,3203.323947910867,0,682452359993.2461,682452359993.2461,607513601610.3779,682452359993.2019,0,893057.1037257625,682451466936.0991,0,0,0,74938758382.8366,0,1,21,101,793976,2140465,0,0,0,0,0,6514,25136,6294.4,18969.19999999999,236,7893.797852511216,20,80,3,54,0,0,0,0.7430571429901917,0,0.9892977608599085,57,56572.453558481146,0,0.004882015254123629,5074.220674773151,0,1405.264810942428,2082.5108406811396,0,4296.312285210199,0,0,0
9870,0,0,0,0,0,0,0,0,0,0,0,0,0,0,0,0,49721.32713532235,0,44.8816148349658,2408.838759038986,5499.6671313038705,96122.48449705505,29435.058529086542,2.283119661150745,39.90407582755909,0,0,0,0,6420572.463842672,3203.323947910867,0,682452429397.669,682452429397.669,607513601610.3779,682452429397.6248,0,892465.8976955394,682451536931.7279,0,0,0,74938827787.2594,0,1,21,101,793968,2140415,0,0,0,0,0,6512,25128,6294.2,18968.399999999994,216,7900.7370409709165,20,80,3,54,0,0,0,0.7430571429901917,0,0.9892977608599085,57,56572.453558481146,0,0.004882015225816539,5074.220674773151,0,1404.2278244988745,2082.5108406811396,0,4296.312285210199,0,0,0
9900,0,0,0,0,0,0,0,0,0,0,0,0,0,0,0,0,49721.32713532235,0,44.8816148349658,2408.838759038986,5499.6671313038705,96122.53761129343,29434.597453410934,2.283119661150745,39.90409787728666,0,0,0,0,6528472.559476964,3203.323947910867,0,682452522796.1864,682452522796.1864,607513601610.3779,682452522796.1418,0,884260.1415288369,682451638536.0013,0,0,0,74938921185.7765,0,1,21,101,793962,2140327,0,0,0,0,0,6510,25118,6294,18967.399999999998,196,7907.7090402227495,20,80,3,54,0,0,0,0.7430571429901917,0,0.9892977608599085,57,56572.453558481146,0,0.004882015197509442,5074.220674773151,0,1403.5992107403529,2082.5108406811396,0,4296.312285210199,0,0,0
9930,0,0,0,0,0,0,0,0,0,0,0,0,0,0,0,0,49721.32713532235,0,44.8816148349658,2408.838759038986,5499.6671313038705,95979.26775054284,29281.21494402209,2.283119661150745,39.84462114385526,0,0,0,0,6389447.106726199,3203.323947910867,0,682452572717.4333,682452572717.4333,607513601610.3779,682452572717.3892,0,888659.92054543,682451684057.4694,0,0,0,74938971107.02376,0,1,21,101,793962,2140277,0,0,0,0,0,6510,25110,6294,18966.599999999995,236,7912.545423400379,20,80,3,54,0,0,0,0.7430571429901917,0,0.9892977608599085,57,56572.453558481146,0,0.0048820151692023596,5074.220674773151,0,1403.1349934726336,2082.5108406811396,0,4296.312285210199,0,0,0
9960,0,0,0,0,0,0,0,0,0,0,0,0,0,0,0,0,49721.32713532235,0,44.8816148349658,2408.838759038986,5499.6671313038705,95968.58158217688,29294.735987373308,2.283119661150745,39.84018491153133,0,0,0,0,6410044.407643164,3203.323947910867,0,682452627186.6217,682452627186.6217,607513601610.3779,682452627186.5773,0,902945.6926580896,682451724240.8856,0,0,0,74939025576.21187,0,1,21,101,793950,2140199,0,0,0,0,0,6508,25100,6293.8,18965.59999999999,216,7885.568742555324,20,80,3,54,0,0,0,0.7430571429901917,0,0.9892977608599085,57,56572.453558481146,0,0.004882015140895288,5074.220674773151,0,1402.309734790327,2082.5108406811396,0,4296.312285210199,0,0,0
9990,0,0,0,0,0,0,0,0,0,0,0,0,0,0,0,0,49721.32713532235,0,44.8816148349658,2408.838759038986,5499.6671313038705,96066.87685017246,29377.033999588475,2.283119661150745,39.880990991899615,0,0,0,0,6381627.716543857,3203.323947910867,0,682452698057.1907,682452698057.1907,607513601610.3779,682452698057.1464,0,953096.9488086166,682451744960.1984,0,0,0,74939096446.78091,0,1,21,101,793940,2140134,0,0,0,0,0,6506,25092,6293.6,18964.799999999992,196,7921.925953080548,20,80,3,54,0,0,0,0.7430571429901917,0,0.9892977608599085,57,56572.453558481146,0,0.004882015112588227,5074.220674773151,0,1401.764143213233,2082.5108406811396,0,4296.312285210199,0,0,0
10020,0,0,0,0,0,0,0,0,0,0,0,0,0,0,0,0,49721.32713532235,0,44.8816148349658,2408.838759038986,5499.6671313038705,96102.42646556185,29414.231187520116,2.283119661150745,39.89574898068404,0,0,0,0,6481202.281725287,3203.323947910867,0,682452758444.2906,682452758444.2906,607513601610.3779,682452758444.2461,0,984385.7327200618,682451774058.514,0,0,0,74939156833.88074,0,1,21,101,793940,2140058,0,0,0,0,0,6506,25082,6293.6,18963.799999999996,236,7898.268700851071,20,80,3,54,0,0,0,0.7430571429901917,0,0.9892977608599085,57,56572.453558481146,0,0.004882015084281177,5074.220674773151,0,1401.2344634613187,2082.5108406811396,0,4296.312285210199,0,0,0
10050,0,0,0,0,0,0,0,0,0,0,0,0,0,0,0,0,49721.32713532235,0,44.8816148349658,2408.838759038986,5499.6671313038705,96115.28339326655,29427.624821123754,2.283119661150745,39.901086377243466,0,0,0,0,6386215.412607425,3203.323947910867,0,682452831762.6233,682452831762.6233,607513601610.3779,682452831762.5786,0,980435.0106348644,682451851327.5685,0,0,0,74939230152.21326,0,1,21,101,793931,2140008,0,0,0,0,0,6504,25074,6293.4,18962.999999999996,216,7905.13403278776,20,80,3,54,0,0,0,0.7430571429901917,0,0.9892977608599085,57,56572.453558481146,0,0.0048820150559741315,5074.220674773151,0,1400.3977504131535,2082.5108406811396,0,4296.312285210199,0,0,0
10080,0,0,0,0,0,0,0,0,0,0,0,0,0,0,0,0,49721.32713532235,0,44.8816148349658,2408.838759038986,5499.6671313038705,96119.9332491987,29432.4307232594,2.283119661150745,39.9030167081611,0,0,0,0,6484112.550492902,3203.323947910867,0,682452922519.3965,682452922519.3965,607513601610.3779,682452922519.3516,0,973584.540282377,682451948934.8119,0,0,0,74939320908.98619,0,1,21,101,793926,2139926,0,0,0,0,0,6502,25064,6293.2,18961.999999999993,196,7911.687327815794,20,80,3,54,0,0,0,0.7430571429901917,0,0.9892977608599085,57,56572.453558481146,0,0.00488201502766709,5074.220674773151,0,1399.867691860566,2082.5108406811396,0,4296.312285210199,0,0,0
10110,0,0,0,0,0,0,0,0,0,0,0,0,0,0,0,0,49721.32713532235,0,44.8816148349658,2408.838759038986,5499.6671313038705,96121.6149231325,29434.163577971143,2.283119661150745,39.903714834562244,0,0,0,0,6489641.739582392,3203.323947910867,0,682453005912.3083,682453005912.3083,607513601610.3779,682453005912.2634,0,1002133.5473060708,682452003778.7167,0,0,0,74939404301.89804,0,1,21,101,793926,2139838,0,0,0,0,0,6502,25054,6293.2,18961,236,7888.116245755512,20,80,3,54,0,0,0,0.7430571429901917,0,0.9892977608599085,57,56572.453558481146,0,0.004882014999360054,5074.220674773151,0,1399.3577386792263,2082.5108406811396,0,4296.312285210199,0,0,0
10140,0,0,0,0,0,0,0,0,0,0,0,0,0,0,0,0,49721.32713532235,0,44.8816148349658,2408.838759038986,5499.6671313038705,96122.22311987256,29434.681117333126,2.283119661150745,39.90396732001308,0,0,0,0,6478254.8846013,3203.323947910867,0,682453059701.5746,682453059701.5746,607513601610.3779,682453059701.5297,0,968261.6876716064,682452091439.8425,0,0,0,74939458091.16428,0,1,21,101,793914,2139787,0,0,0,0,0,6500,25046,6293,18960.199999999997,216,7895.120624101375,20,80,3,54,0,0,0,0.7430571429901917,0,0.9892977608599085,57,56572.453558481146,0,0.004882014971053029,5074.220674773151,0,1398.5051355610349,2082.5108406811396,0,4296.312285210199,0,0,0
10170,0,0,0,0,0,0,0,0,0,0,0,0,0,0,0,0,49721.32713532235,0,44.8816148349658,2408.838759038986,5499.6671313038705,96122.44308122603,29434.82260807177,2.283119661150745,39.904058634283345,0,0,0,0,6550246.747580482,3203.323947910867,0,682453006443.6888,682453006443.6888,607513601610.3779,682453006443.644,0,1000697.1397004521,682452005746.5048,0,0,0,74939404833.27858,0,1,21,101,793905,2139701,0,0,0,0,0,6498,25036,6292.8,18959.199999999993,196,7902.0427071577715,20,80,3,54,0,0,0,0.7430571429901917,0,0.9892977608599085,57,56572.453558481146,0,0.004882014942746006,5074.220674773151,0,1397.4978132799988,2082.5108406811396,0,4296.312285210199,0,0,0
10200,0,0,0,0,0,0,0,0,0,0,0,0,0,0,0,0,49721.32713532235,0,44.8816148349658,2408.838759038986,5499.6671313038705,96122.52263278206,29435.097845180073,2.283119661150745,39.90409165914054,0,0,0,0,6451512.515052083,3203.323947910867,0,682453058099.3447,682453058099.3447,607513601610.3779,682453058099.2997,0,976285.2213911881,682452081814.079,0,0,0,74939456488.93428,0,1,21,101,793905,2139643,0,0,0,0,0,6498,25028,6292.8,18958.399999999994,236,7909.031199229654,20,80,3,54,0,0,0,0.7430571429901917,0,0.9892977608599085,57,56572.453558481146,0,0.004882014914438995,5074.220674773151,0,1397.285064737276,2082.5108406811396,0,4296.312285210199,0,0,0
10230,0,0,0,0,0,0,0,0,0,0,0,0,0,0,0,0,49721.32713532235,0,44.8816148349658,2408.838759038986,5499.6671313038705,96122.5514035182,29435.127639009268,2.283119661150745,39.90410360296037,0,0,0,0,6537996.601031178,3203.323947910867,0,682453144423.2631,682453144423.2631,607513601610.3779,682453144423.218,0,1003401.4264945773,682452141021.7925,0,0,0,74939542812.85266,0,1,21,101,793899,2139567,0,0,0,0,0,6496,25018,6292.6,18957.399999999994,216,7886.036145819906,20,80,3,54,0,0,0,0.7430571429901917,0,0.9892977608599085,57,56572.453558481146,0,0.004882014886131988,5074.220674773151,0,1396.2399150948654,2082.5108406811396,0,4296.312285210199,0,0,0
10260,0,0,0,0,0,0,0,0,0,0,0,0,0,0,0,0,49721.32713532235,0,44.8816148349658,2408.838759038986,5499.6671313038705,96122.56180878617,29435.138058254983,2.283119661150745,39.90410792258032,0,0,0,0,6410922.303819884,3203.323947910867,0,682453230129.6709,682453230129.6709,607513601610.3779,682453230129.626,0,979997.3072379575,682452250132.3196,0,0,0,74939628519.2606,0,1,21,101,793886,2139514,0,0,0,0,0,6494,25011,6292.4,18956.69999999999,196,7953.101065738552,20,80,3,54,0,0,0,0.7430571429901917,0,0.9892977608599085,57,56572.453558481146,0,0.004882014857824981,5074.220674773151,0,1395.6850521852973,2082.5108406811396,0,4296.312285210199,0,0,0
10290,0,0,0,0,0,0,0,0,0,0,0,0,0,0,0,0,49721.32713532235,0,44.8816148349658,2408.838759038986,5499.6671313038705,95979.27650184468,29283.28880969878,2.283119661150745,39.84462477685136,0,0,0,0,6431207.010811941,3203.323947910867,0,682453278453.1204,682453278453.1204,607513601610.3779,682453278453.0753,0,1000115.6152555045,682452278337.461,0,0,0,74939676842.70984,0,1,21,101,793886,2139443,0,0,0,0,0,6494,25002,6292.4,18955.79999999999,236,7957.875930395325,20,80,3,54,0,0,0,0.7430571429901917,0,0.9892977608599085,57,56572.453558481146,0,0.00488201482951798,5074.220674773151,0,1395.3057417928424,2082.5108406811396,0,4296.312285210199,0,0,0
10320,0,0,0,0,0,0,0,0,0,0,0,0,0,0,0,0,49721.32713532235,0,44.8816148349658,2408.838759038986,5499.6671313038705,95828.69172709818,29125.957569983715,2.283119661150745,39.7821113461863,0,0,0,0,6324831.675139839,3203.323947910867,0,682453315673.918,682453315673.918,607513601610.3779,682453315673.8729,0,976477.0247931399,682452339196.849,0,0,0,74939714063.50743,0,1,21,101,793878,2139485,0,0,0,0,0,6492,24996,6292.2,18955.19999999999,216,8019.593416268051,20,80,3,54,0,0,0,0.7430571429901917,0,0.9892977608599085,57,56572.453558481146,0,0.004882014801210992,5074.220674773151,0,1394.6390639615256,2082.5108406811396,0,4296.312285210199,0,0,0
10350,0,0,0,0,0,0,0,0,0,0,0,0,0,0,0,0,49721.32713532235,0,44.8816148349658,2408.838759038986,5499.6671313038705,95759.03964059212,29073.237617258666,2.283119661150745,39.7531961328933,0,0,0,0,6299058.9221212305,3203.323947910867,0,682453347654.6925,682453347654.6925,607513601610.3779,682453347654.6476,0,933582.060310274,682452414072.5884,0,0,0,74939746044.28206,0,1,21,101,793872,2139400,0,0,0,0,0,6490,24987,6292,18954.299999999996,196,8051.051282749133,20,80,3,54,0,0,0,0.7430571429901917,0,0.9892977608599085,57,56572.453558481146,0,0.004882014772904007,5074.220674773151,0,1394.150417462948,2082.5108406811396,0,4296.312285210199,0,0,0
10380,0,0,0,0,0,0,0,0,0,0,0,0,0,0,0,0,49721.32713532235,0,44.8816148349658,2408.838759038986,5499.6671313038705,95782.11388511791,29165.718365455334,2.283119661150745,39.762775123782255,0,0,0,0,6308908.368235846,3203.323947910867,0,682453373853.4458,682453373853.4458,607513601610.3779,682453373853.4006,0,885923.7919353264,682452487929.61,0,0,0,74939772243.03522,0,1,21,101,793872,2139356,0,0,0,0,0,6490,24980,6292,18953.599999999988,236,8082.710682820726,20,80,3,54,0,0,0,0.7430571429901917,0,0.9892977608599085,57,56572.453558481146,0,0.004882014744597025,5074.220674773151,0,1393.7086248272462,2082.5108406811396,0,4296.312285210199,0,0,0
10410,0,0,0,0,0,0,0,0,0,0,0,0,0,0,0,0,49721.32713532235,0,44.8816148349658,2408.838759038986,5499.6671313038705,95969.37208596562,29275.197837125757,2.283119661150745,39.84051307952754,0,0,0,0,6356327.989673426,3203.323947910867,0,682453424376.8359,682453424376.8359,607513601610.3779,682453424376.7911,0,867559.5249140367,682452556817.2671,0,0,0,74939822766.42561,0,1,21,101,793863,2139289,0,0,0,0,0,6488,24972,6291.8,18952.79999999999,216,8117.894877788467,20,80,3,54,0,0,0,0.7430571429901917,0,0.9892977608599085,57,56572.453558481146,0,0.004882014716290051,5074.220674773151,0,1393.0408459643552,2082.5108406811396,0,4296.312285210199,0,0,0
10440,0,0,0,0,0,0,0,0,0,0,0,0,0,0,0,0,49721.32713532235,0,44.8816148349658,2408.838759038986,5499.6671313038705,96067.16274496909,29376.480410365002,2.283119661150745,39.881109677633795,0,0,0,0,6397848.704360733,3203.323947910867,0,682453485580.3616,682453485580.3616,607513601610.3779,682453485580.3165,0,827384.4839390172,682452658195.8336,0,0,0,74939883969.95111,0,1,21,101,793851,2139231,0,0,0,0,0,6486,24965,6291.6,18952.09999999999,196,8184.048939351121,20,80,3,54,0,0,0,0.7430571429901917,0,0.9892977608599085,57,56572.453558481146,0,0.004882014687983088,5074.220674773151,0,1392.5715288575861,2082.5108406811396,0,4296.312285210199,0,0,0
10470,0,0,0,0,0,0,0,0,0,0,0,0,0,0,0,0,49721.32713532235,0,44.8816148349658,2408.838759038986,5499.6671313038705,96102.5298627067,29412.449498907896,2.283119661150745,39.8957919047463,0,0,0,0,6478578.857166208,3203.323947910867,0,682453555460.7516,682453555460.7516,607513601610.3779,682453555460.7069,0,826060.5050802932,682452729400.2025,0,0,0,74939953850.34145,0,1,21,101,793851,2139170,0,0,0,0,0,6486,24956,6291.6,18951.199999999997,236,8190.360439104407,20,80,3,54,0,0,0,0.7430571429901917,0,0.9892977608599085,57,56572.453558481146,0,0.004882014659676126,5074.220674773151,0,1392.137094594558,2082.5108406811396,0,4296.312285210199,0,0,0
10500,0,0,0,0,0,0,0,0,0,0,0,0,0,0,0,0,49721.32713532235,0,44.8816148349658,2408.838759038986,5499.6671313038705,96115.32078803446,29426.965172944627,2.283119661150745,39.90110190122479,0,0,0,0,6448789.446223989,3203.323947910867,0,682453610232.0482,682453610232.0482,607513601610.3779,682453610232.0038,0,820942.4584620518,682452789289.5458,0,0,0,74940008621.6383,0,1,21,101,793841,2139131,0,0,0,0,0,6484,24950,6291.4,18950.59999999999,216,8234.561861434246,20,80,3,54,0,0,0,0.7430571429901917,0,0.9892977608599085,57,56572.453558481146,0,0.004882014631369171,5074.220674773151,0,1391.4574040440152,2082.5108406811396,0,4296.312285210199,0,0,0
10530,0,0,0,0,0,0,0,0,0,0,0,0,0,0,0,0,49721.32713532235,0,44.8816148349658,2408.838759038986,5499.6671313038705,96119.94677344705,29432.444848885967,2.283119661150745,39.903022322587674,0,0,0,0,6587931.288438863,3203.323947910867,0,682453571146.4924,682453571146.4924,607513601610.3779,682453571146.4476,0,825820.8560823982,682452745325.5922,0,0,0,74939969536.08218,0,1,21,101,793836,2139047,0,0,0,0,0,6482,24941,6291.2,18949.69999999999,196,8231.180180596284,20,80,3,54,0,0,0,0.7430571429901917,0,0.9892977608599085,57,56572.453558481146,0,0.004882014603062222,5074.220674773151,0,1390.5793778950585,2082.5108406811396,0,4296.312285210199,0,0,0
10560,0,0,0,0,0,0,0,0,0,0,0,0,0,0,0,0,49721.32713532235,0,44.8816148349658,2408.838759038986,5499.6671313038705,96121.61981433263,29434.168604470473,2.283119661150745,39.90371686508426,0,0,0,0,6451124.751346698,3203.323947910867,0,682453624389.992,682453624389.992,607513601610.3779,682453624389.9468,0,826360.5486879493,682452798029.3986,0,0,0,74940022779.58139,0,1,21,101,793836,2138996,0,0,0,0,0,6482,24934,6291.2,18948.999999999993,236,8228.110215468958,20,80,3,54,0,0,0,0.7430571429901917,0,0.9892977608599085,57,56572.453558481146,0,0.004882014574755285,5074.220674773151,0,1390.4777114313952,2082.5108406811396,0,4296.312285210199,0,0,0
10590,0,0,0,0,0,0,0,0,0,0,0,0,0,0,0,0,49721.32713532235,0,44.8816148349658,2408.838759038986,5499.6671313038705,96122.22488883139,29434.79173189869,2.283119661150745,39.90396805437474,0,0,0,0,6557092.170945371,3203.323947910867,0,682453707402.9047,682453707402.9047,607513601610.3779,682453707402.8593,0,833540.2865052074,682452873862.5734,0,0,0,74940105792.49387,0,1,21,101,793823,2138930,0,0,0,0,0,6480,24926,6291,18948.199999999993,216,8224.497988150335,20,80,3,54,0,0,0,0.7430571429901917,0,0.9892977608599085,57,56572.453558481146,0,0.00488201454644835,5074.220674773151,0,1389.5802733863977,2082.5108406811396,0,4296.312285210199,0,0,0
10620,0,0,0,0,0,0,0,0,0,0,0,0,0,0,0,0,49721.32713532235,0,44.8816148349658,2408.838759038986,5499.6671313038705,96122.44372099037,29435.016565995335,2.283119661150745,39.9040588998737,0,0,0,0,6417014.198881134,3203.323947910867,0,682453801160.1539,682453801160.1539,607513601610.3779,682453801160.1085,0,841761.4743772984,682452959398.6348,0,0,0,74940199549.7431,0,1,21,101,793815,2138879,0,0,0,0,0,6478,24919,6290.8,18947.49999999999,196,8251.5354680585,20,80,3,54,0,0,0,0.7430571429901917,0,0.9892977608599085,57,56572.453558481146,0,0.004882014518141426,5074.220674773151,0,1389.0280779636157,2082.5108406811396,0,4296.312285210199,0,0,0
10650,0,0,0,0,0,0,0,0,0,0,0,0,0,0,0,0,49721.32713532235,0,44.8816148349658,2408.838759038986,5499.6671313038705,95979.23379403375,29285.480162205993,2.283119661150745,39.8446070472251,0,0,0,0,6439238.471036906,3203.323947910867,0,682453850706.093,682453850706.093,607513601610.3779,682453850706.0472,0,844159.9367786284,682453006546.111,0,0,0,74940249095.68193,0,1,21,101,793815,2138802,0,0,0,0,0,6478,24910,6290.8,18946.59999999999,236,8216.260703320353,20,80,3,54,0,0,0,0.7430571429901917,0,0.9892977608599085,57,56572.453558481146,0,0.004882014489834507,5074.220674773151,0,1388.6493786547985,2082.5108406811396,0,4296.312285210199,0,0,0
10680,0,0,0,0,0,0,0,0,0,0,0,0,0,0,0,0,49721.32713532235,0,44.8816148349658,2408.838759038986,5499.6671313038705,95828.67628132664,29125.13712103188,2.283119661150745,39.78210493406283,0,0,0,0,6326452.5780299725,3203.323947910867,0,682453888353.693,682453888353.693,607513601610.3779,682453888353.6471,0,844586.7390175527,682453043766.9087,0,0,0,74940286743.28175,0,1,21,101,793809,2138767,0,0,0,0,0,6476,24904,6290.6,18945.999999999993,216,8237.69196327896,20,80,3,54,0,0,0,0.7430571429901917,0,0.9892977608599085,57,56572.453558481146,0,0.004882014461527594,5074.220674773151,0,1387.9827000665114,2082.5108406811396,0,4296.312285210199,0,0,0
10710,0,0,0,0,0,0,0,0,0,0,0,0,0,0,0,0,49721.32713532235,0,44.8816148349658,2408.838759038986,5499.6671313038705,95760.41059966538,29073.328751477406,2.283119661150745,39.75376526981378,0,0,0,0,6299379.988522546,3203.323947910867,0,682453920401.4438,682453920401.4438,607513601610.3779,682453920401.3982,0,844653.7154931788,682453075747.6831,0,0,0,74940318791.03285,0,1,21,101,793796,2138687,0,0,0,0,0,6474,24895,6290.4,18945.09999999999,196,8229.158987115823,20,80,3,54,0,0,0,0.7430571429901917,0,0.9892977608599085,57,56572.453558481146,0,0.004882014433220684,5074.220674773151,0,1387.4810496559903,2082.5108406811396,0,4296.312285210199,0,0,0
10740,0,0,0,0,0,0,0,0,0,0,0,0,0,0,0,0,49721.32713532235,0,44.8816148349658,2408.838759038986,5499.6671313038705,95800.66563082965,29174.840119580855,2.283119661150745,39.77047665450618,0,0,0,0,6329107.106288701,3203.323947910867,0,682453937141.655,682453937141.655,607513601610.3779,682453937141.6094,0,837998.5958649362,682453099143.0139,0,0,0,74940335531.24399,0,1,21,101,793796,2138648,0,0,0,0,0,6474,24889,6290.4,18944.499999999985,236,8221.712618290632,20,80,3,54,0,0,0,0.7430571429901917,0,0.9892977608599085,57,56572.453558481146,0,0.00488201440491378,5074.220674773151,0,1387.0221171041212,2082.5108406811396,0,4296.312285210199,0,0,0
10770,0,0,0,0,0,0,0,0,0,0,0,0,0,0,0,0,49721.32713532235,0,44.8816148349658,2408.838759038986,5499.6671313038705,95990.0457744613,29290.722440961006,2.283119661150745,39.84909550889028,0,0,0,0,6374207.576117371,3203.323947910867,0,682453986210.0886,682453986210.0886,607513601610.3779,682453986210.0428,0,834700.2031266765,682453151509.8406,0,0,0,74940384599.67746,0,1,21,101,793788,2138590,0,0,0,0,0,6472,24882,6290.2,18943.79999999999,216,8216.786772844913,20,80,3,54,0,0,0,0.7430571429901917,0,0.9892977608599085,57,56572.453558481146,0,0.004882014376606884,5074.220674773151,0,1386.4447403748463,2082.5108406811396,0,4296.312285210199,0,0,0
10800,0,0,0,0,0,0,0,0,0,0,0,0,0,0,0,0,49721.32713532235,0,44.8816148349658,2408.838759038986,5499.6671313038705,96074.63962243927,29384.579537523943,2.283119661150745,39.8842136120263,0,0,0,0,6411388.590141205,3203.323947910867,0,682454041306.2627,682454041306.2627,607513601610.3779,682454041306.2173,0,827311.3666608648,682453213994.8512,0,0,0,74940439695.85188,0,1,21,101,793778,2138546,0,0,0,0,0,6470,24877,6290,18943.299999999996,196,8243.096110024786,20,80,3,54,0,0,0,0.7430571429901917,0,0.9892977608599085,57,56572.453558481146,0,0.004882014348299989,5074.220674773151,0,1386.040956215829,2082.5108406811396,0,4296.312285210199,0,0,0