tick,totalPopulation,employable,employed,unableToWork,inEducation,dependencyRatio,avgGroceryStarvation,avgHealthcareStarvation,maxGroceryStarvation,starvationMildFraction,starvationSevereFraction,starvationFatalFraction,deathsLastMonth,deathsThisMonth,birthsThisMonth,meanWealth,foodPrice,wealthToFoodPrice,waterPrice,priceLevelRaw,priceLevelRefined,priceLevelManufactured,priceLevelServices,refinedToRawPriceRatio,manufacturedToRawPriceRatio,groceryFillRate,groceryTotalDemand,groceryTotalSupply,groceryTotalVolume,gdpAnnual,costOfLiving,bankEquity,bankDeposits,bankLoans,householdDeposits,totalLoans,loansWageCoverage,loansBufferCoverage,loansRollover,loansStarter,loansOther,agentsInDistress,totalAgentDeposits,workerUtilization,avgWage,existentialAgentCount,nonExistentialAgentCount,existentialSlotCapacity,nonExistentialSlotCapacity,existentialUsedWorkers,nonExistentialUsedWorkers,existentialFillRatio,nonExistentialFillRatio,foodChainFillRatio,existentialMaxScale,nonExistentialMaxScale,existentialOperatingScale,nonExistentialOperatingScale,existentialContractionIntegral,nonExistentialContractionIntegral,existentialNegativeProfitFacilities,nonExistentialNegativeProfitFacilities,existentialAtLowerBoundFacilities,nonExistentialAtLowerBoundFacilities,productionEfficiency,avgFacilityCondition,avgWorkerEfficiency,avgResourceEfficiency,avgConditionEfficiency,avgMaxMaintenance,facilitiesBelowFullMaintenance,avgHrBuffer,hrCoverageRatio,avgStorageStarvation,maintenanceServicePrice,maintenanceServiceVolume,maintenanceServiceDemand,adminServicePrice,adminServiceVolume,logisticsServicePrice,logisticsServiceVolume,maintFacilityScale,maintFacilityMaxScale,maintFacilityCondition,maintFacilityOutput,maintFacilityCostFloor,maintAggregateConsumption,maintSteadyStateDemand,maintCatchupBacklog,maintAggregateBuffer,maintFillRate,maintRepairSurgeRatio,priceCeilHits,priceFloorHits
30,9800205,1067013,3561573,1238892,3932727,1.117321575098745,0,0.6383169680012154,0,0,0,0,0,18554,16917,9.19334511460396,5.644045634046178,1.628857332256067,2.806476930627524,2.47797644525126,9.211067317893882,44.785710181288174,4.923008678299172,3.717173073031332,18.073501169518593,1,373.6996160701102,3022345.9736676277,373.6996160701102,1622263764.562352,0.2465073856343042,0,9211717617.615234,9211717617.615234,90096666.7588675,9211717617.615234,421005600,8770019359.615234,0,0,20692658,0,9121620950.856369,1.0000003493235001,1,21,101,638129,2224547,638129,2224548,1,1.0000004495297246,1,6359,22625,5774.087704231479,22022.42890696913,38.92769476466912,62.06104867898755,9,9,0,0,1,1,1,1,1,1,0,289688.1944687499,12.14338304190448,0.22207216376404837,5.31262470202515,18800.126407174193,56599.87096401194,0.9562732572367835,77167.70904929536,2.550812050659578,164898.84218596923,516.6244632941837,534,1,51932.127788952144,3.9927029376736063,7736.255028395357,7721.254614222386,0,288743.057713879,0.3321584676249162,1.0019427431061967,0,0
60,9800630,1056458,3566659,1230634,3946879,1.1199182283295015,0,0.6626303063068789,0,0,0,0,18554,16511,16936,19.075755911257577,4.571298613095854,4.17294023554037,3.563791437083988,3.2624949174993207,13.217188780466804,63.8091441622769,7.861323589594971,4.051251914469705,19.558388833042585,1,575.486492216861,2575101.588273268,575.486492216861,4699770388.280251,0.3377632145676226,0,9771922444.422157,9771922444.422157,186954425.65654787,9771922444.422157,421005600,9330224186.422157,0,0,20692658,0,9584968018.765608,1,1,21,101,508991,2000636,508991,2000636,1,1,1,6359,22625,4800.849575786517,20567.44351837198,123.31319956940834,170.8281318198,6,6,0,0,1,1,1,1,1,1,0,277867.01796998945,13.286453387853546,0.07001258067018296,7.259818221450875,34210.671114856006,53122.70805698572,1.0333958658565865,52645.26519586179,3.160975182316896,117729.64455531286,369.64552819354424,534,1,37498.552819354416,5.51667508055887,7074.379341542765,7046.74808171069,0,267937.1252269623,0.6439933573822626,1.0039211363187213,0,0
90,9801172,1053279,3564398,1222505,3960990,1.1225330398813083,0,0.7595981860264611,0,0,0,0,16511,16382,16924,27.54910421600976,4.397334897546152,6.264954764164768,3.270096585100789,3.6951317063258555,16.156747238434235,77.70915313273628,9.301546478292005,4.372441504798003,21.030144338211983,1,775.9940964331201,1222122.8865979067,775.9940964331201,6980675677.322593,0.38503704871658273,0,9773383978.716612,9773383978.716612,270013508.8670366,9773383978.716612,421005600,9331685720.716612,0,0,20692658,0,9503370469.84958,1.000000457789727,1,21,101,379976,1804433,379976,1804434,1,1.000000554190707,1,6305,22608,3693.5101570286956,18448.96491391474,158.8277093236162,299.0827020302978,6,6,0,0,1,1,1,1,1,1,0,233649.7694127,12.835489825410065,0.031178193419138314,9.462375764785762,30679.07545434752,44786.578565786396,1.1868880611082018,21162.61531633049,3.649487062664025,82101.3361545721,319.4963612039343,534,1,31635.316305085165,6.349020661288628,6179.69523103396,6150.687519706506,0,204555.67453453617,0.6850060093178014,1.0047161737991916,0,0
120,9801952,867791,3744606,1214459,3975096,1.1251318999643787,0,0.7773057353302211,0,0,0,0,16382,16131,16911,34.50090220204821,3.8401137465605437,8.984343818708357,1.5543157919922614,3.489353331471253,16.60223711190812,91.5993716425303,10.242919064753648,4.757969610634972,26.25110240810961,1,981.2051340881184,565684.9721973058,981.2051340881184,7958506651.093002,0.43162653741719076,0,9778021405.941383,9778021405.941383,338176187.34115934,9778021405.941383,421005600,9336323147.941383,0,0,20692658,0,9439845218.600203,1.0000004845747734,1.0028003098017442,21,101,344228,1719437,344228,1719438,1,1.0000005815857167,1,6272,22590,2945.302028846192,16356.073762243945,159.4644412600135,628.2205749868854,6,6,9,3,1,1,1,1,1,1,0,286561.2240127783,16.663232752554627,0.009175018982179295,9.875154658387103,17915.727384401438,29065.22986310107,1.257512350087103,37570.28224248833,4.248323371341874,193493.76895819203,258.77850796887094,534,1,26038.16008943827,6.76677170714512,5389.293087067363,5361.493275302816,0,189581.34574859048,0.6163972371381736,1.0051850875002686,0,0
150,9802753,809436,3797792,1206403,3989122,1.1276900123024083,0,0.806919206580835,0,0,0,0,16130,16098,16899,37.90583941658508,3.2253434356394117,11.752497113247848,1.315042503986867,2.412755585046219,12.985489603091011,104.5939760366013,10.282830824941625,5.382016182481352,43.35042334368804,1,1192.0449395273367,524241.3095170541,1192.0449395273367,7330795254.905132,0.4851103679881109,0,9782706519.31013,9782706519.31013,371581581.0584302,9782706519.31013,421005600,9341008261.31013,0,0,20692658,0,9411124938.251684,1.0000018256170586,1.056123698358227,21,101,327585,1315695,327585,1315698,1,1.0000022801637158,1,6220,22557,2596.3020288461926,12231.534424130185,219.96734614791768,918.5970269863486,6,6,9,15,1,1,1,1,1,1,0,269413.9578744558,19.6738327755686,0.001969314733487951,8.730300582258327,14513.743773313885,22727.87156562958,1.2694602945672848,39151.75204962171,4.025019937133461,253190.81578395428,176.83201937966075,534,1,18102.558284982817,5.942728314881256,4165.961319176823,4118.8434591601035,0,147144.32492699922,0.6385878999449478,1.0114395850398081,0,0
180,9803816,2338297,2263958,1198375,4003186,1.1302200768970863,0,0.823519887446435,0,0,0,0,16098,15829,16892,45.618561093459135,3.08576064648907,14.783570833779095,1.2974650687872673,1.6506694916889648,9.161075564533377,117.43613653276371,10.21730269283462,5.549915116659584,71.14454899908708,1,1410.2582577273004,520352.3985942012,1410.2582577273004,5344905643.062005,0.5691674139581031,0,9782706519.31013,9782706519.31013,447235979.145038,9782706519.31013,421005600,9341008261.31013,0,0,20692658,0,9335470540.165092,1.0000025517950601,1.2053635181551399,21,101,315055,860588,315055,860591,1,1.0000034859886495,1,6220,22520,2367.9999999999995,7975.699100520925,366.68799978223086,1482.6519251313678,3,6,15,42,1,1,1,1,1,1,0,280802.45247528446,28.661939305738407,0.0004226912802104687,6.79082922841349,10971.881194709953,13639.31889905351,1.2325016927992258,20526.60945163061,4.066777770707272,93272.62934831195,134.25174970371796,534,1,13959.174970371798,4.608976391337577,2909.2522823146633,2873.2497501447024,0,120085.39968919795,0.8044302854060651,1.0125302480816878,0,0
210,9804679,2682322,1914561,1190605,4017191,1.1328972262291643,0,0.5741270409301026,0,0,0,0,15829,16020,16883,31.640683478711075,3.0476101814690466,10.382129470199907,1.303964857412962,1.4177331680895164,6.924155708365991,105.02482481629346,10.686174369723169,4.883962556717722,74.0794016675373,1,1633.1610429064997,506104.7301418223,1633.1610429064997,5932429081.648228,0.6560357982625585,0,9782706519.31013,9782706519.31013,310226744.84933347,9782706519.31013,421005600,9341008261.31013,0,0,20692658,0,9472479774.460762,1,1.267224834257343,21,101,307582,596162,307582,596162,1,1,1,6126,22374,2358.6,5085.498869857583,148.07760500822184,1377.192392959957,1,6,15,57,1,1,1,1,1,1,0,272873.2502149785,36.232373355504905,0.00009072593391383277,6.138979841850102,7527.959696778871,10104.442097668074,1.2793772062088806,15815.885908681114,3.743210609867911,107739.94843203567,132.56140230032008,534,1,13790.140230032011,4.271649409874313,2091.5630833148243,2067.805241627107,0,111497.16500174123,0.7450148780125319,1.011489400069913,0,0
240,9805669,2882308,1709261,1182944,4031156,1.1355813230727885,0,0.27498169132686534,0,0,0,0,16020,15882,16872,24.981625566871934,2.99690861603022,8.335798239975437,1.3146556581201854,1.4094103995716658,7.10159234644549,104.5675308490524,10.83353923944119,5.038697279801353,74.1923934155953,1,1755.2672792245564,503183.917662221,1755.2672792245564,7100308749.778441,0.6508022742850371,0,9782706519.31013,9782706519.31013,244961551.39065748,9782706519.31013,421005600,9341008261.31013,0,0,20692658,0,9537744967.919436,1,1.3165755279484381,21,101,303387,659738,303387,659738,1,1,1,6106,22295,2356.6,5174.401396932696,198.21946879263317,1357.21828690025,0,9,15,69,1,1,1,1,1,1,0,269003.31211858167,33.51631143852542,0.00009996383853617057,6.90840319470939,7890.3529620271265,9124.26184038088,1.3514685209718542,22420.06191676785,3.2075438268706313,166361.77544158042,191.31487756433938,534,1,19665.48775643394,4.172783271108859,2091.9293246456236,2091.944832481305,0,111618.08262724393,0.8647661695883286,0.9999925868811449,0,0
270,9806723,2519311,2066869,1175433,4045110,1.1383205630830016,0,0.13460531223411684,0,0,0,0,15882,15807,16861,28.504380580061934,3.1629025201085885,9.01209581984946,1.3365146575588311,1.4857623948588445,7.871850711543971,123.98154674582183,12.556652618997543,5.298189494351712,83.44641591066838,1,1907.7928609514704,490328.18403148284,1907.7928609514704,8122108232.672489,0.6770866019629885,0,9782706519.31013,9782706519.31013,279534564.63522875,9782706519.31013,421005600,9341008261.31013,0,0,20692658,0,9503171954.674877,0.9994527919976108,1.3497322099427385,21,101,310720,1346785,310720,1345878,1,0.9993265443259317,1,6057,22241,2351.7,9774.217937726293,239.4107209616881,1219.8025827467386,0,1,15,66,0.98151895426896,1,0.9994608485195788,0.9820581057493811,1,1,0,243142.1244983301,17.61263441088279,0.00166086560001729,7.080649416146783,16071.002003617587,29673.192418414772,1.7903412456201595,47842.42591348241,4.338280365056448,286241.19578560244,232.7195184670702,534,1,21748.506711093738,4.48076276373073,3254.7957121799636,3290.8374438320197,0,106417.7531238305,0.5416000333568473,0.9890478541504356,0,0
300,9807881,2323992,2256923,1167909,4059057,1.1410309948994906,0,0.05532211432276612,0,0,0,0,15807,15689,16847,10.873745073269202,3.302471960780869,3.292607841157297,1.4161987568138505,1.5685013715033038,8.409837991881366,158.34264252050193,14.533559575753339,5.361702670250838,100.95154865484183,1,2048.726250845721,487496.65764182725,2048.726250845721,10314879123.333702,0.7329491012636481,0,9782706519.31013,9782706519.31013,106648397.70292911,9782706519.31013,421005600,9341008261.31013,0,0,20692658,0,9676058121.607172,1,1.3859615671866772,21,101,313564,1573445,313564,1573445,1,1,1,6057,22123,2351.7,12183.02153079334,364.5610354848721,986.1178781880495,0,0,15,48,0.976403591886889,1,1,0.976403591886889,1,1,0,281754.47656633623,17.917528314894284,0.0012011092825388264,6.878207734448136,7263.9172565392255,32916.89649740151,1.9125266836220594,32115.438170302572,4.4661368521958025,295894.66126898606,173.84908543586994,534,1,17362.222402941516,4.975101364122828,3979.4208075361958,4001.2691268045933,0,138080.13363005506,0.22067442649438854,0.9945396526511963,0,0
330,9809357,1689662,2886227,1160466,4073002,1.1437051904012532,0,0.02003271150670627,0,0,0,0,15689,15360,16836,5.378129054914256,3.9655064446954613,1.3562275411526357,1.5567111293866192,1.8707954552731174,11.12625711383405,217.9531294397896,17.64490422852495,5.947340251695089,116.50291795688086,0.9999999999999988,917645.4744219934,976001.7244998679,917645.4744219922,12976859475.109205,0.7805902757027394,0,27030931699.60797,27030931699.60797,52755987.891695745,27030931699.60797,421005600,26589233441.60797,0,0,20692658,0,26978175711.716244,1.0000008366006072,1.425109911434516,21,101,628579,1762048,628581,1762048,1.0000031817798558,1,1.0000054009386832,6026,22099,4081.6500484763974,15341.567370233923,183.44343646267833,921.0267214169118,0,0,6,45,0.9888016575980316,1,1,0.9888016575980316,1,1,0,234213.83114011394,11.756596166453964,0.0015370394896750878,8.51463367412675,8857.442384080143,34251.72288736312,2.1901161311587054,52036.01787562459,5.139774300987911,206348.07425531207,295.94670639358895,534,1,29860.661825782845,6.388163479249881,5339.028003172994,5355.236039408873,0,213175.1868378131,0.2585984481191754,0.9969734226247724,0,0
360,9810689,2135392,2990401,1153150,3531746,0.9139846263787866,0,0.007254043627091406,0,0,0,0,15115,15236,16568,10.520265270299527,4.907195951795475,2.1438445445510093,2.4955461136450388,2.7037758178984506,16.84539034201509,272.1581723114803,24.504422292118704,6.2303206613884194,100.65855701121673,0.9999999999999968,274854.7318593232,1637192.276041887,274854.73185932235,18551408227.092438,0.8881444631469514,0,27030931699.60797,27030931699.60797,103211050.76437762,27030931699.60797,421005600,26589233441.60797,0,0,20692658,0,26927720648.84355,0.953988241291298,1.4695835757059212,21,101,544568,1705509,539408,1607139,0.9905245993154207,0.9423222041044639,0.9862698739778323,6026,22047,4235.829574926515,15640.9685725673,122.71665043614283,600.7975460861181,3,3,0,33,0.9227069761712576,1,0.9453122693808003,0.976639378866701,1,1,0,276590.1745747561,15.462424512004972,0.0017990699582018385,15.201876532255666,20173.9798119375,40609.72308148301,2.8738016956963626,38995.68125609902,7.200366642367033,122566.6758547348,364.886102786803,534,1,35947.1311899881,11.362699462986729,5239.790163738776,5247.870629278338,0,189582.55391084164,0.49677708393772124,0.9984602391883518,0,0
390,9811745,1955151,3164922,1145344,3546328,0.9163291226511809,0,0.0032996984842597558,0,0,0,0,15463,16006,17062,6.06552437424771,6.812438172133764,0.8903602823228106,3.3355301758646054,3.843929397335995,27.569931815704027,326.15705458098665,32.22775873969155,7.172330437393349,84.84990770304658,0.35808896531989365,342474.18719113444,228183.5201362978,122636.22734004489,26904842315.588993,0.9979636318018148,0,28914272295.11436,28914272295.11436,59513378.451370396,28914272295.114372,182643874.57604426,27913061556.753,818566863.7853364,0,0,0,28854758916.662964,0.9540448195040926,1.5563676737511778,21,101,470275,1682627,462288,1591677,0.9830163202381585,0.9459476164354904,0.9650863185891764,5977,22040,4330.946050970797,15874.562902050147,20.032957410473784,686.0174563696659,3,3,0,21,0.9173594153170698,0.9990937949474168,0.9409443427970718,0.9764150827891548,0.9999999930685729,0.9993411900203867,0,262491.7428441316,15.335708807742973,0.0034136367495346273,25.103904215669324,17684.183763025347,50198.492380063246,3.483950544873501,37657.04034312539,6.525744222808153,199167.160073574,320.7855605422429,534,1,22533.816523406662,20.887019911953356,5360.130693824037,5354.402817318213,0,186538.65321437258,0.3522851568755234,1.0010697507642303,0,0
420,9813055,1944490,3170015,1137660,3560890,0.9186715038894282,0,0.0032481041348481287,0,0,0,0,16006,15746,17056,16.052944745546288,11.58748132583118,1.385369632463662,4.294394298547144,6.4220075925983995,51.27317259049037,381.7285039873002,37.85227728570022,7.98397881833472,59.44068089038954,0.9690645666453199,574864.330028227,1437659.5621961,557080.6528586559,32583494441.78914,1.278424289080181,0,32589749571.685036,32589749571.685036,157528429.69997767,32589749571.685043,195406780.65622663,31538955994.130707,855386796.8981137,0,0,0,32432221141.985023,0.9776553497084113,1.7147276290030267,21,101,605873,1539786,590843,1506872,0.9751928209377213,0.9786243023381171,0.9589242992586466,5977,22040,5576.737013306243,15906.386352545678,5.420416569978038,713.3320065343316,3,3,0,15,0.8826588108349102,0.9999583351610899,0.9456935808538067,0.9369652299811033,0.9999999958338817,0.9997021456313071,0,263793.55594601715,15.090337206685398,0.0008814341030010198,48.075411592807185,37248.19531559042,57279.175156230085,3.5618845027285033,27719.868645375587,6.893655826116123,228955.58052207835,316.3067698084402,534,1,30694.74624051746,39.55524205820334,5696.355217288398,5684.61838077211,0,203950.78884168234,0.6502921037880736,1.00206466568732,0,0
450,9814407,2097793,3011227,1129943,3575444,0.9209960031473746,0,0.10433731778095569,0,0,0,0,15746,15693,17045,27.032890814998147,19.522393270537876,1.3847119274968558,5.432801989119048,9.06272620137653,81.73604703329339,538.6397897199923,51.131513556463915,9.01892490373135,59.434631230300084,0.9899461723060404,281871.29730034544,533561.5999034147,279037.4118454149,34896073428.415634,1.78286946604119,0,54858282044.03999,54858282044.03999,265311792.8449296,54858282044.04001,195406780.65622663,53807488466.48566,855386796.8981137,0,0,0,54592970251.195045,0.9862583480876053,1.8748275752506534,21,101,542488,1365434,533520,1348184,0.9834687587559541,0.9873666541187637,0.9670560927864963,5977,22000,5136.454110832872,14893.76457316876,20.338903283065,479.7260445837987,3,6,0,12,0.8607848225427049,1,0.9579661046939683,0.8972985605133648,1,0.999679722122607,0,275475.77750242705,17.56763725872467,0.0036646080351923657,98.67758961901401,8661.619287988822,47850.266227469285,4.427301242374491,48589.99552740833,6.909548857218598,181274.54496736976,364.8359834442762,534,1,35985.65481937948,81.34622506105484,5069.761467986803,5062.8120634637735,0,196680.16860615974,0.181015069943675,1.0013726372687584,0,0
480,9815846,2370366,2733149,1122388,3589943,0.9233500832269524,0.00027927580905337334,0.36317063527861715,0.3982681261093212,0.0014041581336952515,0.0006708540455911798,0,15693,15591,17030,37.44077595049524,23.544466371133982,1.5902155249693162,4.368201018012419,12.652043857326856,84.45101515203199,611.0995700917542,60.504048663507106,6.6748911167523355,48.30046251680227,0.33914409089394737,716068.0027020489,1019791.8203481027,242850.23179463102,33880371386.867004,2.1015050981096968,0,62152357025.50484,62152357025.50484,367512890.8505376,62152357025.50485,195664115.19081712,61101306113.415924,855386796.8981137,0,0,0,61784844134.65426,0.9933941834129816,2.0135583436085014,21,101,608862,1224825,605599,1215975,0.9946408217297187,0.9927744779866512,0.9905322593748912,5977,21980,5561.693628246355,13688.31552829867,2.632956716002262,613.534070647263,3,6,0,18,0.9200991039059827,1,0.9720846304053796,0.9480144735006031,1,0.9999505553107895,0,256792.69586000856,16.916756334467348,0.003342076445813,118.94380683318715,16733.156383326037,22566.65860420309,4.77285764002145,16205.674388883366,5.251337733996455,76038.10579981162,486.719828307397,534,1,43541.86815378652,83.03339797124649,5066.525889284134,5061.048423487519,0,238052.50975872917,0.7414990706780776,1.0010822788754983,0,0
510,9817064,2544841,2553016,1114782,3604425,0.925723691347168,0.000598814778794627,0.5155919607873696,0.7823767397906061,0.0014147814458579469,0.0006560006128105104,0,15591,15806,17024,92.45042381442587,35.45016978223073,2.6078979136727947,2.224508519404056,19.209147773728787,60.204409280385,679.090056518975,65.35739679657651,3.134153060279072,35.35243023366847,0.3483442026797102,1409468.1265569963,1691530.2760268971,490980.0507479618,36321105318.057976,2.8578032595072216,0,64756183900.70393,64756183900.70393,907591727.4133147,64756183900.703964,196566214.80457553,63704230889.00127,855386796.8981137,0,0,0,63848592173.29062,0.994347972765239,2.1964901783801833,21,101,586661,1218532,586661,1208329,1,0.9916268099647773,1,5977,21958,5430.874572975167,12813.146509625483,27.911679591426278,713.0991419907613,3,6,0,15,0.8922049919745195,1,0.9886499362087071,0.9033403336773451,1,0.9999917127071823,0,270419.3960192422,18.078277607289767,0.004432009140940488,103.05554391567703,21560.296654877067,31771.52082349833,4.09046859625275,25386.590887568902,6.756966041971225,128960.39433574249,326.5198283073969,534,1,33185.98283073969,74.46885860338722,4825.370945691477,4826.77847195789,0,234005.649091281,0.6786044890533222,0.9997083921968678,0,0
540,9817122,2571985,2520288,1106548,3618301,0.92784675919771,0.05208896182551446,0.4472893155776636,0.9212940423482209,0.02721520624883749,0.10407836431084384,0.000602926193644125,15806,16953,17011,51.41104281148368,47.42970983235245,1.083941752821256,1.4644126102063748,16.628716463704503,45.29936816529101,633.1334928940787,63.390845126530735,2.7241650469034053,38.074706143196266,0.42026266767315856,562923.353905161,1644993.9591936984,236575.67040770454,47208495490.41834,3.5785362152597315,0,64758593884.24767,64758593884.24767,504708479.4275778,64758593884.24771,198976198.34832123,63704230889.00127,855386796.8981137,0,0,0,64253885404.820145,0.9971231231265568,2.4325477917969835,21,101,567785,1181334,567785,1176302,1,0.9957404087243743,1,5977,21906,5218.92526997088,12185.824645682465,53.38963051355045,841.030625312424,3,6,0,24,0.9765834640217996,1,0.9986332136860117,0.9779502503357879,1,1,0,258602.46937247875,17.792860290052875,0.001693677365698729,98.70825343985013,22948.99551696181,31939.697892775057,3.486674103076814,28609.22094934744,4.907407933399417,103732.5278691464,220.72309071493532,534,1,21482.24580519852,65.39472439212842,4772.726314603613,4757.048943779058,0,155514.99201883998,0.7185100996886075,1.0032956084769857,0,0
570,9803085,2724218,2362366,1092930,3623571,0.9272433129974852,0.05186204013362406,0.254227071862441,0.652780358567229,0.0300861412504329,0.1009284322231216,0,16953,31022,16985,3.8144228491799077,48.160897974961586,0.07920165548331327,1.5647787529595398,16.563618203351247,47.35879540297643,525.89090708011,51.88955409875694,2.8592059308270295,31.749760265164085,0.98838525573498,727251.4746357164,1336089.610274995,718804.6347414639,40671377240.28288,3.7009886882850354,0,64758821031.45021,64758821031.45021,37393111.41645214,64758821031.45024,199203345.5508537,63704230889.00127,855386796.8981137,0,0,0,64721427920.03378,0.9992594547146945,2.7913500238656734,21,101,503508,1004840,503508,1003723,1,0.9988883802396401,1,5977,21749,4755.740950233919,11001.334749987827,79.09214497739504,940.9290148767925,3,6,0,33,0.9998190417874899,1,0.9998190417874938,0.9999999999999961,1,0.999996465037968,0,278297.90810514276,22.157021035672127,0.0003635288162917051,73.45727526632913,14805.734043899918,20460.43879125771,2.809414447962681,32902.56770597674,5.545570514697996,63262.16359759083,185.64337646469443,534,1,19098.337646469445,24.197120058653034,4396.612172099755,4374.5067680964885,0,157223.36189628416,0.7236273960178252,1.0050532334672524,0,0
600,9801938,2747342,2333628,1085045,3635923,0.9291469935858704,0.026659761686258988,0.23141226339305093,0.31242168014026095,0.0956034408705707,0.03487014506723058,0,31022,18109,16962,48.3015711685626,46.85341642525191,1.030908199525237,1.947179293660897,19.96967165607244,50.35192670090439,609.5858932247859,48.81887227618155,2.5214198594794235,30.5255841820224,1,280680.8449279266,1162248.4580339494,280680.8449279266,37404019145.37168,3.90803041309775,0,64760544110.0459,64760544110.0459,473449005.8968513,64760544110.04593,200926424.1465426,63704230889.00127,855386796.8981137,0,0,0,64287095104.14908,0.9961079334302795,3.1916102974154716,21,101,642182,905068,642182,899046,1,0.9933463562958805,1,5977,21708,5769.294925869065,9755.411718057307,20.87841460077165,1112.176142874599,3,6,0,48,0.999104358344057,1,0.999104358344057,1,1,0.9999937024551018,0,257475.7920453062,20.047063150576516,0.00007802737578649076,63.93512539145584,18933.896393458042,19907.25183697376,2.7731989673888253,18129.802219583064,6.126651739346249,41925.94313331182,247.02688041056783,534,1,25236.688041056786,19.200491135402324,4312.636556377636,4299.225481963047,0,190319.8451439455,0.9511054839971481,1.003119416385778,0,0
630,9803351,2821405,2254005,1077877,3650064,0.9315387328314363,0.009617514469387729,0.4406091310703612,0.11299089767774591,0.13014682428487973,0,0,18109,15532,16945,139.3129349323057,49.28254276425963,2.8268211646201284,2.4773211585911015,25.380394651713775,52.553413343300036,735.3887176625672,55.66102794835847,2.0706302665688234,28.974676231557773,0.9999999999999998,286777.1044232619,1181919.3382880464,286777.10442326183,37090427301.74176,4.670967308481103,0,64761213928.51176,64761213928.51176,1365733599.9816644,64761213928.51178,201596242.61240098,63704230889.00127,855386796.8981137,0,0,0,63395480328.530235,0.9977871268509853,3.5720621141164433,21,101,580343,905960,580344,902670,1.0000017231189142,0.9963684930902027,1,5977,21621,5365.1474770135665,9082.531461573019,39.807656200185534,1252.8703260923107,3,3,0,48,0.9950662421983342,1,0.9950662421983342,1,1,1,0,269096.77894694544,21.774314654907812,0.0007477234436384951,48.04893492819542,20967.4981839561,23409.953360089305,2.867556781727414,21872.987558366716,7.566908044461258,99642.74618436328,259.29384331839736,534,1,25989.940497702755,12.82560247816336,4022.0794976969364,4008.729235186152,0,158149.04722205256,0.8956659529148294,1.0033302978893173,0,0
660,9805043,2736930,2332858,1070911,3664344,0.9340144006021553,0.0034702590808256147,0.6949802370069676,0.040864459061519566,0.12983971615422799,0,0,15532,15242,16934,270.1293355013315,59.96437989031608,4.504829967314578,1.7898290757707533,26.720550365745783,53.96733403174185,804.8103665903359,61.581980528767005,2.0196939543926793,30.11952806264263,0.678285045343562,495516.7298598939,336101.58758151194,336101.58758151176,41438847717.030174,5.456818699832827,0,64761375696.42483,64761375696.42483,2648629750.1519184,64761375696.42485,201758010.5254741,63704230889.00127,855386796.8981137,0,0,0,62112745946.27287,0.9090490987848692,3.9444262790713815,21,101,586213,1227172,585977,1062479,0.9995974159563162,0.8657946889270616,1.0000123228968667,5977,21556,5239.694514035625,10469.23050549137,84.84936740173522,1170.0501709722728,3,0,0,51,0.9767716188839237,1,0.9849349835090826,0.9918366353748412,1,1,0,260109.28840178187,18.9347574992683,0.002619997158305328,37.47380453340767,14386.28562057447,24900.09003943548,3.226732787607038,34491.97793968497,9.89422772882721,167515.1464296686,266.4165720273451,534,1,26048.545393053602,12.235764221132301,4197.0587179412605,4188.568329203678,0,152263.76622115858,0.5777603855162857,1.002027038374517,0,0
690,9806768,2933366,2130741,1064043,3678618,0.936524642942971,0.001252258000415273,0.3609372271442857,0.014779102110979186,0.12954308697829908,0,0,15242,15201,16926,72.46481679850898,48.425238705060096,1.4964266307465184,1.4929889677123414,23.017216104689126,47.66553251487003,697.7897140540316,61.33491864090043,2.070864360749495,30.31599090351661,0.9999999999999998,279436.74506545096,734643.953282841,279436.7450654509,59666167769.14088,5.422171465222638,0,55517326289.78331,55517326289.78331,710645646.5055804,55517326289.78335,282697226.69578743,50210321577.56046,5024307485.527098,0,0,0,54806680643.27787,0.9986932710700558,4.43679182691454,21,101,505009,945177,505009,943282,1,0.9979950845185611,1,5977,21505,4543.259743532207,8281.145152565652,154.55467719796735,1193.1147920335884,3,0,0,54,0.9959277812177049,1,0.9964833367732603,0.9994444444444445,1,1,0,275324.59078536264,22.81237050720022,0.0008695653300098129,20.62208817846225,9648.579648322235,15682.43581168366,3.585337537820292,44535.82699008892,11.79471308153822,66842.1310558517,139.54756184336821,534,1,14035.945786896209,12.843325223376544,3586.859837096696,3556.8909286682965,0,121038.3170800201,0.6152475141096316,1.0084255910651778,0,0
720,9808659,3099212,2195635,1057384,3456428,0.8524914884226117,0.0004518858110704737,0.1708312086561225,0.005337596157583905,0.1561308227760798,0,0,14964,14769,16660,8.488893952154333,47.79958315969703,0.17759347239061024,1.487516768719582,15.645017639686557,43.569086379642386,574.703808033351,50.41184648503604,2.7848537715368966,36.73398274575963,0.8920589429942818,308220.2671441744,723149.8993692893,274950.64571804734,51782104493.26463,4.479037731428797,0,55554057613.85606,55554057613.85606,83264666.0639924,55554057613.85609,282927617.59853625,50246822510.730446,5024307485.527098,0,0,0,55470792947.79226,0.9962138727626425,5.188783747024153,21,101,513243,730244,513243,725536,1,0.9935528398727,1,5977,21485,4228.626699427445,6401.562107471588,224.43898939830913,1502.8211951596122,3,0,0,54,0.9898371382084755,1,0.9898371382084755,1,1,1,0,260618.18271503426,25.245973596423667,0.001223484590925996,18.81514143806325,13205.796116729443,19059.00523192747,4.528946387941919,21913.705800096235,11.844427610285027,125919.11738627426,120.51618761848583,534,1,12562.166020404802,13.577869612430755,2982.7995572719096,2944.253674877811,0,111435.38974479944,0.6928901039707579,1.0130919026179692,0,0
750,9810224,3227561,2061241,1050302,3471120,0.8549047591496146,0.00016305492581397473,0.12758054017928527,0.0019304031045986722,0.1680901475848054,0,0,14985,15588,17153,8.200564477335549,34.93921228973319,0.23470948369792716,1.5117151501118473,6.930129497268402,54.018629501775514,425.18072793884215,39.11261206481044,7.794750375597979,61.35249393340088,0.33091546583778475,1195614.3061746713,517947.8522604629,395647.26509011124,34593510536.834564,3.218699879152709,0,79688305815.56636,79688305815.56636,80449374.44925322,79688305815.5664,146247592.8885472,72111014942.61401,7431043280.063863,0,0,0,79607856441.11731,0.9981205035624694,5.922494422245555,21,101,425134,612910,425134,610959,1,0.9968168246561485,1,5947,21342,3309.4507695189163,5496.122792183532,185.35178276029578,1655.2477761109592,0,0,9,57,0.9973115179488085,0.9944850457436012,0.9973118961664881,1,0.999999589774808,0.9963436767360899,0,273707.56934058934,31.70073373806282,0.0004275349070374442,21.194446257358525,14217.03553368524,20787.781596693043,5.112871960915191,17356.464761368134,11.014898887329679,87923.60338598539,104.47609885401567,534,0.9902453183520606,10904.051686587889,15.64616150058676,2432.171316684682,2443.9328071906784,0,94796.23659514729,0.683913070163625,0.9951874738653244,0,0
780,9811850,2433203,2849597,1043245,3485805,0.8573199818278185,0.00005883591577045252,0.0788960042915989,0.0006981525084001473,0.16776051407226975,0,0,15588,15510,17136,112.51649480126689,29.561372627584824,3.8061999427006827,1.5555655083590574,6.342300988381393,45.895689510523134,431.35509031766526,43.800971886943856,7.236441410554388,68.01239662196332,0.9818164731150468,290162.44626180077,1613539.876120636,284886.26961919555,38750401105.379326,3.1386213211267946,0,75545921515.18996,75545921515.18996,1103994969.5161295,75545921515.19,138040324.84165895,68009887229.17939,7397993961.168942,0,0,0,74441926545.67418,0.9979918962617025,6.571632905154127,21,101,596469,1394464,596469,1390466,1,0.997132948573789,1,5978,21222,4471.474615881858,9874.866433489055,180.95565766337722,1124.3543302988398,0,0,3,54,0.9495302501976158,1,0.9926438272477814,0.9563678064303077,1,0.9999834254143647,0,207486.70721638566,12.531061592838356,0.007753596768941573,25.673669148694888,17678.819147934882,17678.81914793488,5.948824637384765,66320.86547601895,14.478841499508723,351515.3222758664,287.7107328158857,534,1,29305.07328158857,15.139446697844871,3739.278489366082,3754.9272903236165,0,202139.71573874028,1.0000000000000002,0.9958324623228094,0,0
810,9813605,2496777,2780124,1036286,3500418,0.8597288446381692,0.00002122967524665971,0.03996414195865953,0.00025249489281501693,0.16742960410572874,0,0,15510,15370,17125,46.13275293279373,32.338917742325165,1.4265397902421204,2.251367459580888,4.5842663761309925,25.707020884122468,477.58366372526143,44.69638674170803,5.607662987903979,104.17886408431838,0.04210053210061848,420214.91693303233,1044896.1047381591,17691.271599497883,38022485115.239815,3.230284006351817,0,54299878508.281624,54299878508.281624,452728614.84537685,54299878508.28165,147238310.34817958,46172761902.7621,7979878295.171361,0,0,0,53847149893.4366,0.9741347392666353,7.210352569836681,21,101,554277,1449801,549559,1402683,0.9914880105073817,0.9675003672917869,0.9834010005840258,6073,21179,4702.857670015436,11151.735429865234,205.0258081227039,1117.3056838671719,0,0,0,51,0.9703366965633833,1,0.9800802231980975,0.990256469882625,1,0.9998793173948999,0,280991.0094587809,17.271896176321228,0.002222226623491482,24.531741825513613,15606.008674495486,33636.86215249006,5.605759799607625,60726.91495790976,12.655006932398532,193183.049374127,245.4625868303198,534,1,23869.818318082685,16.953593335800477,4259.229836901307,4276.670994529001,0,151779.39309798743,0.4639555438835786,0.9959217911197737,0,0
840,9815472,2291211,2979730,1029476,3515055,0.8621858981157254,0.000007660485526817877,0.01801125532972378,0.00009131768507680614,0.16710250918142297,0,0,15370,15245,17112,19.41481266186963,34.01075830877573,0.5708432751074551,4.149489611431051,5.076468155012335,31.84652389621076,628.4342452488764,52.909243806770434,6.273362291215511,123.79359548003497,0.8342644463721883,312622.9810850497,584363.6476081375,260810.23823814208,44489032862.6259,3.4480370548936365,0,47001754402.04246,47001754402.04246,190565550.06814826,47001754402.04249,147569278.2640407,38874306828.60706,7979878295.171361,0,0,0,46811188851.97464,0.9732150055836408,7.865146476754647,21,101,559240,1685711,549160,1635660,0.9819755382304556,0.9703086709406298,0.9723733099755592,6073,21173,5133.481513297848,14091.993772345533,147.2770341098688,959.4737584153421,3,0,0,45,0.9631565467263089,1,0.9631565467263089,1,1,0.9993494203673461,0,269375.2273548918,14.79528166283127,0.0011507059690498956,28.457424914440818,23529.60695702135,47826.97554852323,6.398241648031139,35596.359093880645,16.064188775368983,188585.17030629033,256.31895796632017,534,1,25358.65560330708,20.15708844271483,5181.867608207727,5209.698796589724,0,174835.6835936844,0.49197355022270234,0.9946578123863484,0,0
870,9817450,2379512,2885596,1022727,3529615,0.8646246192860622,0.0000027641957731527183,0.030982603797233804,0.00003302609219068842,0.166774060473952,0,0,15245,15125,17103,7.612498005694323,30.41856244029037,0.2502583092359198,5.7942504639941035,7.14231314960181,51.50062241765516,741.370202707622,62.890981511091546,7.2106362937231845,103.79973366877005,0.5059380352896581,688804.1312572259,457096.6202305987,348492.20886768063,48984478795.662895,3.256414402616161,0,46072167070.80615,46072167070.80615,74735318.54632145,46072167070.80617,146784178.65028226,37945040077.14231,7980342815.013564,0,0,0,45997431752.26013,0.9737811638184796,8.509720381752517,21,101,532713,1706021,531219,1648818,0.9971954880019823,0.966469932081727,0.9993937648717055,6073,21176,5163.86489347739,15195.069106205765,125.73226327868943,1047.0281207019234,3,0,0,33,0.9627807099792091,1,0.9627807099792091,1,1,0.9997973703026032,0,261903.96063851268,14.41648709477019,0.0014128791084237343,34.981205072245935,26264.425670630597,39746.454453094084,8.845926430318563,28631.3221712972,22.063698465471855,181932.51692208662,262.3380325883145,534,1,26415.9028652026,26.054019725977245,5532.883863726134,5541.807709493666,0,194720.38482075618,0.660799209187979,0.9983897229504654,0,0
900,9819432,2328676,2930464,1016081,3544211,0.8671174374517506,9.97436380297948e-7,0.05195861254766214,0.000011944266485407042,0.16644873145412076,0,0,15125,15112,17094,10.307632535823027,25.80907983499004,0.3993800864550274,6.028096490620462,9.540593634639045,85.21851509697977,731.6441925622233,72.24993784284379,8.932202581983663,76.68749142672233,0.9899420898179391,279021.63565506047,443781.95440441894,276215.26110479014,61646502363.06316,2.6850872005553654,0,101441028910.08163,101441028910.08163,101215096.76681985,101441028910.08165,144961177.4780711,93314979276.73914,7981088455.864421,0,0,0,101339813813.31511,0.966069635061249,8.918391592373316,21,101,457193,1624718,454706,1556565,0.9945602841688302,0.9580524127879423,0.9912142135947627,6073,21178,4448.206450411959,15494.601420632947,169.2010210637928,786.3683456610662,3,3,0,30,0.9622714196800973,1,0.9622714196800973,1,1,0.9999523118552979,0,263047.70822609233,15.694416608766835,0.0012817441208460355,51.96744910107801,30595.315741609178,39921.71599469641,10.500012623795115,39612.17206379825,27.90279638777798,170940.71697515718,283.3193929437905,534,1,28687.073701046742,39.088749762420406,5427.186518643027,5404.027410240208,0,203645.68465826334,0.7663827813832892,1.0042855275602292,0,0
930,9821521,2437828,2815376,1009575,3558742,0.8696248993947313,3.5991669092510177e-7,0.05096283286139848,0.0000043197814943011004,0.16612589842245412,0,0,15112,14992,17081,4.401536906523583,27.08693648428273,0.16249666731701415,3.71186503774986,10.56717298473884,120.0772508965464,678.6589964258023,70.29036538386356,11.363233200588514,64.223326087869,0.9152248030178378,280854.39024615736,686494.2891515141,257044.90398973433,62842837855.90842,2.4124738553755045,0,101440801762.8791,101440801762.8791,43229787.16001757,101440801762.8791,144734030.27553862,93314979276.73914,7981088455.864421,0,0,0,101397571975.71939,0.9837474685292781,7.7592066133274,21,101,412607,1426245,412610,1396356,1.0000072708412606,0.9790435724577474,1.0000113604089746,6078,21138,3748.815713157473,14617.206994198481,252.45345994256363,443.6553256198384,6,3,0,18,0.9234226317073051,1,0.9623801650362609,0.9610424666710443,1,0.9998472961340357,0,254504.90555835943,16.882898112514624,0.0002751610277783232,80.6530350961063,28307.56982791808,43624.73531868019,9.20388289120722,29206.335765603842,33.43519813267304,305068.67378282786,250.44076360776265,534,1,23820.991302165894,61.221282426095186,4937.348791646709,4917.965011548746,0,167267.02444814856,0.6488880590593916,1.00394142293661,0,0
960,9823596,2607161,2640100,1003094,3573241,0.8721378639255795,1.2987092792259674e-7,0.183910971808674,0.0000015622987130523938,0.16580058870499154,0,0,14992,14995,17070,4.596543457425363,20.34970235609949,0.22587767511241386,1.6021211898754395,10.148140669478195,133.0100598324586,609.4566862724482,70.27124353261296,13.10684037249336,60.05599509528535,0.3631523403150251,1134102.8625769634,411852.108702791,411852.1087027934,49359697596.91433,1.943997944230297,0,129450153945.90262,129450153945.90262,45154585.92251021,129450153945.9026,144818386.03905487,121323198493.8613,7982137066.002267,0,0,0,129404999359.98044,0.9802341055132636,6.770602484609738,21,101,294683,1267604,294683,1236724,1,0.9756390797125917,1,6078,21133,2384.8162284247064,13299.843397755913,413.30773982706336,610.0646572543769,6,3,0,18,0.935094651395947,1,0.964415345632312,0.970679305763635,1,0.9999218792597137,0,276495.8254797363,21.6660228519057,0.0010009338697273774,124.74858762564033,22530.730328563983,37284.116553063715,9.537446120216755,45386.2342887936,31.21518168277354,192862.1125237427,193.89448273892054,534,1,19683.293550508068,97.17904193673048,4271.510457386244,4264.023479089324,0,154051.15153022416,0.6042983557488258,1.0017558482812385,0,0
990,9825828,2527971,2713383,996727,3587747,0.8746736053317521,4.6862573382796616e-8,0.21963067245139917,5.650233170416553e-7,0.1654761308665285,0,0,14995,14830,17062,4.444587373165535,19.292951671067303,0.23037363328032723,1.5052457381264943,7.9685575880919,97.96873799552043,555.4712164893105,80.29161008432794,12.294412999151003,69.70787502614009,0.8719143008532848,314464.5110524676,1636539.1256954973,274186.10429748235,50666682054.873,1.5789872039023485,0,137417975315.9245,137417975315.9245,43671751.06001459,137417975315.9245,148980142.52957654,129286363296.23273,7982631877.162206,0,0,0,137374303564.86485,0.9891539212835251,5.971858760027905,21,101,571789,1154457,571789,1135734,1,0.9837819858167086,1,6078,21136,4027.153986968401,12338.593189861112,409.1330844844527,968.2262968505867,6,3,3,18,0.9360364914293153,1,0.9767919281746148,0.9592445632547008,1,1,0,260590.9307767788,18.313610822936766,0.004061440301004646,175.58164417625747,19226.449120147696,35450.11520072378,9.526185297792498,21749.39043964084,32.87112991359461,286518.1191151327,243.7695975696079,534,1,24834.975093883622,126.40030932109242,4461.725568383922,4443.349077195343,0,175420.9431797214,0.542352232462002,1.0041357297995994,0,0
1020,9828115,2669924,2565654,990348,3602189,0.8771786037759346,1.6910119956753286e-8,0.0863856567393869,2.0434718798238448e-7,0.1651553731310633,0,0,14830,14767,17054,23.465643319093815,25.36362055916767,0.9251693094979757,1.528062723707754,6.816906631674667,60.904824005428786,481.0647510242783,79.06586146580744,8.934378493968998,70.56936188461454,0.9906671785947491,277333.84807609237,738004.9491858039,274745.5408023672,50508635130.349266,1.384240298342942,0,137420020191.5777,137420020191.5777,230623041.08935097,137420020191.5777,151025018.18277535,129286363296.23273,7982631877.162206,0,0,0,137189397150.48868,0.9877652067076546,5.357307667372189,21,101,470788,1104964,464184,1092289,0.9859724546929828,0.9885290380501084,0.9959344791204136,6061,21088,3577.542259697633,10646.503235365459,291.8227159349981,793.0907760844624,3,0,6,18,0.9746048675953538,1,0.9833573265950543,0.9912475410002997,1,1,0,278187.34816568566,21.447517419115062,0.0017216967224286638,206.45238873370846,15374.181721903586,19668.744920222685,8.033627499699644,26780.652365565144,20.56704950704811,230031.69514076965,222.9531122232102,534,1,22829.311222321023,118.96527810510324,3907.250151139532,3876.6728729945767,0,156597.55945622927,0.7816554530684067,1.0078875053806993,0,0
1050,9830538,2370207,2859655,984030,3616646,0.879693575088597,6.10191495751914e-9,0.04197930055376303,7.390451327733343e-8,0.16483380665432554,0,0,14767,14617,17040,73.16913105148863,26.582540872980616,2.752525855263903,1.6333713945475767,6.249793164795872,47.96722480603995,370.7553762873446,79.02113375468451,7.6750099629267705,59.32282341370156,0.9920582889084527,282545.4186457134,997692.597868449,280301.5245605889,67126140580.89816,1.3471058322270704,0,129417722428.34547,129417722428.34547,719291923.2289972,129417722428.34549,71963812.43656039,125532047427.3757,3813711188.5332203,0,0,0,128698430505.11684,0.9214252259975256,4.859760313283297,21,101,588954,1424453,548536,1306668,0.9313732481653916,0.917312119108177,0.977152214346269,6044,20892,4605.411807990047,11512.556506976407,160.4517767905471,687.7832819898654,3,2,0,27,0.9631823636247773,1,0.9735036518431522,0.989678711781625,1,1,0,241519.60639917292,15.622191827907201,0.002475883547662775,198.70108067316795,20480.97845451554,25209.535523343056,7.035772151713103,16144.427927751378,18.728335332301175,200794.6488246318,295.1542727745699,534,1,29474.174665661027,79.73796061715537,4317.704313974675,4308.791425834854,0,167609.1297806374,0.8124298218644666,1.002068535526315,0,0
1080,9832962,2739289,2661624,977881,3454168,0.8206110707578514,2.2018122507811953e-9,0.023525091720971048,2.6727770279662405e-8,0.17185381169987232,0,0,14385,14367,16791,108.08891469195625,19.043949821482673,5.675761368055366,2.637255504994253,5.101076710850408,46.46897590407534,259.4824734713532,42.6549045729738,9.109640677473449,50.86817708885121,0.9590012683837027,289056.3592532332,392971.1203621414,277205.41515822586,53598563972.45498,1.1357792171697456,0,129396087727.59259,129396087727.59259,1062834190.7876147,129396087727.59259,74317280.80873688,125495546494.20572,3826223952.578149,0,0,0,128333253536.80531,0.9884866815133828,4.416897345144859,21,101,525370,1184997,508202,1182473,0.9673220777737594,0.9978700368017809,0.9915542801686634,6016,20877,4891.026468181691,9968.414174293057,61.64132854290743,951.6859537724367,5,6,0,27,0.8548915851924519,1,0.9835404751693141,0.8626123476584414,1,0.9999992208049575,0,268696.1233318076,19.071397400338274,0.0013284537287586292,112.95567471071531,14476.674004613036,22100.39305334314,5.661268636277585,32856.21827836089,11.727316702746734,340180.1192321996,161.104767059691,534,1,15688.459840855408,35.0617170592192,3831.653635077446,3829.4603443023907,0,127357.11379142705,0.6550414723245449,1.0005727414773515,0,0
1110,9835098,2433659,2960877,971563,3468999,0.8231592114687899,7.944335770961818e-10,0.04302130881187894,9.666405850796954e-9,0.17264474639703642,0,0,14572,15127,17263,136.20958574754883,19.057206854088328,7.147405534842473,4.303593135129632,5.923337117542175,52.09376361569681,385.01938117072535,48.18008615784968,8.794664659794435,65.00041674657967,0.999999999999999,289589.31239147065,1059915.9621007598,289589.31239147036,38667035703.97772,1.7563840269495863,0,103166280325.16457,103166280325.16457,1339634624.3669734,103166280325.16458,89524772.99412264,99743839116.12119,3332916436.049281,0,0,0,101826645700.798,0.9533369983179806,4.048432366797949,21,101,601280,1412371,580470,1339218,0.965390500266099,0.9482055352311822,0.982668893490417,6016,20861,5381.482277394165,11562.505958811305,66.12196639538249,1058.276932338527,4,3,0,23,0.8774892722206344,0.999203110186462,0.9700207271222362,0.9042085903241346,0.9999999441604926,0.9994440509523594,0,256273.15711919763,16.0196755172214,0.0005184371303244208,100.10712109275643,21951.456570786948,25398.683657502716,5.421426900194324,26287.16216431594,14.623094281554042,367575.7869806543,197.69056885270393,534,0.9933675000895381,20257.162057746547,38.31203116580576,4403.5295422604795,4404.2712278629215,0,159910.58349288715,0.8642753642983595,0.9998315985632878,0,0
1140,9837221,2570330,2817721,965373,3483797,0.8257475662349892,2.8664475597221085e-10,0.07437599542341036,3.4959669697333937e-9,0.17230872418135162,0,0,15127,15128,17251,126.49560339910478,16.297411573712075,7.761699017477336,3.9253583030350754,6.424396315245554,48.72867018661959,539.464449015033,55.41851805476399,7.584941494188793,83.97122819693503,0.6505136721176422,464200.013920742,301968.4556526453,301968.45565264253,38055036661.55371,2.37979176095721,0,103421278104.84064,103421278104.84064,1244365206.1655886,103421278104.8407,90163754.96082851,99993010624.49203,3338103725.387823,0,0,0,102176912898.67525,0.9531467458771087,3.8446518274228656,21,101,544038,1424726,538278,1338243,0.9894125042735985,0.9392985037122927,0.9845825716026813,6016,20815,5088.932061863745,12108.046334168888,98.88596009526529,615.0923523502213,3,0,0,18,0.8990597953648495,0.999699537847994,0.9655876087394352,0.9315151990734474,0.999999981619844,0.9998007985732555,0,265983.84041870874,17.009167949756517,0.002714024520775804,83.56914017634222,19637.863209624615,22049.898206140933,4.899940533770446,36095.67030681836,11.471247660363513,320848.3296661239,229.74874631931638,534,1,23508.87463193164,30.38147480775453,4353.0790694892585,4369.730025710174,0,181575.79157381368,0.8906101527559631,0.9961894771249147,0,0
1170,9839383,2217291,3164123,959411,3498558,0.8284010484976625,1.0342692140372674e-10,0.0318174464670052,1.2643567052855794e-9,0.1719747061375698,0,0,15128,15079,17241,63.71851030969754,17.040667469030744,3.739202729323712,2.447087686745502,8.0177817714304,66.67577054001232,610.33339467552,63.258349905073835,8.31598719456256,76.12247527742757,0.9608864809613682,292600.7636020307,773455.6862683538,281156.1180641645,45670778591.653755,2.6001183021212095,0,105160177327.80334,105160177327.80334,626950827.1268845,105160177327.8034,80965769.4543079,102322992166.96368,2756219391.3854046,0,0,0,104533226500.67682,0.95895760596504,3.770956202733581,21,101,568907,1675772,568907,1583645,1,0.9450241440959749,1,6016,20864,5113.0115388195645,14974.278724425289,90.80224402294111,621.0902303026479,3,0,0,20,0.9577096510163022,0.9999583363365081,0.9591077266193615,0.9986019327284725,0.9999999958342342,0.9999330790972517,0,254601.66917016113,14.19347839235444,0.002588757012453989,94.73432862446792,23343.487444463368,26586.892863588695,5.079377349588462,26065.75656769709,13.194917000445841,300679.95354796015,534,534,1,51530.65594915173,18.908353371738823,5427.530344578189,5418.225867782439,0,209520.54622032124,0.8780073536322389,1.0017172552460532,0,0
1200,9841857,2339614,3035447,953539,3513257,0.8310223828157485,3.7317677115374464e-11,0.026838114102377807,4.572691595889179e-10,0.1716359016392943,0,0,15079,14754,17228,152.68402459359504,22.30785967960453,6.844404922144544,1.5519473446488088,11.542861258065825,100.49249635579145,702.9954652225375,61.64327203471144,8.706029996294907,60.90305076926262,0.8932785555349255,322838.59181117744,713712.0664200997,288384.79096401803,52151417301.07627,2.963361288868316,0,105159589025.35287,105159589025.35287,1502694336.234929,105159589025.35297,80377467.0038563,102322992166.96368,2756219391.3854046,0,0,0,103656894689.11821,0.9627952798652403,3.832009350783075,21,101,594093,1662368,594093,1578417,1,0.9494991482030453,1,6016,20863,5080.961780965416,15390.324915749014,120.31954970520562,763.8834133848212,3,0,0,3,0.9457613136838332,0.9998667002895939,0.954094669456906,0.9916666666666566,0.9999999897203885,0.9995305291196754,0,256821.86987807418,14.185722682689102,0.0008542474920867986,36.24203391515031,21251.461137344475,23660.254714022787,4.726803974593648,50013.71603776884,18.19247442783738,382607.26360053365,387.45737011687874,534,1,39279.737011687874,20.246547804681278,5543.822629685855,5533.722364354896,0,316279.7870586254,0.8981924072334401,1.0018252208307412,0,0
1230,9844406,2415251,2953466,947732,3527957,0.8336608169139852,1.3464787552560661e-11,0.021049660433249167,1.6537665631624675e-10,0.17130154932659217,0,0,14754,14670,17219,34.511896221921354,29.466879212731026,1.1712097495214442,1.5878682925029022,15.983047713912253,134.06661123301106,607.7157325771309,60.528225783973454,8.388050491541383,38.02251882462642,0.2513831118354215,575227.5109403513,1174945.1537673469,144602.48171352944,54618008336.39645,3.3414245607133157,0,103543520029.57272,103543520029.57272,339749118.23876345,103543520029.57281,92096217.30507076,100658955798.70282,2792468013.564899,0,0,0,103203770911.33427,0.9741743310881052,3.9819025826776815,21,101,530160,1483147,530160,1431152,1,0.9649427871950657,1,6019,20846,4334.804408290928,14756.904903954044,172.96305620052368,912.605553034923,3,6,0,6,0.9313482334466612,1,0.9646330912414393,0.966715142205222,1,0.9992361770853178,0,274166.5852590399,16.774480669615436,0.0022622631868167956,33.388715937132396,21204.83590204604,48885.09270818367,4.6339911286304245,40765.30796862545,19.130412154391482,262759.94367919175,243.71810314419946,534,1,24545.41029147013,25.690695454179718,5069.820051353598,5046.936241546815,0,201023.18788242,0.43376896160608525,1.0045341983158815,0,0
1260,9847003,2430898,2931474,942006,3542625,0.8363147875604303,4.858208822643291e-12,0.025479736869945653,5.981037181455442e-11,0.17096450564704815,0,0,14670,14608,17205,23.827291154506565,33.59842831334777,0.7091787428949649,1.6768902185566525,17.55162144848614,138.22081200642853,378.07839227016393,45.74684450799518,7.875102161478666,21.540938162312855,0.07985064973446143,1762388.2026798367,2293642.2757035014,140727.84306833462,40534867549.20596,2.653747555841345,0,59809479175.26825,59809479175.26825,234627407.4805886,59809479175.26831,160590642.38011357,49153024797.04691,10495863735.84127,0,0,0,59574851767.78793,0.9856326258868715,4.0641143557949375,21,101,488967,1331477,488967,1305322,1,0.9803564011995701,1,6019,20855,3980.8219685387253,13823.981067042318,228.4175518658558,1044.84712858411,0,4,0,6,0.9417341596117054,1,0.9707276978491561,0.9682465020636238,1,0.9995897335400422,0,264395.8029887597,17.682489475581228,0.0011462101771903222,39.357671630865276,21760.478525447143,30654.00584337811,4.860828183338336,43946.543969469574,20.393039107498108,206772.3022624091,247.10811106334563,534,1,24744.425767242952,27.499747979173414,4723.898131964127,4734.243837998564,0,172680.41942429997,0.7098738950018126,0.997814707820624,0,0
1290,9849421,2333529,3022395,936424,3557073,0.8389769907115934,0.09988145598144751,0.05575820991226412,0.47488053078700876,0.5310248186162415,0.1591316890607072,0,14608,14780,17198,25.27695499088014,58.83341884952786,0.42963600425004006,2.5200096657633044,17.64341453038394,112.60240368000389,336.3713628265118,41.779383531734155,6.382120846624667,19.064981001678706,0.036918757648248146,2489725.017711564,3269711.2554658228,91917.55453967332,38872239159.83295,3.0599615663921504,0,73842162410.24406,73842162410.24406,248963371.30350798,73842162410.24413,164538347.66888174,63181760326.73395,10495863735.84127,0,0,0,73593199038.94083,0.9966977809313933,3.98691450515206,21,101,510186,1436081,510186,1429654,1,0.9955246257000824,1,6019,20889,4515.698021031,13577.949180081458,174.2990083421339,1210.237289506073,3,4,0,15,0.9660218755199609,1,0.9857570480342059,0.9784273877316711,1,0.9998978668916383,0,259856.0107038543,16.07489343681052,0.0008945351549656357,33.03432406826445,15980.280552262935,22107.044046249455,5.191474166428945,33880.11947733609,18.390913065349203,230221.570734983,254.55475496317456,534,1,25989.475496317453,22.337118898591278,4979.566517132392,4949.427559934926,0,192872.204415739,0.7228592171269523,1.0060893824250379,0,0
1320,9823458,2780628,2562733,929388,3550709,0.8384417597837766,0.23785147189442238,0.1591183697194091,0.6410014165690789,0.3904616887454499,0.4401531517720135,0,14780,43108,17145,10.335576752323519,89.8331027872111,0.1150530977072621,3.413543491939163,12.14932638546399,57.79025684272498,305.5956321257983,39.486085567559826,4.756663456820774,25.153298415904516,0.35320541148038354,504500.2493186108,516772.21815253625,178192.21815253602,34764817797.57734,3.8034343713659706,0,45930117802.06574,45930117802.06574,101531104.1324988,45930117802.065765,164206373.30967656,35238979551.50114,10526931877.254951,0,0,0,45828586697.93349,0.9983603697440259,3.925013613183973,21,101,453059,1100340,450836,1100016,0.9950933542871899,0.9997055455586455,0.994614337694081,6009,20834,4011.0819083318356,10720.696065365011,198.07885082330074,1487.6201978062331,3,3,0,21,0.9961915911795518,1,0.9961915911795518,1,1,0.999881215488283,0,271063.52781666827,20.974034490718775,0.0003359074430450783,27.558146144094934,14360.267509047124,22028.239684788874,4.635724641380005,42447.57966636509,20.228871083285927,240308.5631937797,204.27058217757332,534,1,20961.058217757334,19.008093335102643,4122.665505003138,4082.335550905354,0,157407.4720985619,0.651902635641072,1.009879137467972,0,0
1350,9809975,2684651,2650580,922545,3552199,0.8387160743368001,0.11981993021771092,0.22225894826465334,0.5677245461829398,0.733946620659074,0.09657404835384392,0,43108,30586,17103,11.557980372426133,76.76001195932439,0.1505729360562213,1.801556243558228,7.588056924402079,22.03141910129449,194.1425825236934,32.35671500136807,2.903433556282989,25.585282827723564,0.47834867878379383,323735.30320173956,479789.9999940924,154858.35456222302,35473956945.28369,3.0915444107562893,0,37965443819.593025,37965443819.593025,113383498.50425728,37965443819.59304,159374798.35329652,27279631955.144722,10526437066.095015,0,0,0,37852060321.089005,0.9971314689046336,3.855313677547273,21,101,589100,1127458,584815,1126819,0.9927261924970293,0.9994332383113163,0.9887100057679911,5987,20782,4677.127061542513,9742.726318598514,131.76363622884855,1714.1938648505306,4,3,3,27,0.9943051089730823,1,0.9943051089730823,1,1,0.9999447513814679,0,248380.24486423467,17.41355300473592,0.0012000739906139445,26.78955202114548,15685.839678406795,19559.41560017953,4.395664982862033,32830.53536746829,23.296421229155627,214338.39501195183,245.51003930056487,534,1,25085.003930056486,15.087155881984199,4022.947262525063,3991.5899178618215,0,174594.11222255713,0.8019585042337778,1.0078558532586028,0,0
1380,9808631,2506825,2821724,917234,3562848,0.8407695978773959,0.049002914436208925,0.1064671833018824,0.5076826820860051,0.812576902933753,0.01806388679521128,0,30586,18436,17092,171.0681896329449,88.3526818917857,1.9361969095909173,1.482628143134939,6.072188072024598,14.790546054334177,188.1343909389423,29.705524679606075,2.4357852357169647,30.982965070812476,0.9945023062428362,341629.14233033574,859564.2880638482,339750.969927281,38741318335.79808,3.3635889467193327,0,37963237176.02676,37963237176.02676,1677944747.947729,37963237176.026764,157168154.7870246,27279631955.144722,10526437066.095015,0,0,0,36285292428.07917,0.97697493298975,3.9236593944824016,21,101,609451,1302943,598954,1269407,0.982776301950444,0.9742613452775755,1,5992,20761,5000.377800232005,10385.952458182088,87.88126089433635,1259.2393649412277,6,1,0,33,0.9808418385172388,1,0.9891751718505721,0.9916666666666667,1,1,0,244950.12765287404,15.732513854841159,0.0009452437990650651,20.520675080524352,28742.771160007727,34222.52365232466,3.969135053360761,24428.00935311498,21.08321233085368,375630.29944843735,271.96939958859934,534,1,26565.98440760182,11.254009101555464,4193.31647454568,4203.120069668409,0,150280.8343253906,0.8398787725888619,0.997667543405796,0,0
1410,9810864,2564850,2757182,911857,3576975,0.8434432562600149,0.017727164027466637,0.041036915223303036,0.18360928716147423,0.830822545292647,0,0,18436,14843,17076,241.24662092326824,59.39639937660254,4.061637127086533,1.6209017923239593,5.164352685735266,13.93216850975361,260.2983573838171,28.08813201749218,2.6977569808964437,50.40290104562399,0.9978183385525942,288318.83220077667,1309070.5706413083,287689.81812000315,33040192327.87965,2.408873931624756,0,37961359165.60265,37961359165.60265,2366837788.338053,37961359165.60267,155290144.36292616,27279631955.144722,10526437066.095015,0,0,0,35594521377.26489,0.9590432478783989,4.0105877891071735,21,101,605008,1267870,571208,1224963,0.9441329701425436,0.9661582023393566,0.988093252079592,5992,20687,5123.225423557144,10046.039027069162,87.7438005530126,1038.532690409682,3,0,0,36,0.9520296968459994,1,0.9740566542198981,0.9773235810922345,1,1,0,265600.14139686304,17.744422422822527,0.00124657941991244,16.578898525784826,17986.104131256896,32207.753271187343,4.854194264474179,35814.28674193601,18.365395228178674,334528.2592939958,179.42264974318533,534,1,17584.173694838228,12.182341596506628,3805.350372725724,3799.3182766888153,0,131915.57075799574,0.5584401985389972,1.001587678524834,0,0
1440,9813704,2869847,2612381,906647,3424829,0.7900941004277823,0.006414270730907526,0.0915880859585048,0.0664044126804262,0.8413242339487721,0,0,14626,13987,16827,283.4255961159134,46.79089363377714,6.057281109743879,2.095887237110267,5.881094470062866,16.64219875627388,331.8025008392902,34.779237055605456,2.8297791917795845,56.418495320607114,0.7604455015628445,413948.91916482657,390645.5001473778,314785.5934556939,32798328565.412773,2.1421743441676493,0,37946564414.95955,37946564414.95955,2781454906.305357,37946564414.959564,153008157.7647547,27279631955.144722,10513924302.050085,0,0,0,35165109508.65437,0.9639185760161286,4.027875399122663,21,101,551923,1318042,538389,1264105,0.975478463481319,0.9590779353009995,0.9826509265349044,5992,20605,5101.025130973246,10881.738812813857,94.71692671422647,881.1610917221608,0,0,0,33,0.9201055742737368,1,0.952671039719302,0.9666654609818023,1,1,0,272406.0759141022,18.13527762627352,0.0007208995868377871,20.307409899240458,5334.87256001811,32909.94040386869,5.170732746310147,25256.975371681954,14.572300766882076,352485.3924984789,197.68713875163658,534,1,19959.689156653603,15.248269253536524,4202.7433388665595,4230.208371529438,0,153130.20914398058,0.16210520270012324,0.9935074043047792,0,0
1470,9816084,2654679,2820260,901400,3439745,0.792912030618058,0.002315639245054779,0.06254292109289859,0.024015920390532297,0.8417107066320948,0,0,14193,14918,17298,254.79929895977818,39.19344591109738,6.501069070010845,3.5265410985897327,8.463700877798793,30.476836562363548,439.419765025316,46.532560860583246,3.60088772067874,51.91815866011543,0.999511046225305,295501.6451318856,545645.3497565761,295357.15848706977,40628775537.173645,2.065610035248456,0,39506251152.316025,39506251152.316025,2501131321.730698,39506251152.31605,162211878.95743787,28876546090.992332,10467493182.36628,0,0,0,37005119830.58571,0.9549330688916867,4.200746480461194,21,101,546779,1652572,538256,1561977,0.9844123494135656,0.9451793930914961,1,5992,20598,5065.871213824775,14090.892857133478,104.7688253532573,732.470545336527,3,2,0,27,0.8211692481064522,0.9991963378847918,0.9429315140324842,0.8653112988221789,0.9999999548112408,0.999453373183294,0,250379.54271229525,14.305815176447293,0.0010260504018165346,33.098425334449544,27356.85962966471,49311.20340627514,5.637546663286589,47799.37816448386,14.828457134708174,371765.7347018378,301.69975516158974,534,0.9954551037390719,8966.043971574989,24.903482458451773,4920.193577544553,4945.575255668364,0,160593.0447636237,0.5547798013419276,0.9948678006477164,0,0
1500,9818734,2519155,2948628,896348,3454603,0.7957431741530342,0.0008359715492329442,0.06006260944168471,0.008685634115613463,0.8401415090784616,0,0,14918,14634,17284,284.7424559877378,36.90761002660173,7.715006628240227,3.2094479850653914,9.073048154359016,64.28123540742708,796.3935452320769,77.05791539782018,7.084855531880328,87.77574324340614,0.9998408011773046,300378.86235806596,800463.5927927995,300331.04239681596,54502001526.392815,2.2202074592563594,0,118645594993.2589,118645594993.2589,2795810433.8509707,118645594993.25893,157017258.95743787,108030042455.49161,10458535278.80988,0,0,0,115849784559.40855,0.9517330323122278,4.334401673028545,21,101,577927,1890117,577448,1771471,0.9991711755983022,0.9372282244961555,1,5992,20573,5207.5606139317715,16070.61222814818,132.1353075168062,369.7286953223613,4,0,0,12,0.7993713164690971,0.9984304655424534,0.9436588505210778,0.8497028779259438,0.9999999323144145,0.9989373252215171,0,264283.76516733697,13.501551913914628,0.002135567787448751,65.27695248038917,19080.4120870135,52408.84847426075,8.797771865935387,74650.83915965348,19.228582751988746,393696.1310988704,499.8535458494102,534,1,15493.70695382782,51.44998421728697,5052.9454035335775,5056.755271895313,0,205948.9274601646,0.3640685235888049,0.9992465784565628,0,0
1530,9821465,2332615,3127767,891645,3469438,0.7986772720296859,0.00030179605007430745,0.05235103217280072,0.003141259579626563,0.8385858932450505,0,0,14634,14541,17272,227.15646337464457,33.69346681901039,6.741854870407081,1.6441636178183605,9.990279839139388,100.03997716165456,1545.4398667053554,145.72964441411955,10.013731223996674,154.69435206916958,0.67050111740184,327060.18751131214,349208.81790257647,219294.22118399013,84870687397.61954,2.3279930952045422,0,118945614225.5291,118945614225.5291,2231009254.5584455,118945614225.5291,157017258.95743787,108330061687.76178,10458535278.80988,0,0,0,116714604970.97118,0.9608465411603551,4.351150541344494,21,101,588424,2045494,588424,1942367,1,0.9495833280371392,1,5992,20573,5134.049592657962,18482.376250919537,158.71547424032067,256.444656582323,3,0,0,9,0.8721570734878138,0.9995942795816428,0.9479902482391058,0.9241668861975856,0.999999965415057,0.99970598025074,0,256708.9476115702,12.172112874349729,0.009897011847735199,126.14175482007349,7886.7546195351315,59116.89139976273,12.465598050062573,16830.736091138853,25.481029365497143,180692.6085410979,498.6432111730078,534,1,46448.13112686415,113.20704959632377,5776.772585340774,5812.596351408904,0,243162.31271884294,0.13340949486337142,0.9938368735927366,0,0
1560,9824225,2136926,3316137,886977,3484185,0.8015975608570816,0.00010895141666838542,0.02195285046053611,0.001136072693743525,0.8370315215704037,0,0,14541,14506,17266,135.27896042363435,27.244745543287955,4.965322954060836,1.6290088185451503,14.19818912958732,136.45794097005958,2492.85969418241,259.85239692467275,9.610939798350596,175.57589009626514,0.9990916965052341,290485.4654693984,465727.1084931838,290221.61650593387,160188078325.89246,2.249471439594338,0,118945614225.5291,118945614225.5291,1329010944.968584,118945614225.5291,157017258.95743787,108330061687.76178,10458535278.80988,0,0,0,117616603280.56117,0.9746287780358167,4.369789382156342,21,101,548110,2120307,547852,2052864,0.9995292915655617,0.9681918703282119,0.9990446815049598,5946,20609,4811.0157484407555,19754.042991457387,72.57974993385939,153.9195291904563,3,0,0,3,0.9374304715267655,0.9997916959602555,0.963257176670629,0.9741733355353765,0.9999999791754511,0.9997991574815748,0,253929.07810288668,11.716577039686918,0.008305289262143066,241.35471310690124,26346.172409843854,37099.90407956675,20.086512205653435,46715.15416491859,45.812158819988646,319212.08989139186,436.77391988126516,534,1,44211.39198812652,197.19850193243707,6496.242277026098,6482.248624636396,0,296890.9242073985,0.7101412540943561,1.0021587651446318,0,0
1590,9827097,2033729,3412050,882397,3498921,0.8045346680429007,0.00003933230327605896,0.007935700898881458,0.000410873769821692,0.8354850878138275,0,0,14506,14381,17253,80.97443830118989,31.618381194311297,2.560992537965815,1.6988042569830963,19.21027236876843,201.45628449319437,3457.8085981575277,353.6781437336839,10.486904122229774,179.99789548945412,0.9999999999999988,284094.8800078031,861478.8871311401,284094.88000780274,248480605279.2074,2.666633305659189,0,119290111084.94572,119290111084.94572,795743659.707064,119290111084.94574,146523588.65622342,108717357586.22528,10426229910.064224,0,0,0,118494367425.23943,0.9829344460816187,4.351535391109242,21,101,574049,2108079,573187,2063169,0.9984983860262799,0.9786962443058348,0.9971150209679741,5946,20706,4986.210120026158,20282.39591773014,83.56464106504991,70.92923179827265,3,0,0,0,0.8271996693536205,0.9999864411642639,0.9665738749117593,0.8571553351228651,0.9999999999467797,0.9997979722027647,0,261394.2639519887,11.897980270585096,0.002601543576264971,383.84529472255014,2420.2928148822307,68227.3904565537,25.655864663461884,25948.037836866697,53.05261898143901,415206.1587306764,409.1020061269513,534,1,39477.155329167996,277.05901470057097,6305.341914988173,6304.6708343226555,0,170723.40620423135,0.035473917420650015,1.0001064418243477,0,0
1620,9830131,2055564,3382981,877922,3513664,0.8074928128755026,0.000014199435345146015,0.0028686513867055125,0.00014859722943539051,0.8339430064563738,0,0,14381,14211,17245,58.572433976188734,38.76596468801565,1.510924194653053,1.778091169256564,21.03257448921117,221.30272306030898,4167.775877067818,446.69014720483455,10.521903686770633,198.15814175319872,0.8826950342127304,457400.40199023724,403745.0634836934,403745.0634836891,294723733617.3455,3.1914606557795646,0,319442600615.6412,319442600615.6412,575774698.9755163,319442600615.6413,84288819.61533399,316634192363.56244,2724119432.463533,0,0,0,318866825916.6664,0.9977705562836691,4.398273389671696,21,101,580258,2102474,580257,2096494,0.999998276628672,0.9971557317712372,1.0000032998835142,5946,20706,4959.807818998907,20607.498080353347,86.50323759080713,27.639304033573797,3,0,0,0,0.7847124342573818,0.9999583335207273,0.9867084771606988,0.7980039654299041,0.9999999958333895,0.9995506097736684,0,258732.85244004868,11.599114857080783,0.004717445592772008,530.1629435154564,23743.713460376814,51528.6142918537,36.744336047025634,26146.1977355379,58.90460670670937,109182.50033425937,534,534,1,40300,306.3643840629718,6544.632339006939,6556.952978177289,0,232760.87982178965,0.4607869585992442,0.9981209810088078,0,0
1650,9833411,2063697,3367791,873560,3528363,0.810445130321562,0.0000051261481009218695,0.0010369680005476284,0.00005374189889380555,0.8324043406708008,0,0,14211,13953,17233,253.2779774384266,44.72140330254592,5.663462206786518,1.6712098465158176,21.182913672887175,231.12225453791203,4222.549589295183,485.8935899654845,10.91078678348835,199.3375252574336,0.9999999999999925,309839.35581165215,357481.268648547,309839.3558116498,421755519913.89374,3.512525688843758,0,905581063327.8135,905581063327.8135,2490586449.4014893,905581063327.8132,84058075.53544869,902772534476.3442,2724470775.933622,0,0,0,903090476878.4125,0.9985015141076379,4.545376706458926,21,101,514804,1981716,514804,1977975,1,0.9981122421174377,1,5946,20706,4691.155727649763,19681.147525992426,103.34543944674677,75.5761516967105,3,3,0,0,0.8894916527543414,0.9998750006529157,0.9915076397506029,0.8979840380032242,0.9999999875001959,0.9990525482267711,0,264128.79265851213,12.714907787261309,0.026843984342174998,438.36989090157664,27327.885198480675,47859.65133732083,28.830454228450094,32913.9781647932,101.32906274667072,140778.02878639978,472.760806639297,534,1,33390.204253702395,299.5062495013162,6475.181964001129,6462.443908411838,0,226777.67950061362,0.571000507418458,1.0019710895397809,0,0
1680,9836527,2044553,3379836,869124,3543014,0.813388936523542,0.0000018506061712400834,0.0003748491867945687,0.000019436376490234572,0.8308698791758514,0,0,13953,14110,17226,307.24229043231304,62.32739468788337,4.9294903464341635,1.7127907104830946,22.114641095334772,235.19984759962495,4043.920280606774,496.7349106550429,10.635481108903996,182.8616735480218,0.9999999999999979,310125.4639984476,914782.4452684396,310125.46399844694,503308976604.4117,4.057804141271797,0,905497358674.1506,905497358674.1506,3022197085.379638,905497358674.1504,84605944.60206145,902720398705.1663,2692354024.3820934,0,0,0,902475161588.7706,0.9999012251812704,4.768520338044208,21,101,569733,1839788,569734,1839549,1.0000017552081413,0.9998700937281905,1.0000031573430328,5946,20706,4738.691875741258,18532.74717521379,128.70400590909557,171.59226319057026,3,3,0,0,0.930251880776787,0.9999393364946821,0.998844357196328,0.9314075243702854,0.9999999954385627,0.9985921680641885,0,247302.71637835543,12.317492783289739,0.010041272699368652,432.15994918919756,26707.389231684723,38965.2349950067,28.874706485869293,45768.372438748826,195.6748031120744,181411.678678306,420.039969184202,534,1,42318.04484485543,301.6123107881878,6186.3041974652415,6165.106902051133,0,242406.05417190745,0.6854158388909296,1.0034382689142107,0,0
1710,9839774,2220364,3196788,864958,3557664,0.8164109111208251,6.680977868590835e-7,0.00013550185877097821,0.0000070293893376679005,0.8293462837662735,0,0,14110,13965,17212,101.00505895916965,73.92776532255135,1.3662669028135561,1.7086854529948143,17.4490827287981,166.37634313778617,2743.001346842544,391.9405071045268,9.534962136616922,157.20031760268256,0.7445506967288771,464734.1420119522,395577.1649444946,346018.1292286959,356213776057.2527,4.233744401070014,0,905618348310.5099,905618348310.5099,993866953.0151716,905618348310.5094,97122693.32883817,902814329354.0334,2692354024.3820934,0,14542238.765070444,0,904624481357.4948,0.9994140404284202,5.11908423375464,21,101,447301,1703018,446039,1703020,0.9971786336270207,1.0000011743857082,0.9954130441103777,5946,20706,3685.9194136134984,17452.239650657248,224.19649004312024,282.7390628956231,3,3,0,0,0.9445238566205473,0.9999393364946821,0.9989551169118643,0.9455687488315573,0.9999999954385627,0.9985140006042158,0,265290.437941748,14.813391606749633,0.006043256415174195,428.55379620729684,19714.91143711979,29364.771712499387,22.710264685634037,51516.725087766434,206.29933241049136,204228.82382782781,473.1477720357914,534,1,14225.312777356768,243.26901633857338,5656.576349556561,5642.025669903485,0,193280.1512638566,0.671379693673149,1.0025789814694912,0,0
1740,9842895,2063033,3346890,860684,3572288,0.8194149898251787,2.4119835023161027e-7,0.000048982514600737713,0.000002542259586571882,0.8278256549521253,0,0,13965,14086,17207,85.53302961794449,61.899071138661014,1.3818144286259273,1.7198490617159679,15.527308717738771,106.83694457216075,1829.9507830407344,299.93621767870064,6.880583526371679,117.8536999750739,0.9999999999999982,288955.2488049032,523188.2644280416,288955.24880490266,292118977048.51685,3.595969531803891,0,906472455972.051,906472455972.051,841892629.5614963,906472455972.0504,348236036.7137019,903394401970.1812,2692354024.3820934,0,37463940.77344315,0,905630563342.4894,0.9999981441339787,5.6207137795329025,21,101,404799,1750529,404799,1750525,1,0.9999977149764443,1,5946,20703,3135.999395319637,17051.61416521393,254.53701579053944,438.41379875073403,0,3,0,0,0.9520941423746745,0.999958333798855,0.9999771475462881,0.952117003166363,0.999999995833473,0.9983745000334286,0,213000.7304542047,11.85904655379171,0.005602737761968938,220.65357410902678,22157.58271588824,30234.367852999694,16.27667418468494,51234.6328655989,182.79153065350476,139591.96514183996,317.8736547637584,534,1,32321.36547637584,152.22068167228042,5457.733158704298,5426.022602228846,0,207814.629711758,0.7328607901980619,1.0058441622529228,0,0
1770,9846061,1723410,3679294,856480,3586877,0.8224320636481288,8.707754930761367e-8,0.000017706265474343327,9.194374496918746e-7,0.8263057683676751,0,0,14086,14027,17193,603.2827402241173,58.21498497001406,10.363014617883387,2.1889443141308798,16.515636364138775,58.12593194250416,1448.3834251420592,272.579334550075,3.51944851902382,87.69770617419299,1,314743.2099379741,913597.1266123203,314743.2099379748,285135453404.34094,3.2119674253671784,0,907762777596.0378,907762777596.0378,5939958660.495041,907762777596.0372,1243940021.9584064,903786418561.5444,2692354024.3820934,0,40064988.15218933,0,901822818935.5442,0.9918527822252536,6.346711975551124,21,101,539967,1928974,539967,1908859,1,0.9895721767115575,1,5946,20695,4259.188829423126,17613.274589699606,192.8875631394827,559.4462361315534,0,3,0,3,0.9560591553849845,0.999958333798855,0.9989621254286636,0.957097038289375,0.999999995833473,0.9984696297362309,0,249962.2002807182,12.248916024938557,0.005926514546058471,195.33812463308033,28722.09518467571,37074.0894608716,12.076193765361683,62177.85598532863,198.16079326487412,102264.1770928209,429.610469523745,534,1,41327.338894863424,94.74754172771924,5908.289308708769,5919.3255665973975,0,209143.1691104596,0.7747215266065893,0.9981355548424459,0,0
1800,9849428,2053699,3521252,852238,3422239,0.7667290708025954,3.1436006320854115e-8,0.000006400474640672417,3.3252513958884674e-7,0.8290271272605881,0,0,13810,13591,16958,1415.8090549466044,40.66822789430484,34.81364023596596,4.082104549050562,15.240861497562673,52.87758424234453,1681.512080199614,297.66845785124326,3.4694616344883618,110.32920156570692,0.9990880982103955,320924.6414210917,795853.7363917375,320631.9896662516,271930258890.7922,2.589591460997812,0,908830177938.0132,908830177938.0132,13944909348.445248,908830177938.0125,1784264734.3401566,904299346133.812,2692651698.379975,0,53915371.48029936,0,894885268589.5682,0.9798127666407004,6.962458638101427,21,101,552795,1838766,549813,1793469,0.9946055952025615,0.975365544065966,0.989981252645796,5946,20695,4813.951738675693,16900.10608635473,182.22090953064654,635.6190050624425,3,1,0,0,0.9088859725174383,0.999958333798855,0.994329580824698,0.9145564000257944,0.999999995833473,0.9984195774366421,0,230811.05383407592,11.819886151171353,0.007080159939617185,134.0162778926669,29773.92899521727,43375.94372330681,11.470156323807135,33909.126088921235,201.22750850513822,196727.4552963688,341.39418085651056,534,1,8323.628640725152,93.02158439190312,5674.0397299839815,5677.464273633038,0,173492.43940755352,0.6864157051001316,0.9993968181068157,0,0
1830,9852400,2039297,3527959,847906,3437238,0.7697048599884755,1.1348627643027611e-8,0.0011074449642732992,1.202615452477356e-7,0.827475132962527,0,0,13793,14434,17406,1444.6074698553393,42.74232925049465,33.79805207594345,6.362628211601191,14.53848465029012,52.9436727924892,2016.5369134330203,314.1139326500967,3.6416224982177003,138.7033767231566,0.9963710551212747,325403.51288924844,836308.6829619317,324222.6414776298,272855249187.28174,3.37639416582803,0,915502587219.1523,915502587219.1523,14232850636.003483,915502587219.1516,2523557334.5583262,909843502319.448,3081612193.6648703,0,53915371.48029936,0,901269736583.1498,0.9918818786095674,7.498813190203468,21,101,663361,1759367,647127,1755933,0.9755276538717229,0.9980481616399535,0.9863969950234274,5993,20709,5418.451328120784,16205.391183969881,122.57128202536695,588.1423784901299,3,2,0,0,0.8871331758432298,0.9988333287755873,0.986977216492347,0.8996683220861139,0.9999998947900031,0.9977608985252545,0,258801.28020556705,12.923586437570451,0.005935781076512903,136.33336139607877,27713.84097914063,38592.49259705,14.141704648961829,41142.72998529251,183.30482618475378,198234.29795555669,424.66299199961355,534,1,43000.29919996136,98.06376611453445,5667.340828270537,5656.937589184526,0,241637.67648945985,0.7181148227067113,1.0018390231325693,0,0
1860,9855495,1930073,3629529,843683,3452210,0.7726979377300749,4.096946936895374e-9,0.0030515348578065205,4.349397246552801e-8,0.8259289868241017,0,0,14434,14301,17396,1337.3203050110023,41.31118006781294,32.371873735288375,7.8207973804588615,15.0064142728751,67.80073504181406,2322.545973166676,365.457547224344,4.518116973777509,154.77021565137,0.7773464516616619,382910.54464875074,297654.15318653913,297654.15318654076,288738783417.7217,4.9704792741246155,0,837329890049.0999,837329890049.0999,13179953579.43583,837329890049.0992,3072217652.1280065,831119145472.1609,3081612193.6648703,0,56914731.14542292,0,824149936469.6664,0.9858582678003782,7.785871671280539,21,101,586650,2042943,571520,2020886,0.9742094945879144,0.9892033208953945,0.9972038449769449,5993,20717,5205.532666264194,18000.36950186921,78.62043553658413,411.5699077857106,3,1,0,0,0.8440967152810328,0.9975949721828078,0.9705509351017059,0.8719399646155676,0.9999997637474574,0.9968764831955446,0,241523.1149359774,11.179874522863043,0.01061663458530416,161.36000084942893,22509.23270929589,47840.38446475457,20.57742846691469,72258.97068903914,172.20893609095842,243082.35583241138,363.1449495386474,534,1,35213.49893031404,113.0607703425196,5627.352480025835,5773.001937979437,220.30777628142695,187201.5370348872,0.4705069359523879,0.9747705856470612,0,0
1890,9858705,1994012,3557607,839925,3467161,0.7758252142302993,1.4790596714677952e-9,0.0033820739391114984,1.5730095908340474e-8,0.8243901202034142,0,0,14301,14174,17384,1011.4171439566612,45.95034602778814,22.011088737939296,7.684768143184357,14.309117705338222,99.14275504550942,2722.9370685054196,425.32455631231824,6.928642078925858,190.29384792114672,0.002948649845014528,327254.1955667497,870335.5212565539,964.9580330382369,315272524635.3881,6.883951505498256,0,836068040606.4878,836068040606.4878,9971263254.211622,836068040606.487,3428572904.31953,829500940777.357,3081612193.6648703,0,56914731.14542292,0,826096777352.2773,0.9835199570651035,8.173227976154713,21,101,616166,2137771,615777,2092775,0.9993686766228581,0.9789519083194599,0.9988151299720601,5993,20745,5442.348620025643,19401.98752640387,78.32089784055675,241.6527025053772,3,2,0,0,0.8293612311021413,0.9936324532257683,0.9760276963140265,0.850870563075582,0.9999989133144669,0.9944043791690539,0,248649.88290705916,11.016213072094278,0.01060312248389006,187.33460897271357,32450.651383642373,50897.94140991052,18.3082738429573,44537.85028128414,186.65552607084865,313766.385624948,446.4928616096372,534,0.9940639743100305,45044.04102115064,138.7182411736733,6123.377533208658,6347.741041279326,677.6081860075054,244982.29062693915,0.6375631407623844,0.9646545902531888,0,0
1920,9862018,2193029,3350415,836473,3482101,0.7790416932145432,5.339529266554181e-10,0.0016291930960211872,5.688970293106701e-9,0.8228628258435545,0,0,14174,14070,17383,884.4915695082134,62.50536399147136,14.150650648621118,7.725071512631315,17.159282441584427,165.22139134964578,3110.814274359073,464.66702484465634,9.628688840113867,181.29046391941267,1,329577.22610881686,439131.735996637,329577.22610881744,331966215171.2925,8.590724771942984,0,836542364614.9875,836542364614.9875,8722871779.33895,836542364614.9866,3492933360.1027503,829910904330.0736,3081612193.6648703,0,56914731.14542292,0,827819492835.6503,0.9370243985849182,8.810832888087162,21,101,630033,2194680,628689,2018136,0.9978667784068453,0.9195582043851496,0.9960609312812355,5993,20745,5584.1051450749965,19809.046152901483,77.26290052731781,191.43809018992673,3,2,0,0,0.8277018916113822,0.9933839055102391,0.969481064315698,0.8535487591633525,0.9999977588956691,0.9945384889852815,0,227580.39787958324,10.317889450775924,0.015713348428752546,230.29521158542488,13693.13485283158,44588.48146411474,24.421692087727333,55548.003130525,218.01922175815687,564790.6855566744,354.90788442274254,534,0.9952152069055683,35170.63144403609,164.21926206641157,5870.6832460116175,6416.217250002094,7308.216692148376,195172.19785034607,0.30710027350565755,0.9149757586543226,0,0
1950,9865496,2238319,3296907,833325,3496945,0.7823113274868994,1.9276050452456563e-10,0.0007356699660987628,2.057481606243112e-9,0.8213440054103717,0,0,14070,13889,17367,561.4684963443842,79.215223409466,7.087886294811487,6.796519394281198,23.993342590611597,205.8946480523257,3372.2507377586257,498.0291051836853,8.581324059986983,140.5494347035315,0.9999999999999966,324059.50313388853,398167.91237511666,324059.5031338874,344499429449.96484,8.041658521679928,0,841548376492.3672,841548376492.3672,5539165204.812166,841548376492.3665,3554081819.0330524,834750953680.8329,3186426261.3553257,0,56914731.14542292,0,836009211287.5569,0.9075336243926484,9.710689469738004,21,101,574028,2266172,574028,2003549,1,0.8841116208301929,1,5993,20771,5281.039422479734,20089.969246506174,70.28172385583724,179.4639067413404,3,2,0,0,0.8721816437453556,0.992990838243035,0.968814940365196,0.9031195020282025,0.9999894013730337,0.9948162183176635,0,237727.8196207632,11.067501903722599,0.01669311341045225,271.47972504286537,26173.005835210486,44994.44475262759,27.43889939586536,25882.89073519471,265.89364769105356,120531.09135288438,422.4310404317238,534,0.9970037453183521,42220.13380682216,189.95492514796547,7013.864479125452,6458.911929923098,16057.477329705293,208227.84526061304,0.5816941620039001,1.0859204391116324,0,0
1980,9868907,2206227,3320668,830209,3511803,0.785615069582469,6.958997069017191e-11,0.0006516992227960528,7.441119116333094e-10,0.8198235123707215,0,0,13889,13948,17359,304.05316082795747,80.12017102216402,3.7949639516351734,5.614710716028702,33.32321805260165,303.36643718744443,3486.138943306876,508.3067811705088,9.10375572697006,104.61591487964655,1,311306.2259307207,810476.0290266966,311306.2259307207,377177680427.7766,7.501705116150752,0,769956542163.6866,769956542163.6866,3000672367.268119,769956542163.6859,3659188695.5755763,747804541440.6931,18435897296.27192,0,56914731.14542292,0,766955869796.4209,0.9321516060173927,10.713586072812626,21,101,605911,2199756,605913,2009394,1.0000033008148062,0.9134622203553485,1,5993,20771,5472.255086241892,20032.446408660468,79.5109965258765,131.5535695631941,3,2,0,0,0.8039100105328024,0.9921481620237453,0.9830841677317108,0.8208380473075777,0.9999681827444611,0.9948528645744648,2,242650.0829291833,11.133687154701914,0.015563800602090155,277.86717739826565,18896.829724040752,37852.61560509933,36.05285630442362,67162.4991567265,299.34722986098797,347899.47099189745,375.0062775545971,534,0.998630989195944,11620.958767035567,195.30892152485657,5939.085010131853,6207.265625216477,22676.488031358316,198046.72781976746,0.4992212406451262,0.9567956921329154,0,0
2010,9872279,2233179,3285424,827036,3526640,0.7889090771704361,2.512309205237201e-11,0.003065301692224085,2.6911664014611496e-10,0.8183050742386839,0,0,13948,13979,17351,580.7924615655194,102.06455497421946,5.690442305972157,3.341640552324818,54.01781784682353,521.4259503787823,4707.505740461383,562.197972383036,9.652851062169374,87.14727710420097,0.823108182684792,484001.98509542376,398385.9943677265,398385.99436772603,426201522865.2049,8.605730480428395,0,581055140555.7737,581055140555.7737,5733745221.672637,581055140555.7732,3862769980.181345,516582616403.09106,60552839441.35532,0,56914731.14542292,0,575321395334.1035,0.9387961365374695,11.839514110453505,21,101,648751,2162199,647679,1991230,0.9983475940692191,0.9209281846860534,0.9970562956006448,5993,20855,5733.997527480507,19966.871863276832,82.1020575752318,133.72259701059696,3,0,0,0,0.8032188833235563,0.9918664258648736,0.984121747148545,0.8187079603119021,0.9999318819994747,0.9948533250244861,5,213748.71055590129,9.71986728860607,0.013796297380783853,364.4690059471,29573.696480611143,52034.284146496204,36.096942894529164,43692.14204108075,241.8063997748971,319668.79341819696,352.5983099554953,534,1,35511.98229557652,282.67851106760446,6854.418443192263,6197.695433959674,23724.723828449274,202531.45791650223,0.56835021305088,1.1059624526939704,0,0
2040,9875758,2264946,3245408,823931,3541473,0.792218430975578,9.069876196846903e-12,0.01992189970779366,9.732913137294755e-11,0.8167956322947565,0,0,13979,13861,17340,680.468630451558,160.531094140335,4.238858733851885,1.9606084643679027,67.26488348444768,585.0233084177889,5967.045880847599,722.4485891200757,8.697306500992486,88.70967393004167,0.006657158925935769,331928.4909818929,895062.8784586971,2209.7007165125124,462543956412.31213,11.877359550517399,0,582371345452.0055,582371345452.0055,6720143520.931861,582371345452.0051,3939348587.621815,517806561383.76044,60563964093.02883,0,61471387.593864374,0,575651201931.0759,0.9026459367238714,12.966865095004671,21,101,624803,2278630,624805,1995967,1.0000032010089581,0.8759504614614922,1,5993,20855,5160.291179191081,19962.312348213494,137.13859664217154,204.94299924460677,3,0,0,0,0.7618992467557144,0.9914695846958825,0.9579565304487121,0.8039525718781765,0.9998863481573382,0.9943620105479973,19,242193.76580391798,11.089576619587724,0.014803585603439346,502.1483923131906,36726.723181462505,55036.07335013316,59.70172330907826,47541.57413436799,373.5713749517519,210250.6210722367,330.3404296444791,534,1,31327.595583284045,363.70174742837213,6227.7666764636415,5807.002832434272,20438.84228240392,199362.42382250566,0.6673209214583918,1.0724580056478097,0,0
2070,9879153,2415804,3086213,820863,3556273,0.7955511587841332,3.274390242363676e-12,0.0296805373466357,3.520020095624412e-11,0.8152892257058879,0,0,13861,13936,17331,969.8060508530524,348.61092421079167,2.7819152628351023,2.0439093052688553,68.4046412395944,652.343542719853,7582.194949448095,976.9968190720322,9.536539201118702,110.84328215231282,0.16817594581395023,1723526.9009304533,289855.76669976563,289855.76669976563,549232137962.41187,22.223600887555484,0,701738226456.3474,701738226456.3474,9580862356.703611,701738226456.3472,3975792676.1930227,637116079764.7975,60581329227.99551,0,65024787.361037694,0,692157364099.6453,0.9576217120425401,14.465284493957794,21,101,627520,1993256,619684,1890028,0.9875127485976543,0.9482113687353757,0.9826199864833942,5993,20855,5048.719413550318,19300.715157965682,167.70704292023945,378.2532651618616,0,0,0,0,0.7712016038460904,0.9917415345961905,0.9565258117852077,0.8084420549259893,0.9998395235433225,0.9939918482042363,28,260120.4209301424,12.437463147810222,0.007438424787827096,653.8427357863726,20203.496113229834,55970.758839288486,50.36298920407383,49378.35348915401,496.6940681923798,194260.94738585156,277.5489946950552,534,1,27999.69968157887,502.35281709234715,6292.818193570049,5654.190444801064,12124.091814118923,198309.12973223504,0.3609651991898323,1.1129476898600388,0,0
2100,9882578,2583974,2909760,817832,3571012,0.798881780588576,1.1821210080207594e-12,0.0434311001786763,1.2730557951988082e-11,0.8137886693128048,0,0,13936,13890,17315,1283.6954239368574,638.7251004753598,2.0097776382695622,2.2451189517887173,60.139486334858724,560.1288882185473,11565.686913017906,1364.131299340034,9.313828939271787,192.3143614599527,0.09915235262521382,4202206.891865118,416658.6995463137,416658.6995463139,707886718479.7112,31.944201167611176,0,703576140679.8522,703576140679.8522,12686220155.299742,703576140679.852,3830128896.6485076,638756531007.8673,60944488882.0165,0,44991893.31957856,0,690889920524.5547,0.870324469730176,16.90895590789692,21,101,576850,2119796,559471,1787486,0.9698725838606224,0.8432349150578641,0.978819327291131,5993,20855,4611.069677417073,19041.924234701368,169.12601141707492,456.88908292543755,0,0,6,0,0.7693598753476022,0.9911481501024675,0.924363984590071,0.841189996821465,0.9997372996536623,0.9938951621333463,31,236486.03904780938,12.091540103093974,0.005156633836718074,1041.1148469925636,17708.12102392492,45041.16361808687,67.40440189517905,33099.03006896001,368.4487282841326,214461.240157416,265.82636222184067,534,1,26447.456845433753,785.6385157485523,5553.799262071201,5544.051248475501,8171.445567192574,176797.467490819,0.39315416391271896,1.0017582834571346,0,0
2130,9886106,2835916,2649482,814985,3585723,0.8022586510586834,0.00043137157398112587,0.09145056899120559,0.03635718193150375,0.8122923221741705,0,0,13890,13778,17306,1610.787003527467,678.1061611281158,2.375420097714078,2.5546079423956605,76.61849704603843,535.7492153243048,16756.00395237282,1898.7549716376168,6.992426580782243,218.69397858723974,0.0894119832551753,4276759.755765306,382393.5716688952,382393.57166889514,1024149786723.369,32.166111708782964,0,705353946366.6355,705353946366.6355,15924411060.29547,705353946366.635,3181226602.886398,640425651418.9034,61704344823.073105,0,42723521.77207706,0,689429535306.3422,0.8101653601447807,21.41964401830494,21,101,584309,2163572,533399,1692839,0.9128714430207304,0.7824278554168754,0.9255284682236988,5979,20943,4769.33316629612,19490.801946712483,62.610688747144046,361.09471563871756,0,0,3,0,0.7760810524840756,0.9915226949739001,0.852415609851055,0.9158014842762943,0.9996154224825775,0.9937459943030205,41,250899.28486973429,13.524121942203895,0.005250503851118593,1629.0778054577374,24408.212987690087,44335.798772196955,108.70310155719922,29713.15108944965,335.2255365642671,211203.93937015452,265.7019357875113,534,1,26592.987047018498,1214.1414228079905,5913.263042919771,5755.356469240568,8031.305382880773,181947.14387580313,0.5505305794331716,1.0274364541142034,0,0
2160,9886782,3235003,2427931,811178,3412670,0.7458762542526541,0.06527277229037434,0.1827650536748993,0.6514874799809364,0.7207406818517896,0.10156317798855077,0,13591,16415,17091,2402.4295171898752,1027.2230747829078,2.3387612449200503,3.6209983957034186,129.60066025884598,818.9451065581899,23998.798728446607,2750.1300429653925,6.318988691280932,185.1749727240186,0.12412430981326894,3382198.1170358323,533550.8978912107,419813.0069288102,1476448445721.837,48.48828407782578,0,706548127836.7858,706548127836.7858,23752296906.82095,706548127836.7852,2765373810.514594,641591176084.6317,62162704803.19493,0,28873138.443967037,0,682795830929.9656,0.7672999967525277,29.08088969603717,21,101,637035,2103558,519969,1582888,0.8162330170241824,0.7524812722064236,0.8299559756571281,5979,21052,5601.453206780021,20335.073488935435,0,242.95244902529487,0,0,0,3,0.5022453355686018,0.991007378963809,0.7318296199274862,0.7461387040553545,0.9994526793197384,0.9936421365475295,43,238197.3901396531,13.592786773783653,0.01581200141761396,2332.3592179301663,18270.928196926252,45279.7810502098,151.5491622090054,21030.03383206263,524.2372593278881,207840.53907577385,254.59015418882535,534,1,24375.98989577055,1754.9902946435823,4985.100096038778,5310.789521585673,11240.396981728298,166899.12774078234,0.403511849508857,0.9386740099145086,0,0
2190,9859607,3504503,2143788,793055,3418261,0.7455911885559721,0.12309377431332869,0.29639643291188184,0.8739564345495858,0.6602758101818865,0.10885616434813274,0.057634041600238224,16614,44673,17498,3263.262305622061,1360.560484845909,2.398469117667814,10.975283398870742,136.39932668817548,1487.3896396701648,38768.97082323796,4214.671201942997,10.904669955376747,284.23139442519596,0.020812802543600628,5164105.10403154,107479.49984462571,107479.4998446086,1842407906486.6182,77.57512237403749,0,7288331567865.232,7288331567865.232,32174483871.347145,7288331567865.233,2329737114.677679,7226537105148.307,59435852463.80403,0,28873138.443967037,0,7256157083993.885,0.6832800866493779,44.230139602629386,21,101,665075,2121327,476400,1427493,0.7163101905800098,0.6729245420437302,0.756828665054013,6093,21052,6025.750287022287,20319.52013411162,9.388616906071865,159.6552102950953,0,2,0,0,0.29732538828708593,0.9902394616581659,0.6592566057148309,0.5916280170521855,0.9992517144841763,0.993296060462735,48,237946.71473606097,14.997484505866304,0.009735256298883763,3779.060680769516,7552.563038507413,39121.718636109814,220.55777953340728,26704.97415670142,734.3049217786617,139754.92703525338,370.1957526750592,534,1,21000.201392887142,2692.7869226902617,4771.884541435563,4666.184701966189,15664.2427169881,140252.25388237994,0.19305294608239187,1.0226523050887453,0,0
2220,9628147,3641783,1969832,609282,3407250,0.7157533080940157,0.12787686244349744,0.3618175321843205,0.9544148933571057,0.6723534653137306,0.05271647805128027,0.09593455521607637,34670,131606,0,8421.340200052964,1536.5258027505045,5.480767185932113,24.96501846638174,212.1605981259447,2769.909173430557,74538.37914991322,7408.112260119608,13.055719100990933,351.3299821377062,0.015656929139615805,9846727.4739043,154169.51431602766,154169.51431602766,2519257567642.4575,129.12119367342743,0,7406618488411.428,7406618488411.428,81081901383.1169,7406618488411.426,2245860484.571889,7344760612170.189,59586141977.88528,0,25873778.778843477,0,7325536587028.31,0.6607571718803407,63.12855790282734,21,101,655080,2004369,460103,1297147,0.7023615436282591,0.6471597794617657,0.7851261348825908,6093,21036,6013.103403905368,20188.526281650746,17.003922021245693,76.36266331598205,3,4,0,0,0.27433103724276414,0.9881807476120067,0.606919285164085,0.5864280673411006,0.9990019244307916,0.9927776094019457,63,242468.76868916448,16.557833115777346,0.010819364416227625,7104.334988596973,10548.481539681543,42565.00058123725,355.71713312095164,19360.708544593406,1040.8827178714726,96892.94992639982,534,534,1,19033.868307900782,5234.070209650544,4264.024441575775,4458.346367706702,19603.07101618218,116746.72779239596,0.24782054259694616,0.9564139010063315,0,0
2250,9372898,3514890,2036794,435556,3385658,0.6882981812365401,0.13210886146256717,0.3818527200752864,0.9810130847052283,0.6894220976265825,0.0510179455703028,0.09602899764832605,70865,127903,0,14718.383613412097,3048.4486451852295,4.828155342770349,35.28320612692595,479.4007793078168,5654.383251239401,129308.82710188311,13391.54785973182,11.794689319035916,269.7301145162629,0.006061294857651389,11762677.49488755,71297.05661197334,71297.05661197336,3174364752100.8516,237.24455076159558,0,7820443263190.634,7820443263190.634,137953908333.3899,7820443263190.636,7201594947.076522,7753595369667.009,59620424797.77114,0,25873778.778843477,0,7682489354857.258,0.6405582689918469,87.49492393341737,21,101,662898,2030284,446687,1278453,0.6738397159140622,0.6296917081551152,0.7664929815637158,6093,21036,6093,19758.275251757936,0,161.42973351676378,0,6,0,3,0.2272339386827049,0.9835543025220536,0.5873318960749186,0.5266817131070409,0.9986937328214244,0.9909181354297144,102,238145.1855963831,16.56527717841217,0.011408250580381361,13954.972762486668,14348.336020555804,44070.44103502301,666.3360546382768,16006.681898958828,1394.15364846473,65076.01735664785,534,534,1,17617.83435922895,8746.75477590327,4728.290804839393,4169.849054419933,26040.825834756197,106294.83442739511,0.3255773185739872,1.1339237327613876,0,0
2280,9050996,3596289,1858698,240346,3355663,0.6592149532162038,0.34109590391714545,0.45857329928025337,0.9931331634785255,0.32477486455634275,0.43199787073157475,0.08370979282280094,96511,166829,0,16890.44112730225,6660.940705396707,2.5357441049756804,46.86047161760446,824.343334165856,9339.441590486702,156663.32859141438,32843.24983013959,11.329553116283982,190.04621266203392,0.03877598636658264,3368343.7036980144,130610.84953255838,130610.84953255838,2924565320987.841,461.35616477937214,0,8844119559177.844,8844119559177.844,152875315081.45157,8844119559177.85,7140725544.194565,8777331814597.39,59621145257.48129,0,25873778.778843477,0,8691244244096.399,0.5890349568421134,131.55571985983653,21,101,677887,2046644,413888,1190956,0.6105560366255733,0.5819067703029935,0.6812568554535969,6093,21036,6093,19709.678907674897,0,239.7004956344641,0,15,0,0,0.17781498079681096,0.9807774578478604,0.5316053915702216,0.5025046269091554,0.9991596012555253,0.9897532628010773,124,244971.88662409317,18.317435460948964,0.01370761474983601,35653.61992066853,14431.981370874006,62148.22346742645,1826.2309090152767,19400.586903119653,1867.1838122984752,57885.44114103517,534,534,1,14558.198778164176,7437.7120279214105,3545.147455077376,4009.2877068518865,15097.963840198167,80420.87151510101,0.2322187275142015,0.8842337378329589,0,0
2310,8745855,3521520,1685669,218006,3320660,0.6795731823830478,0.5204519914153574,0.6371952083079822,0.99751652951095,0.18576411340000493,0.23484290558213006,0.4126338705592535,138118,295133,0,29409.422724614495,9146.256039637125,3.2154602492170454,60.198460944493945,1081.1279509172634,12748.651576346523,145252.3038716232,29097.16618993032,11.79199147106516,134.3525562801207,0.018638720703450518,3248746.8018405214,60552.484279224314,60552.484275733805,1991946978590.9207,661.8817881735022,0,9183175950571.768,9183175950571.768,257210546783.16956,9183175950571.775,9317846907.908726,9113976829061.441,59855400823.64712,0,25873778.778843477,0,8925965403788.594,0.5573794801908645,211.7308027611537,21,101,671265,1992405,375261,1109414,0.5590355522781614,0.5568215297592608,0.6315190180305585,6093,21031,6023.96451388791,19399.843151701232,11.008244958687493,322.3422553825602,0,17,0,0,0.17499492848744141,0.9764630988462303,0.4829321642197365,0.5446533921391007,0.9988699544768506,0.9892043994524794,137,241826.3501323815,19.545800943563933,0.012593122270142424,30768.960703194338,20154.609805141263,48483.711067557204,2740.1523379219047,26480.85309714486,3820.2131337571395,83462.48941730829,534,534,0.9911798088398984,20994.750025962836,4418.666608524264,3988.651867406909,3976.796028544371,20779.52082993777,97025.02994531176,0.4156985792002974,1.0029812539485152,0,0
2340,8018315,2973786,1637742,178473,3228314,0.7387544865823216,0.5726183930151992,0.8082042407761557,0.9981425135818698,0.1937264874228563,0.03245993703165815,0.5903634367070887,204051,495332,0,47692.437317528405,12365.462011963267,3.856907026311447,88.28783172278295,1576.8476655902732,17929.958404694233,173671.972878124,24691.973965664198,11.370761295437108,110.13871324920412,0.015259451273779812,3840098.2842365806,58597.792654833705,58597.792654833705,1451526257296.0208,891.160212816649,0,12991492763135.193,12991492763135.193,382412985529.64825,12991492763135.203,14635057645.191135,12932226126648.855,44605705062.377525,0,25873778.778843477,0,12609079777605.51,0.5218394964166831,300.3491055727264,21,101,673775,1973493,376592,1004857,0.5589284256613855,0.5091768757223867,0.649956376728365,6093,21031,5955.07300872266,18322.77323080349,19.968159058958747,538.9807516026847,0,25,0,9,0.13924426094169776,0.9741427376216129,0.4700897295973306,0.5072889317340377,0.9984841382919607,0.9888360998491835,144,258605.85592343486,22.463878659879725,0.011415789930904674,28573.064638295004,15748.011285500937,29927.046552692806,2032.1659001003552,45920.82326140617,6390.74951405147,50555.86889255119,534,534,0.9911798088398984,16856.000890735526,5778.559074073187,3831.3575661718965,3791.7149064961973,17650.87014177959,112496.89889899042,0.5262133454356507,1.010455073931793,1,0
2370,7112369,2526199,1259713,134139,3192318,0.8786408664543708,0.5559939957343032,0.8697873859731577,0.9968669300453298,0.218114105159617,0.0003550153261170786,0.5732504879878982,467650,865497,0,53615.18631279086,17710.635244283603,3.027287591510645,102.1256221725334,2231.9234233736247,22662.777315054394,199921.01255887153,23884.898048956766,10.15392243197971,89.57341926036352,0.03496601328562432,1409391.7819052064,49280.81177505877,49280.81177074727,1560950281019.2947,1086.4156574969334,0,14127458538537.012,14127458538537.012,381330989060.2832,14127458538537.021,17704695267.37539,14107239557917.043,2488411573.8240333,0,25873778.778843477,0,13746127549476.715,0.42175568530250956,380.14788195572453,21,101,659738,1875967,294985,774463,0.4471244645601739,0.41283402106753475,0.5270085988642581,6093,21021,5863.20484445707,17288.682120670022,28.767270268500567,766.7861738268545,0,32,0,9,0.11554269177730321,0.9645612972134499,0.42212765789631196,0.4890432510751962,0.9978676716268833,0.9888621037364774,150,260614.235896565,29.242850804889812,0.008665301928878376,37236.8899438736,3340.903663683589,83424.99193425315,553.4091479540672,25186.160009620726,10340.44638938116,38825.66753913682,534,534,0.9870627263056208,5623.477693340581,4855.835895833093,2689.6818595999375,3455.532793121716,29818.73800030167,25477.510999810453,0.04004679636429021,0.7783696525623444,1,0
2400,5718048,1768712,710456,94818,3144062,1.3064382889743655,0.4947860434335581,0.8689275275679732,0.9972574578358053,0.20499040931450732,0.0686708121372888,0.4657979436339114,621195,926070,0,64627.068530843695,23093.203668376682,2.798531960264247,40.61861033589189,2526.3334167054422,23972.27049717499,202954.06797831197,25430.211181034705,9.488957529777249,80.33542470533509,0.0891326323113224,667979.1476815324,59538.739761928526,59538.73976192853,1665411789788.1323,1259.948626337786,0,14193053431957.566,14193053431957.566,369540679958.6093,14193053431957.582,18168047096.017185,14172133458212.209,2730609527.0190053,0,21317122.330402024,0,13823512751998.934,0.2609964757581002,402.258789144525,21,101,638352,1834804,179605,465880,0.28135730756698496,0.25391267950146174,0.3308751694860059,6093,20984,5615.16719126031,16444.6511409899,71.65281872051409,787.5542936310786,0,40,0,15,0.10319536943660634,0.9487788116939394,0.3102895351485197,0.4723154862667896,0.9969520789699442,0.9888818204956883,158,256556.4642786294,47.69557110302412,0.004850978283552585,31417.706607728425,1390.329234828761,85091.94344759865,489.20157495484057,11470.04990944032,16169.932313615502,40464.25161367906,534,534,0.9765839162172829,2894.208883230396,4174.945562057946,2032.7233987990471,3212.1304434825834,59739.60629513915,9010.316267569286,0.016339140681220356,0.632827163953894,1,0
2430,4205136,784806,285403,63832,3071095,2.929266152686064,0.34688907282854325,0.8461205541480454,0.998111149923108,0.27986538366416686,0.03754242431160371,0.32695304028216926,569100,882749,0,92819.26078261899,26221.652365830218,3.5397944983655187,25.374180709948917,2780.4605373581667,25823.894398423912,167810.58707533966,23557.81725992811,9.287632049243284,60.35352231065419,0.03462745011880353,966545.6007341208,38264.00782761933,33469.00957696978,1864311309210.1887,1306.7644891608234,0,14187912707936.104,14187912707936.104,390317615010.3201,14187912707936.123,18309889708.443306,14166847816246.793,2751780497.0882645,0,3221483.7981582535,0,13797595092925.75,0.10624177423161524,411.68532624261445,21,101,641909,1768960,77012,179123,0.1199733918670715,0.10125893180173662,0.14974679721709236,6093,20962,5324.190076838268,15999.67500129984,134.73427833839366,917.2544482270905,0,47,3,24,0.05461023584851426,0.9143929584662024,0.1371812594890857,0.5104162033791035,0.9954406330633744,0.9892682071542356,162,258999.47434683485,121.34201464704232,0.002057350828136954,31366.226061099303,117.49440863535415,78799.8606896608,555.8016915876703,4449.517632894969,16569.606148791732,19756.783728652135,534,534,0.9655721684100482,348.18656400847993,4419.985088062554,179.19478162112912,3044.4946364015177,117346.0592937629,1753.4022714215453,0.0014910484308860003,0.05885862943510745,0,0
2460,3299241,234199,51528,45300,2968214,10.546829666079859,0.1820882181701966,0.8352422205069217,0.9981648465430939,0.3569984732852192,0.00027976131479937353,0.18901711029900514,195892,341936,0,136685.52860613837,39779.23401152189,3.436102579716542,26.598982198986327,3016.0321925882376,28710.437764203336,173192.23185182406,28558.57193259485,9.519274308396952,57.42386711834049,0.0034350389254552693,1931278.5237808945,6634.016905083066,6634.016905083066,1206302007406.3884,1752.5751369607558,0,14404222501805.914,14404222501805.914,450958500083.9832,14404222501805.934,18398726288.475124,14382701837531.691,3121605309.9346404,0,332675.83124467306,1,13953264001721.896,0.017849145295570867,383.8937678630345,21,101,695422,1934844,16404,30544,0.023588554863090326,0.015786285612690222,0.029826949948049155,6080,20962,5176.8754218257345,15941.30332552136,103.96462660037496,1243.6486097496513,0,51,3,24,0.006717312534260134,0.8637585637996421,0.013519331016720626,0.5736510927135824,0.9925322953738565,0.9893234342877015,162,261600.38014687138,668.6556534383694,0.0008534956378834128,29558.701643797453,0,74631.71120641606,715.2346384574482,3719.066931549669,34596.86769973415,6400.212389393464,534,534,0.9416664936896947,0,4581.066417264485,0,2945.6333667597487,200720.54268742257,0,0,0,0,0
2490,3021451,181399,35944,45498,2758610,12.901763571865668,0.157638162626964,0.8507659458630625,0.9984536609911067,0.8321309860725856,0.02234423129814119,0.11250488589753731,255218,154847,0,189226.98449706647,66909.67599684672,2.8280959618752934,26.85430146354907,3186.455583481617,30890.63987141394,174597.9666956718,36069.85650400836,9.694357590154105,54.79378642551196,0.0011917348097513214,3175797.2677192753,3784.7081526543125,3784.7081526543125,1352979158929.5552,2624.8751328572735,0,15096226718329.379,15096226718329.379,571740061535.5706,15096226718329.398,18342615869.430176,15073996153389.338,3887949070.6283493,0,0,1,14524486656793.756,0.013536822258183642,352.1805406871913,21,101,686955,1977629,13112,22958,0.019087130889213995,0.011608850800630451,0.02428695977083074,6064,20920,5123.500000000001,16223.800000000001,61.77509273851352,1254.60155016631,4,54,6,27,0.0017522425822700288,0.8182965529726144,0.008778289542502243,0.5446901219925789,0.9880161584202596,0.9895574678244596,162,259492.23792224604,863.2954962758394,0.0005006065640011387,28421.315160435424,0,78456.12332098212,2399.875957574133,2745.8106929208147,46885.16062322918,2231.414462109028,534,534,0.900663660012502,0,4641.508553906999,0,2971.02514218444,290979.4493980379,0,0,0,0,0
2520,2938777,184297,30038,47890,2676552,12.711139104672592,0.663141301639711,0.9198024677988981,0.9980162905148475,0.008776780272882223,0.8887159522481631,0.10250726747895468,157316,65056,0,235328.82334008178,116148.88082680518,2.0260963486250994,27.321850314261905,3174.2413388960354,29542.537198567417,188322.52112603924,48182.20396027293,9.30696000854238,59.32835629679489,0.0020674371313725848,3181286.76893904,6577.110466924962,6577.110391648804,837654021258.8645,4308.429142916806,0,15222040926422.113,15222040926422.113,691578933468.832,15222040926422.13,18385282269.697437,15198104250547.99,5551393604.442092,0,0,1,14530461992953.25,0.01088418577038651,319.1330020041791,21,101,682189,1942169,11517,17047,0.016882418215479873,0.008777300018690443,0.02146023590595091,6064,20917,5123.500000000001,16223.5,114.2000678200655,1508.4848485037132,6,57,6,27,0.0003667430398746843,0.7756529574810018,0.006193758377684957,0.5362513638558009,0.9817310962813913,0.9896528134076972,162,253726.4383632481,1065.92818245308,0.0008527744341026019,28312.395704840612,0,78693.48970407042,3640.3423483745273,368.454259625895,48427.171617033055,0,534,534,0.8597266856910833,0,4673.440367339822,0,2966.789017457721,380020.48239375453,0,0,0,0,0
2550,2760620,159904,24051,53136,2523529,14.007039765159957,0.8629458377474886,0.9683783223442199,0.9981889059884578,0.0013609261687591919,0.029474900565814924,0.9690344922517405,65757,178168,11,268540.25606134854,107073.5834896219,2.5079972791550103,27.187227886327722,2800.660075246946,25844.992879141082,155988.3852366084,47861.62100294053,9.228179138042028,55.697007507365655,0,2974376.929591159,1713.2769085375387,0,792741146015.4916,4119.184291943327,0,11941225541918.303,11941225541918.303,741337601688.0098,11941225541918.324,18115335279.622147,11261861290689.123,661248915949.5793,0,0,0,11199887940230.254,0.008977930804032625,292.26095579336794,21,101,671297,1908362,9927,13233,0.014787791394866951,0.006934218979417951,0.01899100035531891,6051,20890,5122.200000000001,16220.8,77.10898348269623,1678.4204688211541,11,60,6,27,0.00016924841714051182,0.7332941882380855,0.003889308143369165,0.5331416354465495,0.9730369206193656,0.9896611007042111,162,249556.70396912948,1293.0399169384948,0.0013410589875349984,27842.917573737705,0,68065.79786979692,3604.032794940076,199.26243672624014,40302.069831564746,0,534,534,0.8180600190244168,0,4506.007416534727,0,2965.1344022702374,468886.71005145396,0,0,0,0,0
2580,2400382,124508,18377,57908,2199589,15.799398117367113,0.9418953289601524,0.9880680087960126,0.9982659438156969,0.00038618853165871096,0.01598495572787998,0.9836288557404613,143299,299417,0,339765.40665886196,91729.42761939694,3.7039957130073247,25.73191917363477,2500.4217171498317,23146.82123800619,160039.75604256752,49177.22887993927,9.257166932780713,64.00510559674423,0.00012329918148656915,2698888.195972334,332.7707054935014,332.7707054872618,1073006603496.0364,4123.702609058255,0,13440332898442.984,13440332898442.984,815566766366.5369,13440332898442.998,17732338987.775562,12759165141709.76,663435417745.4619,0,0,0,12624766132076.393,0.007074552358917614,270.03720143412085,21,101,666405,1878491,8077,9927,0.012120257200951374,0.005284560852301129,0.015476864866020372,6035,20872,5120.6,16219,41.7915957224013,1824.365731136544,12,63,6,27,0.00007996139151276499,0.6912143952290835,0.002231399423512319,0.5322456833005967,0.9615507253353781,0.9897169455443029,162,245251.20424079412,1634.6447738777656,0.0016177520170003084,26768.356887017166,0,67555.81089785587,3415.797774281356,96.82508040110451,26748.893999070617,0,534,534,0.7763933523577503,0,4247.984708859641,0,2964.0967477548247,557748.5236692047,0,0,0,0,0
2610,1970713,100471,13147,59767,1797328,16.345077364502103,0.9776339218916793,0.99558459728513,0.9980313782068313,0.00001522291678189569,0.0009184493125077066,0.9990663277707104,273351,386697,0,439223.5233881235,84583.35932715323,5.192788828465488,22.582166552297632,2205.3129584658595,21078.15657477538,153576.21748684868,51103.11011634137,9.557898117752202,69.63919424555732,0,2257377.044194745,9.365784389495739e-10,0,755509228708.4604,4153.533123117057,0,13078997764321.488,13078997764321.488,865583507446.7106,13078997764321.504,12460850424.643398,12384444863124.006,682092050772.8534,0,0,0,12213414256874.744,0.0051159686815532,237.4795899149096,21,101,660070,1867897,6034,6899,0.0091414546941991,0.00369345847228193,0.011562285671082405,6035,20851,5120.6,16216.900000000001,112.56044137856681,2063.085003920786,12,66,6,27,0.00005016604982572202,0.6493794726665049,0.0011599508222525398,0.5324674497383541,0.9473174238149571,0.9897267454548732,162,242169.47136291585,2246.991151592817,0.001676891048735137,25243.12547328817,0,67496.72945040863,3090.1337245974405,23.552121239723633,20694.19508168915,0,534,534,0.7347266856910838,0,3931.217881428705,0,2963.596477428142,646594.0772781986,0,0,0,0,0
2640,1500302,68351,8332,55982,1367637,18.564988328573477,0.9916501984607805,0.9983876716361422,0.9982440096400258,0.000004665727300236886,0.000016663311786560304,0.9999786709609132,385981,468799,0,610395.652844998,76164.93196096303,8.014129824967814,19.68841246527153,1949.84542988544,19237.27702982457,174502.65474334193,50054.92768934401,9.8660523213652,89.49563491994058,0,1739467.2980117127,9.365784389495739e-10,0,629094689627.6608,3979.8934895351053,0,15552065840566.262,15552065840566.262,915777818754.5863,15552065840566.277,12495314165.799059,14846593335438.23,692977190962.2452,0,0,0,14636288021811.63,0.0032804083990600236,195.95935339262704,21,101,653331,1849711,4007,4204,0.006133185169538871,0.0022727874786926173,0.008015433105097272,6022,20827,5119.3,16214.500000000002,112.53100632186914,2142.4298509354626,13,66,6,27,1.1853267525089439e-281,0.6077804262500587,0.00012494032041133292,0.5324674497381066,0.9295543487676329,0.9897267454548732,162,239698.8836583291,3503.0892752404693,0.001678255584857574,23407.414231861418,0,68422.78080932195,2598.704195656579,0,20755.787843124588,0,534,534,0.6930600190244173,0,3582.067667774335,0,2963.0277777777765,735355.4787019253,0,0,0,1,0
2670,1012797,43532,2602,42426,924237,20.95337495122903,0.9968476731375203,0.9994114650181146,0.9983508074817123,0,0.000006911552858075211,0.999993088447142,454570,473923,0,966702.5496276398,66882.70678477474,14.453699560013938,11.609354560443917,1727.0620242415332,17417.188024861625,174614.99128864074,47951.87896188784,10.08486538432843,101.10522311167469,0,1194196.5370065758,9.365784389495739e-10,0,658879105039.2339,3709.0296246365347,0,15968211508299.79,15968211508299.79,979073442155.1552,15968211508299.807,10262531271.908892,15259628713620.473,698320263407.4221,0,0,0,14989138066144.607,0.0010533331259144512,153.56636412036818,21,101,642368,1800354,1407,1166,0.002190333266912424,0.00064765040653116,0.0029535640326517343,6006,20806,5158.584650207767,16212.400000000001,96.46606231782248,2393.7092760266332,13,66,3,27,0,0.5663377892442034,0,0.5326340159851699,0.9078666664001548,0.9897712218580974,162,236339.0919103807,11022.421698113363,0.0017241901718973258,21371.00309638186,0,80450.28128413574,2203.401322755747,0,22015.380955439792,0,534,534,0.6513933523577508,0,3231.425178105843,0,2968.1923125288554,826343.3173613102,0,0,0,1,0
2700,50457,13371,0,30266,6820,2.7736145389275295,0.9959476626687783,0.9995313225579099,0.9985527899487,0,0,1,29781,50370,0,20537739.0341777,58423.764898984875,351.5305641409382,4.223610071080028,1458.8845553640504,14950.24020423492,160928.6892993599,43990.146810921404,10.24771984134429,110.30940639384706,0,70709.2069026657,9.365784389495739e-10,0,415030727558.74915,3406.9405612437304,0,16405980008025.484,16405980008025.484,1036272698447.4385,16405980008025.498,4833594402.661107,15697304399814.947,703842013807.8882,0,0,0,15369707309578.02,0,115.3950310465129,21,101,671919,1858823,0,0,0,0,0,6006,20795,5327.313644043998,16211.300000000001,141.49997270712538,2586.9186102940153,13,66,3,27,0,0.5248561452295076,0,0.5326340159849157,0.8816810374629367,0.9897787875205458,162,235371.98069190586,0,0.0017585438564289737,18017.844463401503,0,79630.52057011203,1545.2386753716228,0,21604.114068598523,0,534,534,0.6097266856910841,0,2353.583481589273,0,2991.4741172283316,925304.1697563501,0,0,0,0,0
2730,6156,686,0,4969,501,7.973760932944606,0.9969694095780084,0.9998393019148113,0.9985641195210208,0,0,1,5953,11193,0,168335396.10908136,50660.57947040838,3322.808342676156,1.635357709062919,1159.4216693249036,11554.317981626918,134157.31142795386,37997.548541286305,9.965587402169781,115.71054343504692,0,8680.08575905095,9.365784389495739e-10,0,422313597493.5141,3024.2225166101207,0,14879306998914.883,14879306998914.883,1036272698447.4385,14879306998914.898,1556658534.662205,14153345815941.893,724404524438.3413,0,0,1,13843034300467.414,0,86.59336754803395,21,101,678790,1860634,0,0,0,0,0,5991,20765,5494.926541219145,16208.3,94.99997355014855,2658.418610353174,13,66,3,27,0,0.48338067665708023,0,0.5328100741781927,0.850597566673709,0.9897904473988626,162,235340.70055194918,0,0.0019101431340047994,14332.119426701109,0,75974.16175840987,1040.706403300716,0,19328.625153957433,0,534,534,0.5680600190244177,0,1839.4671755057998,0,3014.337019613769,1025526.8502895058,0,0,0,0,0
2760,152,70,0,3,79,1.1714285714285715,0.9965423247882047,0.9999741208241784,0.9974339108870848,0,0,1,69,71,0,6817583542.417788,43306.736245559536,157425.4754216633,1.0575263636489827,925.1124416311428,8522.267132159484,104723.76287694288,31252.363798188973,9.212141950153827,113.20111822547288,0,185.99282089819525,9.365784389495739e-10,0,262007833648.42252,2570.9239961849908,0,14830956422926.371,14830956422926.371,1036272698447.4385,14830956422926.387,1014704769.5133259,14087214667995.346,742727050161.5299,0,0,0,13794683724478.904,0,64.99487695417248,21,101,680066,1863227,0,0,0,0,0,5991,20755,5514.9,16207.3,99.49997355015986,2790.918610353174,13,66,3,27,0,0.4419021698717623,0,0.5328100741779381,0.8141770115605789,0.9898000929923904,162,234084.2642011912,0,0.0020132248844130325,11230.240288403655,0,71316.48870098771,819.4281847567412,0,16237.002481315203,0,534,534,0.5263933523577512,0,1421.8379262283136,0,3016.9722222222213,1117252.3571291654,0,0,0,0,0
2790,11,1,0,2,8,10,0.9972416117319794,0.9999842328221533,0.9981253141183017,0,0,1,5,6,0,99444720246.34041,36021.71188539548,2760688.34714818,2.396839300632825,736.2625351329399,6461.369352379218,80487.49181504326,24696.667985699612,8.77590403430286,109.31901050826986,0,13.007336810646931,9.365784389495739e-10,0,245371958857.921,2104.690265174235,0,14818361367104.332,14818361367104.332,1093891922709.6792,14818361367104.346,823901319.7892182,13978480139979.912,839057325804.6483,0,0,1,13724469444394.625,0,48.80024024598706,21,101,680026,1865201,0,0,0,0,0,5977,20726,5513.5,16204.4,40.49999999999999,2796.5,13,66,3,27,0,0.4004929238286255,0,0.5329964617905792,0.7720693503797702,0.9898875893486109,162,233790.3642011912,0,0.0021244627150839865,8802.953784190426,0,70635.3651706153,706.8726419757417,0,13183.210562684662,0,534,534,0.48539061370005626,0,1131.8178880207226,0,3016.374999999999,1207525.1802576825,0,0,0,0,0
2820,2,1,0,0,1,1,0.9976750239276946,0.9999806911656217,0.9977107523804177,0,0,1,2,0,0,546945961354.87225,29197.706189555323,18732497.607997958,6.494383322422177,600.8330539865015,5248.021013280298,63510.42495597547,20337.381092773336,8.734574402090404,105.70394643667909,0,2.852607132029827,9.365784389495739e-10,0,157871466984.226,1688.2187389239257,0,14615303231046.916,14615303231046.916,1093891922709.6792,14615303231046.934,629615175.9170537,13760405594835.793,854268021035.2203,0,0,1,13521411308337.213,0,36.70260138740374,21,101,677584,1868754,0,0,0,0,0,5977,20716,5410.336296720763,16203.4,118.00067053323852,2839,13,66,3,27,0,0.3590142309347666,0,0.5329964617903247,0.7237030395243522,0.989902259314401,162,233110.32960536162,0,0.0022356383675950528,7074.286400310812,0,70619.7136892559,643.0728769532247,0,10688.068675365032,0,534,534,0.4437239470333898,0,950.8671836764727,0,3001.907818988994,1290148.1337672449,0,0,0,0,0
2850,0,0,0,0,0,0,0,0,0,0,0,0,0,0,0,0,16200.227745058362,0,6.146142582974724,511.94058696958786,4594.947952947221,52752.778863961554,13195.922900212576,8.975549252984285,103.0447286397618,0,0,9.365784389495739e-10,0,177807371361.83688,937.1474867145962,0,13985909932877.164,13985909932877.164,1093891922709.6792,13985909932877.18,438923903.47940654,13067050141975.75,918420866997.9519,0,0,1,12892018010167.45,0,27.68088048595541,21,101,588250,1869498,0,0,0,0,0,5963,20687,4700.613556720766,16200.5,168.60558547268275,2820.5,13,66,3,27,0,0.3176041028096505,0,0.5335401656725846,0.6687861545659994,0.9899848631356866,162,231804.67161191776,0,0.0023321034607282436,5941.969118460825,0,63943.84682563494,605.3697976153582,0,8897.302691161403,0,534,534,0.40333501641161784,0,846.4783834040436,0,2902.9324384334377,1333513.56220391,0,0,0,0,0
2880,0,0,0,0,0,0,0,0,0,0,0,0,0,0,0,0,8496.670900526935,0,6.020197310097166,458.580636777061,4265.168671194182,36067.98767456273,9445.563764490233,9.300804109763785,78.65135328881578,0,0,9.365784389495739e-10,0,136678680194.752,482.78217844750327,0,13860076019904.51,13860076019904.51,1093891922709.6792,13860076019904.525,271483710.525447,12941263592579.102,918540943614.8988,0,0,1,12766184097194.791,0,20.831468759265302,21,101,420089,1870498,0,0,0,0,0,5950,20677,3449.1834540178997,16199.5,288.15095803144,2863,13,66,3,27,0,0.27626696000799134,0,0.53468880524948,0.6069546598835005,0.9901387238814698,162,230895.88091777643,0,0.0024236638218545553,5249.649663749177,0,60980.550999904175,583.1735737518078,0,7728.490623748347,0,534,534,0.36230995185897874,0,789.7130044962134,0,2728.9838130580406,1335330.0701069473,0,0,0,0,0
2910,0,0,0,0,0,0,0,0,0,0,0,0,0,0,0,0,5315.994295136492,0,5.974647752094933,428.6910494205285,4106.341097610431,27411.82609101477,6467.690703535344,9.578788974393252,63.94308005279784,0,0,9.365784389495739e-10,0,506260748600.00305,278.055844478318,0,11457577508708.736,11457577508708.736,1093891922709.6792,11457577508708.746,167399732.9753542,10279213220524.256,1178196888451.5186,0,0,0,10363685585999.018,0,15.701448440100611,21,101,245655,1871271,0,0,0,0,0,5877,20650,2221.2858000000033,16196.8,300.916666686837,2844.5,13,66,6,27,0,0.2373055338167563,0,0.5392427261243569,0.5417087993148385,0.9914823871935068,141,230675.94054258897,0,0.00246557638661908,4849.479910977144,0,43526.58309915182,570.4142297460107,0,7018.940075424419,0,534,534,0.32064328519231233,0,760.2462908692896,0,2558.0674722222234,1330232.6663368747,0,0,0,0,0
2940,0,0,0,0,0,0,0,0,0,0,0,0,0,0,0,0,3496.782269722008,0,6.859048466392175,413.17327664309084,3990.98044654341,23198.081586278287,5714.603750819941,9.659338278043855,56.14613262202182,0,0,9.365784389495739e-10,0,272462190106.67065,171.4073254098044,0,9855518144007.053,9855518144007.053,1093891922709.6792,9855518144007.062,85612337.35805099,8669137850163.376,1186294681506.329,0,0,0,8761626221297.332,0,11.905470130671333,21,101,153384,1873945,0,0,0,0,0,5845,20644,1432.0336799999998,16163.123099999999,377.4617795218628,2901.0984445052036,13,66,12,27,0,0.19786255279027368,0,0.541835347327477,0.4693257668590566,0.9919757166168025,129,229955.04054258898,0,0.0025207289547296754,4628.629214945139,0,40183.725788345466,563.2951967971684,0,6612.069840349532,0,534,534,0.27897661852564576,0,745.5224549002252,0,2443.7717750000015,1345771.7430424385,0,0,0,0,0
2970,0,0,0,0,0,0,0,0,0,0,0,0,0,0,0,0,2264.8025493513874,0,6.27802793084961,404.3910141751226,3899.797954335514,21020.092376946566,4435.777951471717,9.643631578437338,51.97962279113294,0,0,9.365784389495739e-10,0,358356501073.4177,109.95982265420332,0,9852546605100.936,9852546605100.936,1093891922709.6792,9852546605100.941,45011185.79405522,8638172406081.971,1214329187833.1797,0,0,0,8758654682391.215,0,9.035757477032137,21,101,136952,1870015,0,0,0,0,0,5775,20617,1149.0755600000005,16044.5302,433.8965547432748,2952.1039907052227,13,66,15,27,0,0.1594141641639344,0,0.5432484825213294,0.39283553549181777,0.9928582794876207,123,229705.04054258898,0,0.0024601853240203645,4498.701563765632,0,38842.673991761854,559.4053283349308,0,6387.828140617033,0,534,534,0.23730995185897924,0,732.1274607748029,0,2388.0008000000007,1386597.9627819932,0,0,0,0,0
3000,0,0,0,0,0,0,0,0,0,0,0,0,0,0,0,0,1582.6147267730676,0,6.067895164613009,395.70958511959,3818.1492318954097,19045.243138751197,4229.158248972685,9.648867188146331,48.12934499172015,0,0,9.365784389495739e-10,0,177394756444.72635,78.45302509992564,0,6430144927897.803,6430144927897.803,1093891922709.6792,6430144927897.812,7056391.737131041,5151877525284.646,1278260346221.4294,0,0,0,5336253005188.084,0,6.878327910437938,21,101,127297,1862125,0,0,0,0,0,5743,20608,936.4755600000003,15861.779200000003,520.9166666567534,3093.6666165552324,13,66,15,27,0,0.12121946864946803,0,0.5432484825211294,0.31010966220286923,0.9930113353683556,117,228205.04054258898,0,0.0024371082263160157,4421.340553053909,0,27224.284498513436,557.1234016140126,0,6247.509330025642,0,534,534,0.19564328519231272,0,729.0044044048104,0,2333.09093888889,1422289.9200857582,0,0,0,0,0
3030,0,0,0,0,0,0,0,0,0,0,0,0,0,0,0,0,1224.871530013241,0,5.991898230348007,356.089545444473,2684.929724576127,15101.515319821965,3545.931351564639,7.540040865914168,42.40931954621742,0,0,9.365784389495739e-10,0,128076006811.39656,62.82150279563338,0,5685699436472.351,5685699436472.351,1093891922709.6792,5685699436472.359,227382.98283854127,4396955480619.904,1288743728469.4714,0,0,0,4591807513762.632,0,5.270032974425917,21,101,124795,1850392,0,0,0,0,0,5675,20581,902.2999999999998,15593.93854,577.4166666567203,3195.517624947145,13,66,18,30,0,0.08458892926726115,0,0.5434730753915351,0.22393602085503347,0.9931032373443892,114,227205.04054258898,0,0.0024494104974652595,4392.936602331597,0,29256.825695293985,555.1897928498735,0,5804.165209086815,0,534,534,0.1539766185256462,0,729.9141695835482,0,2291.144241666667,1462485.5584996666,0,0,0,0,0
3060,0,0,0,0,0,0,0,0,0,0,0,0,0,0,0,0,1007.0257747261862,0,5.964413064083284,287.62449830292746,1982.0484459239194,10289.487721632431,3089.966526830057,6.891097446909466,35.774031010374834,0,0,9.365784389495739e-10,0,34303812605.8865,53.82598372553561,0,1360930142909.3684,1360930142909.3684,1093891922709.6792,1360930142909.3772,0,16196066102.873695,1344734076806.504,0,0,0,267038220199.65057,0,4.073024572674495,21,101,125351,1834975,0,0,0,0,0,5644,20572,899.2,15293.661833420347,664.4166666666666,3457.317617592949,13,66,18,33,0,0.052507752972959905,0,0.543560434042439,0.14322982884180416,0.9941155126060307,94,226638.1828251853,0,0.002502233440876896,4386.867916221345,0,10973.935123162515,553.874353566037,0,4889.525985072672,0,534,534,0.11230995185897963,0,730.9588825182575,0,2249.0085879750477,1499852.7845315807,0,0,0,0,0
3090,0,0,0,0,0,0,0,0,0,0,0,0,0,0,0,0,825.8669007522172,0,5.95447273725424,241.8338584318433,1626.4354411063475,8095.619608402753,2921.613084329829,6.725424850154844,33.47595601748365,0,0,9.365784389495739e-10,0,7223780372.49599,46.72902211970736,0,1360835323950.3113,1360835323950.3113,1093891922709.6792,1360835323950.3203,0,16196066102.873695,1344639257847.4468,0,0,0,266943401240.59357,0,3.1847247198343207,21,101,124431,1816131,0,0,0,0,0,5578,20558,892.5999999999999,14967.112833420348,720.9166666666665,3754.7947887294313,13,66,18,36,0,0.02634881431729765,0,0.5440366437275536,0.07408517403802882,0.9941179258313569,94,226638.1828251853,0,0.0025473491537380327,4387.6544782816,0,10361.283176388133,551.977277756505,0,4008.2078371836114,0,534,534,0.07612553626591562,0,731.5639561686605,0,2202.737893530604,1525067.3216361084,0,0,0,0,0
3120,0,0,0,0,0,0,0,0,0,0,0,0,0,0,0,0,677.0163749235252,0,5.950877703608945,216.30056490414583,1445.4903847654432,7149.049554558537,2814.0501490661995,6.682785989976568,33.0514603959849,0,0,9.365784389495739e-10,0,1681720440.404005,41.03265998361137,0,1358210393382.2593,1358210393382.2593,1093891922709.6792,1358210393382.2683,0,16196066102.873695,1342014327279.3948,0,0,0,264318470672.5417,0,2.5266614535103518,21,101,124231,1802622,0,0,0,0,0,5547,20517,889.5,14754.35876709481,807.9166666666665,3704.066666666098,13,66,18,39,0,0.006842848978617042,0,0.5451668455162622,0.019392306017386316,0.9941179258313569,94,226638.1828251853,0,0.0025760204794388238,4389.56347351125,0,10786.35280270525,550.1738438806641,0,3488.1814555318574,0,534,534,0.04694326410611547,0,731.8846976049145,0,2172.7581620965025,1546922.9543466186,0,0,0,0,0
3150,0,0,0,0,0,0,0,0,0,0,0,0,0,0,0,0,568.2733900291723,0,5.949577518299842,205.62050896024166,1379.75003880813,6734.111895749592,2757.592130733671,6.71017714033047,32.7501956385668,0,0,9.365784389495739e-10,0,465818612.5822008,36.91106970049226,0,1357864607983.4714,1357864607983.4714,1093891922709.6792,1357864607983.481,0,11348131442.389801,1346516476541.0916,0,0,0,263972685273.7544,0,2.0476264681685064,21,101,123326,1797450,0,0,0,0,0,5483,20503,883.1000000000001,14663.800000000001,864.4166666666665,4016.566666666086,13,66,18,45,0,0.0012938047594575268,0,0.5464466355584816,0.0034946853555868004,0.9941179258313569,94,226638.1828251853,0,0.0025859936832780634,4391.063800534264,0,10359.328825026449,548.9023162599565,0,3227.054015184055,0,534,534,0.017760991946315204,0,732.0372733337958,0,2159.291666666667,1542839.003802951,0,0,0,0,0
3180,0,0,0,0,0,0,0,0,0,0,0,0,0,0,0,0,497.0855156726743,0,5.949107291313171,200.82493296181784,1357.1596484001311,6552.4775635524975,2733.8493735908996,6.757924070404959,32.62780904200923,0,0,9.365784389495739e-10,0,158848707.89115205,34.22542642633254,0,1358008150842.3452,1358008150842.3452,1093891922709.6792,1358008150842.3547,0,11586878573.50027,1346421272268.8547,0,0,0,264116228132.62823,0,1.6951299332588876,21,101,123124,1797216,0,0,0,0,0,5454,20460,880.1999999999999,14659.500000000004,951.4166666666664,4115.5666666666675,13,66,18,45,0,0.0006856153004796268,0,0.5464466355582889,0.0018899269469544635,0.9941179258313569,94,226638.1828251853,0,0.002588221393013692,4391.977499742605,0,9817.883457291668,548.1408970085857,0,3106.102864378637,0,534,534,0,0,732.105296495035,0,2158.291666666667,1543128.357580597,0,0,0,0,0
3210,0,0,0,0,0,0,0,0,0,0,0,0,0,0,0,0,454.39766324396305,0,5.948937228309501,198.730628257855,1351.9768523753319,6473.824334480826,2716.0590385728606,6.80306233733196,32.575876155742705,0,0,9.365784389495739e-10,0,53856616.498212546,32.61910077727734,0,1358218724914.8162,1358218724914.8162,1093891922709.6792,1358218724914.8257,0,11797452645.971216,1346421272268.8547,0,0,0,264326802205.09918,0,1.446705674714979,21,101,122239,1797125,0,0,0,0,0,5391,20446,873.9,14658.100000000002,990.55,4428.0666666666675,13,66,18,45,0,0.000338393078257405,0,0.5467196531746598,0.0009720723730534804,0.9941179258313569,94,226638.1828251853,0,0.0026020217259215012,4392.469593234367,0,9785.800123958335,547.7308908515059,0,3052.7423152843307,0,534,534,0,0,732.1344029600773,0,2157.2222222222226,1542412.5242472638,0,0,0,0,0
3240,0,0,0,0,0,0,0,0,0,0,0,0,0,0,0,0,430.50833691821043,0,5.948875723066209,197.84301245889958,1362.231800972869,6441.299346625555,2706.8631999312634,6.885417806989077,32.557628730828625,0,0,9.365784389495739e-10,0,18710177.812056538,31.72144833875655,0,1358247030073.1548,1358247030073.1548,1093891922709.6792,1358247030073.1643,0,11841980750.15581,1346405049323.0088,0,0,0,264355107363.4377,0,1.2708096472276187,21,101,122061,1796906,0,0,0,0,0,5363,20405,871.1000000000001,14654,1047.5499999999997,4527.0666666666675,13,66,18,45,0,0.00003762234393215278,0,0.5467196531744671,0.00011185098177380892,0.9941179258313569,94,226638.1828251853,0,0.002607037819764575,4392.715644346353,0,9757.050123958332,547.5257419198228,0,3029.956778888323,0,534,534,0,0,732.1465085221882,0,2156.263888888889,1541776.6909139303,0,0,0,0,0
3270,0,0,0,0,0,0,0,0,0,0,0,0,0,0,0,0,417.95124279433696,0,5.948853478986835,197.47490759963213,1418.08053786046,6433.33163257456,2709.6623675823334,7.181066977560149,32.57797008629437,0,0,9.365784389495739e-10,0,12852932.405062366,31.24950188940219,0,1358275495876.8135,1358275495876.8135,1093891922709.6792,1358275495876.8235,0,11882234122.629805,1346393261754.1938,0,0,0,264383573167.09674,0,1.1472583567867418,21,101,121206,1796844,0,0,0,0,0,5302,20391,865.0000000000001,14652.6,1074.05,4840.236289827871,13,66,18,45,0,0,0,0.5470123541974788,0,0.9941179258313569,94,226638.1828251853,0,0.0026244100226013854,4392.832622966259,0,9167.050123958332,547.4284110689567,0,3020.452327759397,0,534,534,0,0,732.151439410426,0,2155.2222222222235,1541038.4290852372,0,0,0,0,0
3300,0,0,0,0,0,0,0,0,0,0,0,0,0,0,0,0,412.12777572383857,0,5.9488454341594235,197.3247463813758,1519.600957201528,6447.475358074903,2701.099642054178,7.701015635740623,32.674438844146096,0,0,9.365784389495739e-10,0,4567638.790894787,31.028232829127752,0,1358282359824.222,1358282359824.222,1093891922709.6792,1358282359824.232,0,5673827812.063235,1352608532012.169,0,0,0,264390437114.50513,0,1.0649809777552426,21,101,121021,1796632,0,0,0,0,0,5275,20352,862.3,14648.700000000003,1093,4955.016666666667,13,66,18,45,0,0,0,0.547012354197286,0,0.9941179258313569,94,226638.1828251853,0,0.002645980533604755,4392.886232086694,0,9140.29111944164,547.3840522483887,0,3016.5571097603834,0,534,534,0,0,732.153416040671,0,2154.3055555555575,1540378.4290852372,0,0,0,0,0
3330,0,0,0,0,0,0,0,0,0,0,0,0,0,0,0,0,410.5737110861265,0,5.948842524654966,197.2642784291982,1558.4604238231552,6465.003783540111,2697.279823872508,7.9003681570382005,32.773312203407976,0,0,9.365784389495739e-10,0,1600684.6529548746,30.96279409577882,0,1357240577068.7068,1357240577068.7068,1093891922709.6792,1357240577068.7166,0,1085211732.3749259,1356155365336.3418,0,0,0,263348654358.9899,0,1.0164645443845004,21,101,120173,1796615,0,0,0,0,0,5214,20338,856.1999999999999,14647.300000000003,1074.5,5206.150000000001,13,66,18,45,0,0,0,0.5473269568572019,0,0.9941179258313569,94,226638.1828251853,0,0.0026506103982409223,4392.910120200917,0,8962.2519237165,547.3644615081475,0,3014.982582417655,0,534,534,0,0,732.1541984408364,0,2153.26388888889,1539628.4290852372,0,0,0,0,0
3360,0,0,0,0,0,0,0,0,0,0,0,0,0,0,0,0,411.2046913569977,0,5.948841472399182,197.24018127620005,1497.8998811923586,6472.179648679407,2696.959497446188,7.594293776757457,32.81369752756545,0,0,9.365784389495739e-10,0,562076.4594458585,30.976972408040112,0,1357022906615.5269,1357022906615.5269,1093891922709.6792,1357022906615.5369,0,1086003630.0087175,1355936902985.528,0,0,0,263130983905.81,0,1.001945390627756,21,101,119996,1796198,0,0,0,0,0,5187,20301,853.5,14639.3377,1086.5,5259.17373780755,13,66,18,45,0,0,0,0.5473269568570092,0,0.9941179258313569,94,226638.1828251853,0,0.0026878454443119075,4392.920530862341,0,8886.182635483081,547.3560259483716,0,3014.3531357517327,0,534,534,0,0,732.1545049644253,0,2151.7830138888894,1538565.1218052371,0,0,0,0,0
3390,0,0,0,0,0,0,0,0,0,0,0,0,0,0,0,0,411.9841624060008,0,5.948841091838761,197.23066031608698,1431.122084472877,6458.081029769359,2697.5550243479743,7.256083218396793,32.74379865391857,0,0,9.365784389495739e-10,0,201750.53074759344,30.999635484964067,0,1357023516976.6602,1357023516976.6602,1093891922709.6792,1357023516976.67,0,1086613991.141858,1355936902985.528,0,0,0,263131594266.9431,0,1,21,101,119178,1795890,0,0,0,0,0,5128,20288,847.6,14635.377396688456,1068,5454.501134197885,13,66,18,45,0,0,0,0.5475670682520667,0,0.9941179258313569,94,226638.1828251853,0,0.002699121781863881,4392.924986746664,0,8864.338066894059,547.3524689551158,0,3014.103782264805,0,534,534,0,0,732.1546240306436,0,2150.4135273178417,1537580.9156820676,0,0,0,0,0
3420,0,0,0,0,0,0,0,0,0,0,0,0,0,0,0,0,411.7033260076064,0,5.948840954204703,197.2269254403179,1388.50811184154,6406.485963740849,2691.6282664460896,7.040154931897021,32.48281617450601,0,0,9.365784389495739e-10,0,72757.75123981124,30.98892021901907,0,1356732196968.9255,1356732196968.9255,1093891922709.6792,1356732196968.935,0,1086717241.0623472,1355645479727.8728,0,0,0,262840274259.20844,0,1,21,101,119005,1790931,0,0,0,0,0,5101,20251,844.9000000000001,14570.378980000001,1080,5381.594971117561,13,66,18,45,0,0,0,0.547567068251874,0,0.9941179258313569,94,226638.1828251853,0,0.0027015421178346556,4353.866599203865,0,7901.125088292551,547.3059810928754,0,3014.0057511330365,0,534,534,0,0,706.1251329643893,0,2141.010969444445,1530888.5014012372,0,0,0,0,0
3450,0,0,0,0,0,0,0,0,0,0,0,0,0,0,0,0,411.27158539006456,0,5.948840904427761,196.8706867417608,1397.478079553438,6306.111262512072,2673.3492404313815,7.098456873808429,32.03174310446696,0,0,9.365784389495739e-10,0,27588.736421074605,30.97399843941882,0,1356624866797.9412,1356624866797.9412,1093891922709.6792,1356624866797.9502,0,1086800501.521122,1355538066296.429,0,0,0,262732944088.22342,0,1,21,101,118218,1783425,0,0,0,0,0,5044,20238,839.2,14476.378980000001,1061.5,5511.550000015113,13,66,18,45,0,0,0,0.547820813648822,0,0.9941179258313569,94,226638.1828251853,0,0.0027020616125725647,4157.155612666065,0,7463.519629462499,546.7332090776439,0,3013.967459750774,0,534,534,0,0,654.4085572851477,0,2127.1637472222233,1521030.1614012374,0,0,0,0,0
3480,0,0,0,0,0,0,0,0,0,0,0,0,0,0,0,0,411.6551607531332,0,5.948840886425357,195.7468487319321,1400.4312361368145,6220.444257492357,2640.944643018403,7.154297733061604,31.77800459005611,0,0,9.365784389495739e-10,0,9900.4714469804,30.98640188442273,0,1356596653277.3308,1356596653277.3308,1093891922709.6792,1356596653277.3394,0,1086815767.2042778,1355509837510.135,0,0,0,262704730567.6126,0,1,21,101,118037,1775804,0,0,0,0,0,5017,20201,836.4999999999999,14379.97898,1073.5,5476.05,13,66,18,45,0,0,0,0.5478208136486291,0,0.9941179258313569,94,226638.1828251853,0,0.0027069639745264645,3923.928131786875,0,7307.53185696691,545.5506082463436,0,3013.9525850558502,0,534,534,0,0,619.592759422688,0,2113.399858333335,1511231.8214012373,0,0,0,0,0
3510,0,0,0,0,0,0,0,0,0,0,0,0,0,0,0,0,412.5740053362952,0,5.94884087991458,195.47559895327234,1399.7725068104244,6163.426531437482,2619.8711406421353,7.160855443369351,31.530413844189443,0,0,9.365784389495739e-10,0,3587.9835701012234,31.016670206772304,0,1356596686876.2632,1356596686876.2632,1093891922709.6792,1356596686876.272,0,547687771.5532318,1356048999104.7185,0,0,0,262704764166.54517,0,1,21,101,117251,1773518,0,0,0,0,0,4961,20189,830.8999999999999,14354.300000000001,1055,5623.55,13,66,18,48,0,0,0,0.5480893995198863,0,0.9941179258313569,94,226638.1828251853,0,0.002710292359396959,3745.8760013612136,0,7289.127664406441,544.2459235636651,0,3013.9429234033055,0,534,534,0,0,601.1454660554052,0,2109.0555555555566,1508133.4090852374,0,0,0,0,0
3540,0,0,0,0,0,0,0,0,0,0,0,0,0,0,0,0,413.50415502263877,0,5.948840877559881,196.40086497036827,1400.5843437314977,6130.734148289961,2603.7889959051836,7.131253438943912,31.21541317659129,0,0,9.365784389495739e-10,0,1307.5028771919028,31.047382982047388,0,1356596700693.5547,1356596700693.5547,1093891922709.6792,1356596700693.5637,0,308954457.7345246,1356287746235.8289,0,0,0,262704777983.83698,0,1,21,101,117087,1773323,0,0,0,0,0,4935,20153,828.3000000000001,14350.700000000003,1067,5618.55,13,66,18,48,0,0,0,0.5480893995196936,0,0.9941179258313569,94,226638.1828251853,0,0.002711006756628304,3634.8864371112954,0,7268.432901603659,543.1752007172691,0,3013.9307339036845,0,534,534,0,0,592.3560787088295,0,2108.1944444444457,1507513.4090852374,0,0,0,0,0
3570,0,0,0,0,0,0,0,0,0,0,0,0,0,0,0,0,414.2448897604557,0,5.948840876708279,196.73549627380427,1401.3857200941636,6114.0101001711155,2597.8521125686207,7.123197118143854,31.07731048016884,0,0,9.365784389495739e-10,0,490.226546471871,31.071861219666985,0,1356596734968.0735,1356596734968.0735,1093891922709.6792,1356596734968.082,0,98414659.7819316,1356498320308.2996,0,0,0,262704812258.35532,0,1,21,101,116305,1773241,0,0,0,0,0,4879,20141,822.7,14349.5,1048.5,5766.05,13,66,18,48,0,0,0,0.5483741806546066,0,0.9941179258313569,94,226638.1828251853,0,0.0027326989579969916,3573.2988110456495,0,7249.979360192394,542.4416110820589,0,3013.9254324357307,0,534,534,0,0,588.4114009012751,0,2107.2500000000014,1506833.4090852374,0,0,0,0,0
3600,0,0,0,0,0,0,0,0,0,0,0,0,0,0,0,0,414.760690885569,0,5.948840876400287,196.8565188847111,1401.8591865720628,6106.003033035603,2594.7119201196438,7.121223084276222,31.01753026838588,0,0,9.365784389495739e-10,0,196.18691292217287,31.088912585836475,0,1356596748755.7358,1356596748755.7358,1093891922709.6792,1356596748755.7441,0,53900343.25940886,1356542848412.4841,0,0,0,262704826046.0174,0,1,21,101,116142,1773050,0,0,0,0,0,4854,20106,820.1999999999999,14346.000000000002,1060.5,5756.55,13,66,18,48,0,0,0,0.5483741806544139,0,0.9941179258313569,94,226638.1828251853,0,0.002738990668720064,3541.6064247683044,0,7230.032657641368,541.995058019466,0,3013.9270689691166,0,534,534,0,0,586.7077681268707,0,2106.4166666666674,1506233.4090852374,0,0,0,0,0