tick,totalPopulation,employable,employed,unableToWork,inEducation,dependencyRatio,avgGroceryStarvation,avgHealthcareStarvation,maxGroceryStarvation,starvationMildFraction,starvationSevereFraction,starvationFatalFraction,deathsLastMonth,deathsThisMonth,birthsThisMonth,meanWealth,foodPrice,wealthToFoodPrice,waterPrice,priceLevelRaw,priceLevelRefined,priceLevelManufactured,priceLevelServices,refinedToRawPriceRatio,manufacturedToRawPriceRatio,groceryFillRate,groceryTotalDemand,groceryTotalSupply,groceryTotalVolume,gdpAnnual,costOfLiving,bankEquity,bankDeposits,bankLoans,householdDeposits,totalLoans,loansWageCoverage,loansBufferCoverage,loansRollover,loansStarter,loansOther,agentsInDistress,totalAgentDeposits,workerUtilization,avgWage,productionEfficiency,avgFacilityCondition,avgWorkerEfficiency,avgResourceEfficiency,avgConditionEfficiency,avgMaxMaintenance,facilitiesBelowFullMaintenance,avgHrBuffer,hrCoverageRatio,avgStorageStarvation,maintenanceServicePrice,maintenanceServiceVolume,maintenanceServiceDemand,adminServicePrice,adminServiceVolume,logisticsServicePrice,logisticsServiceVolume,priceCeilHits,priceFloorHits
30,9800484,349307,4279545,1238899,3932733,1.1172601759572351,0,0.6383169660688102,0,0,0,0,0,18276,16918,10.943149920709832,5.617261501508679,1.9481289802461093,2.801244164374999,2.4750954203201183,9.233792594003207,44.23558200843402,5.1242349454183875,3.7306814590642925,17.872273386014662,1,373.7226812247145,3039252.8381766463,373.7226812247145,1749760699.5488245,0.24563168218791553,0,10206787447.869993,10206787447.869993,107248165.70751776,10206787447.869991,502368480,9682299389.869991,0,0,22119578,0,10099539282.162472,1.0000020553481774,1,0.9999587451864355,0.9052684504339354,0.9999970679256823,1,0.9979780412195004,1,0,355265.2998125001,12.517583754532035,0.21918041724093734,6.1753385842311435,13524.094718112126,67076.75076464746,0.9543570134868586,85000.544386317,2.573112945076181,267149.7320334631,0,0
60,9800825,338387,4285025,1230501,3946912,1.1198251421244743,0,0.6391795340144141,0,0,0,0,18276,16593,16934,22.140587658701033,4.531050997316755,4.8864132563973515,3.4046540446772737,3.2230980873642663,12.997152922330386,61.02932881733948,7.959766366185144,4.0325030669355115,18.934989616542225,1,563.0500191185234,2592278.659794188,563.0500191185234,4606626844.998687,0.33739861292417717,0,10991502100.281261,10991502100.281261,216996025.0400904,10991502100.281261,502368480,10467014042.281261,0,0,22119578,0,10774506075.241175,1.0000010637305812,1,0.9999475827516109,0.8288160843713869,0.9999908887987239,1,0.9838285202272236,1,0,346047.67813169805,14.724044248238913,0.05342006795586428,14.311188593061848,18808.620856725323,56498.66802057066,1.0051886751189336,55975.7096405574,3.2917320133644346,73137.76467573007,0,0
90,9801296,336088,4281888,1222268,3961052,1.1224224638672873,0,0.7306424581130536,0,0,0,0,16593,16454,16925,30.82647616631952,4.20756784922895,7.326435905714169,2.490220012639551,3.2976430077833543,14.88695853847485,72.83333776090467,11.35726075184023,4.5144239395645585,22.08648346379452,1,769.4274625421706,1264768.6840967578,769.4274625421706,6266931493.212129,0.3739140584191941,0,10991502100.281261,10991502100.281261,302139417.5430446,10991502100.281261,502368480,10467014042.281261,0,0,22119578,0,10689362682.738222,1.0000024799188572,1,0.999977071645165,0.7822310333535845,0.9999815294584905,1,0.9570760020612106,1,0,303032.9780642002,15.029906659269924,0.030686388805576528,29.85785727339274,19517.612734802355,45036.92821908891,1.1226991517567835,49317.03559889585,4.161373788373076,705325.6712147228,0,0
120,9801849,212717,4399849,1214120,3975163,1.1250317068633815,0,0.7610076674519782,0,0,0,0,16453,16364,16917,31.154518944316084,3.37862295343,9.22107005538686,1.340226326126585,2.0851503160323364,11.582870024969104,83.94442501717555,11.636139000006526,5.554932867865952,40.25821273974463,1,979.9076412943459,581780.9090130561,979.9076412943459,7433005106.687168,0.40691005211445197,0,10991502100.281261,10991502100.281261,305371890.3598274,10991502100.281261,502368480,10467014042.281261,0,0,22119578,0,10686130209.92144,1.0000081130929093,1.0378519913210298,0.9999411733238551,0.8283368028870608,0.9999412440678087,1,0.9740476894870117,1,0,345450.72452356224,18.684340569925492,0.007350016641897338,30.244601997821366,18327.82145757688,31340.440229581018,1.0892933118577184,42582.56232019103,4.540144645510477,282491.6407309089,0,0
150,9802731,178531,4428930,1206055,3989215,1.127577639832437,0,0.7884897920559066,0,0,0,0,16363,16021,16903,38.65107107741517,3.0389430037678626,12.718590322192048,1.2968632296555125,1.6334045913446986,8.738512569791498,98.19739018714584,10.936585361651064,5.349876335658838,60.11822833576398,1,1190.8910842775074,551535.1126568378,1190.8910842775074,6381545766.414399,0.4699422172273791,0,10997303691.831621,10997303691.831621,378886052.6337762,10997303691.831623,502368480,10472815633.831621,0,0,22119578,0,10618417639.19785,1.0000135616052872,1.1383577453600913,0.9998699770125921,0.9969973490774822,0.9998699770125921,1,0.9999846340686991,1,0,323178.6262183776,21.913807643785148,0.001577598486976862,19.054356838051334,9266.038029268615,13086.770087750492,1.258875560095984,25973.94416396197,4.544841401111734,160422.3175656042,0,0
180,9803708,2361555,2240849,1197985,4003319,1.1301276463343939,0,0.644869301939389,0,0,0,0,16021,15914,16891,36.198671275237785,2.9895179610916047,12.10853112319822,1.2925048522577083,1.4326305019925407,6.481511379604197,92.95029651192418,9.696465761386271,4.5242031148921775,64.8808582412886,1,1408.9197522756156,548926.7310705674,1408.9197522756156,6050889131.029713,0.5548113673815932,0,11005494237.560587,11005494237.560587,354881203.17038274,11005494237.560585,502368480,10481006179.560585,0,0,22119578,0,10650613034.390173,1.000013566905193,1.4136251654772218,0.9997288846315999,1,0.9997288846315999,1,1,1,0,334999.49962898315,30.29896527784492,0.00033861378924296187,7.348805607874436,8391.186241530371,8573.408875565432,1.302694623319881,34433.08827789136,4.186363126432595,216353.9818605928,0,0
210,9804751,2076083,2521201,1190113,4017354,1.1327268448066292,0,0.2760939470037396,0,0,0,0,15914,15837,16880,14.620132297415806,2.930191948266612,4.989479377303084,1.3046308278959833,1.3557362323484108,5.749002462205689,76.97145662658914,9.366451466302015,4.24050218990404,56.77465482593095,1,1553.1331598698096,547393.6415020173,1553.1331598698096,6681664805.793442,0.53856006414913,0,11006023154.879946,11006023154.879946,143346756.7632243,11006023154.879944,502897397.3193579,10481006179.560585,0,0,22119578,0,10862676398.11672,1,1.489993281546896,0.9999999999071321,0.9999400225397469,1,1,0.9999999984236021,0.999839779005525,0,331817.9384555846,29.09120656275331,0.0019242919430494045,5.8830161265396805,10705.960034698868,11850.13826683254,1.4322414547665874,10837.28792493134,3.3792117220854987,350217.66722869856,0,0
240,9805726,1132694,3459389,1182376,4031267,1.1353546963327972,0,0.10954227481237729,0,0,0,0,15837,15890,16865,18.909186159359493,3.0086176396981776,6.285008074757033,1.3913634767011955,1.452021622847588,6.925223389065394,98.70703033855166,9.76912166060065,4.769366571473091,67.97903611447285,1,1715.4272975073968,546091.2556413448,1715.4272975073968,7639628987.576105,0.5229253093747345,0,11006086802.523214,11006086802.523214,185418298.36165512,11006086802.523212,502897397.3193579,10481069827.203854,0,0,22119578,0,10820668504.161545,1.0000069050562883,1.596238530828354,0.9988166440342875,0.9998174564012691,0.9988166584647132,1,0.9999999956421404,0.9997046303962176,0,276050.0508686025,13.455021019346738,0.013628032458870645,6.749418239723007,20576.96825458627,20770.788083260497,1.4026572369247683,32884.39604489817,3.5827368572889453,809513.4413600068,0,0
270,9807036,1039895,3547190,1174711,4045240,1.1379669223482887,0,0.12661641495136272,0,0,0,0,15890,15551,16861,30.933455609470094,3.306545009587735,9.355219880502073,1.4716186555901896,1.669019499026444,8.59680228293662,129.69127480923876,11.60729539544879,5.150809974329972,77.70506868547012,1,1870.7984621880119,544681.281433207,1870.7984621880119,8539131919.762688,0.5852486877048636,0,11007563843.322453,11007563843.322453,303365512.76645404,11007563843.32245,503326821.3506823,10482117443.971767,0,0,22119578,0,10704198330.555975,0.9991405779270682,1.8469385231127657,0.9821070249322988,0.9983255827443258,0.9898733060463077,0.9922208538897581,0.9999999189282083,0.9999609374810466,0,325027.0386174468,14.084417370381278,0.011609143670635997,7.735696347605701,14434.373139029522,36738.9317157168,1.538493865848939,56346.92780248286,4.03268279147559,257032.41262417336,0,0
300,9808401,732214,3849896,1167120,4059171,1.1405861055278026,0,0.08030477338589076,0,0,0,0,15551,15483,16848,20.26313176281,3.6034790770204257,5.62321338065456,1.6823199702287517,1.926757004141735,10.691096416798446,144.27532955178302,14.772653307277244,5.5487518113685255,74.87987807577728,1,2055.673879388393,543134.6396958065,2055.673879388393,12346129507.204609,0.6085747726054537,0,11022930219.182434,11022930219.182434,198748921.8454732,11022930219.182432,503326821.3506823,10497483819.83175,0,0,22119578,0,10824181297.336954,0.9976689415725839,2.129428906752914,0.9885561126495733,0.9984613265159278,0.988556151718557,1,0.999999854019889,1,0,338716.07652780996,14.85521899236705,0.002709082874152831,11.32326647269831,14193.549600415216,32871.34382701342,1.9966192676694745,56283.3497498096,4.470180699257293,329045.0529431661,0,0
330,9809827,248352,4328892,1159529,4073054,1.1431732719514187,0,0.029024311262119826,0,0,0,0,15483,15414,16840,10.247357142508934,4.838198385913697,2.118010946459715,1.787407383455977,2.42923691865163,15.294265023280852,182.79873391462425,20.16503219677764,6.295913299296503,75.24944665178576,0.3824823395330841,1354839.6352881175,518202.23339714936,518202.2333971495,17716252720.994728,0.6910820661173755,0,27090016100.353287,27090016100.353287,100524800.77520435,27090016100.353287,530340652.7443147,26537555869.608974,0,0,22119578,0,26989491299.578064,0.9973656148033233,2.4775756638708395,0.9832704640627086,0.9989361748399717,0.9832704669478927,1,0.9999999629893704,1,0,307256.13356100785,13.105676143532172,0.0031643112122331065,19.124935258063996,18225.14728360575,34348.62599529411,2.4185476571428444,42382.600690609484,4.900216634501613,484195.51535637723,0,0
360,9811598,1286161,3841606,1152005,3531826,0.9134250834720065,0,0.010489867908533096,0,0,0,0,15150,14777,16548,17.675000948356622,5.106295629750588,3.461413562774849,1.5258425699663156,3.0732400124971875,22.15423919995186,203.59326214485736,24.165184318995674,7.2087565923464085,66.24710771594631,0.9999999999999981,276685.6220758779,1996783.251658197,276685.6220758774,21784123459.11244,0.7412608105899001,0,27099548808.520065,27099548808.520065,173420003.95487148,27099548808.52007,539873360.9110975,26537555869.608974,0,0,22119578,0,26926128804.565166,0.9798381291358443,2.8300469268181203,0.9455188895292086,0.9987960652516886,0.9455188942113009,1,0.9999999386615002,1,0,336040.12089692894,15.000507585895356,0.0022780909799959125,29.529055014252073,14449.936451025776,33531.93834541511,3.085886440474269,80261.6886153171,5.941564824980769,352317.0050170795,0,0
390,9813013,861421,4261148,1144031,3546413,0.9156429127650598,0,0.0037889305798850747,0,0,0,0,15017,15645,17060,1.3714168459671399,5.833259744723352,0.23510299660626213,1.6036410996751649,4.338859605334198,32.559434697857505,163.2810072742242,23.716832093602193,7.50414571096721,37.63224029500433,1,277433.5627734101,646082.5078766223,277433.5627734101,23796414451.8429,0.624165388163898,0,27934897347.145397,27934897347.145397,13457731.337870633,27934897347.145393,498792927.3163843,26834741065.98229,601363353.846715,0,0,0,27921439615.807484,0.9659969265597064,3.1735049455664135,0.9763585569491166,0.9977131607396922,0.9763587585450719,1,0.9999994565728569,0.9996808122279389,0,314692.8562346135,14.029445544258406,0.006908403705016982,45.70424294069464,18840.614796522732,37028.207440395454,3.485550416335777,42620.61587557299,7.074273236576501,343124.944932486,0,0
420,9814549,591682,4525830,1136100,3560937,0.9178360500180557,0,0.0013685544707127595,0,0,0,0,15645,15522,17058,1.4274694148128917,6.868562363733701,0.2078265201972964,1.5693495500515497,5.880383570481488,41.35377512102701,153.9738888263752,28.870797939494587,7.032496201202901,26.184327430492388,0.9999999999999981,277254.55837090546,1597581.6476207706,277254.55837090494,22821761473.458767,0.527034255310919,0,27673180075.226704,27673180075.226704,14009968.51765828,27673180075.2267,562191535.7442093,26500213968.827396,610774570.6550875,0,0,0,27659170106.708973,0.9839267776255008,3.5218043063477915,0.9766761317571134,0.9973519258106008,0.9824566838447404,0.9941637694693665,0.999999638543655,0.9998190543427484,0,344510.1884936126,15.69029273228974,0.006633513433387544,90.16314703078422,21194.743765449988,43120.213129615855,3.8709755777478563,39868.68371518711,7.860047856544576,418883.31680810696,0,0
450,9816021,862436,4249847,1128318,3575420,0.9200856055895185,0,0.0004943230234773252,0,0,0,0,15522,15574,17046,0.7589890070243177,7.302243149879753,0.10393915834435287,1.488220730805925,5.618764015336188,26.470152361237826,89.94412115000497,24.61438906775826,4.711027601264019,16.007812555306852,1,276799.2026921556,459747.32583824696,276799.2026921556,18110073619.448086,0.4734686101961806,0,27673180075.226704,27673180075.226704,7450252.031696829,27673180075.2267,562191535.7442093,26500213968.827396,610774570.6550875,0,0,0,27665729823.194935,0.9855979845469787,3.862205351839082,0.9735228620422139,0.9986390785787193,0.9789300165844179,0.9945928668956867,0.9999999654038995,0.9994820399569699,0,340342.6703475812,18.87797482499282,0.002833954423830736,84.05274551990763,18617.182722421567,35882.75351668155,3.5595939511094037,26337.237103967476,7.991978259377711,474087.93682457076,0,0
480,9817520,1111650,3995384,1120577,3589909,0.9223525827319732,0,0.00017854855822792943,0,0,0,0,15574,15538,17037,0.4695997237411802,6.896805488541611,0.06808945453389625,1.484977848916797,3.7384914816468537,18.982256421240336,69.7467404246482,16.885513584468505,5.077517633630773,18.656386076322917,0.9996173594843095,277065.1230542979,1883404.1964703356,276959.1067127325,14721087166.607138,0.42062895137168965,0,27695347807.72936,27695347807.72936,4610304.679800866,27695347807.72935,562191535.7442093,26522381701.330048,610774570.6550875,0,0,0,27690737503.049496,0.9892122244414031,3.955074478674029,0.9867704079483929,1,0.9867704079483929,1,1,1,0,322192.48378083075,18.502604587426266,0.0006284135442872266,45.15256904021082,10984.622551853083,16104.765572814942,2.962246696867354,31736.346044612397,7.678700983444334,324097.0405615114,0,0
510,9819185,968234,4133501,1113062,3604388,0.9246756250569659,0,0.0000644904159088464,0,0,0,0,15538,15357,17022,45.38574062108496,6.251339410054301,7.2601626058071815,1.4761507561923493,2.3245636275686272,12.539206762551975,67.5485176744678,14.669107066203836,5.394219634963202,29.058579801113055,0.9644238708635026,290338.43687971355,603227.7954714848,280009.31915599207,14340105119.407024,0.43488332297777443,0,27696303246.290955,27696303246.290955,445650983.5204406,27696303246.290947,564205057.7197134,26516580109.77969,615518078.7915392,0,0,0,27250652262.770454,0.9763035421465199,3.8841586306778892,0.9500317543842073,0.9998998730860736,0.991532135658304,0.9583333333333334,0.9999999973854069,0.9999751381215469,0,316955.96075361,16.784795244897534,0.0007380217225488493,30.17813821116606,14519.506886207793,20157.81035436629,2.77297584509826,27644.442727607715,7.939120826265626,374530.564169948,0,0
540,9821000,1285706,3810846,1105613,3618835,0.9269890702576958,0,0.000023293435170069873,0,0,0,0,15357,15199,17014,78.84804087182115,7.510976625895943,10.49770819416121,1.6555129475975867,2.3862709172449983,14.246656267658802,94.80765215103615,14.122630783788747,5.97025935517283,39.73046457796739,0.838205980367242,292234.1336725847,1516047.7282361272,244952.39851180054,13879475062.024223,0.5811405945734017,0,27702807499.598732,27702807499.598732,774366609.4021269,27702807499.59872,571718020.2886882,26515571400.51849,615518078.7915392,0,0,0,26928440890.19654,0.9386303583999697,4.031850213065838,0.9205661498123411,0.999382441888583,0.9638539216583506,0.9537745433825354,0.9999999828084138,1,0,337346.4866332511,17.018848815617602,0.0026291505780694185,19.778585834655743,17892.780139053222,24525.123919469668,3.1164399312757425,57579.24405470764,9.321585942934918,379088.2136340673,0,0
570,9822898,1031989,4059359,1098287,3633263,0.9293314854926435,0,0.000008413416032873725,0,0,0,0,15199,15109,17007,98.16836111012483,9.599750703594525,10.226136505124735,2.6888357575132305,3.7968051469624355,22.855933307098468,128.2664354628797,16.18782716304939,6.019780426547288,33.78272797736195,0.9129926444782808,286110.7812959791,261217.03882916263,261217.03882916298,16456962819.262154,0.7460075001916117,0,27832336973.095737,27832336973.095737,964297798.0117816,27832336973.095734,632237331.5403141,26584580616.420147,615518078.7915392,0,946.3437261544891,0,26868039175.08378,0.9172575375515218,4.151536670606463,0.9388531068855374,0.997693762142788,0.9388531308497872,0.9999999999999921,0.9999998482634599,0.9991052273477676,0,272110.91325278487,11.022351870836593,0.0036079017023715626,18.851498216297685,17870.370515406627,36359.81294871354,3.4363642431488213,33137.01791205193,10.880784397384748,480128.2167337038,0,0
600,9824846,845571,4240594,1091054,3647627,0.9316805490974044,0,0.011356886330159096,0,0,0,0,15108,15048,16996,98.81776129430106,12.869580391806357,7.678398074051825,4.472489972593975,6.034311490344558,37.64414969565387,193.5842856595035,22.59370643193666,6.238350432503842,32.08059212210968,0.9999633320835312,285894.0287264463,1414039.4442746625,285883.54558808205,24198513641.2238,1.0352109056173717,0,34514721970.4613,34514721970.4613,970869286.7811347,34514721970.46128,632237331.5403141,33266965613.785717,615518078.7915392,0,946.3437261544891,0,33543852683.680004,0.9493971461424134,4.23103504177356,0.908458172387903,0.9966706364828559,0.9251023591429977,0.9815285111136363,0.9999997182473698,0.9997942681791919,0,336913.54521179956,12.50078858828395,0.001336286986322897,25.65205020101992,20878.80002163331,47504.116586059725,3.6917335083845386,55885.73297113536,14.92392967763949,442522.205617018,0,0
630,9826888,810255,4270800,1083854,3661979,0.9340251187991471,0,0.07967748589925742,0,0,0,0,15048,14940,16982,90.00216584077123,18.57016214414033,4.84660096891888,7.342166592044552,10.203294964399353,61.264834864223396,303.52746396925477,33.51133348411224,6.004416718127283,29.74798484492532,0.839936212591026,285917.0701143909,566059.4994242422,240152.10098700435,37305692403.26784,1.552101893993548,0,35763322236.4131,35763322236.4131,884441203.4746826,35763322236.41308,631807907.5089897,34515995303.76884,615518078.7915392,0,946.3437261544891,0,34878881032.938385,0.9510979059638279,4.53751257329585,0.8397405338314047,0.9982801984895315,0.9003291750868098,0.9380226304382818,0.999999835472958,0.9989020742134573,0,333065.77421822527,12.150319538387256,0.0008740109092416325,40.733084368788965,19185.502193688924,44569.03252672361,4.2278296662203045,41398.66823150771,19.037074262577512,424703.2488235251,0,0
660,9828874,584299,4491503,1076773,3676299,0.9364179296197921,0,0.1213832823667511,0,0,0,0,14940,14988,16974,68.03694142500908,27.36555535624305,2.4862254954927288,7.29234699854406,14.949289395174857,81.84654415842446,396.7399360715897,48.26210251884285,5.474945463617947,26.539049822638688,0.9702332386733051,288131.5780039683,1292813.1068310617,279554.8340908402,55069183734.80974,2.12890375777876,0,48719349258.09257,48719349258.09257,668726524.611722,48719349258.09255,636616215.0449755,47467214017.912315,615518078.7915392,0,946.3437261544891,0,48050622733.480736,0.9800572440551859,4.979866631437906,0.9219349855548201,0.9962564243876654,0.9571767248000463,0.9645800725184909,0.9999982921214164,0.9991807991290486,0,314351.61530398467,11.394866819358112,0.0005560170619456768,76.34324564431418,18466.658827319075,52827.6545410434,4.940100832305741,40361.15564403299,23.569574090413944,394028.9681302697,0,0
690,9831028,719457,4351216,1069784,3690571,0.9388014174844247,0,0.08474958387165087,0,0,0,0,14988,14812,16966,19.211243957160296,29.25349459483593,0.656716205131664,7.08300214852654,15.100054687810513,109.64745774004227,481.92249011875083,67.97529960753502,7.261394743725991,31.91528110873544,0.9441504553222002,278942.8187318598,768047.8407221416,263363.9893145434,72664797499.93282,2.527063302908438,0,56803272362.33354,56803272362.33354,188866277.25760671,56803272362.333534,820937908.5773158,52047316994.53314,3935016512.879355,0,946.3437261544891,0,56614406085.07586,0.9905813612127209,5.695909075686248,0.9483882707985487,0.9988939418327221,0.9775247028898877,0.9708351052037177,0.9999978829808991,0.999720917492632,0,329049.1305404074,13.497250419281672,0.0001379453881592517,139.37630412573995,31689.972909036223,38172.012797750176,5.599532745353255,63888.82477464815,26.588573318637785,303903.7377807492,0,0
720,9833349,1233308,4070859,1062903,3466279,0.8538912896219143,0,0.03272786340139646,0,0,0,0,14551,14371,16692,5.66267312178307,23.95099691314216,0.23642744986017272,4.9220995467838895,12.37666086316461,123.71397472100323,537.3838125825415,75.39054189162705,9.99574732545193,43.419127220484974,0.9957222466076502,279338.5243723115,1280239.0238201197,278143.5830520638,81341052235.12987,2.1602630809745302,0,59072702926.49664,59072702926.49664,55683041.07934987,59072702926.496635,832103172.5233434,54305311134.99592,3935287672.633648,0,946.3437261544891,0,59017019885.41721,0.9905725736497719,6.393755118905554,0.9594305892389685,0.9973627336217535,0.9957554596535724,0.96364050561523,0.9999865307628594,0.9998136203065633,0,296713.2634987745,12.757461986172846,0.00034020102769379343,117.38247487894168,21207.13628832155,35584.18948014382,6.497763413894127,60600.05217364201,31.131462926265787,271090.71425273817,0,0
750,9835148,1370275,3928246,1055584,3481043,0.8562062885095671,0,0.011924115387226916,0,0,0,0,14609,15390,17189,4.225250142726161,24.426494128304824,0.17297816545150635,1.9509179454558554,9.122823592512646,75.64158665557943,404.19562153935317,83.19037085050526,8.291466549639367,44.305978016618425,0.9791744992030843,329753.1974673969,1272935.4316878403,322885.92199075414,86896779151.90172,1.695280628351439,0,64969099468.26801,64969099468.26801,41555960.49066983,64969099468.26804,521669112.3911579,59815825890.976364,4631603518.556795,0,946.3437261544891,0,64927543507.77731,0.9999510466032258,7.06838300196519,0.9955451816098664,0.9904849724637402,0.9988070064359692,0.9967429398993614,0.9999200040937913,0.9958407294954148,0,331126.6654398743,16.21056859819774,0.0009682846092505953,104.32362926876819,16268.430443352026,21868.242345552124,7.318334711279126,41238.62299086106,35.12047643582613,216287.82310747233,0,0
780,9837033,1084006,4208811,1048477,3495739,0.8585628409219513,0,0.004310343035210291,0,0,0,0,15390,15300,17185,8.907029123395937,22.899610231922477,0.3889598570974529,1.7566505824935188,7.128945843414858,44.840255476570825,381.04664428675136,92.99067917603332,6.289885834662444,53.45062968022563,0.9999999999999991,278998.75370187947,689905.3487829051,278998.75370187924,121083889926.9868,1.580897591019201,0,67859474141.565605,67859474141.565605,87618739.41874234,67859474141.565605,1591795831.1786284,61576054378.785225,4688071324.181645,0,3552607.4201198807,0,67771855402.14683,0.9778743875556182,7.546296077809684,0.9951729770311599,0.9897387818732636,0.9952036052283955,1,0.9996734212740548,0.9971744287745852,0,301610.96772233455,12.54451304148673,0.0071185590045949815,81.4948576249019,18819.767859084182,29590.402648919247,7.51413019739352,38537.59129135664,33.355079800184384,419696.08315230045,0,0
810,9838970,1170496,4116626,1041407,3510441,0.8609311455268103,0,0.0016198975284157594,0,0,0,0,15299,15233,17170,20.94748202134635,16.759166505581994,1.2499119221931083,1.9855472803855962,7.52537305750925,39.719139035170876,419.58984487648377,81.60685182475623,5.278029239432434,55.75668364477863,0.9557874656261076,287248.9465192483,1284826.5744573553,274548.9425974017,122421033445.06314,1.5871316379517686,0,70980651791.35873,70980651791.35873,206101647.1834979,70980651791.35873,2620865035.0504394,63660859194.11117,4688071324.181645,0,10856238.015501963,0,70774550144.17513,0.987534267703529,7.773061531063107,0.9807074519452088,0.9897701291183445,0.9815340216081686,0.9980446927374302,0.9996549510750179,0.9975064286452057,0,326684.5743270941,14.107597251346998,0.002406728636581754,56.26612397546523,22898.48813768516,25383.71147365614,7.590607968680325,80130.73612327359,30.122317859829465,347251.1215031894,0,0
840,9840812,1138917,4142410,1034395,3525090,0.8633218507394069,0,0.03227448836278717,0,0,0,0,15233,15322,17164,40.32345175135737,20.358641046046998,1.9806553718469782,2.0834008470198784,8.703699493572797,47.43189728784773,423.59871145871216,74.56504697208433,5.449624877659618,48.668811666983274,1,317648.7420546512,924398.2693593962,317648.7420546512,117673585301.08252,1.8833472024516322,0,77824009174.20822,77824009174.20822,396815507.8761064,77824009174.20822,3482685856.4225726,69642395755.58853,4688071324.181645,0,10856238.015501963,0,77427193666.332,0.9869615018471036,8.137227748522394,0.9809291290316288,0.9889511639428855,0.9904095268367344,0.9898751924097371,0.9991694990440523,0.9976519483683296,0,315159.7262958025,13.004826594079303,0.0011499447726627048,47.807428795287144,25083.976410978106,33064.87668171413,7.861382937326915,35798.215904091485,31.62716113118894,430186.5157542289,0,0
870,9842983,881168,4394598,1027474,3539743,0.8656974172091787,0,0.021543777376256092,0,0,0,0,15322,14983,17154,32.1438688964255,22.31044075882095,1.4407545437539901,1.9729893780380623,8.57429080375639,52.404534312472,380.94652728385574,71.2318273116598,6.111821433617998,44.42892549398527,1,280109.8224361617,1326943.3021603024,280109.8224361617,116675756513.89941,1.992783741703351,0,79118394729.28331,79118394729.28331,316391555.10167855,79118394729.28331,3903090378.7979994,70517572056.86566,4686090950.917777,0,11641342.701898523,0,78802003174.18155,0.9577012620389821,8.470535941958527,0.9568439275041568,0.9884848834612917,0.9624270053114621,0.9945770766046313,0.9983449252232136,0.9981221405255969,1,330755.4426983651,12.947698917553584,0.0018412345671374886,47.53483294311619,24422.028844324446,39039.78776335198,8.54632163567711,44957.84719794859,34.06244246599441,463622.88125795394,0,0
900,9845025,875059,4395014,1020609,3554343,0.8681003090469525,0,0.007778481248703036,0,0,0,0,14983,15098,17140,125.29520507651635,23.50775791514214,5.329951309214797,1.9496429602463328,9.062963296160335,57.594325860302526,365.12528063183686,70.24596622367712,6.35491107910624,40.28762654114773,0.9631466575478602,302879.3674862739,554134.7779399373,291717.2504346148,117178049150.62521,1.8683009623936664,0,81928834472.32028,81928834472.32028,1233534426.3583837,81928834472.32028,4029769473.149981,73201186776.4123,4686090950.917777,0,11787271.8402481,0,80695300045.9618,0.9627062282720602,8.960231783848167,0.924820234013786,0.9880312449530552,0.9384509095972086,0.9866096526848974,0.996977791608936,0.9986817084611129,2,304582.3710035213,10.827471624950174,0.0006362141749330954,52.15901648733787,32143.197946487464,41197.62964923007,9.613400476341619,46403.53318967073,36.806397738464966,437740.94425252214,0,0
930,9847324,971529,4293080,1013801,3568914,0.8704758511030923,0,0.002808424745375506,0,0,0,0,15098,14831,17130,156.29867730129834,25.802858813839435,6.057417064866747,2.0004892285720555,9.22782221461843,57.3543038324511,415.5928507115675,85.46327037122381,6.215367233841176,45.03693732343458,0.9999916112482188,296519.0579233124,1507210.9964741934,296516.5704985371,124160436328.42747,1.8854467716684264,0,86451416221.18515,86451416221.18515,1539123716.157241,86451416221.18518,4147831841.0916467,77604096577.431,4687701477.165997,0,11786325.496521946,0,84912292505.02782,0.9697981716415645,9.76172428325179,0.9456582141696147,0.9855496227244785,0.9463836300761337,1,0.9963991207964595,0.9983177723282898,14,321299.18035966606,11.494569652589169,0.003081530815029185,70.02312598494562,23075.954977783524,43057.349025768504,10.775309108746193,47901.575779547726,50.99034679795487,327388.9586349171,0,0
960,9849810,805195,4454025,1007130,3583460,0.8728651777259746,0,0.0010139605437536924,0,0,0,0,14831,14641,17127,165.43866092890033,25.307776402361906,6.537068223562319,2.1239288443483306,9.44273034427274,60.73279956746294,455.04636759979655,99.3119738376182,6.431699026997944,48.19012626743005,0.7554490325642179,471006.82130364474,355821.64748498565,355821.6474849859,142957740816.34607,1.7190999837985101,0,84738842814.21048,84738842814.21048,1629539376.8040805,84738842814.21048,4650321954.794499,74993998763.13643,5082735770.783017,0,11786325.496521946,0,83109303437.40633,0.9753811466961718,10.458013857182566,0.9465355656394963,0.9844374955659887,0.9466030009247164,1,0.9952827708560172,0.9980317040911745,30,318225.53560576984,11.67921565933228,0.0015402377061226181,85.41603328693506,27329.41612708152,43537.30939052188,12.644804741535165,45170.194504666855,65.9429342419252,328068.7944936546,0,0
990,9852391,609775,4644157,1000462,3597997,0.8752414382218879,0,0.0003660834408988529,0,0,0,0,14641,14532,17113,135.40249275659812,25.722667636406758,5.263936644150984,2.9401023186847257,12.025247517565282,77.80907198519641,607.5130357049796,115.74440533806934,6.470475711334896,50.519794691758754,0.9999638107883111,292931.675126083,1762536.8734728969,292921.0741596815,171702663979.83957,1.528827321323448,0,87125297686.24313,87125297686.24313,1334038301.0128465,87125297686.24312,4765932997.719687,77158937112.00604,5188641251.020849,0,11786325.496521946,0,85791259385.23041,0.9752216227370217,11.576772314258024,0.9434203481743452,0.9864095576624831,0.9434356122675063,0.9980695718654434,0.9949685549966081,0.998501546971155,20,326277.52276482637,12.04145686316805,0.002391221820404699,116.80023216139591,16624.325666374276,42442.515664855724,15.595974256018225,72315.64642200849,82.12566503305256,294306.21735993563,0,0
1020,9855210,856059,4392712,993968,3612471,0.8776223996055458,0,0.0001321708391755664,0,0,0,0,14532,14282,17101,127.65667516341784,32.629546652545365,3.912303058414071,5.784674406963837,19.532833492969935,99.77328656490688,823.8172058745951,147.13326527656852,5.107978143612206,42.1760215265796,0.7246595203804179,292168.0920229398,306080.3596788995,211722.38943580538,207965885338.3614,1.9469984431633838,0,256512416973.87936,256512416973.87936,1258083341.6373842,256512416973.8793,5249544773.168433,245391371413.1946,5859714462.019776,0,11786325.496521946,0,255254333632.24185,0.9763809100736117,12.786123839109079,0.9556677366487535,0.9923539461647217,0.9568251794999901,0.9969101137173643,0.9965582380285176,0.9986995003362309,19,313630.2360362501,11.76043925041615,0.0022298898824634284,160.64081733539956,28266.339638362406,44039.656174197975,17.66581831505042,87352.20076920369,96.10841346857414,434675.3795339291,0,0
1050,9858096,709184,4534467,987461,3626984,0.880006125503013,0,0.000047718081796459186,0,0,0,0,14282,14205,17091,144.37962913704473,42.232828485211826,3.4186587618113347,10.058034506188571,27.62614128245657,118.39421117724105,991.8317024401265,186.46069517203387,4.285586248428583,35.90192681270219,1,294463.7217365681,1846064.8533768882,294463.7217365681,245506322059.0237,2.5890478048934416,0,250020748804.01297,250020748804.01297,1423308244.4775515,250020748804.01294,5109873504.515615,241952747568.88382,2942836527.1983027,0,15291203.415232103,0,248597440559.53552,0.9553824727054211,14.137889011852332,0.9174160855200661,0.9955597987519662,0.9730863828878533,0.9432736272994281,0.9993121468323733,0.9991904418720313,9,311123.1122097542,10.811689108310558,0.0021470298730171563,229.17549439934083,17549.527517298015,41474.437086418504,20.520118893967197,65361.30069717126,118.66130190127757,434585.9192893095,0,0
1080,9860973,906397,4510950,980991,3462635,0.8202586985843808,0,0.000017227838254757463,0,0,0,0,13966,13949,16826,206.93148347573276,52.67680910628557,3.928322291849698,12.2717800114918,35.28343186450448,181.8846762876025,1396.6025670184556,248.87724315434787,5.154959896930562,39.58239018193276,1,301509.7172222214,451916.5643952058,301509.71722222224,294754851808.3361,3.2657110088840176,0,265953395262.89072,265953395262.89072,2040545771.4044118,265953395262.8907,5213577201.392345,257144633610.3181,3576877627.9552655,0,18306823.225009333,0,263912849491.4865,0.9359671694863833,15.438183585303728,0.8786958705678558,0.9972407445719667,0.977308058528933,0.8989778304984225,0.9999854660922852,0.999073218109788,9,321261.324912172,11.485435756211269,0.0013433258115818768,301.58713225570784,21856.484699672143,37672.60906036244,24.37517340023479,64495.36830191374,162.36551230389617,321074.0687432503,0,0
1110,9863453,740173,4671556,974231,3477493,0.8226066013283371,0,0.0011045938188697067,0,0,0,0,14176,14836,17316,230.53250188966015,70.91413239628629,3.250868255729135,12.835155692129229,42.21209157072866,243.17287764630274,1714.9275266572183,309.4558522372698,5.760739840120297,40.62645234680598,0.9999999999999982,304350.13353083696,1812583.8284444008,304350.13353083644,369066595102.7331,6.292956167910908,0,329729821861.1731,329729821861.1731,2273846497.3611107,329729821861.173,5506289416.303352,317036325162.66486,7168900458.979741,0,18306823.225009333,0,327455975363.81195,0.9759236996394564,17.04063902439949,0.8956224215971057,0.9974229448370798,0.9856778131733939,0.9054920937466882,0.9999995862932685,0.9980018691359683,11,328175.1338392141,11.572430603412837,0.0006182578195317554,319.6588755900621,24473.870673886715,32811.317032924795,26.363774187907275,52910.53678233682,179.40157691993446,223036.58525847067,0,0
1140,9865947,1014427,4391566,967581,3492373,0.8250018081784419,0,0.0029017617309380866,0,0,0,0,14836,14816,17310,203.9629883991573,97.73211203733658,2.0869597939440556,13.375618945553898,41.19728217323456,268.4066052787089,1597.688908502731,284.9219005303579,6.515153212050717,38.7814152832813,0.9991284881638373,293319.49831480323,704072.2025253476,293063.86690024455,391445412726.51483,7.913114980258221,0,342178853475.1717,342178853475.1717,2012288033.5077822,342178853475.1716,4615741513.256648,330187221963.3867,7359334843.859701,0,16555154.668464568,0,340166565441.6639,0.9722895165091366,18.796073402502095,0.8802325126564272,0.996852471572038,0.9811322229833046,0.8990881030404665,0.9999987314759919,0.9977661608796248,15,330508.40886740736,13.18667078418427,0.00030697562265903427,248.1836514785566,25579.51567730056,29960.08249953508,29.355282607943536,41721.16550143057,126.28853032065871,293475.077712552,0,0
1170,9868458,1100757,4299071,961435,3507195,0.8275504330878687,0,0.2463212402072835,0,0,0,0,14816,14789,17300,305.6798905906139,105.82200899320334,2.888623014237491,8.409396664812848,38.566278488338284,266.3157050987288,1638.5748078500822,279.5333104893333,6.905403257388645,42.48724201754536,0.9976469932842785,298792.2003517864,1648123.1385365985,298089.14029775345,412610550638.77716,8.674472678281763,0,348461028062.72906,348461028062.72906,3016589161.738404,348461028062.72925,4379639117.632965,336607728271.1393,7461375390.795771,0,12285283.161114007,0,345444438900.991,0.8793131819376521,20.60288496904819,0.8916839530505621,0.9989201867908294,0.9390952368595691,0.9525889138989574,0.9999998223818997,0.9994598166031311,6,319797.7207356019,12.255177011949721,0.004686895541784308,230.0281648603087,33582.37924575063,41484.47422944807,35.08666212487626,43852.403371400105,149.86388360182085,280031.5857870081,0,0
1200,9871164,1237449,4156324,955383,3522008,0.8301037140421,0,0.17133535473634048,0,0,0,0,14789,14580,17286,241.8507336194589,112.41285075795582,2.1514509416739647,4.124496467408647,38.58927871166024,285.48076684673515,1752.611406058167,315.874668024907,7.3979295902328825,45.417055321342225,0.9996465862586734,300065.207647426,606120.2730956352,299959.1604797494,448920796628.8067,9.141375193097105,0,354161439734.8487,354161439734.8487,2387348255.078494,354161439734.84894,4646317064.379523,340480422780.7348,9020035154.817234,0,14664734.917376226,0,351774091479.7709,0.8957789563139009,23.64898114491537,0.8621213875839334,0.9949741443688573,0.9247835492941653,0.9363439403573166,0.9999850430707421,0.9998609408900075,0,330149.72823472077,13.682325613289906,0.0034171734283229296,380.5534972827702,13733.129237808853,37530.71587948049,42.18962059431795,34579.13232443754,159.4669157908715,230615.98982673063,0,0
1230,9873865,1217559,4170084,949477,3536745,0.8326873179978703,0,0.07129752584736944,0,0,0,0,14580,14576,17277,182.53518277258667,116.91704399117475,1.56123672427405,4.067174758792868,40.876165461022545,289.8467559041608,1753.1975542591417,424.21414231498693,7.090849952169414,42.8904603571708,0.9978976283347633,296677.6064694031,1161697.50604744,296053.87987585156,443598768340.5872,9.160740803784773,0,356024084622.7122,356024084622.7122,1802327752.4475434,356024084622.7127,5689631031.477445,341079606772.34143,9240967188.66291,0,13879630.230979664,0,354221756870.2659,0.9573841536710211,25.10907623518865,0.9026655281229659,0.9891339076473062,0.927748890279099,0.9730625583566791,0.9998102427704335,0.9994477337187985,0,313481.83064050134,12.511576765187517,0.000997398859931814,608.7205000740271,16536.742924911956,38898.39271081818,43.325039624172206,108436.38085696631,168.67045410158977,306154.4616271746,0,0
1260,9876454,1227922,4153435,943618,3551479,0.8353091980331355,0,0.025864220173897612,0,0,0,0,14576,14679,17268,236.41025619855213,111.60465631056879,2.118283089736682,4.42909981478194,39.98824776782471,345.18566400882656,1920.5962725173267,523.7797823907869,8.63217778415811,48.0290180172054,0.5818818841910169,448849.4110359322,261177.34101161623,261177.34101161646,562070227471.9899,9.14174223357923,0,362338926558.113,362338926558.113,2334895020.4739685,362338926558.11346,6012191309.936189,346883518755.67865,9429482791.406199,0,13733701.092630086,0,360004031537.6405,0.902780278013118,27.802777595871476,0.8621361558362881,0.9844966761948913,0.8798772474733814,0.9824185813402048,0.999212645870302,0.9991722833395382,0,329105.0512869473,12.846553878103284,0.0034497204055219184,385.1630010312814,22895.039968448382,28391.603564499448,42.66479598599198,53752.52752101884,174.44844839764744,411080.7327910565,0,0
1290,9879222,1173051,4202101,937866,3566204,0.8379428153845696,0,0.009382378997399356,0,0,0,0,14679,14492,17260,509.5424314635328,125.68057172830822,4.054265702777383,6.215382650310328,44.041419381051064,354.04038320865084,2403.2491653624766,515.9938847014776,8.038805020007544,54.5679317137649,1,321786.77583051845,1589063.917393696,321786.77583051845,733782198627.5894,9.406071576612614,0,389337232610.4773,389337232610.4773,5033882798.84867,389337232610.4781,7021010238.776808,369928576486.50055,12373912184.108118,0,13733701.092630086,0,384303349811.6299,0.924867768111268,30.471009246881685,0.84251399677613,0.9760723720635609,0.8465391262807572,0.9916668183743212,0.9976147075312355,0.9991342040352557,1,320975.64093834325,11.499131502667568,0.005253328880070988,415.842544586341,22492.650403820156,35769.65912583187,47.56213847146892,34518.53549135467,214.9735531625212,397651.27850841155,0,0
1320,9881973,1194584,4174381,932104,3580904,0.840573183099536,0,0.0034034401337355753,0,0,0,0,14492,14499,17250,629.801956400924,107.61645907263197,5.852282836920524,5.0545450781173855,33.631327954745785,283.57101056559117,2929.2240427351076,740.7592620848533,8.431751816257849,87.0980785140766,0.9999999999999979,327810.81986324507,530358.9723162241,327810.81986324437,922084300527.1494,8.118230128603749,0,402608903308.9967,402608903308.9967,6223685928.501581,402608903308.9977,7934466263.438189,382010589816.0497,12645797222.338182,0,18050007.17173284,0,396385217380.49646,0.9314415979482297,32.3262818538766,0.8166881080134785,0.9700730380153424,0.8553322355749743,0.9607134401370953,0.9959115439568148,0.998167467335432,1,305141.45346687443,12.247860182242926,0.004788159941368837,421.359523081261,20313.345230804414,25258.61014351089,69.18321679728291,0,356.48757421253134,312531.7390251258,0,0
1350,9884760,1019486,4343272,926449,3595553,0.8432232071631799,0,0.0012345570997321972,0,0,0,0,14499,14455,17242,609.5303798796119,108.46999703887991,5.619345409045529,4.800106847178381,36.94873301723746,318.87324437015735,3658.844970455275,849.8127365769458,8.630153684062602,99.02491023841974,1,329971.8212895521,1611612.0244658338,329971.8212895521,1186249758926.5305,8.54319464047101,0,456793990244.89734,456793990244.89734,6025061517.818552,456793990244.8989,9401591297.756998,433468263786.479,13896481867.162268,0,27653293.500522036,0,450768928727.07983,0.8975720575187226,35.1364736736988,0.7293950292035682,0.9649212393249693,0.8131770274169731,0.9146243315379349,0.9928074316849163,0.998707014279511,2,326979.7132648559,12.704601815790207,0.009368190330165015,288.64732691109333,14633.073174633513,28839.789179038013,106.99445319342627,35146.07174540759,503.32857740571455,319620.00000000035,0,0
1380,9887654,1250335,4106306,920851,3610162,0.8458683342788886,0,0.0004478146107970176,0,0,0,0,14455,14335,17229,603.715916972286,131.39068435183015,4.594815225679862,6.115175385001838,54.46568883840002,465.0288211242583,4721.998469584992,927.053645555123,8.538014134072576,86.69675478804987,1,331213.2803564848,450659.7912883447,331213.28035648563,1357848481075.698,9.3098568508765,0,1014878631039.626,1014878631039.626,5969334101.314126,1014878631039.6278,11425763659.018822,935325896706.2795,68099228798.760925,0,27741875.568623576,0,1008909296938.3126,0.8548060135603839,42.04221183874418,0.7011384912471107,0.9582939281012199,0.7996966507676795,0.9018241085761011,0.9877612482558408,0.9993333177060072,2,311189.4196377231,12.933797016759984,0.01010946307266493,312.9341050533049,28391.388477838012,42596.463012363994,148.40075671488515,101489.57197384021,645.8276476264382,188810.75514067977,0,0
1410,9890737,1294504,4056052,915380,3624801,0.8485437775064871,0,0.0001624326548854346,0,0,0,0,14335,14135,17218,991.7423028535444,169.90190119305396,5.837146588057659,7.5423525494091255,83.43275248227577,634.8966513621068,6918.13304201425,1190.3411683117542,7.609681239954088,82.9186720584811,1,344586.4625039425,1544673.067787061,344586.4625039425,1489226139724.1086,14.180497402681635,0,1049039639972.3485,1049039639972.3485,9809062289.298483,1049039639972.3505,11975366517.464216,964244856636.3422,72791207552.7265,0,28209265.817453906,0,1039230577683.0515,0.7786094270691972,48.676758352053874,0.6899308132980511,0.9524750184197628,0.7426740686064364,0.9475631246218416,0.9809017766878222,0.9997848759705226,0,149964.8127964126,5.776321582791225,0.020972554370044423,437.585961395952,24395.573300327076,36564.836967191346,264.6173719069053,0,530.8943778083043,225479.24666872635,0,0
1440,9894013,1511030,4006031,910020,3466932,0.7933484875371144,0,0.00005891670578990302,0,0,0,0,13909,13691,16967,1473.0423569844074,242.97249510238228,6.062588921283892,8.506550506841894,109.88395047632207,813.5888451817809,10170.174975973496,1612.1362898733862,7.40407349440075,92.5537799823185,0.6325003917539164,538129.3087554813,340366.9986021053,340366.9986021061,1810645131799.2878,24.925571586969873,0,1197776913334.174,1197776913334.174,14574300229.55332,1197776913334.1748,13536006140.484467,1108977261612.8975,75238451934.78583,0,25193646.007676672,0,1183202613104.6216,0.7560238480608956,52.25686491011395,0.5657310825531425,0.9455587424161744,0.7580883235168933,0.8065469081371162,0.9719544118968847,0.9998939092213155,0,257976.52411731298,10.889856418838056,0.02997785403518725,566.6456107709607,20584.692581178435,31130.657388029726,300.4453043943558,0,808.692324361227,319540.36758674256,0,0
1470,9896777,1255451,4254967,904399,3481960,0.7960120266738385,0,0.00004400675569612975,0,0,0,0,13906,14678,17442,1897.444762358886,442.59041752827954,4.2871347575835115,10.78782836020136,160.2801429087466,1147.9943612978575,15343.027740808715,2488.221525480284,7.162424118572524,95.72631682481133,0.23466914808881856,1032305.9702341013,242250.36260183773,242250.36260183784,1825296456239.3813,48.80842158703568,0,1353610448343.2742,1353610448343.2742,18778587682.883194,1353610448343.2754,14033548984.291122,1247022769308.0093,92526702712.86325,0,27427338.111659825,0,1334831860660.3918,0.627810471487177,56.61011192139141,0.4774885084637532,0.9388754537849469,0.6193073441131172,0.8063868008126713,0.9651239941616713,0.9994036037815469,0,153613.93873485588,6.043529874984085,0.029285268187963266,818.9978176484238,9340.072529747129,23979.839369179965,443.5964892331149,0,1376.5248904726736,187496.68224041275,0,0
1500,9899725,1691509,3812211,899073,3496932,0.7987334021352831,0,0.014527002136669171,0,0,0,0,14678,14488,17436,3137.9483564107386,925.8487479346792,3.3892667278652824,12.14076923854426,235.75771561894572,2156.329295987652,18806.135710387072,3048.4409961721067,9.146378477270787,79.76890877575076,0.018863722195141763,4246330.726093103,80101.60316571518,80101.60316571519,1775655426463.1265,55.7755763489032,0,1623430039240.4678,1623430039240.4678,31064825792.66991,1623430039240.4673,14941062134.133545,1514056333143.077,94398476810.29686,0,34167152.96005989,0,1592365213447.8008,0.6780197588650446,74.0452483515401,0.5207804316316831,0.9286031561579285,0.7227809552331058,0.7685956969373329,0.959823139169299,0.9982705602034765,0,222933.03951951678,10.685100169887411,0.01764929544373359,1317.3512134449363,19452.865865062253,34426.72276288297,546.947646839688,0,1222.3850471201952,220916.9452603916,0,0
1530,9902521,1577380,3919207,894049,3511885,0.8015763236350121,0,0.1918868181496751,0,0,0,0,14488,14632,17428,4701.512926132497,1880.9887902582766,2.4994901354446335,14.509143008508081,445.76254835321816,3482.7339609110004,23333.42163562027,3954.4676060636884,7.812980192654754,52.34495747079021,0.010852146779359084,10086052.663852118,109455.32393246831,109455.32393246831,1984965535814.0095,90.72173625298927,0,1802339346325.9055,1802339346325.9055,46556830482.80599,1802339346325.9055,16885319245.06164,1689910552058.7522,95511546082.67856,0,31928939.412765287,0,1755782515843.1077,0.7043553204451907,105.55133144764321,0.5247311945018773,0.9107666817931236,0.6902371762126045,0.817343252087252,0.9549418778478318,0.997575028043594,0,271161.4039144821,13.201347776555288,0.011132777708160714,2877.262655946505,13320.915955100469,36389.031301769865,941.2382812415535,75194.79850260277,1514.3153480732099,60532.102120827534,0,0
1560,9904411,1788194,3700911,888569,3526737,0.804376305426841,0.12990239414458257,0.5319679807670036,0.45677296286420177,0.32362762409597096,0.18241549144113667,0,14632,15528,17418,9933.866872969755,4077.277897613166,2.436396812389224,15.692089222810809,527.2125542531187,3896.15800353337,36506.289945850935,5027.44791036552,7.390108547496377,69.24396934661004,0.012214644692200238,14005988.578215512,171078.1740459175,171078.1740459175,2252527680828.9546,167.62378019465783,0,2071412375631.923,2071412375631.923,98389100329.19359,2071412375631.9236,21470455146.38924,1949790316740.6226,100122021457.65541,0,29582287.255473003,0,1973023275302.748,0.6989715963606861,122.37034848631629,0.43896670352430195,0.9140581333610699,0.6433230179247058,0.7603864113652207,0.95367194179132,0.9966903606177443,0,309016.7294595266,15.350603428671864,0.00805302384614141,2702.5620182944217,11226.638510577643,28280.64995279117,1611.9281922899859,52389.878652406434,1924.035529792873,44216.43218240743,0,0
1590,9847565,1828387,3605324,876717,3537137,0.8123093038993057,0.41719052119132716,0.7084842854970954,0.780424491565126,0.012893441170482247,0.6161612540765153,0,15528,74083,17237,14486.998779410333,4799.036443615114,3.018730728474585,18.213466686572954,512.6514253221236,3343.095852965191,47512.949442672594,7196.906742879132,6.5211870831424354,92.680810187581,0.007668296223918403,14302684.040627716,163665.4845089813,109677.21802064347,2496516857731.494,203.78079181827775,0,2126904783124.393,2126904783124.393,142661662135.16638,2126904783124.3928,24986279734.50878,2001237645591.894,100651275510.73305,0,29582287.255473003,0,1984243120989.2295,0.6620787997068047,130.00112135277956,0.3879154595810116,0.9083382317140228,0.5658766963275554,0.7659563317490391,0.9498327086189134,0.9969374744146853,1,246593.4344698758,11.539436675649469,0.008168857943386816,4304.697307143686,5885.350763989797,31440.32884746632,2189.1053065525152,59702.69985519981,2178.685120188708,189837.85530304653,0,0
1620,9672661,1637962,3632601,866706,3535392,0.8352234856124479,0.4215462005376673,0.7725707393788964,0.9156711641879566,0.039936373248271595,0.3388017010003762,0.2432547775632786,74083,191604,16700,27023.386358320615,6258.8241343378195,4.317645899341071,21.68735425569845,366.3750851148875,2252.112380997896,67411.68048614285,13881.893938510013,6.147012917899919,183.99635571562945,0.012277256398278813,14851984.367747208,182341.62010606192,182341.62010606192,2430197885457.616,320.1051099394167,0,2363177286326.095,2363177286326.095,261388055316.04282,2363177286326.095,28505018814.17669,2233697562971.2217,100945122253.44153,0,29582287.255473003,0,2101789231010.035,0.608113070942153,146.1027580437326,0.29112294663340677,0.8536126390028467,0.4187005000647288,0.8025236119699923,0.9414199742915433,0.997150069351682,1,180207.9158707556,8.291854754930807,0.008655156140127226,10683.576933914424,5374.4584318218795,33658.90428022851,2775.222827636633,2505.414976453176,2826.2361603886084,109071.350101793,0,0
1650,9415560,1499333,3516315,861176,3538736,0.8772369990876553,0.3528363684408076,0.864055913805534,0.9674094950655807,0.1389110153830468,0.24973873035698355,0.2216801762189397,187762,268267,11166,31113.276726696728,9034.338610923216,3.4438909218078635,22.79907309351567,365.5649943906074,2431.382294640112,84802.91798473516,15634.072850221663,6.6510260335325535,231.97767643507726,0,16363305.870455509,197570.00566891982,0,2089990671170.8364,424.18721176213757,0,2737555180942.696,2737555180942.696,292948923816.77734,2737555180942.696,29644888345.890095,2604110359819.154,103770350490.39488,0,29582287.255473003,0,2444606257125.8774,0.5873737389024228,186.0078003527537,0.2317985313202121,0.7892895308750444,0.3813295952012213,0.7550015339673674,0.9286668159627395,0.9969446253309722,1,177440.27961592295,8.44031975949707,0.009168577341266592,27422.175048069097,5779.584235903461,32288.338390877514,3057.105632049421,5066.583094684966,6914.825480895859,66371.91979140283,0,0
1680,9107613,1320185,3392365,843633,3551430,0.9326294681223541,0.3743807711377004,0.8050908192386095,0.9871020596664316,0.44976098567209655,0.20266803167855288,0.2468484332832324,266693,311954,4007,36590.26657806666,10541.629627452301,3.471025626130804,25.293228349817806,401.96705262068076,3179.174025352164,97007.13024123193,20942.214441088123,7.909041312279431,241.33104842494006,0.005008275907329551,16268619.379059225,131672.48556492373,81477.73448165678,2716201121098.8022,506.86271711600875,0,5591719945463.591,5591719945463.591,333249987559.8333,5591719945463.59,30352815827.390766,5456624500489.624,104716900968.0246,0,25728178.551944315,0,5258469957903.727,0.6102034526583651,227.13665538100582,0.20617965605147942,0.716817779539227,0.39350587497536477,0.7223480559572493,0.9076232328208477,0.9968506386253122,2,273359.9835499019,15.186082213502088,0.007025594463504849,33216.14963755144,0,33566.250254040075,3438.923588739546,1324.9597400579783,8051.504735084403,97247.95430783488,0,0
1710,8733708,1184227,3155936,831181,3562364,1.012299538058824,0.44181447905270893,0.7896622334404443,0.9949510323807982,0.4605558143230802,0.23571912411085877,0.28899638046062454,305745,382549,8644,38939.85296730531,12029.786085659329,3.2369530671642943,32.450434123095455,430.93385783499104,3814.1397629901585,89180.8402215558,23188.699634020784,8.850870484283533,206.9478612555527,0.00214938091175787,15043607.138595684,307715.07848738827,32334.442027682315,2631546739926.2456,570.3870198762131,0,13588755782201.756,13588755782201.756,340089305379.3478,13588755782201.75,32753735309.78654,13432299765659.002,123686156340.7373,0,16124892.223155113,0,13248666476822.377,0.577850081894088,244.16189325750616,0.13456844940278617,0.6098278878328762,0.39016852441032096,0.648395371839952,0.8660003778174211,0.9968623608971762,2,337563.84805348894,19.107432690368928,0.006244682262863282,33661.014675970495,0,33976.90567067905,3199.6209307873924,31635.754603796246,9851.03275805751,115576.73421096426,0,0
1740,7942062,1106819,2530108,737848,3567287,1.1837287358256021,0.4666062420359281,0.8692108397354813,0.9976021597515379,0.46187476249870624,0.14529325004010293,0.3766465182467727,314687,572306,0,40963.942336483946,9908.148480309825,4.134369041591413,41.126299992068176,455.54141118459233,5262.634876112552,88011.61742312851,25203.775299351037,11.55248402648525,193.20223203037156,0.0038694630430595733,11525443.72703396,44597.27855662009,44597.27855662009,2144504105922.3276,510.3154997650038,0,13155166566406.455,13155166566406.455,325338169800.7179,13155166566406.453,31420336623.239693,13027366383468.598,96363810004.4663,0,16036310.155053573,0,12829828396605.664,0.5190172635669225,249.9457669100183,0.071549358376851,0.5073021886458647,0.38907916500661194,0.5736280143413927,0.798531605898254,0.9969145001328176,2,327424.18591269356,20.016466367109164,0.006297978040493347,45076.75775358086,0,30637.332543180906,2796.437799561536,63608.0549538696,9362.105267848352,0,0,0
1770,7610652,1072618,2273787,694482,3569765,1.274277022655656,0.3273659975665197,0.9191082854071708,0.9435133820924797,0.4975091490190328,0.38622801305328375,0.0993839949586448,435801,288606,0,60357.09740165387,8859.545113904585,6.812663249146574,30.46299677550701,467.6094119301628,6110.864216884403,103933.36444951779,27950.446612692533,13.068308851313404,222.26533897277537,0.009869736249307981,14071049.487780692,138877.54719535643,138877.54719535643,1788052619685.5664,457.7539579462704,0,15778456938733.883,15778456938733.883,459356864054.0284,15778456938733.889,34219942469.687817,15639859992130.955,104364940091.26521,0,12064041.987513093,0,15319100074679.793,0.47721397592576276,245.95004993218728,0.08587053237072718,0.4111234590251801,0.39681605703340633,0.601035374937229,0.7059245985836208,0.9969471585791823,2,306355.7082906399,19.56023804437274,0.015494451833868049,72236.87090549848,0,29759.978406836322,1216.9817720620842,40178.505428297554,14948.555564804285,0,0,0
1800,7526484,1272196,2161608,694448,3398232,1.1918793268340302,0.4681296700428878,0.944295196411662,0.9057450156167923,0.22993551836421894,0.6776626376937758,0.09240184394200532,286991,86616,2448,80256.23747732985,10871.302771111283,7.382393735790133,52.4687527053951,452.5349161654156,5862.679040457336,91519.96337227845,31220.200522933697,12.955197115252746,202.23845741623404,0.005407817279669769,15249808.218663896,82468.17639654124,82468.1763965409,1339938485045.8413,524.3129531208251,0,16028531673521.809,16028531673521.809,604047287273.3529,16028531673521.809,33545262802.993702,15846239317211.512,148735029465.31805,0,12064041.987513093,0,15424484386248.473,0.4751924584600908,240.21543602060532,0.0852400191466809,0.3208351004437216,0.41336787790578156,0.6045269927422294,0.5893289747118652,0.9969637707564182,2,244410.91026942892,15.859956064957307,0.014324546976905573,84162.31286283405,0,26937.56485306934,640.844583923354,17445.66544527962,16582.703749489465,0,0,0
1830,7407922,749238,2597150,699214,3362320,1.2137068385375516,0.615122398382285,0.9454766061043591,0.8759764148640131,0.058265867270200736,0.8470128330184902,0.09316715267790347,86986,130074,11512,99989.04281126523,9569.239191961451,10.449006530765798,138.37755229938844,447.480672919063,5490.550261629806,66409.00632570665,25872.563421016865,12.269915985003662,148.40642366182868,0.004048791173950628,15291848.290283507,61913.50039109343,61913.50039109204,1066020808968.9862,486.71038645830095,0,19024772930046.496,19024772930046.496,740711030000.4954,19024772930046.477,33869788481.733395,18852429114154.383,138464197060.4869,0,9830349.88352994,0,18284061900045.96,0.49948535050316434,241.91335861644643,0.08024242555009452,0.23952676736575276,0.3923050371200286,0.6128266865950972,0.4614983168002726,0.9969768493552424,2,145377.75932678624,7.626204232917364,0.010843579027411895,58908.83894317178,0,26147.937404706998,662.0983916750205,27133.182516402125,16406.961281162585,0,0,0
1860,7222743,541394,2715927,707685,3257737,1.2173875402516363,0.632982697839116,0.9151087656737883,0.8337593872685622,0.08598326148389884,0.7658217937423497,0.14819494477375147,130072,195779,10600,111097.69878547757,11606.581060830702,9.571957340685312,140.7049409396949,442.9602052076381,4848.540600600475,61274.29654023918,20292.739542641648,10.94577016986823,138.32912261614285,0.002568462245870262,14851670.50745414,38145.9549865015,38145.95498650191,1113489350574.2034,560.4876204012794,0,18879454577938.95,18879454577938.95,802430126218.8436,18879454577938.93,32739983763.65922,18571429265485.555,275284038147.20715,0,1290542.5152809198,0,18077024451720.02,0.4304447020470787,242.19206638598862,0.07840033785553611,0.1798643887849469,0.34275782811088523,0.6551377726450894,0.37084588958643544,0.9970029048677198,2,118312.84145457811,6.094162958906369,0.009500014355416957,36687.255351214124,0,25653.444477332283,553.5480694541945,15263.989027869557,15820.932799869946,0,0,0
1890,7048688,484936,2692915,716505,3154332,1.2180674927804984,0.5846708497676703,0.9136384014243073,0.8328983194075538,0.125988694633668,0.7460440865023391,0.12796721886399284,195779,184616,10561,118614.70143071169,10223.311883389453,11.60237531473861,128.78596834313592,417.5632554238617,3836.2447175975976,56173.34004004486,17117.505196061175,9.187218146633827,134.52654013587525,0.008295228178200054,14523861.802579395,120478.74768103845,120478.74768104027,1036801264980.561,500.7791110801037,0,18899197025595.066,18899197025595.066,836078022598.0378,18899197025595.062,45474932217.69289,18555511760471.793,298209837908.6037,0,494996.97454400314,0,18063119002996.83,0.4182688041182828,242.80948281274425,0.06378544702127634,0.12911503048614476,0.3313247951164378,0.6767393335107227,0.28519603023561463,0.9970450978005356,2,107086.55820151052,5.656525423965277,0.011859794339579408,24441.052775662487,0,25848.18021320685,1466.4456746284982,2613.1478092670477,15091.825622863895,0,0,0
1920,6916687,542519,2576742,724005,3073421,1.2174120729236828,0.5401110073642994,0.8911427482565826,0.8129602860680589,0.15021946200543698,0.7933981977209609,0.05638234027360209,184616,142672,10671,128681.3723673286,13167.515308847233,9.77263890332201,119.83902344538393,387.66778308140726,3251.3129475362452,52632.94748031854,14599.094477729417,8.386853613918943,135.7681751678241,0.010128990667297666,14231214.059937686,144147.83439742346,144147.83439742375,1190132500027.5977,592.1277239264518,0,18784138378044.26,18784138378044.26,890048775395.0796,18784138378044.25,43973904101.22625,18377512735809.66,362651275935.97687,0,462197.3755740696,0,17894089602648.99,0.42744142178670547,232.99903238527043,0.05096513224790499,0.0848830085783329,0.35159412285727587,0.7255157302941082,0.2010889670270125,0.9970960635815611,2,98920.16647158095,5.113692699305137,0.01452588978573356,17684.767955720534,0,26355.91736070676,2013.178966527943,0,14335.010460362008,0,0,0
1950,6787309,528009,2528943,731285,2999072,1.220286416011766,0.6561674566406949,0.9330313899669853,0.8778016381851084,0.07530186116471196,0.6834198943940817,0.24127824444120638,142672,139859,10481,136669.78779825164,14657.815185086494,9.32402176398741,121.79698628124183,366.50879652114804,3020.995556388239,49849.03685816066,13600.903180003097,8.24262769424123,136.01047868788137,0.0011452976286449035,14046540.208088601,16539.163484887817,16087.469190988635,992679177218.9938,636.487174358295,0,18770066371813.125,18770066371813.125,927620080750.9222,18770066371813.13,40904128996.6625,18333035421960.62,396126358658.4624,0,462197.3755740696,0,17842446291061.953,0.4261519842508423,210.94973736443458,0.015477508924396494,0.04892086179791943,0.3572347540319844,0.7081462810842286,0.12343883047810317,0.9971407028813529,2,92195.48345382228,4.797575256090788,0.009587981247286633,14070.25684500057,0,24280.030663412705,2040.8823417310134,0,13717.436166644291,0,0,0
1980,6417693,530369,2348386,733628,2805310,1.2293293454983143,0.8694339705135125,0.9749420104186799,0.9552599623371263,0.001639218329701966,0.16600700594434792,0.8323537757259502,139859,377549,7933,155591.03045706422,14575.441261944048,10.674876160580249,111.76871748595076,340.76980127507426,2890.0603961358397,47557.06438213899,12322.377365360215,8.480975677193126,139.55774309869156,0,13329483.03906427,1.4210854715202004e-12,0,616620793101.8209,624.6263286804214,0,19008588086625.7,19008588086625.7,998535467026.8408,19008588086625.703,37217282019.670425,18416892837542.906,554477504865.7515,0,462197.3755740696,0,18010052619598.605,0.4101081322991159,178.12083922138547,0.00038736218083879135,0.02304544675995378,0.34651772437909456,0.708069076313072,0.06137284106959066,0.9972130842115102,2,92001.88684157396,4.999058811085582,0.005052759945408609,11899.247158394252,0,23388.887015870474,1963.454461554939,0,13131.905189997718,0,0,0
2010,5660004,484267,2040768,695758,2439211,1.2415546715194046,0.9510214658654126,0.99058592901348,0.9838192502665181,0.000020141328522029312,0.0023155460667518965,0.9976643126047261,377549,762455,4766,187369.58579741276,13804.389881026967,13.573188486579715,96.34372436229296,301.78519097908014,2596.171747862179,43975.370445085624,11191.136253266848,8.602714200254269,145.7174565207012,0,11775699.377287047,1.4210854715202004e-12,0,450284220864.7421,589.5417284873278,0,18934695179945.113,18934695179945.113,1060512605091.4938,18934695179945.12,39743776520.46555,18314041729327.562,580909211899.7124,0,462197.3755740696,0,17874182574853.42,0.3690070360858866,144.74618175541738,2.9293473972780977e-131,0.005948348022763587,0.31515506183856173,0.7080690763127542,0.016418553555460853,0.9972405512183511,2,91874.52850824062,5.643020160395098,0.0031917776310018847,10164.508818973076,0,23606.707504262515,1754.5547252229085,0,12370.453043392425,0,0,0
2040,4234021,391173,1556786,335586,1950476,1.173567821499323,0.9820681700802764,0.9964855609059059,0.9941480455624463,0,0.00010226685224282071,0.9998977331477572,723328,1138694,0,262428.74616402923,12445.294645092294,21.086583616364276,81.86708533108401,258.0977278540379,2252.914873410197,39590.73362110028,9796.49361085603,8.728921762086525,153.39435162904667,0,8634456.024504153,1.4210854715202004e-12,0,395116201873.15717,529.0243596226353,0,16227553422154.443,16227553422154.443,1111128822262.0208,16227553422154.45,37954486163.2718,15458653577539.436,730945358451.7495,0,0,0,15116424599892.281,0.2812799127947246,114.81675048900836,0.00040914161168386243,0.0008014137712218182,0.23219185511773383,0.7080690763127542,0.0022473821613925656,0.9972580299075924,2,91592.69517490729,7.38466647159134,0.0026644144963029236,8655.221483930523,0,23553.901669318195,991.8705771533041,2041.7077025782728,11393.309221284999,0,0,0
2070,2769695,277095,895079,183913,1413608,1.3628701882143777,0.9929556921524993,0.9987003748126972,0.9978835733014058,0,0,1,913533,1131090,0,422389.3249208593,10675.629232266163,39.56575446103207,68.6490041008949,218.75106903397764,1919.2312284748157,34677.1118714034,8597.82992621102,8.77358559640552,158.52316527887302,0,5459844.382575983,1.4210854715202004e-12,0,293584410390.86237,454.36043806961106,0,8520438482334.02,8520438482334.02,1169889601286.5383,8520438482334.035,35369459424.37794,7452958646134.191,1032110376775.4615,0,0,0,7350548881047.351,0.16207390824151122,88.92040343021627,0,0.000046197683811491574,0.11561526937029663,0.7080690763127542,0.0001370623050183063,0.9972819602011497,2,91411.82850824062,12.78014931661481,0.0025721682244823473,7333.378559946092,0,21174.6705329723,1359.9637727994614,0,10250.635599059126,0,0,0
2100,659197,117826,187638,115081,238652,1.1580186208522116,0.9946155474844619,0.9991148918181686,0.9986276316851546,0,0,1,484881,888442,0,1898763.476638028,9010.024368389104,210.73899459136607,56.62519589875762,182.92823267789706,1605.5654326247377,29800.132135802796,7193.653603340475,8.777023694597448,162.90613919763464,0,1388750.7923890606,1.4210854715202004e-12,0,241978181969.28754,384.0717840674607,0,8268255112609.791,8268255112609.791,1251659187509.1802,8268255112609.808,34374083611.12047,7190291068100.699,1043589960897.9852,0,0,1,7016595925100.451,0.03256915892551884,67.54853263305976,0,1.0985400029002034e-11,0.017381621610213654,0.7080690763127542,3.295620026877444e-11,0.9973255119795252,2,91325.65350824062,62.4612629007539,0.002566011039817604,6173.194798799283,0,20515.250883511362,1119.0686376508017,0,9015.109827502341,0,0,0
2130,65479,4371,3403,17313,40392,7.422819655261127,0.9919289757465193,0.9995818170430385,0.998580673089309,0,0,1,39387,69935,0,20156414.33612007,7558.85357005968,2666.596746358314,45.6389904644925,150.49890883100542,1329.2384102983792,25258.470199659096,5970.015643687235,8.832212941762757,167.8315836031856,0,86964.07694029456,1.4210854715202004e-12,0,239336767139.29056,322.92519703113,0,6942008366333.764,6942008366333.764,1319821854314.6472,6942008366333.781,30960052402.125027,5806860834928.308,1104187479003.35,0,0,0,5622186512018.972,0.0006611870388004982,51.00246324652638,0,0,0,0.7080690763127542,0,0.9973545799743485,2,91142.01166449062,3476.491226871861,0.0025657630298109896,5150.960271559074,0,19348.479981408385,940.8461214983752,0,7788.17130526401,0,0,0
2160,24693,173,7,847,23666,136.18333333333334,0.9954226321076598,0.9999453614474875,0.9977279806164485,0,0,1,31866,2756,0,54962513.24565182,6370.978441230136,8627.012907461576,43.36290367217115,141.2592841183364,1145.0085361692998,21430.294759570374,5155.1465092172675,8.105722348204013,151.7089293870248,0,22395.468323736517,1.4210854715202004e-12,0,158956097733.70465,272.33968331925234,0,6676577537678.217,6676577537678.217,1357189339574.7175,6676577537678.232,29949705789.01124,5468751482238.201,1177876349651.0227,0,0,0,5319388198103.35,0.0000013357287402074386,39.34848593352768,0,0.00010585846867749428,0,0.7080690763127542,0.0003095754030449917,0.9974101429232924,2,90981.06795615729,2183545.630947775,0.002600731956195966,4342.075851203933,0,16222.596524061684,838.5754585875652,0,7094.007057886615,0,0,0
2190,608,0,0,3,605,0,0.9983106659000109,0.99999023142759,0.9983154635951081,0,0,1,1,23003,0,2251041091.839768,5672.115269736557,396860.9565905945,50.04595130315946,148.93949542274552,1179.3359899978457,19648.840974603238,4814.163331013069,7.918222004515678,131.92498684672282,0,540.7294836165499,1.4210854715202004e-12,0,146003866019.3804,242.4562308278037,0,3511756296842.5845,3511756296842.5845,1368632983838.4167,3511756296842.603,28684071065.280777,2294743611149.19,1188328614628.1338,0,0,1,2143123313004.0178,0,29.664957108979426,0,0.0009194958847736627,0,0.7080690763127542,0.002194526061546774,0.9975117914414201,2,90731.06795615729,0,0.0026268449017064974,4327.646522001697,0,15241.130007502736,895.6435545726185,0,6598.447022708967,0,0,0
2220,0,0,0,0,0,0,0,0,0,0,0,0,0,0,0,0,3068.5715226744555,0,52.728917769443086,150.81578232493476,1214.689568399793,19323.929043542517,3944.422590818687,8.054127689254212,128.12935586481817,0,0,1.4210854715202004e-12,0,142236438250.90582,131.56089958928067,0,3510412137850.8564,3510412137850.8564,1368632983838.4167,3510412137850.875,28663385209.343945,2293417754412.521,1188330998229.0115,0,0,0,2141779154012.2893,0,24.34929676387031,0,0.0005722736625514418,0,0.7080690763127542,0.001491818319618463,0.9976240326324505,2,90731.06795615729,0,0.0026471373439818065,4384.627469993057,0,14871.289853636532,920.7160282244291,0,6295.7447826030575,0,0,0
2250,0,0,0,0,0,0,0,0,0,0,0,0,0,0,0,0,1917.6780796238513,0,53.69924348220597,152.22458794270779,1239.5879211715107,19424.94574427935,3522.192790687056,8.143151759675316,127.60714945466134,0,0,1.4210854715202004e-12,0,123455365110.49011,82.68083174743828,0,3330491393994.702,3330491393994.702,1368632983838.4167,3330491393994.72,13191212836.134085,2124975729387.5234,1192324451771.064,0,0,0,1961858410156.1343,0,21.86845193312593,0,0.00022505144032921933,0,0.7080690763127542,0.0006393442025186828,0.9977035384951323,2,90731.06795615729,0,0.0026762373031924145,4409.550085533451,0,14313.438332805308,930.2856505972545,0,6173.00096263784,0,0,0
2280,0,0,0,0,0,0,0,0,0,0,0,0,0,0,0,0,1502.8455117451942,0,54.05017294803452,152.83186952968953,1253.0589494567996,19604.802654789146,3524.7768986606775,8.198937520772636,128.276927548679,0,0,1.4210854715202004e-12,0,121969450460.73753,65.15294874430505,0,3252782694747.3726,3252782694747.3726,1368632983838.4167,3252782694747.3896,8978606283.154436,2033218590564.21,1210585497900.0269,0,0,0,1884149710908.8047,0,22.460852340255776,0,0,0,0.7080690763127542,0,0.9977202545750856,2,90647.73462282396,0,0.002675750718545135,4426.24370688615,0,12910.510672842824,934.2908006813177,0,6148.7891404164575,0,0,0
2310,0,0,0,0,0,0,0,0,0,0,0,0,0,0,0,0,1356.5054104738642,0,54.17709062976435,153.56151058077668,1259.1222557934664,19746.94913199046,3329.267764196512,8.199465159149634,128.59308987848968,0,0,1.4210854715202004e-12,0,136303100818.83543,58.99061043800399,0,3251893344477.796,3251893344477.796,1368632983838.4167,3251893344477.8135,7066824788.149797,2024774215269.0957,1220052304420.5686,0,0,0,1883260360639.2283,0,27.426629427298035,0,0.000008333333333333334,0,0.7080690763127542,0.000024975008333333325,0.9977878410322224,2,90564.40128949062,0,0.0026908002025742154,4438.501055585263,0,12969.257587510976,936.1549860891614,0,6162.408210858692,0,0,0
2340,0,0,0,0,0,0,0,0,0,0,0,0,0,0,0,0,1306.927220670686,0,54.22299187062379,153.70099562214432,1261.8188526716192,19837.58273017145,3284.6273716284873,8.209568503860908,129.06606525139105,0,0,1.4210854715202004e-12,0,118279753569.51472,56.89924522918246,0,3057898717694.702,3057898717694.702,1368632983838.4167,3057898717694.7197,6778180350.094278,1699993892346.0488,1351126644998.577,0,0,0,1689265733856.1343,0,31.54290542779836,0,2.585200207000515e-10,0,0.7080690763127542,7.755600217596026e-10,0.9978682645410124,2,90397.73462282396,0,0.002710667678035984,4446.888484645232,0,11494.189167420658,937.0928352117437,0,6183.83734177334,0,0,0
2370,0,0,0,0,0,0,0,0,0,0,0,0,0,0,0,0,1291.3430038727033,0,54.23959258286279,153.60882792699923,1262.7686138669326,14560.65240020774,3077.7872223320255,8.220677358901849,94.7904661256026,0,0,1.4210854715202004e-12,0,98898040776.80824,56.231976932388136,0,2787064714943.379,2787064714943.379,1368632983838.4167,2787064714943.397,1923886792.2324655,1405219087384.6155,1379921740766.5486,0,0,0,1418431731104.8113,0,29.91649488195342,0,0,0,0.7080690763127542,0,0.9981134887465702,2,90147.73462282396,0,0.0027347990861152443,4452.031285058842,0,9593.596449235309,937.5817411389297,0,5736.871586930624,0,0,0
2400,0,0,0,0,0,0,0,0,0,0,0,0,0,0,0,0,1286.7646005973459,0,54.24559642157569,152.65402923120243,1256.1480175039476,11057.5250677602,2780.7060960754166,8.228724939853677,72.4351995387754,0,0,1.4210854715202004e-12,0,98266305277.24147,55.999581680600436,0,2779246020252.3057,2779246020252.3057,1368632983838.4167,2779246020252.323,1589303529.561316,1392346508973.222,1385310207749.5393,0,0,0,1410613036413.7385,0,28.70733717420712,0,0.000010379060817013758,0,0.7080690763127542,0.00003105968492216106,0.9982385537849658,1,90147.73462282396,0,0.0027436534510032386,4452.920799396121,0,9078.140122377064,937.825580994695,0,4574.982075625273,0,0,0
2430,0,0,0,0,0,0,0,0,0,0,0,0,0,0,0,0,1283.7007893865173,0,54.247767778971166,152.08352606200455,1244.7866120463923,9748.655011656567,2624.521085569967,8.18488789863336,64.1006640501091,0,0,1.4210854715202004e-12,0,83281757537.94388,55.7676289543058,0,2770718691315.3716,2770718691315.3716,1368632983838.4167,2770718691315.3906,190674708.81538874,1367573501500.8457,1402954515105.7278,0,0,0,1402085707476.805,0,21.84775533016619,0,0,0,0.7080690763127542,0,0.9982385538022406,1,90064.40128949062,0,0.0027439389851428553,4447.449478452194,0,6727.115923491856,937.8867972442422,0,3748.969818205256,0,0,0
2460,0,0,0,0,0,0,0,0,0,0,0,0,0,0,0,0,1279.2668674737577,0,54.24855307537308,151.5838155181466,1235.2143245485156,9241.13943737056,2410.3885966053062,8.14872168460916,60.96389252231399,0,0,1.4210854715202004e-12,0,64360524268.02837,55.461806686552286,0,2757157996993.2505,2757157996993.2505,1368632983838.4167,2757157996993.269,6856764.373132081,1352145677573.3696,1405005462655.5251,0,0,0,1388525013154.6833,0,16.528132303317943,0,0,0,0.7080690763127542,0,0.9982385538022406,1,89981.06795615729,0,0.002742305209406912,4437.806959384238,0,6257.432740664285,937.8234741633452,0,3299.0517040703453,0,0,0
2490,0,0,0,0,0,0,0,0,0,0,0,0,0,0,0,0,1275.349912601602,0,54.248837086858316,151.1697072050514,1228.9735365345473,9038.682909196545,2291.1911953014387,8.12976064620889,59.791628073580824,0,0,1.4210854715202004e-12,0,38882314953.56558,55.19095171312376,0,1515706496276.7158,1515706496276.7158,1368632983838.4167,1515706496276.734,15012.201891811694,76981790971.26077,1438724690293.27,0,0,0,147073512438.14917,0,12.55107896573528,0,0,0,0.7080690763127542,0,0.9982385538022406,1,89981.06795615729,0,0.0028144527660708555,4427.231607250498,0,3818.48532414138,937.7051921292854,0,3079.853046820988,0,0,0
2520,0,0,0,0,0,0,0,0,0,0,0,0,0,0,0,0,1273.0213027644843,0,54.24893980288191,150.87119353569184,1071.4834680700576,8885.85442893802,2230.7211067461662,7.1019751548301695,58.896958529302545,0,0,1.4210854715202004e-12,0,11324279200.721405,55.010514615693666,0,1485279409838.1555,1485279409838.1555,1368632983838.4167,1485279409838.1733,0,46529533422.353294,1438749876415.8196,0,0,0,116646425999.58907,0,9.577475006780094,0,0,0,0.7080690763127542,0,0.998238553804637,1,89981.06795615729,0,0.0028455992406313272,4418.063867847861,0,3701.821535244551,937.5827299252501,0,2979.388064502401,0,0,0
2550,0,0,0,0,0,0,0,0,0,0,0,0,0,0,0,0,1272.0898602211214,0,54.24897695131446,150.67954495586943,960.9650806023504,7723.125883593643,2186.0473804734766,6.377541695415891,51.2553040019836,0,0,1.4210854715202004e-12,0,3670075074.0672956,54.9128086758009,0,1465382294608.705,1465382294608.705,1368632983838.4167,1465382294608.7224,0,920408978.8035735,1464461885629.9185,0,0,0,96749310770.13843,0,7.367107563555941,0,0,0,0.7080690763127542,0,0.998238553804637,1,89981.06795615729,0,0.002871777189192435,4411.230374840421,0,3671.1656065192597,937.4813472172173,0,2923.207377926448,0,0,0
2580,0,0,0,0,0,0,0,0,0,0,0,0,0,0,0,0,1271.752993301186,0,54.2489903864728,150.566760818542,920.7493686271879,6580.375362053602,2140.521025643919,6.115223330977041,43.704037506551984,0,0,1.4210854715202004e-12,0,1232653868.0044613,54.86189783450055,0,1465313123335.3467,1465313123335.3467,1368632983838.4167,1465313123335.364,0,851237705.4451385,1464461885629.9185,0,0,0,96680139496.78001,0,5.717477700124213,0,0,0,0.7080690763127542,0,0.998238553804637,1,89981.06795615729,0,0.0028908578547019188,4406.652951774596,0,3667.7846543514074,937.407689703514,0,2816.23230724034,0,0,0
2610,0,0,0,0,0,0,0,0,0,0,0,0,0,0,0,0,1271.6311615010868,0,54.248995245452484,150.50460679630856,906.1023803148255,5969.477288381898,2109.9372085293467,6.020429537689404,39.6630868346836,0,0,1.4210854715202004e-12,0,426155536.5705762,54.835625718408345,0,1465313123335.3467,1465313123335.3467,1368632983838.4167,1465313123335.364,0,851237705.4451385,1464461885629.9185,0,0,0,96680139496.77998,0,4.483742346405018,0,0,0,0.7080690763127542,0,0.998238553804637,1,89981.06795615729,0,0.0028949533051509696,4403.821883195958,0,3683.00152645788,937.358771550571,0,2692.966261617412,0,0,0
2640,0,0,0,0,0,0,0,0,0,0,0,0,0,0,0,0,1271.5870996278754,0,54.24899700275843,150.47204763152084,900.7630848506684,5676.955431725548,2091.3862312809306,5.9862486025077315,37.72764125352635,0,0,1.4210854715202004e-12,0,150584270.24387056,54.82228647440943,0,1464201617300.311,1464201617300.311,1368632983838.4167,1464201617300.3284,0,851237705.4451385,1463350379594.883,0,0,0,95568633461.74445,0,3.573573980139658,0,0,0,0.7080690763127542,0,0.998238553804637,1,89981.06795615729,0,0.00290514840985815,4402.175875638415,0,3614.828599056165,937.3283950085058,0,2598.3117309280206,0,0,0
2670,0,0,0,0,0,0,0,0,0,0,0,0,0,0,0,0,1271.571164144124,0,54.24899763830835,150.45566195913116,898.8150647482743,5545.222581218449,2061.778685532506,5.973953077235623,36.856190780807694,0,0,1.4210854715202004e-12,0,52498153.29711374,54.81563488046384,0,1463978749510.0085,1463978749510.0085,1368632983838.4167,1463978749510.0256,0,854728127.7045317,1463124021382.3213,0,0,0,95345765671.44182,0,2.897331216525756,0,0,0,0.7080690763127542,0,0.998238553804637,1,89981.06795615729,0,0.0029233301104012815,4401.2648748217825,0,3612.0530907400325,937.3105039654824,0,2538.9213802559407,0,0,0
2700,0,0,0,0,0,0,0,0,0,0,0,0,0,0,0,0,1271.5654008929528,0,54.24899786816232,150.44767871327755,898.1037418553143,5488.177473915729,2039.5098915007156,5.96954203306065,36.47897741496611,0,0,1.4210854715202004e-12,0,17351203.13186355,54.81237627758477,0,1463980958761.131,1463980958761.131,1368632983838.4167,1463980958761.1482,0,825218800.9140346,1463155739960.2341,0,0,0,95347974922.5642,0,2.4003564937314716,0,0,0,0.7080690763127542,0,0.998238553804637,1,89981.06795615729,0,0.0029272326081210406,4400.780510765559,0,3608.823481760062,937.30041051505,0,2505.7946605644447,0,0,0
2730,0,0,0,0,0,0,0,0,0,0,0,0,0,0,0,0,1271.5633165468114,0,54.24899795129165,150.44389167695903,897.8437897729367,5464.1369882404615,1954.063722687246,5.967964400314994,36.32009865826485,0,0,1.4210854715202004e-12,0,5308900.699101366,54.81080598717,0,1463981653362.5283,1463981653362.5283,1368632983838.4167,1463981653362.5457,0,522052983.4087689,1463459600379.137,0,0,0,95348669523.96176,0,2.031428921009987,0,0,0,0.7080690763127542,0,0.998238553804637,1,89981.06795615729,0,0.0029280702353967074,4400.531420994208,0,3605.735516614241,937.2949167977846,0,2488.679584468883,0,0,0
2760,0,0,0,0,0,0,0,0,0,0,0,0,0,0,0,0,1271.5625627190318,0,54.24899798135633,150.44213492082747,897.7487158020753,5454.205645803048,2015.7244766641925,5.9674021262363075,36.25450841064845,0,0,1.4210854715202004e-12,0,1947007.3419247519,54.810060544782715,0,1463543960603.371,1463543960603.371,1368632983838.4167,1463543960603.3877,0,114539228.74030575,1463429421374.6472,0,0,0,94910976764.80379,0,1.7632504756314458,0,0,0,0.7080690763127542,0,0.9982385538066861,1,89981.06795615729,0,0.0029282500226686034,4400.40687050739,0,3482.3007378580514,937.2920162613738,0,2480.2993343919143,0,0,0
2790,0,0,0,0,0,0,0,0,0,0,0,0,0,0,0,0,1271.5622900885355,0,54.24899799222957,150.44133530430392,897.7139172876736,5450.164995483358,2043.9456686573685,5.967202534275772,36.227842464034794,0,0,1.4210854715202004e-12,0,755463.94736985,54.80971142888126,0,1463544063970.2202,1463544063970.2202,1368632983838.4167,1463544063970.2366,0,34626677.77639121,1463509437292.46,0,0,0,94911080131.6526,0,1.5663542248956206,0,0,0,0.7080690763127542,0,0.9982385538087738,1,89981.06795615729,0,0.002928288611975219,4400.346067631756,0,3479.4181228196753,937.2905244237144,0,2476.3557298024075,0,0,0
2820,0,0,0,0,0,0,0,0,0,0,0,0,0,0,0,0,1271.5621914885783,0,54.24899799616199,150.44097723216638,897.701171200615,5448.540671108988,2061.5436054095044,5.967132012279126,36.217131604380555,0,0,1.4210854715202004e-12,0,297299.4577411766,54.80954990783042,0,1463095039414.1978,1463095039414.1978,1368632983838.4167,1463095039414.2146,0,6814869.938517899,1463088224544.276,0,0,0,94462055575.63055,0,1.4186660647391132,0,0,0,0.7080690763127542,0,0.9982385538109388,1,89981.06795615729,0,0.0029376018267460195,4400.316992980898,0,3390.8693518877476,937.2897744040202,0,2474.555733357732,0,0,0
2850,0,0,0,0,0,0,0,0,0,0,0,0,0,0,0,0,1271.5621558287683,0,54.24899799758421,150.440819139841,857.1211886000029,5421.188227440213,2025.7777832605586,5.697397777416201,36.03535435685838,0,0,1.4210854715202004e-12,0,110131.12746383925,54.809475997052076,0,1463032488083.627,1463032488083.627,1368632983838.4167,1463032488083.6443,0,6897477.627449482,1463025590606.0166,0,0,0,94399504245.06024,0,1.3078879642476058,0,0,0,0.7080690763127542,0,0.9982385538109388,1,89981.06795615729,0,0.002959766864876937,4400.303338894493,0,3359.4489923492542,937.2894048039852,0,2473.7537949875696,0,0,0
2880,0,0,0,0,0,0,0,0,0,0,0,0,0,0,0,0,1271.5621429319876,0,54.24899799809856,150.44075020106473,841.6399084706758,5385.112191397041,1981.5394037520155,5.594494226769146,35.795568582314395,0,0,1.4210854715202004e-12,0,37241.259578881145,54.809442511761816,0,1463032525074.7559,1463032525074.7559,1368632983838.4167,1463032525074.7727,0,6937509.687032663,1463025587565.0857,0,0,0,94399541236.18878,0,1.2247954026265395,0,0,0,0.7080690763127542,0,0.9982385538109388,1,89981.06795615729,0,0.0030032747042250995,4400.297027667325,0,3344.4437809095816,937.2892258707956,0,2473.403464936323,0,0,0
2910,0,0,0,0,0,0,0,0,0,0,0,0,0,0,0,0,1271.5621382677184,0,54.24899799828458,150.44072046678,836.0559940421631,5362.587737725405,1972.127328081233,5.557378291250468,35.64585253970224,0,0,1.4210854715202004e-12,0,13921.414715762176,54.80942747839805,0,1463029926482.583,1463029926482.583,1368632983838.4167,1463029926482.6006,0,6976965.088058896,1463022949517.5122,0,0,0,94396942644.01642,0,1.1624692409924542,0,0,0,0.7080690763127542,0,0.9982385538109388,1,89981.06795615729,0,0.0030126131730738703,4400.294151241282,0,3329.053667757268,937.2891406041088,0,2473.2528915287967,0,0,0
2940,0,0,0,0,0,0,0,0,0,0,0,0,0,0,0,0,1271.5621365808313,0,54.24899799835186,150.44070776637273,834.1016696554361,5351.053060685784,1980.04410351228,5.544388098404565,35.569182970049006,0,0,1.4210854715202004e-12,0,6251.742267047802,54.80942078495143,0,1463029971157.6392,1463029971157.6392,1368632983838.4167,1463029971157.6565,0,7021640.1440876825,1463022949517.5122,0,0,0,94396987319.07245,0,1.1157195639063968,0,0,0,0.7080690763127542,0,0.9982385538109388,1,89981.06795615729,0,0.003040286796534867,4400.292856628529,0,3325.865229959877,937.2891005451381,0,2473.189054447306,0,0,0
2970,0,0,0,0,0,0,0,0,0,0,0,0,0,0,0,0,1271.5621359707493,0,54.248997998376204,150.44070238879092,833.6765083933843,5345.824855916133,1967.2115818694338,5.54156219132024,35.534431646700696,0,0,1.4210854715202004e-12,0,3516.5940840168582,54.80941782744207,0,1463030014042.796,1463030014042.796,1368632983838.4167,1463030014042.8137,0,7064525.301255885,1463022949517.5122,0,0,0,94397030204.22964,0,1.0806535137863558,0,0,0,0.7080690763127542,0,0.9982385538109388,1,89981.06795615729,0,0.0030529391298711453,4400.292280482967,0,3318.8412400418265,937.2890819648745,0,2473.1623043834416,0,0,0
3000,0,0,0,0,0,0,0,0,0,0,0,0,0,0,0,0,1271.5621357501063,0,54.248997998385015,150.44070012965295,771.9966299696736,5268.2859664259295,1930.0378246737303,5.13156764960779,35.01902053025285,0,0,1.4210854715202004e-12,0,2572.253429620591,54.80206577954053,0,1463029839618.805,1463029839618.805,1368632983838.4167,1463029839618.8232,0,7108059.960855152,1463022731558.862,0,0,0,94396855780.23892,0,1.0543511316595717,0,0,0,0.7080690763127542,0,0.9982385538109388,1,89981.06795615729,0,0.003060354649016643,4204.812828770282,0,3330.646999939903,936.7305919574374,0,2471.4456428826743,0,0,0
3030,0,0,0,0,0,0,0,0,0,0,0,0,0,0,0,0,1271.562135670308,0,54.24899799838819,150.44069918731108,741.5034499089066,5077.32766624636,1857.4488143392043,4.92887532372921,33.74969468816858,0,0,1.4210854715202004e-12,0,2253.367419009914,54.757620271664806,0,1463029885034.4016,1463029885034.4016,1368632983838.4167,1463029885034.42,0,3663053.5105412006,1463026221980.9087,0,0,0,94396901195.83557,0,1.0346222114311718,0,0,0,0.7080690763127542,0,0.9982385538113214,1,89981.06795615729,0,0.0030817839511452522,3786.290748017292,0,3327.55203649921,933.353833815479,0,2457.3833842381814,0,0,0
3060,0,0,0,0,0,0,0,0,0,0,0,0,0,0,0,0,1271.562135641448,0,54.24899799838933,150.4406987967724,755.8599268050374,4935.543881326572,1746.02746626714,5.024304811466708,32.807238472043444,0,0,1.4210854715202004e-12,0,2112.313177769422,54.70239712087571,0,1463029911517.338,1463029911517.338,1368632983838.4167,1463029911517.356,0,1482042.0871096095,1463028429475.2686,0,0,0,94396927678.77179,0,1.0198239208618087,0,0,0,0.7080690763127542,0,0.9982385538113214,1,89981.06795615729,0,0.003086847124604732,3504.8126016364813,0,3307.9141284135544,929.158209952895,0,2434.1003013079444,0,0,0
3090,0,0,0,0,0,0,0,0,0,0,0,0,0,0,0,0,1271.5621356310103,0,54.24899799838973,150.44069863587362,863.0904958491354,4920.911688245483,1711.54207287177,5.737081146759083,32.70997630871184,0,0,1.4210854715202004e-12,0,2073.417370940908,54.661860808219224,0,1463029930232.5732,1463029930232.5732,1368632983838.4167,1463029930232.5916,0,806155.9250858623,1463029124076.6658,0,0,0,94396946394.0073,0,1.008724002506416,0,0,0,0.7080690763127542,0,0.9982385538113214,1,89981.06795615729,0,0.003147827894253081,3387.3124370663572,0,3305.481680872796,926.0784254357691,0,2411.9645220718885,0,0,0
3120,0,0,0,0,0,0,0,0,0,0,0,0,0,0,0,0,1271.5621356272359,0,54.24899799838988,150.4406985699428,1021.4768294058625,5075.827236541338,1733.0848601376642,6.789896877080493,33.739721264199574,0,0,1.4210854715202004e-12,0,2063.812921985165,54.63948556093016,0,1463029895273.6436,1463029895273.6436,1368632983838.4167,1463029895273.6616,0,564096.4201500841,1463029331177.2412,0,0,0,94396911435.07756,0,1.0003981633212153,0,0,0,0.7080690763127542,0,0.9982385538113214,1,89981.06795615729,0,0.0031761212182534596,3344.8171483806354,0,3302.133865850877,924.3784440526197,0,2396.3690342380837,0,0,0
3150,0,0,0,0,0,0,0,0,0,0,0,0,0,0,0,0,1271.5621356258705,0,54.24899799838988,150.440698543061,974.9702522021709,5127.8833482818145,1722.1594979717338,6.48076126769049,34.08574539963365,0,0,1.4210854715202004e-12,0,2060.8491578768912,54.628603140157395,0,1463029917112.446,1463029917112.446,1368632983838.4167,1463029917112.4644,0,485609.29356919177,1463029431503.171,0,0,0,94396933273.87996,0,1,0,0,0,0.7080690763127542,0,0.9982385538113214,1,89981.06795615729,0,0.0031821940623336822,3329.448237414358,0,3310.8475926368783,923.5516412590742,0,2387.0439624149926,0,0,0
3180,0,0,0,0,0,0,0,0,0,0,0,0,0,0,0,0,1271.5621356253764,0,54.24899799838988,150.4406985321509,1062.792851218825,5216.449666174259,1727.908219655379,7.064530154329841,34.67445788986046,0,0,1.4210854715202004e-12,0,2059.979789821932,54.6236582955694,0,1463029891153.1572,1463029891153.1572,1368632983838.4167,1463029891153.1748,0,439864.54488961515,1463029451288.6304,0,0,0,94396907314.59062,0,1,0,0,0,0.7080690763127542,0,0.9982385538113214,1,89981.06795615729,0,0.0031834975300695017,3323.889893592469,0,3307.9692655536105,923.1759517087112,0,2381.998895993367,0,0,0
3210,0,0,0,0,0,0,0,0,0,0,0,0,0,0,0,0,1271.5621356251982,0,54.24899799838988,150.4406985277418,1094.5549052947674,5301.853415513846,1743.5373917874572,7.275656893423209,35.24214835080791,0,0,1.4210854715202004e-12,0,2059.7032476738273,54.621504985856355,0,1463029891161.448,1463029891161.448,1368632983838.4167,1463029891161.4663,0,370137.49981818494,1463029521023.9666,0,0,0,94396907322.88206,0,1,0,0,0,0.7080690763127542,0,0.9982385538113214,1,89981.06795615729,0,0.003183777304761935,3321.8796544638517,0,3304.689713309675,923.0123518255319,0,2379.446464257512,0,0,0
3240,0,0,0,0,0,0,0,0,0,0,0,0,0,0,0,0,1271.5621356251331,0,54.24899799838988,150.440698525967,1106.0420178423146,5352.043523724638,1747.594475700592,7.352013309426404,35.57576889873881,0,0,1.4210854715202004e-12,0,2059.6096188463976,54.6205942283088,0,1463029904591.2358,1463029904591.2358,1368632983838.4167,1463029904591.254,0,344351.2379997078,1463029560240.0164,0,0,0,94396920752.6696,0,1,0,0,0,0.7080690763127542,0,0.9982385538113214,1,89981.06795615729,0,0.0031951042395604117,3321.152628302047,0,3289.8721271588647,922.9431560989775,0,2378.215662614572,0,0,0
3270,0,0,0,0,0,0,0,0,0,0,0,0,0,0,0,0,1271.5621356251104,0,54.24899799838988,150.44069852525524,1110.196464351487,5377.176455409364,1743.9915169467831,7.379628486403981,35.74283095014126,0,0,1.4210854715202004e-12,0,2059.575427881444,54.620217107258675,0,1463029912869.958,1463029912869.958,1368632983838.4167,1463029912869.9749,0,318299.9404836658,1463029594570.0342,0,0,0,94396929031.39064,0,1,0,0,0,0.7080690763127542,0,0.9982385538113214,1,89981.06795615729,0,0.0032025733119187055,3320.8896909055375,0,3287.200950101422,922.9145039458472,0,2377.643172022089,0,0,0
3300,0,0,0,0,0,0,0,0,0,0,0,0,0,0,0,0,1271.5621356251017,0,54.24899799838988,150.44069852497077,1109.8479796223096,5388.250890615258,1754.8412347105636,7.3773120605265765,35.81644424311745,0,0,1.4210854715202004e-12,0,2059.5636608372397,54.6200514841015,0,1463029928227.8364,1463029928227.8364,1368632983838.4167,1463029928227.8538,0,288982.76329270244,1463029639245.0903,0,0,0,94396944389.26942,0,1,0,0,0,0.7080690763127542,0,0.9982385538113214,1,89981.06795615729,0,0.003204176464366253,3319.2809024696107,0,3310.919867240636,922.9019205580676,0,2377.381984175712,0,0,0
3330,0,0,0,0,0,0,0,0,0,0,0,0,0,0,0,0,1271.5621356251004,0,54.24899799838988,150.44069852485742,1105.1543037350762,5379.9855152648515,1746.8934273363036,7.346112551800408,35.76150315717866,0,0,1.4210854715202004e-12,0,2059.559448242808,54.61795322777667,0,1463029942056.2876,1463029942056.2876,1368632983838.4167,1463029942056.305,0,259926.05742459025,1463029682130.2473,0,0,0,94396958217.72072,0,1,0,0,0,0.7080690763127542,0,0.9982385538113214,1,89981.06795615729,0,0.0032045205630147687,3287.1330407759583,0,3308.0689725603775,922.7425031903612,0,2376.7225150244512,0,0,0
3360,0,0,0,0,0,0,0,0,0,0,0,0,0,0,0,0,1271.5621356251004,0,54.24899799838988,150.44069852481243,1103.4616896964692,5366.487048330178,1749.5963111120698,7.33486151365133,35.67177699221514,0,0,1.4210854715202004e-12,0,2059.5579741785355,54.61338619306795,0,1463029951445.7456,1463029951445.7456,1368632983838.4167,1463029951445.7634,0,230440.3306220794,1463029721005.4326,0,0,0,94396967607.17903,0,1,0,0,0,0.7080690763127542,0,0.9982385538113214,1,89981.06795615729,0,0.003204594419912122,3256.16949704842,0,3295.4967396574093,922.3955176151783,0,2375.0179640686397,0,0,0
3390,0,0,0,0,0,0,0,0,0,0,0,0,0,0,0,0,1271.5621356251004,0,54.24899799838988,150.44069852479458,1102.8707525434306,5356.465715576372,1752.5113929859958,7.330933473176231,35.60516381605046,0,0,1.4210854715202004e-12,0,2059.5573960832044,54.60909169885531,0,1463029966098.1409,1463029966098.1409,1368632983838.4167,1463029966098.159,0,199676.91710124825,1463029766421.2422,0,0,0,94396982259.57463,0,1,0,0,0,0.7080690763127542,0,0.9982385538113214,1,89981.06795615729,0,0.003204610272454041,3238.054565362494,0,3283.062930120825,922.0692386077676,0,2372.972064660259,0,0,0
3420,0,0,0,0,0,0,0,0,0,0,0,0,0,0,0,0,1271.5621356251004,0,54.24899799838988,150.44069852478754,1102.7525490806538,5350.63197964485,1745.303023845207,7.330147758513348,35.5663861715136,0,0,1.4210854715202004e-12,0,2059.5571940564687,54.60614664250103,0,1463029980699.3967,1463029980699.3967,1368632983838.4167,1463029980699.4155,0,186569.4368666726,1463029794129.9792,0,0,0,94396996860.83118,0,1,0,0,0,0.7080690763127542,0,0.9982385538113214,1,89981.06795615729,0,0.003204613675012806,3229.345930688817,0,3272.4255434903257,921.8454846526122,0,2371.241824189676,0,0,0
3450,0,0,0,0,0,0,0,0,0,0,0,0,0,0,0,0,1271.5621356251004,0,54.24899799838988,150.4406985247848,1102.7618457405613,5347.827731850753,1735.246063679902,7.330209554689641,35.5477459510048,0,0,1.4210854715202004e-12,0,2059.557118826481,54.60448404504545,0,1463029995105.2126,1463029995105.2126,1368632983838.4167,1463029995105.2314,0,182260.01721207783,1463029812845.2153,0,0,0,94397011266.64703,0,1,0,0,0,0.7080690763127542,0,0.9982385538113214,1,89981.06795615729,0,0.0032237425724275623,3226.008278875878,0,3269.7883439285993,921.7191669486383,0,2370.0528499522507,0,0,0
3480,0,0,0,0,0,0,0,0,0,0,0,0,0,0,0,0,1271.5621356251004,0,54.24899799838988,150.44069852478376,1102.765207984654,5346.5827881557525,1745.8335347476284,7.33023190398829,35.53947063915654,0,0,1.4210854715202004e-12,0,2059.5570917513414,54.60366360422924,0,1463030001114.8047,1463030001114.8047,1368632983838.4167,1463030001114.8232,0,184473.4631055185,1463029816641.3618,0,0,0,94397017276.23872,0,1,0,0,0,0.7080690763127542,0,0.9982385538113214,1,89981.06795615729,0,0.0032307360723663513,3224.8011786697807,0,3278.053555831601,921.6568330386283,0,2369.3449828296807,0,0,0
3510,0,0,0,0,0,0,0,0,0,0,0,0,0,0,0,0,1271.5621356251004,0,54.24899799838988,150.44069852478333,864.3311787291883,5193.7422306181425,1721.2803667752682,5.745328140621469,34.52351844645639,0,0,1.4210854715202004e-12,0,2059.557082366436,54.603287626662905,0,1463030012019.1938,1463030012019.1938,1368632983838.4167,1463030012019.2126,0,172090.74240409426,1463029839928.471,0,0,0,94397028180.62796,0,1,0,0,0,0.7080690763127542,0,0.9982385538113214,1,89981.06795615729,0,0.003232237148537611,3224.364616982336,0,3275.153222915762,921.6282677218783,0,2368.9617864559877,0,0,0
3540,0,0,0,0,0,0,0,0,0,0,0,0,0,0,0,0,1271.5621356251004,0,54.24899799838988,150.44069852478316,768.2443020210985,4976.601942348327,1698.5629584555777,5.1066254647477605,33.08015710608055,0,0,1.4210854715202004e-12,0,2059.557078851049,54.60312298631116,0,1463030011488.3123,1463030011488.3123,1368632983838.4167,1463030011488.3318,0,173661.45212436173,1463029837826.88,0,0,0,94397027649.74704,0,1,0,0,0,0.7080690763127542,0,0.9982385538113214,1,89981.06795615729,0,0.003232559337660357,3224.206729421732,0,3272.074023625604,921.6157589867335,0,2368.767544951259,0,0,0
3570,0,0,0,0,0,0,0,0,0,0,0,0,0,0,0,0,1271.5621356251004,0,54.24899799838988,150.44069852478316,733.5585428354285,4839.266034455597,1674.6146750611024,4.876064456152363,32.16726645056351,0,0,1.4210854715202004e-12,0,2059.5570775530496,54.60305307566221,0,1463030019461.8462,1463030019461.8462,1368632983838.4167,1463030019461.8652,0,174658.00639725465,1463029844803.86,0,0,0,94397035623.28065,0,1,0,0,0,0.7080690763127542,0,0.9982385538113214,1,89981.06795615729,0,0.0032326284919241806,3224.149627567607,0,3260.3382332564015,921.6104474468685,0,2368.6736754449785,0,0,0
3600,0,0,0,0,0,0,0,0,0,0,0,0,0,0,0,0,1271.5621356251004,0,54.24899799838988,150.44069852478316,757.0465357768177,4788.497186148645,1675.0509904874405,5.032192373476011,31.829798938083247,0,0,1.4210854715202004e-12,0,2059.557077108786,54.60302404248165,0,1463030034406.72,1463030034406.72,1368632983838.4167,1463030034406.7395,0,176133.69108579235,1463029858273.0496,0,0,0,94397050568.1548,0,1,0,0,0,0.7080690763127542,0,0.9982385538113214,1,89981.06795615729,0,0.0032483094051148497,3224.1289760246236,0,3254.9165712560834,921.6082416184536,0,2368.629921197154,0,0,0
3630,0,0,0,0,0,0,0,0,0,0,0,0,0,0,0,0,1271.5621356251004,0,54.24899799838988,150.44069852478316,770.6743398385355,4792.2138657169735,1674.387181010944,5.122778260110092,31.85450421800267,0,0,1.4210854715202004e-12,0,2059.5570769425244,54.602999093235645,0,1463030047187.6323,1463030047187.6323,1368632983838.4167,1463030047187.6519,0,178585.74865519122,1463029868601.9048,0,0,0,94397063349.06752,0,1,0,0,0,0.7080690763127542,0,0.9982385538113214,1,89981.06795615729,0,0.0032528106474451644,3223.7372836564273,0,3279.2811010125656,921.6063460715401,0,2368.607124110227,0,0,0
3660,0,0,0,0,0,0,0,0,0,0,0,0,0,0,0,0,1271.5621356251004,0,54.24899799838988,150.44069852478316,775.565259762483,4801.598186594741,1679.9590630468967,5.155288877063534,31.91688308867922,0,0,1.4210854715202004e-12,0,2059.55707687906,54.60289752430148,0,1463030062411.1885,1463030062411.1885,1368632983838.4167,1463030062411.2078,0,178451.4256559795,1463029883959.784,0,0,0,94397078572.62332,0,1,0,0,0,0.7080690763127542,0,0.9982385538113214,1,89981.06795615729,0,0.003275422048267187,3222.775604532779,0,3276.217675073076,921.5986292579868,0,2368.5683447720808,0,0,0
3690,0,0,0,0,0,0,0,0,0,0,0,0,0,0,0,0,1271.5621356251004,0,54.24899799838988,150.44069852478316,777.3438366367782,4807.84141311264,1678.7995878762222,5.167111321998553,31.9583826734267,0,0,1.4210854715202004e-12,0,2059.5570768552534,54.60277090492897,0,1463030079300.2544,1463030079300.2544,1368632983838.4167,1463030079300.2737,0,181512.0403171675,1463029897788.235,0,0,0,94397095461.6893,0,1,0,0,0,0.7080690763127542,0,0.9982385538113214,1,89981.06795615729,0,0.0033091885619732048,3222.137951529435,0,3273.4020430108844,921.5890092093174,0,2368.5125527662326,0,0,0
3720,0,0,0,0,0,0,0,0,0,0,0,0,0,0,0,0,1271.5621356251004,0,54.24899799838988,150.44069852478316,778.0290860696526,4811.171034273078,1679.5110864462722,5.171666269161084,31.980515122910703,0,0,1.4210854715202004e-12,0,2059.557076846578,54.60268172583515,0,1463030090011.0234,1463030090011.0234,1368632983838.4167,1463030090011.043,0,181878.92943757007,1463029908132.1147,0,0,0,94397106172.45866,0,1,0,0,0,0.7080690763127542,0,0.9982385538113214,1,89981.06795615729,0,0.0033194689226685335,3221.954574325478,0,3249.035736415994,921.5822337277637,0,2368.46190479922,0,0,0
3750,0,0,0,0,0,0,0,0,0,0,0,0,0,0,0,0,1271.5621356251004,0,54.24899799838988,150.44069852478316,778.4584646453068,4813.0330251311425,1675.0616950756757,5.174520407568208,31.992892032060443,0,0,1.4210854715202004e-12,0,2059.5570768435377,54.60267212265675,0,1463030104679.4043,1463030104679.4043,1368632983838.4167,1463030104679.4233,0,181894.91441509733,1463029922784.51,0,0,0,94397120840.83919,0,1,0,0,0,0.7080690763127542,0,0.9982385538113214,1,89981.06795615729,0,0.0033216754865698283,3222.5625547572668,0,3242.2635093856998,921.5815041155274,0,2368.437538453324,0,0,0
3780,0,0,0,0,0,0,0,0,0,0,0,0,0,0,0,0,1271.5621356251004,0,54.24899799838988,150.44069852478316,754.5043986835635,4806.757854464456,1670.7347757636458,5.015294438820149,31.9511801101655,0,0,1.4210854715202004e-12,0,2059.5570768424805,54.60286773494168,0,1463030128288.3564,1463030128288.3564,1368632983838.4167,1463030128288.3755,0,191027.65352517008,1463029937260.7227,0,0,0,94397144449.79123,0,1,0,0,0,0.7080690763127542,0,0.9982385538113214,1,89981.06795615729,0,0.003322149100706926,3225.42204816821,0,3256.634188179434,921.596365978005,0,2368.4831168767696,0,0,0
3810,0,0,0,0,0,0,0,0,0,0,0,0,0,0,0,0,1271.5621356251004,0,54.24899799838988,150.44069852478316,728.7907492314868,4770.397076650207,1674.0887277205225,4.844372276770756,31.709485022527637,0,0,1.4210854715202004e-12,0,2059.5570768421103,54.60324429654812,0,1463030138182.4277,1463030138182.4277,1368632983838.4167,1463030138182.447,0,186515.90915839982,1463029951666.538,0,0,0,94397154343.86278,0,1,0,0,0,0.7080690763127542,0,0.9982385538113214,1,89981.06795615729,0,0.00332225075664866,3227.394101628982,0,3254.224125388891,921.6249756678897,0,2368.623364172377,0,0,0
3840,0,0,0,0,0,0,0,0,0,0,0,0,0,0,0,0,1271.5621356251004,0,54.24899799838988,150.44069852478316,719.4983645198581,4741.647780485168,1671.8685199043348,4.782604518426442,31.518384499551118,0,0,1.4210854715202004e-12,0,2059.557076841981,54.60350996533371,0,1463030136383.6487,1463030136383.6487,1368632983838.4167,1463030136383.6685,0,178327.12845650886,1463029958056.5396,0,0,0,94397152545.08415,0,1,0,0,0,0.7080690763127542,0,0.9982385538113214,1,89981.06795615729,0,0.0033241475598928894,3228.1073174682324,0,3251.2525650098764,921.6451601514848,0,2368.764462520413,0,0,0
3870,0,0,0,0,0,0,0,0,0,0,0,0,0,0,0,0,1271.5621356251004,0,54.24899799838988,150.44069852478316,716.1690125944788,4725.627508237109,1659.370055375379,4.760473858584877,31.411895548056254,0,0,1.4210854715202004e-12,0,2059.557076841931,54.60365287578335,0,1463030150448.9617,1463030150448.9617,1368632983838.4167,1463030150448.981,0,180716.0247270655,1463029969732.9558,0,0,0,94397166610.39656,0,1,0,0,0,0.7080690763127542,0,0.9982385538113214,1,89981.06795615729,0,0.0033271628837846746,3228.3652601880804,0,3235.74135377668,921.6560179329887,0,2368.863951624817,0,0,0
3900,0,0,0,0,0,0,0,0,0,0,0,0,0,0,0,0,1271.5621356251004,0,54.24899799838988,150.44069852478316,715.1003897141903,4717.88131163492,1662.6391064800437,4.753370575425683,31.360405514586933,0,0,1.4210854715202004e-12,0,2059.5570768419134,54.60372149697751,0,1463030154603.9219,1463030154603.9219,1368632983838.4167,1463030154603.941,0,182165.7057405436,1463029972438.235,0,0,0,94397170765.35652,0,1,0,0,0,0.7080690763127542,0,0.9982385538113214,1,89981.06795615729,0,0.003327810089166456,3228.458548142527,0,3228.9578204366626,921.6612315050864,0,2368.9231635711226,0,0,0
3930,0,0,0,0,0,0,0,0,0,0,0,0,0,0,0,0,1271.5621356251004,0,54.24899799838988,150.44069852478316,715.2083159113348,4714.708980064281,1665.6384883284802,4.7540879756917205,31.339318590624554,0,0,1.4210854715202004e-12,0,2059.557076841907,54.60375225983796,0,1463030164750.9543,1463030164750.9543,1368632983838.4167,1463030164750.9734,0,183983.40465002967,1463029980767.5684,0,0,0,94397180912.38904,0,1,0,0,0,0.7080690763127542,0,0.9982385538113214,1,89981.06795615729,0,0.00332794900451838,3228.447056062307,0,3251.7151333316574,921.6635687478703,0,2368.9550099914486,0,0,0
3960,0,0,0,0,0,0,0,0,0,0,0,0,0,0,0,0,1271.5621356251004,0,54.24899799838988,150.44069852478316,750.4077889712349,4732.849214070561,1663.044372173177,4.988063711015108,31.459899219298595,0,0,1.4210854715202004e-12,0,2059.5570768419043,54.60363726978615,0,1463030179283.7107,1463030179283.7107,1368632983838.4167,1463030179283.7295,0,183615.26772994804,1463029995668.462,0,0,0,94397195445.14522,0,1,0,0,0,0.7080690763127542,0,0.9982385538113214,1,89981.06795615729,0,0.0033279788211265714,3226.27851798972,0,3248.7582261751386,921.6548322498687,0,2368.9373798883266,0,0,0
3990,0,0,0,0,0,0,0,0,0,0,0,0,0,0,0,0,1271.5621356251004,0,54.24899799838988,150.44069852478316,768.2384953870687,4767.994978487567,1673.762166596476,5.106586867253288,31.69351794589083,0,0,1.4210854715202004e-12,0,2059.557076841904,54.60332429256428,0,1463030190298.5776,1463030190298.5776,1368632983838.4167,1463030190298.5957,0,182307.15716059576,1463030007991.4385,0,0,0,94397206460.0115,0,1,0,0,0,0.7080690763127542,0,0.9982385538113214,1,89981.06795615729,0,0.0033279852209152617,3224.0308512621687,0,3246.5105291384857,921.6310534548315,0,2368.8311788408732,0,0,0
4020,0,0,0,0,0,0,0,0,0,0,0,0,0,0,0,0,1271.5621356251004,0,54.24899799838988,150.44069852478316,774.7064193759303,4791.342308898375,1679.7086717171221,5.149580046973176,31.848710860040732,0,0,1.4210854715202004e-12,0,2059.557076841903,54.60302060141793,0,1463030205876.975,1463030205876.975,1368632983838.4167,1463030205876.9934,0,182661.99894359446,1463030023214.9944,0,0,0,94397222038.40915,0,1,0,0,0,0.7080690763127542,0,0.9982385538113214,1,89981.06795615729,0,0.0033279865945467575,3222.7583666838473,0,3238.04267588146,921.6079801797846,0,2368.691556091606,0,0,0
4050,0,0,0,0,0,0,0,0,0,0,0,0,0,0,0,0,1271.5621356251004,0,54.24899799838988,150.44069852478316,777.128788806267,4803.722631654812,1677.9857322085968,5.1656818695124915,31.931004566981994,0,0,1.4210854715202004e-12,0,2059.557076841903,54.6028278393653,0,1463030223006.3892,1463030223006.3892,1368632983838.4167,1463030223006.4077,0,182902.3472456476,1463030040104.0605,0,0,0,94397239167.82338,0,1,0,0,0,0.7080690763127542,0,0.9982385538113214,1,89981.06795615729,0,0.0033279868893700865,3222.4330206306595,0,3220.8184901297695,921.5933348668976,0,2368.575086459792,0,0,0
4080,0,0,0,0,0,0,0,0,0,0,0,0,0,0,0,0,1271.5621356251004,0,54.24899799838988,150.44069852478316,778.3643236352194,4810.16171584459,1676.5833867585675,5.173894639335206,31.973806044593562,0,0,1.4210854715202004e-12,0,2059.557076841903,54.60280675808813,0,1463030233830.4517,1463030233830.4517,1368632983838.4167,1463030233830.47,0,183417.03949651742,1463030050413.431,0,0,0,94397249991.8855,0,1,0,0,0,0.7080690763127542,0,0.9982385538113214,1,89981.06795615729,0,0.003327986952639362,3223.6653747769824,0,3212.8714564312963,921.5917331932484,0,2368.5202408535674,0,0,0
4110,0,0,0,0,0,0,0,0,0,0,0,0,0,0,0,0,1271.5621356251004,0,54.24899799838988,150.44069852478316,739.7910683244994,4788.874166250462,1678.585981008279,4.917492909690448,31.832304776633013,0,0,1.4210854715202004e-12,0,2059.557076841903,54.603206906758714,0,1463030258799.7166,1463030258799.7166,1368632983838.4167,1463030258799.7349,0,193717.9240111312,1463030065081.8113,0,0,0,94397274961.15056,0,1,0,0,0,0.7080690763127542,0,0.9982385538113214,1,89981.06795615729,0,0.003327986966208165,3230.2232243165745,0,3227.6623149012416,921.622134936754,0,2368.6108367959037,0,0,0
4140,0,0,0,0,0,0,0,0,0,0,0,0,0,0,0,0,1271.5621356251004,0,54.24899799838988,150.44069852478316,728.3675634645718,4765.057727308007,1679.5160038425329,4.841559302814476,31.673993633597927,0,0,1.4210854715202004e-12,0,2059.557076841903,54.60515502490824,0,1463030271825.5212,1463030271825.5212,1368632983838.4167,1463030271825.539,0,183224.79386672372,1463030088600.7458,0,0,0,94397287986.95471,0,1,0,0,0,0.7080690763127542,0,0.9982385538113214,1,89981.06795615729,0,0.003327986969109317,3255.303051922411,0,3224.908998585108,921.7701453955029,0,2369.201466505443,0,0,0
4170,0,0,0,0,0,0,0,0,0,0,0,0,0,0,0,0,1271.5621356251004,0,54.24899799838988,150.44069852478316,722.850515178372,4752.727084411979,1667.824954319479,4.804886724580661,31.59203015551692,0,0,1.4210854715202004e-12,0,2059.557076841903,54.60851852834075,0,1463030284888.3372,1463030284888.3372,1368632983838.4167,1463030284888.355,0,186393.53818142618,1463030098494.8176,0,0,0,94397301049.77052,0,1,0,0,0,0.7080690763127542,0,0.9982385538113214,1,89981.06795615729,0,0.003327986969720779,3272.413636769445,0,3216.4576686955493,922.0256913366816,0,2370.5219148943584,0,0,0
4200,0,0,0,0,0,0,0,0,0,0,0,0,0,0,0,0,1271.5621356251004,0,54.24899799838988,150.44069852478316,721.0232954152995,4746.186121899396,1679.91248193613,4.792740943678351,31.548551478691277,0,0,1.4210854715202004e-12,0,2059.557076841903,54.61085842363889,0,1463030284255.2012,1463030284255.2012,1368632983838.4167,1463030284255.219,0,188009.49110218545,1463030096245.7285,0,0,0,94397300416.63449,0,1,0,0,0,0.7080690763127542,0,0.9982385538113214,1,89981.06795615729,0,0.003327986969840784,3278.6018767814367,0,3206.9761341126978,922.2034675031751,0,2371.7953490361874,0,0,0
4230,0,0,0,0,0,0,0,0,0,0,0,0,0,0,0,0,1271.5621356251004,0,54.24899799838988,150.44069852478316,721.0889108792766,4743.503434804218,1670.3227111366605,4.793177098685742,31.530719288855117,0,0,1.4210854715202004e-12,0,2059.557076841903,54.6121109807339,0,1463030299449.6177,1463030299449.6177,1368632983838.4167,1463030299449.636,0,189340.93392177759,1463030110108.7021,0,0,0,94397315611.05138,0,1,0,0,0,0.7080690763127542,0,0.9982385538113214,1,89981.06795615729,0,0.0033320910854858967,3280.839925029836,0,3199.222543210175,922.298631931619,0,2372.680600312037,0,0,0
4260,0,0,0,0,0,0,0,0,0,0,0,0,0,0,0,0,1271.5621356251004,0,54.24899799838988,150.44069852478316,721.4881029329268,4741.571299497236,1661.5742350247579,4.7958305831322035,31.517876119912618,0,0,1.4210854715202004e-12,0,2059.557076841903,54.612492375640116,0,1463030302733.1184,1463030302733.1184,1368632983838.4167,1463030302733.137,0,189882.7576303495,1463030112850.379,0,0,0,94397318894.55226,0,1,0,0,0,0.7080690763127542,0,0.9982385538113214,1,89981.06795615729,0,0.003334283578305863,3274.4851853693813,0,3212.0901627266244,922.3276088368677,0,2373.1554252599326,0,0,0
4290,0,0,0,0,0,0,0,0,0,0,0,0,0,0,0,0,1271.5621356251004,0,54.24899799838988,150.44069852478316,734.2589657342563,4741.136379805351,1674.9613162006503,4.880720263428561,31.51498514894432,0,0,1.4210854715202004e-12,0,2059.557076841903,54.6107416937334,0,1463030312889.0376,1463030312889.0376,1368632983838.4167,1463030312889.0554,0,188046.19348797883,1463030124842.862,0,0,0,94397329050.47115,0,1,0,0,0,0.7080690763127542,0,0.9982385538113214,1,89981.06795615729,0,0.003334754172243457,3253.7511256709413,0,3205.5089451643425,922.194598817842,0,2372.8220782454136,0,0,0
4320,0,0,0,0,0,0,0,0,0,0,0,0,0,0,0,0,1271.5621356251004,0,54.24899799838988,150.44069852478316,762.5127351733405,4764.149508975438,1667.325605274848,5.068526952151358,31.667956581513785,0,0,1.4210854715202004e-12,0,2059.557076841903,54.60821051460698,0,1463030327621.772,1463030327621.772,1368632983838.4167,1463030327621.7903,0,188448.51230027687,1463030139173.2776,0,0,0,94397343783.20566,0,1,0,0,0,0.7080690763127542,0,0.9982385538113214,1,89981.06795615729,0,0.003334855179933303,3241.2387020010565,0,3202.1621821683734,922.002289648212,0,2371.863244074481,0,0,0
4350,0,0,0,0,0,0,0,0,0,0,0,0,0,0,0,0,1271.5621356251004,0,54.24899799838988,150.44069852478316,776.6447689094408,4793.838249687112,1678.9446170722426,5.1624645227335115,31.865301721511145,0,0,1.4210854715202004e-12,0,2059.557076841903,54.60688130894893,0,1463030337797.3582,1463030337797.3582,1368632983838.4167,1463030337797.3765,0,187857.42108648986,1463030149939.955,0,0,0,94397353958.79189,0,1,0,0,0,0.7080690763127542,0,0.9982385538113214,1,89981.06795615729,0,0.0033348768600877615,3246.124998751092,0,3195.567800667495,921.9013017593272,0,2371.0258985007895,0,0,0
4380,0,0,0,0,0,0,0,0,0,0,0,0,0,0,0,0,1271.5621356251004,0,54.24899799838988,150.44069852478316,795.1570727562585,4832.714807630455,1682.6967791331822,5.285518350775715,32.12371954544154,0,0,1.4210854715202004e-12,0,2059.557076841903,54.609470074838235,0,1463030353606.482,1463030353606.482,1368632983838.4167,1463030353606.5,0,188088.1471390297,1463030165518.3525,0,0,0,94397369767.91557,0,1,0,0,0,0.7080690763127542,0,0.9982385538113214,1,89981.06795615729,0,0.00333488151347808,3299.8090369831766,0,3187.669719802632,922.097986147777,0,2371.3860130617795,0,0,0
4410,0,0,0,0,0,0,0,0,0,0,0,0,0,0,0,0,1271.5621356251004,0,54.24899799838988,150.44069852478316,823.5408993869005,4933.638977163201,1724.7495081482498,5.474189547526149,32.79457637156908,0,0,1.4210854715202004e-12,0,2059.557076841903,54.626040965152,0,1463030382925.1768,1463030382925.1768,1368632983838.4167,1463030382925.1946,0,200277.42745443943,1463030182647.7668,0,0,0,94397399086.61014,0,1,0,0,0,0.7080690763127542,0,0.9982385538113214,1,89981.06795615729,0,0.003334882512264788,3536.659177296658,0,3190.866042539142,923.3569781025539,0,2376.208689334791,0,0,0
4440,0,0,0,0,0,0,0,0,0,0,0,0,0,0,0,0,1271.5621356251004,0,54.24899799838988,150.44069852478316,830.8031472049973,5077.426142896928,1756.1962777578158,5.522462706912607,33.750349424630514,0,0,1.4210854715202004e-12,0,2059.557076841903,54.6704808836426,0,1463030390428.957,1463030390428.957,1368632983838.4167,1463030390428.975,0,195925.40632477705,1463030194503.568,0,0,0,94397406590.39056,0,1,0,0,0,0.7080690763127542,0,0.9982385538113214,1,89981.06795615729,0,0.0033536646877935913,3906.6230589541665,0,3187.106882060381,926.7333506927534,0,2391.7119376324654,0,0,0
4470,0,0,0,0,0,0,0,0,0,0,0,0,0,0,0,0,1271.5621356251004,0,54.24899799838988,150.44069852478316,837.7894069369719,5194.3470523821425,1790.0060316372656,5.56890133555819,34.5275387798498,0,0,1.4210854715202004e-12,0,2059.557076841903,54.72100062725673,0,1463030402845.517,1463030402845.517,1368632983838.4167,1463030402845.5354,0,183372.70160881875,1463030219472.8337,0,0,0,94397419006.9509,0,1,0,0,0,0.7080690763127542,0,0.9982385538113214,1,89981.06795615729,0,0.0033627434840557075,4156.172172387242,0,3183.7321618843353,930.5716448075093,0,2413.983106557133,0,0,0
4500,0,0,0,0,0,0,0,0,0,0,0,0,0,0,0,0,1271.5621356251004,0,54.24899799838988,150.44069852478316,858.3308355183414,5279.226279662978,1810.8964594243378,5.705443034598397,35.09174266957617,0,0,1.4210854715202004e-12,0,2059.557076841903,54.75931515787619,0,1463030416195.917,1463030416195.917,1368632983838.4167,1463030416195.9348,0,183649.42611906998,1463030232546.5085,0,0,0,94397432357.35031,0,1,0,0,0,0.7080690763127542,0,0.9982385538113214,1,89981.06795615729,0,0.0033780315251259736,4287.221271411099,0,3180.963142073742,933.4826341923631,0,2434.8701727144794,0,0,0
4530,0,0,0,0,0,0,0,0,0,0,0,0,0,0,0,0,1271.5621356251004,0,54.24899799838988,150.44069852478316,946.0158461888899,5372.917689255596,1827.4099104627705,6.288297352149332,35.71452234629499,0,0,1.4210854715202004e-12,0,2059.557076841903,54.782429879941475,0,1463030429788.7458,1463030429788.7458,1368632983838.4167,1463030429788.7632,0,184179.43879286924,1463030245609.324,0,0,0,94397445950.17877,0,1,0,0,0,0.7080690763127542,0,0.9982385538113214,1,89981.06795615729,0,0.003390065221731109,4339.542097079526,0,3174.2416318562173,935.2388010950507,0,2450.2485398809076,0,0,0
4560,0,0,0,0,0,0,0,0,0,0,0,0,0,0,0,0,1271.5621356251004,0,54.24899799838988,150.44069852478316,1107.910199574814,5571.468558931389,1858.270257440112,7.364431370227254,37.03431726630518,0,0,1.4210854715202004e-12,0,2059.557076841903,54.79422486233679,0,1463030431286.1982,1463030431286.1982,1368632983838.4167,1463030431286.2158,0,186407.56183689367,1463030244878.654,0,0,0,94397447447.6315,0,1,0,0,0,0.7080690763127542,0,0.9982385538113214,1,89981.06795615729,0,0.0034071985439333837,4357.246498829161,0,3180.117332830656,936.1349380956135,0,2459.806895949771,0,0,0
4590,0,0,0,0,0,0,0,0,0,0,0,0,0,0,0,0,1271.5621356251004,0,54.24899799838988,150.44069852478316,1111.9949630224148,5630.805343313938,1835.2472511134406,7.391583354282472,37.42873702747622,0,0,1.4210854715202004e-12,0,2059.557076841903,54.782747957137424,0,1463030445361.6206,1463030445361.6206,1368632983838.4167,1463030445361.6384,0,185356.4348636473,1463030260005.2036,0,0,0,94397461523.05392,0,1,0,0,0,0.7080690763127542,0,0.9982385538113214,1,89981.06795615729,0,0.0034127409318839776,4057.618237467799,0,3174.8299605148245,935.2629673663316,0,2460.7483646207947,0,0,0
4620,0,0,0,0,0,0,0,0,0,0,0,0,0,0,0,0,1271.5621356251004,0,54.24899799838988,150.44069852478316,1138.42995474481,5599.704775649764,1814.9583585599644,7.567300377545564,37.22200727968094,0,0,1.4210854715202004e-12,0,2059.557076841903,54.742054256555626,0,1463030446644.7275,1463030446644.7275,1368632983838.4167,1463030446644.7458,0,183799.8683340914,1463030262844.8774,0,0,0,94397462806.16107,0,1,0,0,0,0.7080690763127542,0,0.9982385538113214,1,89981.06795615729,0,0.0034139305431717475,3795.3560883401506,0,3166.9919181348896,932.1712178783746,0,2447.9779829916183,0,0,0
4650,0,0,0,0,0,0,0,0,0,0,0,0,0,0,0,0,1271.5621356251004,0,54.24899799838988,150.44069852478316,1190.1776621520064,5669.5837698094665,1833.1354034504948,7.911274501001736,37.68650255818558,0,0,1.4210854715202004e-12,0,2059.557076841903,54.721569635534706,0,1463030457703.332,1463030457703.332,1368632983838.4167,1463030457703.35,0,184685.01619892142,1463030273018.3342,0,0,0,94397473864.76573,0,1,0,0,0,0.7080690763127542,0,0.9982385538113214,1,89981.06795615729,0,0.003414185879856888,3909.3508246552983,0,3162.6271434506907,930.6148758488482,0,2435.40617670552,0,0,0
4680,0,0,0,0,0,0,0,0,0,0,0,0,0,0,0,0,1271.5621356251004,0,54.24899799838988,150.44069852478316,1029.9194704548006,5684.05402528964,1852.0011779093034,6.846016274546443,37.78268833518654,0,0,1.4210854715202004e-12,0,2059.557076841903,54.736727738767044,0,1463030473275.4746,1463030473275.4746,1368632983838.4167,1463030473275.4932,0,185592.29300055577,1463030287683.2002,0,0,0,94397489436.90866,0,1,0,0,0,0.7080690763127542,0,0.9982385538113214,1,89981.06795615729,0,0.0034142406849961377,4123.780605980474,0,3159.5421604447,931.7665297224687,0,2435.2341880511603,0,0,0
4710,0,0,0,0,0,0,0,0,0,0,0,0,0,0,0,0,1271.5621356251004,0,54.24899799838988,150.44069852478316,945.5147307550047,5584.4781859453005,1852.1142897629009,6.284966368985873,37.12079404513886,0,0,1.4210854715202004e-12,0,2059.557076841903,54.761831642704365,0,1463030482845.7383,1463030482845.7383,1368632983838.4167,1463030482845.7566,0,184863.189197843,1463030297982.5674,0,0,0,94397499007.17221,0,1,0,0,0,0.7080690763127542,0,0.9982385538113214,1,89981.06795615729,0,0.0034294345315159774,4264.499513085073,0,3157.091731739512,933.6738269462226,0,2443.441075616357,0,0,0
4740,0,0,0,0,0,0,0,0,0,0,0,0,0,0,0,0,1271.5621356251004,0,54.24899799838988,150.44069852478316,913.5574839117584,5505.8575881449115,1852.5544999133722,6.072542156943399,36.59819212576903,0,0,1.4210854715202004e-12,0,2059.557076841903,54.782154682957135,0,1463030509077.6997,1463030509077.6997,1368632983838.4167,1463030509077.718,0,195286.02706422686,1463030313791.6907,0,0,0,94397525239.13377,0,1,0,0,0,0.7080690763127542,0,0.9982385538113214,1,89981.06795615729,0,0.0034329633659506346,4338.237527159783,0,3160.3938515557365,935.2178926958819,0,2453.215663270989,0,0,0
4770,0,0,0,0,0,0,0,0,0,0,0,0,0,0,0,0,1271.5621356251004,0,54.24899799838988,150.44069852478316,1028.3892627454663,5529.142824510151,1857.6440186592097,6.835844773587332,36.75297229226369,0,0,1.4210854715202004e-12,0,2059.557076841903,54.79507122087019,0,1463030522973.581,1463030522973.581,1368632983838.4167,1463030522973.5994,0,179863.21383776027,1463030343110.3853,0,0,0,94397539135.01515,0,1,0,0,0,0.7080690763127542,0,0.9982385538113214,1,89981.06795615729,0,0.0034337207906006127,4373.168031288349,0,3157.822683094826,936.1992411333044,0,2461.0976982996854,0,0,0
4800,0,0,0,0,0,0,0,0,0,0,0,0,0,0,0,0,1271.5621356251004,0,54.24899799838988,150.44069852478316,1151.8857526301979,5694.780849371178,1866.2368688407892,7.656742915484666,37.853991009175196,0,0,1.4210854715202004e-12,0,2059.557076841903,54.802298301463544,0,1463030533215.9863,1463030533215.9863,1368632983838.4167,1463030533216.0046,0,182143.82723427686,1463030351072.1765,0,0,0,94397549377.42024,0,1,0,0,0,0.7080690763127542,0,0.9982385538113214,1,89981.06795615729,0,0.003433883363280026,4388.789207053173,0,3155.7030723250223,936.7483266773681,0,2466.3850216150704,0,0,0
4830,0,0,0,0,0,0,0,0,0,0,0,0,0,0,0,0,1271.5621356251004,0,54.24899799838988,150.44069852478316,1196.549680069106,5831.698593478711,1885.184249617126,7.953630179881078,38.76410207253866,0,0,1.4210854715202004e-12,0,2059.557076841903,54.80603254056558,0,1463030548077.6719,1463030548077.6719,1368632983838.4167,1463030548077.6907,0,184588.95296404217,1463030363488.7368,0,0,0,94397564239.10628,0,1,0,0,0,0.7080690763127542,0,0.9982385538113214,1,89981.06795615729,0,0.003433918257667747,4395.519486424293,0,3148.8051456433977,937.0320396763474,0,2469.557270992372,0,0,0
4860,0,0,0,0,0,0,0,0,0,0,0,0,0,0,0,0,1271.5621356251004,0,54.24899799838988,150.44069852478316,1212.6951709658017,5909.142005472364,1896.162993294169,8.06095147694376,39.278879076056064,0,0,1.4210854715202004e-12,0,2059.557076841903,54.807859126713566,0,1463030562260.148,1463030562260.148,1368632983838.4167,1463030562260.1672,0,185530.18744798168,1463030376729.9785,0,0,0,94397578421.58261,0,1,0,0,0,0.7080690763127542,0,0.9982385538113214,1,89981.06795615729,0,0.0034339257473447594,4398.33447767406,0,3144.4498136144484,937.1708166051352,0,2471.3211155544727,0,0,0
4890,0,0,0,0,0,0,0,0,0,0,0,0,0,0,0,0,1271.5621356251004,0,54.24899799838988,150.44069852478316,1195.5852934239276,5924.26936986087,1888.793546447228,7.947219769303121,39.37943274628523,0,0,1.4210854715202004e-12,0,2059.557076841903,54.80699690522611,0,1463030576549.219,1463030576549.219,1368632983838.4167,1463030576549.2388,0,186226.43071825113,1463030390322.8079,0,0,0,94397592710.65439,0,1,0,0,0,0.7080690763127542,0,0.9982385538113214,1,89981.06795615729,0,0.003433927354908536,4338.743589173576,0,3142.1789873356392,937.1053083617402,0,2471.874779509318,0,0,0
4920,0,0,0,0,0,0,0,0,0,0,0,0,0,0,0,0,1271.5621356251004,0,54.24899799838988,150.44069852478316,1210.9629590754575,5908.944572713814,1882.00704159305,8.04943722642957,39.277566713374384,0,0,1.4210854715202004e-12,0,2059.557076841903,54.796024286974514,0,1463030572740.0576,1463030572740.0576,1368632983838.4167,1463030572740.078,0,180825.83329561606,1463030391914.244,0,0,0,94397588901.49327,0,1,0,0,0,0.7080690763127542,0,0.9982385538113214,1,89981.06795615729,0,0.0034542149551003896,4280.254699865432,0,3139.14060911283,936.2716513982323,0,2468.589701984505,0,0,0
4950,0,0,0,0,0,0,0,0,0,0,0,0,0,0,0,0,1271.5621356251004,0,54.24899799838988,150.44069852478316,1217.915631963183,5927.869569928205,1900.7750578338237,8.095652598705177,39.403363770952346,0,0,1.4210854715202004e-12,0,2059.557076841903,54.79354672727127,0,1463030586273.2686,1463030586273.2686,1368632983838.4167,1463030586273.2896,0,180271.00250084177,1463030406002.2856,0,0,0,94397602434.70486,0,1,0,0,0,0.7080690763127542,0,0.9982385538113214,1,89981.06795615729,0,0.0034590427790180795,4321.045044680369,0,3136.6423410054435,936.0834160243445,0,2466.258085042953,0,0,0
4980,0,0,0,0,0,0,0,0,0,0,0,0,0,0,0,0,1271.5621356251004,0,54.24899799838988,150.44069852478316,1220.430146162361,5948.200700085046,1899.5019598559916,8.112366920187565,39.53850758746083,0,0,1.4210854715202004e-12,0,2059.557076841903,54.79733603885167,0,1463030589026.8848,1463030589026.8848,1368632983838.4167,1463030589026.9055,0,181279.6694422908,1463030407747.2344,0,0,0,94397605188.3207,0,1,0,0,0,0.7080690763127542,0,0.9982385538113214,1,89981.06795615729,0,0.0034600790171650693,4358.671549352542,0,3134.4508797686362,936.3713132165614,0,2466.6069323552624,0,0,0
5010,0,0,0,0,0,0,0,0,0,0,0,0,0,0,0,0,1271.5621356251004,0,54.24899799838988,150.44069852478316,1221.3395491732565,5962.051763324658,1911.7167180163551,8.118411846991368,39.630577508535616,0,0,1.4210854715202004e-12,0,2059.557076841903,54.80190287066654,0,1463030600539.1592,1463030600539.1592,1368632983838.4167,1463030600539.1797,0,181710.9446806959,1463030418828.2334,0,0,0,94397616700.59505,0,1,0,0,0,0.7080690763127542,0,0.9982385538113214,1,89981.06795615729,0,0.0034603014340288517,4380.552328240566,0,3131.587826043192,936.7182833795921,0,2468.251209798509,0,0,0
5040,0,0,0,0,0,0,0,0,0,0,0,0,0,0,0,0,1271.5621356251004,0,54.24899799838988,150.44069852478316,1153.0694217003866,5904.28789801339,1895.4137799776372,7.664610926480332,39.24661315661689,0,0,1.4210854715202004e-12,0,2059.557076841903,54.80525369659756,0,1463030626409.4226,1463030626409.4226,1368632983838.4167,1463030626409.4426,0,191996.44476475022,1463030434412.997,0,0,0,94397642570.85812,0,1,0,0,0,0.7080690763127542,0,0.9982385538113214,1,89981.06795615729,0,0.003460349173298337,4391.457688379333,0,3131.179575201318,936.9728661333934,0,2469.9710028563354,0,0,0
5070,0,0,0,0,0,0,0,0,0,0,0,0,0,0,0,0,1271.5621356251004,0,54.24899799838988,150.44069852478316,1196.9777676164683,5908.382719302033,1901.4623947456585,7.956475736645704,39.27383199652389,0,0,1.4210854715202004e-12,0,2059.557076841903,54.80727653245517,0,1463030632170.8955,1463030632170.8955,1368632983838.4167,1463030632170.9158,0,188034.00747549094,1463030444136.907,0,0,0,94397648332.3313,0,1,0,0,0,0.7080690763127542,0,0.9982385538113214,1,89981.06795615729,0,0.0034603594199848924,4396.483801385793,0,3127.2683925757215,937.1265533537143,0,2471.2744142082684,0,0,0
5100,0,0,0,0,0,0,0,0,0,0,0,0,0,0,0,0,1271.5621356251004,0,54.24899799838988,150.44069852478316,1212.8577264540745,5937.20962986741,1899.2270595534178,8.062032005616299,39.46544843308695,0,0,1.4210854715202004e-12,0,2059.557076841903,54.8083724574388,0,1463030644755.3472,1463030644755.3472,1368632983838.4167,1463030644755.3677,0,174386.49768389593,1463030470368.8684,0,0,0,94397660916.78304,0,1,0,0,0,0.7080690763127542,0,0.9982385538113214,1,89981.06795615729,0,0.003460361619309791,4398.692893909742,0,3124.0248207695436,937.2098174820323,0,2472.115467151108,0,0,0
5130,0,0,0,0,0,0,0,0,0,0,0,0,0,0,0,0,1271.5621356251004,0,54.24899799838988,150.44069852478316,1218.600896400991,5957.55292280789,1910.0938761172933,8.100207645607563,39.60067309728996,0,0,1.4210854715202004e-12,0,2059.557076841903,54.8089262748381,0,1463030659674.3867,1463030659674.3867,1368632983838.4167,1463030659674.407,0,175409.65559832918,1463030484264.7498,0,0,0,94397675835.82233,0,1,0,0,0,0.7080690763127542,0,0.9982385538113214,1,89981.06795615729,0,0.003460362091358932,4399.633370592876,0,3121.603921389917,937.2518943793461,0,2472.6065514495535,0,0,0
5160,0,0,0,0,0,0,0,0,0,0,0,0,0,0,0,0,1271.5621356251004,0,54.24899799838988,150.44069852478316,1220.6779799360602,5968.5071890214485,1906.39729775565,8.11401430534417,39.67348761039031,0,0,1.4210854715202004e-12,0,2059.557076841903,54.80919281052813,0,1463030670356.8887,1463030670356.8887,1368632983838.4167,1463030670356.9092,0,175728.83192503298,1463030494628.0757,0,0,0,94397686518.32465,0,1,0,0,0,0.7080690763127542,0,0.9982385538113214,1,89981.06795615729,0,0.0034603621926677375,4400.024691829871,0,3119.4996453695576,937.2721447269772,0,2472.8741315665757,0,0,0
5190,0,0,0,0,0,0,0,0,0,0,0,0,0,0,0,0,1271.5621356251004,0,54.24899799838988,150.44069852478316,1221.4291811109397,5973.773404823231,1897.2457770161177,8.119007642800362,39.70849287062523,0,0,1.4210854715202004e-12,0,2059.557076841903,54.80931652397381,0,1463030685321.7915,1463030685321.7915,1368632983838.4167,1463030685321.8123,0,175832.04899208725,1463030509489.7617,0,0,0,94397701483.2278,0,1,0,0,0,0.7080690763127542,0,0.9982385538113214,1,89981.06795615729,0,0.0034603622144012956,4400.184730034513,0,3116.8453165865335,937.2815439946005,0,2473.0126698349577,0,0,0
5220,0,0,0,0,0,0,0,0,0,0,0,0,0,0,0,0,1271.5621356251004,0,54.24899799838988,150.44069852478316,1215.0775933560935,5972.060427799443,1895.088402171716,8.076787766017487,39.697106476912715,0,0,1.4210854715202004e-12,0,2059.557076841903,54.80920080534969,0,1463030697450.2356,1463030697450.2356,1368632983838.4167,1463030697450.256,0,174319.68549233399,1463030523130.5698,0,0,0,94397713611.67174,0,1,0,0,0,0.7080690763127542,0,0.9982385538113214,1,89981.06795615729,0,0.003460362219054921,4389.032728232127,0,3114.543560794949,937.2727521425013,0,2473.047582236562,0,0,0
5250,0,0,0,0,0,0,0,0,0,0,0,0,0,0,0,0,1271.5621356251004,0,54.24899799838988,150.44069852478316,1219.3860624383278,5963.993041861596,1880.4921601014692,8.105426752172717,39.6434814537843,0,0,1.4210854715202004e-12,0,2059.557076841903,54.80643621016129,0,1463030707180.754,1463030707180.754,1368632983838.4167,1463030707180.7742,0,169761.13177981286,1463030537419.6414,0,0,0,94397723342.18977,0,1,0,0,0,0.7080690763127542,0,0.9982385538113214,1,89981.06795615729,0,0.003460362220042532,4371.570032212661,0,3112.5723256031742,937.0627089260832,0,2472.210858834907,0,0,0
5280,0,0,0,0,0,0,0,0,0,0,0,0,0,0,0,0,1271.5621356251004,0,54.24899799838988,150.44069852478316,1220.9619442734422,5966.865286167908,1893.1255558500038,8.115901855323441,39.66257365645603,0,0,1.4210854715202004e-12,0,2059.557076841903,54.80566976934925,0,1463030704083.0664,1463030704083.0664,1368632983838.4167,1463030704083.0867,0,169828.8795018863,1463030534254.2053,0,0,0,94397720244.50224,0,1,0,0,0,0.7080690763127542,0,0.9982385538113214,1,89981.06795615729,0,0.003460362220243274,4380.9871964878685,0,3109.844133517648,937.0044777267999,0,2471.571572525775,0,0,0
5310,0,0,0,0,0,0,0,0,0,0,0,0,0,0,0,0,1271.5621356251004,0,54.24899799838988,150.44069852478316,1221.5318800829662,5971.1137666309505,1901.521664656393,8.119690296982599,39.690813890014525,0,0,1.4210854715202004e-12,0,2059.557076841903,54.80651035326338,0,1463030715685.9194,1463030715685.9194,1368632983838.4167,1463030715685.94,0,167809.13198267532,1463030547876.8064,0,0,0,94397731847.35547,0,1,0,0,0,0.7080690763127542,0,0.9982385538113214,1,89981.06795615729,0,0.003460362220275122,4390.08512928762,0,3107.5148524545475,937.0683420313217,0,2471.6022045896125,0,0,0
5340,0,0,0,0,0,0,0,0,0,0,0,0,0,0,0,0,1271.5621356251004,0,54.24899799838988,150.44069852478316,1221.7380039304146,5974.214345217315,1906.7833795545134,8.121060430526711,39.71142386202853,0,0,1.4210854715202004e-12,0,2059.557076841903,54.80759234864364,0,1463030718126.2002,1463030718126.2002,1368632983838.4167,1463030718126.2205,0,167117.05618429655,1463030551009.1626,0,0,0,94397734287.63597,0,1,0,0,0,0.7080690763127542,0,0.9982385538113214,1,89981.06795615729,0,0.0034603622202707216,4395.434117435183,0,3105.4522029986415,937.1505478424195,0,2471.9726015020906,0,0,0
5370,0,0,0,0,0,0,0,0,0,0,0,0,0,0,0,0,1271.5621356251004,0,54.24899799838988,150.44069852478316,1221.8125509930433,5976.04720488681,1894.9959803533336,8.121555955097918,39.72360713216399,0,0,1.4210854715202004e-12,0,2059.557076841903,54.808400197701744,0,1463030737961.1978,1463030737961.1978,1368632983838.4167,1463030737961.218,0,175091.5017605823,1463030562869.7148,0,0,0,94397754122.63383,0,1,0,0,0,0.7080690763127542,0,0.9982385538113214,1,89981.06795615729,0,0.003460362220258538,4398.113162762978,0,3102.466010920474,937.2119250795854,0,2472.3777438532975,0,0,0
5400,0,0,0,0,0,0,0,0,0,0,0,0,0,0,0,0,1271.5621356251004,0,54.24899799838988,150.44069852478316,1135.0889881826706,5913.082893547816,1902.093440498816,7.545092513617114,39.30507470073806,0,0,1.4210854715202004e-12,0,2059.557076841903,54.80889189334354,0,1463030746694.2021,1463030746694.2021,1368632983838.4167,1463030746694.2227,0,158900.0295549766,1463030587794.1912,0,0,0,94397762855.6384,0,1,0,0,0,0.7080690763127542,0,0.9982385538113214,1,89981.06795615729,0,0.0034603622202446865,4399.351335368872,0,3100.2823852104702,937.2492822067821,0,2472.6898894080286,0,0,0
5430,0,0,0,0,0,0,0,0,0,0,0,0,0,0,0,0,1271.5621356251004,0,54.24899799838988,150.44069852478316,1190.3163118970235,5901.009879609581,1887.0956025198716,7.912196124913195,39.2248237177486,0,0,1.4210854715202004e-12,0,2059.557076841903,54.809159561617186,0,1463030755293.4255,1463030755293.4255,1368632983838.4167,1463030755293.4458,0,161540.8992085768,1463030593752.5444,0,0,0,94397771454.86145,0,1,0,0,0,0.7080690763127542,0,0.9982385538113214,1,89981.06795615729,0,0.0034603622202304743,4399.896517541383,0,3098.279925543698,937.2696186037219,0,2472.8930625468197,0,0,0
5460,0,0,0,0,0,0,0,0,0,0,0,0,0,0,0,0,1271.5621356251004,0,54.24899799838988,150.44069852478316,1210.4485342967228,5930.762593015073,1897.2196229073534,8.046017774221628,39.42259409303432,0,0,1.4210854715202004e-12,0,2059.557076841903,54.80929525287261,0,1463030767298.91,1463030767298.91,1368632983838.4167,1463030767298.93,0,160961.93174458516,1463030606336.9963,0,0,0,94397783460.34576,0,1,0,0,0,0.7080690763127542,0,0.9982385538113214,1,89981.06795615729,0,0.0034603622202161854,4400.128908559646,0,3095.794822101248,937.2799278988583,0,2473.0123362254976,0,0,0
5490,0,0,0,0,0,0,0,0,0,0,0,0,0,0,0,0,1271.5621356251004,0,54.24899799838988,150.44069852478316,1217.7295843191434,5953.86828662435,1914.528425751372,8.094415914444443,39.57618081415334,0,0,1.4210854715202004e-12,0,2059.557076841903,54.809360703172764,0,1463030783782.6511,1463030783782.6511,1368632983838.4167,1463030783782.6711,0,162526.63375663263,1463030621256.0352,0,0,0,94397799944.08702,0,1,0,0,0,0.7080690763127542,0,0.9982385538113214,1,89981.06795615729,0,0.0034603622202018813,4400.225693023991,0,3093.6420548701453,937.284900558732,0,2473.077566726488,0,0,0
5520,0,0,0,0,0,0,0,0,0,0,0,0,0,0,0,0,1271.5621356251004,0,54.24899799838988,150.44069852478316,1216.3841676684372,5966.690442565729,1912.320076237594,8.085472745050128,39.661411447001456,0,0,1.4210854715202004e-12,0,2059.557076841903,54.80939113291756,0,1463030796449.5571,1463030796449.5571,1368632983838.4167,1463030796449.5771,0,165181.07821710611,1463030631268.4973,0,0,0,94397812610.99289,0,1,0,0,0,0.7080690763127542,0,0.9982385538113214,1,89981.06795615729,0,0.003460362220187573,4400.26530293121,0,3108.049426312561,937.2872124926807,0,2473.1114309686636,0,0,0
5550,0,0,0,0,0,0,0,0,0,0,0,0,0,0,0,0,1271.5621356251004,0,54.24899799838988,150.44069852478316,1143.6850473206832,5840.763793972732,1846.0989467619831,7.602231700169059,38.82435970616383,0,0,1.4210854715202004e-12,0,2059.557076841903,54.792155961586154,0,1463030809147.9343,1463030809147.9343,1368632983838.4167,1463030809147.9546,0,162914.55242046167,1463030646233.4006,0,0,0,94397825309.37024,0,1,0,0,0,0.7080690763127542,0,0.9982385538113214,1,89981.06795615729,0,0.003460362220173264,4074.1177792781004,0,3106.1591049949557,935.9777510434421,0,2468.7321179158225,0,0,0
5580,0,0,0,0,0,0,0,0,0,0,0,0,0,0,0,0,1271.5621356251004,0,54.24899799838988,150.44069852478316,1122.7806602147994,5654.6906018170375,1788.1528187052256,7.4632773659305744,37.58750562358962,0,0,1.4210854715202004e-12,0,2059.557076841903,54.740723844156676,0,1463030818259.1404,1463030818259.1404,1368632983838.4167,1463030818259.1604,0,159382.75326815154,1463030658876.4055,0,0,0,94397834420.57608,0,1,0,0,0,0.7080690763127542,0,0.9982385538113214,1,89981.06795615729,0,0.0034603622201589542,3690.9502612527413,0,3088.3210895436987,932.0701383059982,0,2450.8851326375725,0,0,0
5610,0,0,0,0,0,0,0,0,0,0,0,0,0,0,0,0,1271.5621356251004,0,54.24899799838988,150.44069852478316,1122.9052059407165,5544.73214446976,1767.8769078926255,7.464105238488589,36.85659664466618,0,0,1.4210854715202004e-12,0,2059.557076841903,54.69271778645889,0,1463030827224.222,1463030827224.222,1368632983838.4167,1463030827224.242,0,158617.31674073302,1463030668606.9236,0,0,0,94397843385.65758,0,1,0,0,0,0.7080690763127542,0,0.9982385538113214,1,89981.06795615729,0,0.003460362220144646,3520.3598437927426,0,3086.7073993566833,928.4228242946406,0,2428.2220067694416,0,0,0
5640,0,0,0,0,0,0,0,0,0,0,0,0,0,0,0,0,1271.5621356251004,0,54.24899799838988,150.44069852478316,1122.950249336447,5492.955642241998,1770.0838974177225,7.464404648130875,36.512431118080094,0,0,1.4210854715202004e-12,0,2059.557076841903,54.66415522954703,0,1463030824884.282,1463030824884.282,1368632983838.4167,1463030824884.302,0,158849.58901744365,1463030666034.712,0,0,0,94397841045.71742,0,1,0,0,0,0.7080690763127542,0,0.9982385538113214,1,89981.06795615729,0,0.0034603622201303356,3458.6638552321106,0,3084.5574509545977,926.2527520366627,0,2410.327762739415,0,0,0
5670,0,0,0,0,0,0,0,0,0,0,0,0,0,0,0,0,1271.5621356251004,0,54.24899799838988,150.44069852478316,1018.4593182843349,5370.632298430437,1747.369840969497,6.769839067960436,35.69933103937094,0,0,1.4210854715202004e-12,0,2059.557076841903,54.64977442118131,0,1463030848538.926,1463030848538.926,1368632983838.4167,1463030848538.9456,0,170947.76560201668,1463030677591.179,0,0,0,94397864700.36104,0,1,0,0,0,0.7080690763127542,0,0.9982385538113214,1,89981.06795615729,0,0.0034699756239917412,3436.3507906347613,0,3093.5531768873366,925.160154011282,0,2398.9842777110493,0,0,0
5700,0,0,0,0,0,0,0,0,0,0,0,0,0,0,0,0,1271.5621356251004,0,54.24899799838988,150.44069852478316,1085.1761915317986,5360.0954918915195,1765.7218125771383,7.213315294152466,35.62929143810452,0,0,1.4210854715202004e-12,0,2059.557076841903,54.64310840666339,0,1463030847918.6685,1463030847918.6685,1368632983838.4167,1463030847918.6885,0,167783.75626436176,1463030680134.9316,0,0,0,94397864080.10384,0,1,0,0,0,0.7080690763127542,0,0.9982385538113214,1,89981.06795615729,0,0.0034756794933118442,3428.2810139225176,0,3091.6067188612674,924.6536960908213,0,2392.6263434245784,0,0,0
5730,0,0,0,0,0,0,0,0,0,0,0,0,0,0,0,0,1271.5621356251004,0,54.24899799838988,150.44069852478316,1109.3051168839029,5396.5582561364245,1757.9244268086136,7.3737035773013195,35.87166444356419,0,0,1.4210854715202004e-12,0,2059.557076841903,54.64016772094183,0,1463030856108.584,1463030856108.584,1368632983838.4167,1463030856108.604,0,156265.72977723234,1463030699842.8743,0,0,0,94397872270.01949,0,1,0,0,0,0.7080690763127542,0,0.9982385538113214,1,89981.06795615729,0,0.003476903764761164,3425.3624862634706,0,3089.372613141215,924.430274198885,0,2389.3327473213876,0,0,0
5760,0,0,0,0,0,0,0,0,0,0,0,0,0,0,0,0,1271.5621356251004,0,54.24899799838988,150.44069852478316,1118.0316205449471,5424.310817428725,1766.831609340566,7.431709846526443,36.05613953284816,0,0,1.4210854715202004e-12,0,2059.557076841903,54.638912563612834,0,1463030869005.832,1463030869005.832,1368632983838.4167,1463030869005.8516,0,159380.4405240552,1463030709625.4116,0,0,0,94397885167.26714,0,1,0,0,0,0.7080690763127542,0,0.9982385538113214,1,89981.06795615729,0,0.0034771665408605394,3424.3069671332196,0,3076.223570670047,924.3349122147516,0,2387.717478406412,0,0,0
5790,0,0,0,0,0,0,0,0,0,0,0,0,0,0,0,0,1271.5621356251004,0,54.24899799838988,150.44069852478316,1121.1876610662287,5439.615589132293,1778.3538124204938,7.452688481644663,36.1578724538838,0,0,1.4210854715202004e-12,0,2059.557076841903,54.63838931831404,0,1463030879813.4226,1463030879813.4226,1368632983838.4167,1463030879813.4421,0,161957.07098608615,1463030717856.3706,0,0,0,94397895974.85777,0,1,0,0,0,0.7080690763127542,0,0.9982385538113214,1,89981.06795615729,0,0.0034772229427864655,3423.9252264870856,0,3074.393909861866,924.2951580670208,0,2386.956572362254,0,0,0
5820,0,0,0,0,0,0,0,0,0,0,0,0,0,0,0,0,1271.5621356251004,0,54.24899799838988,150.44069852478316,1122.3290794577015,5447.055874266325,1769.7796979909556,7.460275646571877,36.20732905177912,0,0,1.4210854715202004e-12,0,2059.557076841903,54.63817501632732,0,1463030894963.9275,1463030894963.9275,1368632983838.4167,1463030894963.9473,0,165102.09174273966,1463030729861.8552,0,0,0,94397911125.36284,0,1,0,0,0,0.7080690763127542,0,0.9982385538113214,1,89981.06795615729,0,0.003477235048814891,3423.787165587255,0,3072.333998599607,924.2788762335124,0,2386.6090244819093,0,0,0
5850,0,0,0,0,0,0,0,0,0,0,0,0,0,0,0,0,1271.5621356251004,0,54.24899799838988,150.44069852478316,1110.1874502852716,5431.07984625945,1765.5078520801092,7.379568568690091,36.10113419783643,0,0,1.4210854715202004e-12,0,2059.557076841903,54.63576951443965,0,1463030911770.8806,1463030911770.8806,1368632983838.4167,1463030911770.9004,0,165425.30365057042,1463030746345.597,0,0,0,94397927932.31598,0,1,0,0,0,0.7080690763127542,0,0.9982385538113214,1,89981.06795615729,0,0.00347723764722663,3375.3336582130137,0,3096.875946121967,924.0961155328845,0,2385.880499687446,0,0,0
5880,0,0,0,0,0,0,0,0,0,0,0,0,0,0,0,0,1271.5621356251004,0,54.24899799838988,150.44069852478316,1105.2799211709562,5399.372563034962,1747.6677458290724,7.34694754816547,35.8903715283234,0,0,1.4210854715202004e-12,0,2059.557076841903,54.62722840090869,0,1463030922259.8462,1463030922259.8462,1368632983838.4167,1463030922259.8657,0,162785.77353206722,1463030759474.0923,0,0,0,94397938421.28139,0,1,0,0,0,0.7080690763127542,0,0.9982385538113214,1,89981.06795615729,0,0.003477238204935277,3306.38680592704,0,3085.114751145661,923.4471948643682,0,2382.9501776789857,0,0,0
5910,0,0,0,0,0,0,0,0,0,0,0,0,0,0,0,0,1271.5621356251004,0,54.24899799838988,150.44069852478316,1103.519416723516,5374.854090490913,1741.3927979624796,7.33524523313567,35.72739387144946,0,0,1.4210854715202004e-12,0,2059.557076841903,54.617974759144175,0,1463030935074.005,1463030935074.005,1368632983838.4167,1463030935074.024,0,162901.55448541092,1463030772172.4695,0,0,0,94397951235.43968,0,1,0,0,0,0.7080690763127542,0,0.9982385538113214,1,89981.06795615729,0,0.0034772383246299337,3262.8090529698125,0,3083.1244213491705,922.7441390651137,0,2378.8260296346316,0,0,0
5940,0,0,0,0,0,0,0,0,0,0,0,0,0,0,0,0,1271.5621356251004,0,54.24899799838988,150.44069852478316,1103.047252681403,5360.086844659549,1743.7910576900308,7.332106693852464,35.62923395876511,0,0,1.4210854715202004e-12,0,2059.557076841903,54.61118849506519,0,1463030949427.9353,1463030949427.9353,1368632983838.4167,1463030949427.9539,0,168193.35880853064,1463030781234.595,0,0,0,94397965589.36987,0,1,0,0,0,0.7080690763127542,0,0.9982385538113214,1,89981.06795615729,0,0.0034772383503098095,3240.6678929793325,0,3064.9432354485393,922.2285450495443,0,2375.058054027649,0,0,0
5970,0,0,0,0,0,0,0,0,0,0,0,0,0,0,0,0,1271.5621356251004,0,54.24899799838988,150.44069852478316,1103.054315146961,5352.83454847609,1747.8321678999896,7.332153639031708,35.58102694926187,0,0,1.4210854715202004e-12,0,2059.557076841903,54.6071842195888,0,1463030963828.3865,1463030963828.3865,1368632983838.4167,1463030963828.405,0,173628.72829159087,1463030790199.6763,0,0,0,94397979989.82089,0,1,0,0,0,0.7080690763127542,0,0.9982385538113214,1,89981.06795615729,0,0.0034772383558104676,3231.9389125092825,0,3063.1469894751276,921.9243157345201,0,2372.3395426804286,0,0,0
6000,0,0,0,0,0,0,0,0,0,0,0,0,0,0,0,0,1271.5621356251004,0,54.24899799838988,150.44069852478316,1103.0568693689436,5349.597615200159,1743.7722011112878,7.332170617296285,35.55951060888542,0,0,1.4210854715202004e-12,0,2059.557076841903,54.605162900484245,0,1463030974260.3022,1463030974260.3022,1368632983838.4167,1463030974260.3203,0,189658.06759809118,1463030784602.2527,0,0,0,94397990421.73631,0,1,0,0,0,0.7080690763127542,0,0.9982385538113214,1,89981.06795615729,0,0.003477238356979884,3228.781976221506,0,3071.8626378191548,921.770743751212,0,2370.6715682019594,0,0,0
6030,0,0,0,0,0,0,0,0,0,0,0,0,0,0,0,0,1271.5621356251004,0,54.24899799838988,150.44069852478316,864.6225478829783,5195.898006234376,1717.7812859924984,5.747264911433144,34.53784818327215,0,0,1.4210854715202004e-12,0,2059.557076841903,54.6042245892607,0,1463030983703.4324,1463030983703.4324,1368632983838.4167,1463030983703.4507,0,176675.4081405909,1463030807028.042,0,0,0,94397999864.86632,0,1,0,0,0,0.7080690763127542,0,0.9982385538113214,1,89981.06795615729,0,0.003477238357219649,3227.6402338657667,0,3069.963081682114,921.6994545048798,0,2369.750843081075,0,0,0
6060,0,0,0,0,0,0,0,0,0,0,0,0,0,0,0,0,1271.5621356251004,0,54.24899799838988,150.44069852478316,768.5355654863637,4978.39689663068,1692.2401777060923,5.10856153303328,33.092088413897876,0,0,1.4210854715202004e-12,0,2059.557076841903,54.60381027376555,0,1463030984021.7424,1463030984021.7424,1368632983838.4167,1463030984021.7605,0,179106.36639060974,1463030804915.3938,0,0,0,94398000183.17624,0,1,0,0,0,0.7080690763127542,0,0.9982385538113214,1,89981.06795615729,0,0.003477238357259874,3227.2273095974083,0,3068.0677546220263,921.6679764210079,0,2369.277779860492,0,0,0
6090,0,0,0,0,0,0,0,0,0,0,0,0,0,0,0,0,1271.5621356251004,0,54.24899799838988,150.44069852478316,733.8497680772219,4840.912361469528,1682.4197415772392,4.878000270361213,32.17820981249998,0,0,1.4210854715202004e-12,0,2059.557076841903,54.603633320044445,0,1463030994264.7449,1463030994264.7449,1368632983838.4167,1463030994264.7625,0,181873.01701897298,1463030812391.7458,0,0,0,94398010426.1785,0,1,0,0,0,0.7080690763127542,0,0.9982385538113214,1,89981.06795615729,0,0.00347723835725727,3227.077970781568,0,3059.1378626934124,921.6545321638183,0,2369.046899990277,0,0,0
6120,0,0,0,0,0,0,0,0,0,0,0,0,0,0,0,0,1271.5621356251004,0,54.24899799838988,150.44069852478316,757.3377471946524,4790.083202724705,1680.0680511078967,5.034128095795107,31.840341408249984,0,0,1.4210854715202004e-12,0,2059.557076841903,54.603559517416556,0,1463031009644.3708,1463031009644.3708,1368632983838.4167,1463031009644.3882,0,184670.5726072145,1463030824973.8162,0,0,0,94398025805.80406,0,1,0,0,0,0.7080690763127542,0,0.9982385538113214,1,89981.06795615729,0,0.0034772383572454716,3227.023960679412,0,3052.921252021726,921.6489249264894,0,2368.9384726746566,0,0,0
6150,0,0,0,0,0,0,0,0,0,0,0,0,0,0,0,0,1271.5621356251004,0,54.24899799838988,150.44069852478316,770.9113330881077,4793.80266059549,1685.0800597336447,5.124353586812879,31.86506515592769,0,0,1.4210854715202004e-12,0,2059.557076841903,54.60352291881975,0,1463031022835.9807,1463031022835.9807,1368632983838.4167,1463031022835.998,0,187692.0496776414,1463030835143.949,0,0,0,94398038997.41394,0,1,0,0,0,0.7080690763127542,0,0.9982385538113214,1,89981.06795615729,0,0.003477238357231703,3226.676775749608,0,3077.2847278014715,921.6461443070974,0,2368.887741375877,0,0,0
6180,0,0,0,0,0,0,0,0,0,0,0,0,0,0,0,0,1271.5621356251004,0,54.24899799838988,150.44069852478316,775.6500257444086,4802.767735774334,1675.35533414003,5.155852328195819,31.924657242821432,0,0,1.4210854715202004e-12,0,2059.557076841903,54.60335669103438,0,1463031037600.594,1463031037600.594,1368632983838.4167,1463031037600.6113,0,187306.15789517606,1463030850294.4539,0,0,0,94398053762.0272,0,1,0,0,0,0.7080690763127542,0,0.9982385538113214,1,89981.06795615729,0,0.0034772383572175083,3224.711565909133,0,3075.226287207346,921.6335149648909,0,2368.8219040840445,0,0,0
6210,0,0,0,0,0,0,0,0,0,0,0,0,0,0,0,0,1271.5621356251004,0,54.24899799838988,150.44069852478316,777.3704067989162,4808.535390876848,1670.416060358118,5.1672879375181475,31.96299563900725,0,0,1.4210854715202004e-12,0,2059.557076841903,54.60309103194049,0,1463031051763.534,1463031051763.534,1368632983838.4167,1463031051763.5515,0,184662.14491732317,1463030867101.407,0,0,0,94398067924.96739,0,1,0,0,0,0.7080690763127542,0,0.9982385538113214,1,89981.06795615729,0,0.003479304028154394,3223.1390012795173,0,3073.326080096697,921.6133312176332,0,2368.711602067942,0,0,0
6240,0,0,0,0,0,0,0,0,0,0,0,0,0,0,0,0,1271.5621356251004,0,54.24899799838988,150.44069852478316,778.0210341545813,4811.515383566585,1680.8535770514573,5.171612746974931,31.982804059992784,0,0,1.4210854715202004e-12,0,2059.557076841903,54.60286955005691,0,1463031062751.3162,1463031062751.3162,1368632983838.4167,1463031062751.3337,0,185522.29417750635,1463030877229.04,0,0,0,94398078912.74966,0,1,0,0,0,0.7080690763127542,0,0.9982385538113214,1,89981.06795615729,0,0.0034833063179215283,3222.361500271395,0,3055.551004645646,921.5965038834177,0,2368.5973808235517,0,0,0
6270,0,0,0,0,0,0,0,0,0,0,0,0,0,0,0,0,1271.5621356251004,0,54.24899799838988,150.44069852478316,778.3792213696746,4813.082309675662,1684.8794963376972,5.173993666623708,31.993219633201644,0,0,1.4210854715202004e-12,0,2059.557076841903,54.602754239080376,0,1463031077900.553,1463031077900.553,1368632983838.4167,1463031077900.5708,0,187857.3728798933,1463030890043.1987,0,0,0,94398094061.98666,0,1,0,0,0,0.7080690763127542,0,0.9982385538113214,1,89981.06795615729,0,0.003484165364438849,3222.449636169489,0,3045.6807215191925,921.587743002801,0,2368.5154217069407,0,0,0
6300,0,0,0,0,0,0,0,0,0,0,0,0,0,0,0,0,1271.5621356251004,0,54.24899799838988,150.44069852478316,754.2743141532206,4806.297429667198,1683.720694976067,5.013765035323628,31.948119603256316,0,0,1.4210854715202004e-12,0,2059.557076841903,54.602823300605394,0,1463031109158.45,1463031109158.45,1368632983838.4167,1463031109158.4675,0,204833.5621649883,1463030904324.9062,0,0,0,94398125319.88318,0,1,0,0,0,0.7080690763127542,0,0.9982385538113214,1,89981.06795615729,0,0.003484349749110258,3224.2374162946558,0,3058.436883099544,921.5929900295291,0,2368.5012539047357,0,0,0
6330,0,0,0,0,0,0,0,0,0,0,0,0,0,0,0,0,1271.5621356251004,0,54.24899799838988,150.44069852478316,728.5606646899563,4769.527865651213,1668.332522363076,4.84284287319987,31.70370725755102,0,0,1.4210854715202004e-12,0,2059.557076841903,54.60304508084434,0,1463031119450.8435,1463031119450.8435,1368632983838.4167,1463031119450.861,0,200725.50469612164,1463030918725.3572,0,0,0,94398135612.27673,0,1,0,0,0,0.7080690763127542,0,0.9982385538113214,1,89981.06795615729,0,0.003493940454043949,3225.5150799757816,0,3056.6966164468654,921.6098400316279,0,2368.5687003643407,0,0,0
6360,0,0,0,0,0,0,0,0,0,0,0,0,0,0,0,0,1271.5621356251004,0,54.24899799838988,150.44069852478316,719.2682799742812,4740.581535108013,1670.6828855764052,4.781075114828658,31.511297019982017,0,0,1.4210854715202004e-12,0,2059.557076841903,54.60320917897182,0,1463031114998.0898,1463031114998.0898,1368632983838.4167,1463031114998.1074,0,185111.84156445952,1463030929886.2659,0,0,0,94398131159.52307,0,1,0,0,0,0.7080690763127542,0,0.9982385538113214,1,89981.06795615729,0,0.0034968727822447935,3225.977161756393,0,3054.5555563536,921.6223075706902,0,2368.648943563948,0,0,0
6390,0,0,0,0,0,0,0,0,0,0,0,0,0,0,0,0,1271.5621356251004,0,54.24899799838988,150.44069852478316,715.9389280474388,4724.472212204109,1667.9315283062865,4.758944454977368,31.404216136538437,0,0,1.4210854715202004e-12,0,2059.557076841903,54.60329886628146,0,1463031129648.3071,1463031129648.3071,1368632983838.4167,1463031129648.325,0,189449.6220033431,1463030940198.7024,0,0,0,94398145809.74028,0,1,0,0,0,0.7080690763127542,0,0.9982385538113214,1,89981.06795615729,0,0.003497502173534061,3226.1442789525117,0,3045.188037217801,921.629121664511,0,2368.7083828841114,0,0,0
6420,0,0,0,0,0,0,0,0,0,0,0,0,0,0,0,0,1271.5621356251004,0,54.24899799838988,150.44069852478316,714.870305166621,4716.687375121524,1659.1141081877247,4.7518411718146565,31.35246925448509,0,0,1.4210854715202004e-12,0,2059.557076841903,54.603342275298516,0,1463031130956.9282,1463031130956.9282,1368632983838.4167,1463031130956.946,0,191841.59355317464,1463030939115.352,0,0,0,94398147118.36162,0,1,0,0,0,0.7080690763127542,0,0.9982385538113214,1,89981.06795615729,0,0.0034976372652911875,3226.2047188105844,0,3035.91941054837,921.6324197132096,0,2368.744576978261,0,0,0
6450,0,0,0,0,0,0,0,0,0,0,0,0,0,0,0,0,1271.5621356251004,0,54.24899799838988,150.44069852478316,715.0693430304642,4713.514684934061,1657.2461411624358,4.7531642038518305,31.33137994674739,0,0,1.4210854715202004e-12,0,2059.557076841903,54.6033619430252,0,1463031140401.359,1463031140401.359,1368632983838.4167,1463031140401.3772,0,191479.3648410236,1463030948922.0115,0,0,0,94398156562.79271,0,1,0,0,0,0.7080690763127542,0,0.9982385538113214,1,89981.06795615729,0,0.0034976662612077178,3226.22657758113,0,3032.110268699606,921.6339139907767,0,2368.764319094134,0,0,0
6480,0,0,0,0,0,0,0,0,0,0,0,0,0,0,0,0,1271.5621356251004,0,54.24899799838988,150.44069852478316,750.3827646782662,4732.136385746746,1659.9081793514988,4.98789737110035,31.45516095145748,0,0,1.4210854715202004e-12,0,2059.557076841903,54.60332444675139,0,1463031153754.3726,1463031153754.3726,1368632983838.4167,1463031153754.3906,0,189557.87155453255,1463030964196.5183,0,0,0,94398169915.80632,0,1,0,0,0,0.7080690763127542,0,0.9982385538113214,1,89981.06795615729,0,0.0034976724848441625,3225.2006589556486,0,3055.795868137498,921.6310651693691,0,2368.763191591225,0,0,0
6510,0,0,0,0,0,0,0,0,0,0,0,0,0,0,0,0,1271.5621356251004,0,54.24899799838988,150.44069852478316,768.227573024236,4767.617637123286,1668.8456134751646,5.106514264806345,31.691009705979813,0,0,1.4210854715202004e-12,0,2059.557076841903,54.60313202944986,0,1463031162998.507,1463031162998.507,1368632983838.4167,1463031162998.5251,0,185795.024112328,1463030977203.5,0,0,0,94398179159.9407,0,1,0,0,0,0.7080690763127542,0,0.9982385538113214,1,89981.06795615729,0,0.0034976738206665583,3223.542913952994,0,3054.047185435402,921.6164460493341,0,2368.703371481707,0,0,0
6540,0,0,0,0,0,0,0,0,0,0,0,0,0,0,0,0,1271.5621356251004,0,54.24899799838988,150.44069852478316,774.6943783234159,4791.143762870611,1667.0717309735717,5.149500008442164,31.84739109730557,0,0,1.4210854715202004e-12,0,2059.557076841903,54.602914437429874,0,1463031177004.9973,1463031177004.9973,1368632983838.4167,1463031177005.0156,0,185036.90143484162,1463030991968.1135,0,0,0,94398193166.43127,0,1,0,0,0,0.7080690763127542,0,0.9982385538113214,1,89981.06795615729,0,0.00349767410737459,3222.5171242096017,0,3051.98183394162,921.5999142518627,0,2368.609630576272,0,0,0
6570,0,0,0,0,0,0,0,0,0,0,0,0,0,0,0,0,1271.5621356251004,0,54.24899799838988,150.44069852478316,777.0894658151914,4803.572386065774,1670.5722047124043,5.165420484186172,31.930005863901563,0,0,1.4210854715202004e-12,0,2059.557076841903,54.602765156061146,0,1463031191069.4944,1463031191069.4944,1368632983838.4167,1463031191069.5125,0,184938.45814438432,1463031006131.0537,0,0,0,94398207230.92818,0,1,0,0,0,0.7080690763127542,0,0.9982385538113214,1,89981.06795615729,0,0.0034976741689020084,3222.1957602334974,0,3033.556476623522,921.5885724326446,0,2368.524850730676,0,0,0
6600,0,0,0,0,0,0,0,0,0,0,0,0,0,0,0,0,1271.5621356251004,0,54.24899799838988,150.44069852478316,778.1989714523243,4809.846235165953,1669.8913765466414,5.172795520649128,31.971709001162292,0,0,1.4210854715202004e-12,0,2059.557076841903,54.60273612000853,0,1463031202031.351,1463031202031.351,1368632983838.4167,1463031202031.3691,0,184895.30325435553,1463031017136.066,0,0,0,94398218192.78487,0,1,0,0,0,0.7080690763127542,0,0.9982385538113214,1,89981.06795615729,0,0.0034976741820969396,3222.9782162019933,0,3023.4094835868877,921.58636638602,0,2368.4806254692294,0,0,0
6630,0,0,0,0,0,0,0,0,0,0,0,0,0,0,0,0,1271.5621356251004,0,54.24899799838988,150.44069852478316,739.0780891872631,4787.662916189129,1674.2994452583162,4.912753639371792,31.824253430998414,0,0,1.4210854715202004e-12,0,2059.557076841903,54.602997746262886,0,1463031226151.565,1463031226151.565,1368632983838.4167,1463031226151.5833,0,193866.28052847332,1463031032285.303,0,0,0,94398242312.99918,0,1,0,0,0,0.7080690763127542,0,0.9982385538113214,1,89981.06795615729,0,0.003497674184917846,3227.392698626824,0,3037.3799658939674,921.6062437337762,0,2368.5362741216986,0,0,0
6660,0,0,0,0,0,0,0,0,0,0,0,0,0,0,0,0,1271.5621356251004,0,54.24899799838988,150.44069852478316,726.381578938304,4760.33596273197,1677.837685250202,4.8283581907102215,31.642607415491135,0,0,1.4210854715202004e-12,0,2059.557076841903,54.604311221931496,0,1463031236862.825,1463031236862.825,1368632983838.4167,1463031236862.8433,0,173188.45758120625,1463031063674.386,0,0,0,94398253024.25926,0,1,0,0,0,0.7080690763127542,0,0.9982385538113214,1,89981.06795615729,0,0.003497674185512083,3244.357066468662,0,3035.372333224953,921.7060365190925,0,2368.9322690937242,0,0,0
6690,0,0,0,0,0,0,0,0,0,0,0,0,0,0,0,0,1271.5621356251004,0,54.24899799838988,150.44069852478316,720.8645306521042,4744.9030167337505,1667.7975142047967,4.791685612476408,31.54002250230239,0,0,1.4210854715202004e-12,0,2059.557076841903,54.606585203743876,0,1463031250628.716,1463031250628.716,1368632983838.4167,1463031250628.7341,0,176661.9547797734,1463031073966.7793,0,0,0,94398266790.14996,0,1,0,0,0,0.7080690763127542,0,0.9982385538113214,1,89981.06795615729,0,0.003497674185628391,3255.9341014566394,0,3028.7762163199413,921.8788048346676,0,2369.823768951639,0,0,0
6720,0,0,0,0,0,0,0,0,0,0,0,0,0,0,0,0,1271.5621356251004,0,54.24899799838988,150.44069852478316,719.0373108890317,4736.8480614592,1666.602712468908,4.779539831574097,31.4864801075014,0,0,1.4210854715202004e-12,0,2059.557076841903,54.60816773958301,0,1463031252711.9585,1463031252711.9585,1368632983838.4167,1463031252711.9766,0,177944.98923574106,1463031074766.9878,0,0,0,94398268873.39246,0,1,0,0,0,0.7080690763127542,0,0.9982385538113214,1,89981.06795615729,0,0.0034976741856421194,3260.1210694517886,0,3021.0792258933725,921.9990397678482,0,2370.6844670526993,0,0,0
6750,0,0,0,0,0,0,0,0,0,0,0,0,0,0,0,0,1271.5621356251004,0,54.24899799838988,150.44069852478316,719.1029263530085,4733.476046836268,1672.8787091679421,4.779975986581487,31.464065862845548,0,0,1.4210854715202004e-12,0,2059.557076841903,54.60901498953489,0,1463031267577.7083,1463031267577.7083,1368632983838.4167,1463031267577.7268,0,177923.39065576752,1463031089654.337,0,0,0,94398283739.14256,0,1,0,0,0,0.7080690763127542,0,0.9982385538113214,1,89981.06795615729,0,0.0034976741856338257,3261.635334633729,0,3013.255636841314,922.0634105320562,0,2371.283022348884,0,0,0
6780,0,0,0,0,0,0,0,0,0,0,0,0,0,0,0,0,1271.5621356251004,0,54.24899799838988,150.44069852478316,721.0800302317348,4733.350815327493,1659.9845368649592,4.793118067800956,31.463233431794624,0,0,1.4210854715202004e-12,0,2059.557076841903,54.60939416613145,0,1463031269974.859,1463031269974.859,1368632983838.4167,1463031269974.8774,0,179542.97681774833,1463031090431.9014,0,0,0,94398286136.29324,0,1,0,0,0,0.7080690763127542,0,0.9982385538113214,1,89981.06795615729,0,0.0034976741856208087,3260.4768162771466,0,3037.1372989912916,922.0922188987445,0,2371.631545028425,0,0,0
6810,0,0,0,0,0,0,0,0,0,0,0,0,0,0,0,0,1271.5621356251004,0,54.24899799838988,150.44069852478316,733.9610573190806,4736.324165940373,1667.6378962778422,4.87874002524769,31.482997701982384,0,0,1.4210854715202004e-12,0,2059.557076841903,54.60854958777481,0,1463031278528.5042,1463031278528.5042,1368632983838.4167,1463031278528.5225,0,178656.98366857696,1463031099871.5396,0,0,0,94398294689.93816,0,1,0,0,0,0.7080690763127542,0,0.9982385538113214,1,89981.06795615729,0,0.0034976741856067766,3246.723392604652,0,3024.1254590737863,922.0280511119774,0,2371.534808829543,0,0,0
6840,0,0,0,0,0,0,0,0,0,0,0,0,0,0,0,0,1271.5621356251004,0,54.24899799838988,150.44069852478316,761.7552609635628,4760.64996249014,1661.952996118896,5.063491916970018,31.64469461504052,0,0,1.4210854715202004e-12,0,2059.557076841903,54.60677525999211,0,1463031291566.8247,1463031291566.8247,1368632983838.4167,1463031291566.8433,0,178105.15781810234,1463031113461.6865,0,0,0,94398307728.25894,0,1,0,0,0,0.7080690763127542,0,0.9982385538113214,1,89981.06795615729,0,0.0034976741855925254,3235.635617913439,0,3018.5305678927507,921.8932445710337,0,2370.923756284912,0,0,0
6870,0,0,0,0,0,0,0,0,0,0,0,0,0,0,0,0,1271.5621356251004,0,54.24899799838988,150.44069852478316,773.5627145024342,4787.591864853764,1669.5251653330538,5.1419776834856945,31.82378114300679,0,0,1.4210854715202004e-12,0,2059.557076841903,54.605383821459505,0,1463031300560.2344,1463031300560.2344,1368632983838.4167,1463031300560.253,0,177972.97453443106,1463031122587.279,0,0,0,94398316721.66891,0,1,0,0,0,0.7080690763127542,0,0.9982385538113214,1,89981.06795615729,0,0.0034976741855782295,3232.825959548595,0,3016.060417960067,921.7875284697892,0,2370.225217753705,0,0,0
6900,0,0,0,0,0,0,0,0,0,0,0,0,0,0,0,0,1271.5621356251004,0,54.24899799838988,150.44069852478316,781.9059437055233,4810.016403375891,1672.4216460127102,5.197436274710692,31.97284013264205,0,0,1.4210854715202004e-12,0,2059.557076841903,54.605478811250975,0,1463031315532.2502,1463031315532.2502,1368632983838.4167,1463031315532.2688,0,178938.49981647247,1463031136593.769,0,0,0,94398331693.68477,0,1,0,0,0,0.7080690763127542,0,0.9982385538113214,1,89981.06795615729,0,0.003497674185563924,3246.9880531366975,0,3006.9085015054275,921.7947454256067,0,2369.9418048832763,0,0,0
6930,0,0,0,0,0,0,0,0,0,0,0,0,0,0,0,0,1271.5621356251004,0,54.24899799838988,150.44069852478316,778.2620736324288,4841.506426295693,1684.4117378860428,5.173214969513188,32.18215864304909,0,0,1.4210854715202004e-12,0,2059.557076841903,54.61014282579939,0,1463031344310.7095,1463031344310.7095,1368632983838.4167,1463031344310.7273,0,193652.46141214366,1463031150658.2654,0,0,0,94398360472.14331,0,1,0,0,0,0.7080690763127542,0,0.9982385538113214,1,89981.06795615729,0,0.003497674185549615,3321.322532322637,0,3009.6540804659585,922.1490991556861,0,2371.134657412446,0,0,0
6960,0,0,0,0,0,0,0,0,0,0,0,0,0,0,0,0,1271.5621356251004,0,54.24899799838988,150.44069852478316,807.9350708565644,4931.899160570906,1723.5977668055712,5.3704554603850605,32.78301157155582,0,0,1.4210854715202004e-12,0,2059.557076841903,54.632053794057455,0,1463031351370.3103,1463031351370.3103,1368632983838.4167,1463031351370.329,0,189821.04788407797,1463031161549.2803,0,0,0,94398367531.74487,0,1,0,0,0,0.7080690763127542,0,0.9982385538113214,1,89981.06795615729,0,0.0034976741855353064,3607.750978070802,0,3006.175025487159,923.8138095143903,0,2377.853636644616,0,0,0
6990,0,0,0,0,0,0,0,0,0,0,0,0,0,0,0,0,1271.5621356251004,0,54.24899799838988,150.44069852478316,829.518903834842,5083.119949985904,1778.7017297813147,5.513926164721905,33.78819694292051,0,0,1.4210854715202004e-12,0,2059.557076841903,54.68006503692541,0,1463031364538.0283,1463031364538.0283,1368632983838.4167,1463031364538.0466,0,178868.5512582122,1463031185669.4954,0,0,0,94398380699.46252,0,1,0,0,0,0.7080690763127542,0,0.9982385538113214,1,89981.06795615729,0,0.0034976741855209967,3963.580973019127,0,3003.556600743891,927.46151747486,0,2395.4269627086755,0,0,0
7020,0,0,0,0,0,0,0,0,0,0,0,0,0,0,0,0,1271.5621356251004,0,54.24899799838988,150.44069852478316,854.2725412410273,5211.323786298733,1797.4558949278462,5.678466994756056,34.64038546351362,0,0,1.4210854715202004e-12,0,2059.557076841903,54.72916477836735,0,1463031378494.273,1463031378494.273,1368632983838.4167,1463031378494.2913,0,182193.98749194658,1463031196300.304,0,0,0,94398394655.70715,0,1,0,0,0,0.7080690763127542,0,0.9982385538113214,1,89981.06795615729,0,0.003497674185506687,4185.636032058978,0,3001.489539983801,931.1919253338565,0,2418.0562978230414,0,0,0
7050,0,0,0,0,0,0,0,0,0,0,0,0,0,0,0,0,1271.5621356251004,0,54.24899799838988,150.44069852478316,941.9575519115757,5330.249389721179,1819.565435225424,6.2613213123069915,35.43090029486329,0,0,1.4210854715202004e-12,0,2059.557076841903,54.76299731424709,0,1463031393173.6106,1463031393173.6106,1368632983838.4167,1463031393173.629,0,183107.43441342804,1463031210066.1948,0,0,0,94398409335.04478,0,1,0,0,0,0.7080690763127542,0,0.9982385538113214,1,89981.06795615729,0,0.003497674185492378,4277.216794293208,0,2996.3602026640524,933.7623901475006,0,2437.689314332387,0,0,0
7080,0,0,0,0,0,0,0,0,0,0,0,0,0,0,0,0,1271.5621356251004,0,54.24899799838988,150.44069852478316,1111.1302704891166,5541.131869160235,1844.7833120020728,7.385835624168364,36.832665119853885,0,0,1.4210854715202004e-12,0,2059.557076841903,54.78124624351484,0,1463031395020.9219,1463031395020.9219,1368632983838.4167,1463031395020.9404,0,183686.40770299622,1463031211334.5332,0,0,0,94398411182.35643,0,1,0,0,0,0.7080690763127542,0,0.9982385538113214,1,89981.06795615729,0,0.0034976741854780688,4310.3380313668085,0,2992.3109257547867,935.1488729915937,0,2450.978047619244,0,0,0
7110,0,0,0,0,0,0,0,0,0,0,0,0,0,0,0,0,1271.5621356251004,0,54.24899799838988,150.44069852478316,1117.980754106583,5651.593154258288,1834.4073457836957,7.431371730319439,37.5669164639465,0,0,1.4210854715202004e-12,0,2059.557076841903,54.78169318982725,0,1463031408140.9502,1463031408140.9502,1368632983838.4167,1463031408140.9685,0,182039.99848957322,1463031226100.9697,0,0,0,94398424302.38443,0,1,0,0,0,0.7080690763127542,0,0.9982385538113214,1,89981.06795615729,0,0.00349767418546376,4120.588338998937,0,3000.131844773019,935.1828302383607,0,2456.7783472816636,0,0,0
7140,0,0,0,0,0,0,0,0,0,0,0,0,0,0,0,0,1271.5621356251004,0,54.24899799838988,150.44069852478316,1122.6877751911813,5600.1537028874745,1804.4294260997945,7.462659946412261,37.224991360731565,0,0,1.4210854715202004e-12,0,2059.557076841903,54.74542101534442,0,1463031405616.0662,1463031405616.0662,1368632983838.4167,1463031405616.0847,0,177844.14644653082,1463031227771.9377,0,0,0,94398421777.50046,0,1,0,0,0,0.7080690763127542,0,0.9982385538113214,1,89981.06795615729,0,0.0034976741854494506,3786.2127313594756,0,2995.2663216839574,932.4270111488937,0,2447.8187787637876,0,0,0
7170,0,0,0,0,0,0,0,0,0,0,0,0,0,0,0,0,1271.5621356251004,0,54.24899799838988,150.44069852478316,1167.8362408885305,5597.785259700861,1798.2605619921537,7.76276800320855,37.20924799334602,0,0,1.4210854715202004e-12,0,2059.557076841903,54.71040663316559,0,1463031413784.8533,1463031413784.8533,1368632983838.4167,1463031413784.8718,0,177674.63651871064,1463031236110.2349,0,0,0,94398429946.28766,0,1,0,0,0,0.7080690763127542,0,0.9982385538113214,1,89981.06795615729,0,0.0034976741854351404,3737.7397583874713,0,2988.7200650055433,929.7667542387376,0,2432.3768492858476,0,0,0
7200,0,0,0,0,0,0,0,0,0,0,0,0,0,0,0,0,1271.5621356251004,0,54.24899799838988,150.44069852478316,1021.8394382277684,5609.368983440371,1824.3825928617505,6.792307189795676,37.28624659713542,0,0,1.4210854715202004e-12,0,2059.557076841903,54.71417897497607,0,1463031426302.9045,1463031426302.9045,1368632983838.4167,1463031426302.9226,0,177253.6817466706,1463031249049.2407,0,0,0,94398442464.33846,0,1,0,0,0,0.7080690763127542,0,0.9982385538113214,1,89981.06795615729,0,0.003497674185420832,3979.1608803436934,0,2985.6572620231545,930.0533621336749,0,2426.836483428496,0,0,0