tick,totalPopulation,employable,employed,unableToWork,inEducation,dependencyRatio,avgGroceryStarvation,avgHealthcareStarvation,maxGroceryStarvation,starvationMildFraction,starvationSevereFraction,starvationFatalFraction,deathsLastMonth,deathsThisMonth,birthsThisMonth,meanWealth,foodPrice,wealthToFoodPrice,waterPrice,priceLevelRaw,priceLevelRefined,priceLevelManufactured,priceLevelServices,refinedToRawPriceRatio,manufacturedToRawPriceRatio,groceryFillRate,groceryTotalDemand,groceryTotalSupply,groceryTotalVolume,gdpAnnual,costOfLiving,bankEquity,bankDeposits,bankLoans,householdDeposits,totalLoans,loansWageCoverage,loansBufferCoverage,loansRollover,loansStarter,loansOther,agentsInDistress,totalAgentDeposits,workerUtilization,avgWage,existentialAgentCount,nonExistentialAgentCount,existentialSlotCapacity,nonExistentialSlotCapacity,existentialUsedWorkers,nonExistentialUsedWorkers,existentialFillRatio,nonExistentialFillRatio,foodChainFillRatio,existentialMaxScale,nonExistentialMaxScale,existentialOperatingScale,nonExistentialOperatingScale,existentialContractionIntegral,nonExistentialContractionIntegral,existentialNegativeProfitFacilities,nonExistentialNegativeProfitFacilities,existentialAtLowerBoundFacilities,nonExistentialAtLowerBoundFacilities,productionEfficiency,avgFacilityCondition,avgWorkerEfficiency,avgResourceEfficiency,avgConditionEfficiency,avgMaxMaintenance,facilitiesBelowFullMaintenance,avgHrBuffer,hrCoverageRatio,avgStorageStarvation,maintenanceServicePrice,maintenanceServiceVolume,maintenanceServiceDemand,adminServicePrice,adminServiceVolume,logisticsServicePrice,logisticsServiceVolume,maintFacilityScale,maintFacilityMaxScale,maintFacilityCondition,maintFacilityOutput,maintFacilityCostFloor,maintAggregateConsumption,maintSteadyStateDemand,maintCatchupBacklog,maintAggregateBuffer,maintFillRate,maintRepairSurgeRatio,priceCeilHits,priceFloorHits
30,9800315,1105436,3523263,1238886,3932730,1.1172936499003283,0,0.6382851333390105,0,0,0,0,0,18447,16920,9.16147709401656,5.644514525961753,1.6230761834128793,2.820091848895236,2.478444320943176,9.198453299754748,44.82096555748523,5.534402269560896,3.711381862415316,18.084314091199168,1,374.17877273139356,3006972.10128929,374.17877273139356,1598159869.3979497,0.25351430028066535,0,9187013023.419922,9187013023.419922,89785361.38664666,9187013023.419922,414825840,8751494525.419922,0,0,20692658,0,9097227662.033276,1,1,21,101,638135,2187065,638135,2187065,1,1,1,6359,22269,5774.185533853243,21686.577600297765,38.9234391617303,60.77370401318106,9,9,0,0,0.999243924544793,0.9192266820932343,1,1,0.9991446205227412,1,0,285995.78700000007,12.14763359762141,0.2021296654470959,8.798248987339498,15556.854652116152,489080.0330575455,0.9535086026062248,70849.48089039349,2.5171962728010175,350482.3010241127,178,178,1,17800,3.9826351174079466,11302.701526778466,15251.547198958591,184417.8868164205,43060.38404731705,0.03180840271654623,0.7410855685218769,0,0
60,9800538,1096867,3526164,1230659,3946848,1.1199377637744587,0,0.6582516265595424,0,0,0,0,18447,16707,16930,18.879109279029603,4.571669059656902,4.12958791038266,3.596506153683327,3.245667376837918,13.125771922370282,63.111234803052824,11.250766717295454,4.044090289732039,19.444763580345306,1,574.9849669110255,2566010.2470474034,574.9849669110255,4621812151.251699,0.3373604367259543,0,9741123193.502829,9741123193.502829,185025427.89528152,9741123193.50283,414825840,9305604695.50283,0,0,20692658,0,9556097765.607548,1,1,21,101,508580,1945934,508580,1945934,1,1,1,6359,22269,4801.052396949646,20083.976728200134,123.05890000330646,166.51673298943024,6,6,0,0,0.9983203915050342,0.8870314223197683,1,1,0.9980288877747115,1,0,280941.3605301965,13.73508697185006,0.059750170938486544,34.809826174604034,15594.903697835234,427223.21087549353,1.0293240305860138,31054.451871565347,3.1274864171525643,32491.676838124353,178,178,1,17800,5.431602631130641,10500.14225308065,13812.970389308764,269111.72150320007,49243.408730430674,0.036502941087580766,0.7601654066534276,0,0
90,9800954,1093694,3523787,1222479,3960994,1.1225759239723996,0,0.7486360445393769,0,0,0,0,16707,16513,16929,26.830537115597018,4.372892955219625,6.135649189301839,3.2117648153684564,3.663441125227027,16.041686489759055,75.43058851771299,13.1728450512601,4.378857457075944,20.590091648610425,1,775.7769332400285,1219452.5137821538,775.7769332400285,6769166850.591016,0.3819225771198459,0,9742561763.268766,9742561763.268766,262964860.0652581,9742561763.268768,414825840,9307043265.268768,0,0,20692658,0,9479596903.203512,1.0000009532238747,1,21,101,380399,1717744,380399,1717746,1,1.0000011643178495,1,6305,22252,3689.8225972335745,17596.030262355187,156.36390949807486,335.6549245456477,6,6,0,0,0.9971496040368975,0.8660581835372938,1,1,0.9966502530011146,1,0,225999.9175464222,12.925698703173833,0.025115050599289725,43.66420115077457,0,368985.03220592847,1.1544913524245686,29313.76581606538,3.579333761274348,247735.32829107105,178,178,1,17800,6.164069760556839,12486.887138872044,11806.254454336464,284412.5394873565,47341.963209138135,0,1.0576501791629251,0,0
120,9801601,941587,3670562,1214377,3975075,1.1251700671422367,0,0.7802273540038304,0,0,0,0,16513,16263,16910,31.221115622304563,3.7476619634607995,8.3308249054227,1.4789866037472166,3.163311860658908,15.188970152499929,87.2320047714875,13.959621282840772,4.801603768948698,27.576163405310705,1,980.6953460208867,564963.6368833497,980.6953460208867,7403264078.436086,0.42341816484358014,0,9751976325.078674,9751976325.078674,306016918.1046966,9751976325.078678,414825840,9316457827.078678,0,0,20692658,0,9445959406.97398,1,1.0021207077090948,21,101,345510,1514257,345510,1514257,1,1,1,6272,22234,2940.86838876835,14639.55873353745,159.73343078618777,722.9508952319323,6,6,9,3,0.997916419370196,0.8764555020477051,1,1,0.9971180827683053,1,0,284052.6635407996,18.32827425419203,0.006227956724160707,45.130258422150355,7096.868999854669,319920.83175629936,1.3534893503301617,46369.525362317414,4.161269008105254,252035.1762326497,178,178,1,17800,6.127391792145103,11070.090772520201,9741.482066463783,250362.7571045438,48152.86325865002,0.022183203766051502,1.1363867116924962,0,0
150,9802377,906367,3700522,1206346,3989142,1.1277649624290926,0,0.806718555733141,0,0,0,0,16263,16129,16905,36.29143086441816,3.1526117064566654,11.511544790020276,1.3042249998359459,1.9744610570411916,11.341640013003323,95.76082317161242,13.019861614574411,5.74417002176747,48.4997274725255,1,1190.8793937687808,523946.4897685888,1190.8793937687808,5807287026.202848,0.47458988885546133,0,9751976325.078674,9751976325.078674,355742287.2024526,9751976325.078678,414825840,9316457827.078678,0,0,20692658,0,9396234037.87622,1,1.0349285826542376,21,101,326452,1010878,326452,1010878,1,1,1,6220,22184,2591.8683887683505,9898.491544044042,220.35874712116407,1112.5261648227363,3,6,9,33,0.9985931994066116,0.8859293618345595,1,1,0.9975464962722475,1,0,276400.3924649379,24.80169224932705,0.0013367609331639586,37.27466988031411,0,230327.80211679405,1.1314111178652784,32130.39147635547,3.9547515222456755,158675.03912035938,178,178,1,17800,4.787461044092079,7106.924728649176,6928.752996455738,150812.60855976125,55795.15515970883,0,1.0257148338647053,0,0
180,9803243,2445246,2156452,1198364,4003181,1.1303534043303145,0,0.8113108498830618,0,0,0,0,16129,16023,16889,45.21617152841501,2.940084538541975,15.379207956665857,1.2897738479866743,1.4889728142118346,8.148346886937011,113.26969209785354,12.801688784035463,5.472461826813283,76.07237084299027,1,1409.012412451895,520334.48252579104,1409.012412451895,5016781729.349102,0.5577339565921129,0,9751976325.078674,9751976325.078674,443265117.02273405,9751976325.078678,414825840,9316457827.078678,0,0,20692658,0,9308711208.055937,1,1.0850810720865371,21,101,314954,804275,314954,804275,1,1,1,6220,22062,2367.9999999999995,7198.057048058056,368.27334367952966,1083.9130971993627,3,6,15,45,0.9999455198413076,0.9791204087729352,1,1,0.9997741159042824,1,0,277579.94996157824,29.761196319421128,0.000595468595311669,31.252729666635293,16450.110429169836,163834.99198327743,1.1067259908755671,21814.786230691974,4.261587153701452,144486.79562474167,178,178,1,17800,4.204265417597854,7945.918254399732,5313.470002598312,34998.801040065235,61573.77940398939,0.10040657511582685,1.4954292111396394,0,0
210,9804117,2920871,1675505,1190536,4017205,1.1330102237066768,0,0.4989378051556111,0,0,0,0,16023,16002,16876,23.44352453932006,2.7680126289353963,8.469442767078942,1.292942036187354,1.324330701048012,6.104059604130185,91.19514783041753,12.241743521342428,4.609165670855266,68.86131066677684,1,1622.7225740846668,506150.37924162054,1622.7225740846668,5944456540.706665,0.5974353987072435,0,9752539099.93179,9752539099.93179,229843057.47581005,9752539099.931791,414825840,9317020601.931791,0,0,20692658,0,9522696042.455925,1,1.1230485204020018,21,101,307682,542159,307682,542159,1,1,1,6106,21976,2356.6,4478.177049183582,62.09953525043,1285.961983679481,1,6,15,63,0.9999999999818139,0.9999583835497811,1,1,0.9999999962078411,0.9998831571802544,0,279018.0031687896,39.39814668891564,0.00012781064326453375,26.619224453568048,15874.464885747755,61014.56466230757,1.1224651232750222,13425.317431131112,3.3479341876661692,110057.66070952702,178,178,1,17800,3.6725858164784277,3816.3102842798685,3797.098360218279,0,104957.95397860902,0.2601750086001086,1.0050596329720796,0,0
240,9805075,2906004,1685028,1182855,4031188,1.1357017332922097,0,0.22323131172063107,0,0,0,0,16002,15912,16870,22.06509870389423,2.709102603071223,8.144799934443137,1.307547545917061,1.3294494807976813,6.490343652610477,98.62573628561594,12.309662379315613,4.881978402606328,74.18539606818278,1,1731.4898418943537,503571.920228636,1731.4898418943537,6918254360.150707,0.5724798302978017,0,9752539099.93179,9752539099.93179,216349947.67405212,9752539099.931791,414825840,9317020601.931791,0,0,20692658,0,9536189152.257702,1,1.1719314279068744,21,101,305549,736022,305549,736022,1,1,1,6106,21911,2356.6,5442.405839331505,202.4770528889572,1333.5686389247176,0,2,15,66,1,1,1,1,1,0.9996917491826139,0,260309.77358607258,29.990440239147127,0.0007978349259582882,25.071660543752344,15597.394828143853,59162.61908898289,1.2039342332645093,12265.425361695758,3.0948587844102744,218425.37252819946,178,178,1,17800,3.6683881138336356,4339.663793915938,4332.781021850837,0,112498.41002472852,0.26363597603217603,1.0015885344840625,0,0
270,9806045,2759303,1826410,1175204,4045128,1.1383904749381395,0,0.12781782527980173,0,0,0,0,15912,15888,16858,23.67711685006506,2.81227469827995,8.419204875166184,1.3123412364137197,1.3722427033545026,6.925673994822911,109.89531404828709,12.973740250603763,5.0469745460426365,80.08445866000494,1,1887.0929607323183,490526.36976195686,1887.0929607323183,7013486394.130225,0.5889501821389205,0,9752539099.93179,9752539099.93179,232178873.3019792,9752539099.931791,414825840,9317020601.931791,0,0,20692658,0,9520360226.62979,1,1.2317614143643019,21,101,303696,1000934,303696,1000934,1,1,1,6057,21781,2351.7,7647.1242434824335,246.52171367361925,1263.7310887999736,0,0,15,66,0.987806186432408,1,1,0.987806186432408,1,1,0,277162.6001834475,25.493444135129266,0.0010020594815265947,27.07747953426788,25255.411224422252,107177.9050581004,1.3290629229868123,22339.157006082703,3.2875628050049444,203078.53475631188,178,178,1,17800,3.851848607280356,5467.415346576442,5478.611961448003,0,105454.31759482766,0.23564009028476038,0.9979563044525969,0,0
300,9807157,2586968,1993512,1167619,4059058,1.1410762627497555,0,0.05388725648225878,0,0,0,0,15888,15734,16846,9.029759593776996,3.0049593259653595,3.004952351851264,1.3782651359395797,1.467684432820387,7.5263445566725915,126.35148312844645,15.04917255973914,5.1280400530034465,86.0889986314307,1,2050.8104915534645,487584.57303771435,2050.8104915534645,8359750975.312971,0.6800570137764932,0,9752539099.93179,9752539099.93179,88556270.00841628,9752539099.931791,414825840,9317020601.931791,0,0,20692658,0,9663982829.923355,1,1.2897445407547774,21,101,307332,1276557,307332,1276557,1,1,1,6057,21704,2351.7,10482.187281849905,375.7141630104668,817.1973707038554,0,0,15,57,0.999999995182716,0.9997861324927472,1,1,0.9999999764319689,1,0,255386.71323308762,19.34883415944584,0.0004703428531626238,30.33594666977384,23498.26177204369,178340.49602804644,1.5728039106624134,21015.163568971977,3.5936203615434184,206529.593557706,178,178,1,17800,4.328551427916455,6865.457437450193,7129.93733683864,803.019081953582,93122.66155933493,0.13176066174195383,0.9629057189574523,0,0
330,9808340,2050866,2524334,1160157,4072983,1.1438057352684035,0,0.019496071762920834,0,0,0,0,15734,15653,16836,1.8420836049534273,3.610292083957516,0.5102311841024727,1.46471855573318,1.7351156382764659,9.44313369730673,142.55269532003564,15.54623745050491,5.442365620476357,82.15746096417921,0.6934737249697429,755951.0808963806,813101.9119990073,524232.2119641165,9085777634.65381,0.681372738727728,0,9752539099.93179,9752539099.93179,18067782.305796452,9752539099.931791,414825840,9317020601.931791,0,0,20692658,0,9734471317.625977,1,1.3237863644147194,21,101,616564,1437661,616564,1437661,1,1,1,6026,21650,4007.455614752317,12436.954615070716,220.38129781925574,834.5318530277266,0,0,9,45,0.9999984058501781,0.9966528149255587,1,1,0.999998670319817,1,0,252148.48814042145,14.729554248853253,0.0037803393959033064,35.18614498578188,8510.247642937453,265656.25609617087,1.5104873432006507,37419.850160619506,3.8271573098265868,191895.71580524815,178,178,1,17800,5.039382661849606,8552.926685332895,9135.772012400326,10498.931143896245,68822.5687173005,0.03203480982528278,0.9362018528618804,0,0
360,9809693,2478596,2646631,1152813,3531653,0.9140016627556203,0,0.007053524574916441,0,0,0,0,15421,15208,16561,2.4984180088094643,4.363295809672775,0.5725988147012276,1.8663472821358997,2.4003628777959687,12.500046886652278,140.7620701737843,17.75191647934408,5.207565490318662,58.64199595647518,0.18800293720240857,1168624.6058095968,2296014.296662045,219704.85837921101,8933252556.367466,0.7058279926518862,0,9752539099.93179,9752539099.93179,24508713.65208015,9752539099.931791,414825840,9317020601.931791,0,0,20692658,0,9728030386.279694,0.9210114971626728,1.338385486522063,21,101,624220,1208667,560839,1127271,0.8984636826759796,0.932656389228795,0.8368390953990122,6026,21611,4388.136992080462,11503.505052013625,155.183874154728,790.8384387275347,0,3,0,42,0.9527088078538873,0.9897855379542692,0.952717258929717,1,0.9999915268567305,1,0,272560.61693493865,19.375084581095212,0.0021196851245386438,53.82414862089403,15631.074189047018,250988.05545804807,1.5451309176801555,42440.06176566788,4.81473847025225,217043.40001611898,178,178,1,17800,8.044509770730253,9868.753501799338,8438.430626576477,17840.06479209129,65986.14015266181,0.06227815965393504,1.1695010528045486,0,0
390,9810696,2278017,2841454,1145011,3546214,0.9163495603354331,0.015714569968481154,0.0026464523456431414,0.1912610819927076,0.11031735159258833,0,0,15426,16060,17063,1.6720451696545942,7.850567445418638,0.21298398890010822,3.6363476597162134,3.891119120106843,13.349244291502261,126.7645516784607,21.53312978028314,3.4306953551028054,32.57791595827064,0.4808360461208606,894487.6644097575,2001844.6938184123,430101.911858671,10147388074.129896,0.7560948165925272,0,15376078466.683851,15376078466.683851,16403926.857738435,15376078466.683851,271033912.08447087,13833530128.936155,1271514425.6632252,0,0,0,15359674539.826097,0.9173353661049913,1.3381802777015772,21,101,638594,1326539,560493,1242193,0.8776985064062612,0.9364164943510895,0.8283586760675469,6026,21611,5497.388099315674,12398.171653886133,82.06793704553495,950.5338870261272,3,3,0,27,0.9286271873963236,0.9816918772113917,0.9315776208305249,0.9970592671795769,0.9999798412684179,0.9958458719695408,0,269190.65020601003,17.919303763784264,0.0019571231032809813,73.81809173637421,11974.014099233209,280198.8248807819,1.6087976135133915,27228.546861109313,6.4990302334526815,164643.53488652303,178,178,1,17800,10.601466668483267,6424.875024728497,9466.063346653045,22521.037282068068,71647.79518867798,0.04273399113764262,0.6787272374423912,0,0
420,9804226,2501423,2609636,1138453,3554714,0.9182376881190376,0.08934432958691241,0.07227327510389589,0.7075102589181812,0.008451865552670858,0.13243421765267344,0,16060,23515,17045,1.5677234338835582,16.975623809169672,0.09235144767031923,5.941700619114649,6.805475023396306,19.598313983794473,90.64073995452569,19.877264658957394,2.8797863362099063,13.318796945535034,0.000001204721475134285,830336.0822648018,3050406.4442844763,1.000323709910716,9268641447.253397,0.7959774582329255,0,15765524487.616215,15765524487.616215,15370314.851280415,15765524487.616215,326490380.1369225,14122333351.653057,1316700755.8262358,0,0,0,15750154172.764923,0.9613392885256782,1.3479547122949105,21,101,547402,1104042,532431,1055167,0.9726508123828558,0.9557308508190812,0.9650332548394742,6026,21591,5096.183024356935,10543.464453019775,114.97794341150498,964.7907072923541,3,3,0,21,0.9316771890137777,0.9855273416518068,0.9400252987352079,0.9916666719780753,0.9999766123086362,0.9997596685082873,0,271324.5893668591,20.508309234468104,0.003427348492422961,78.04053885242264,3857.108495168829,249737.48206605937,1.5889681420124258,25319.330019772045,4.3330499735327415,204669.5778713428,178,178,1,17800,9.999610439790711,7188.468961655083,8288.35833255256,22022.59009368519,68240.50099821408,0.015444651973181043,0.8672970778088036,0,0
450,9746754,2720065,2365854,1134185,3526650,0.9164194317683786,0.11251983523271272,0.15976312141759616,0.8942177175683531,0.0072031160322708464,0.0021687220176070925,0.1262664472705477,23515,74416,16944,4.225936367023856,35.18518928343143,0.12010554591541826,6.110505450694227,9.540594951922351,32.68654908665378,111.76665719500987,21.255875605086885,3.426049345074408,11.714851930957389,0.09633500417973173,1308911.4170950453,3727880.4015713353,126093.9868367499,9257402751.669016,1.3936634524688842,0,18475888951.005802,18475888951.005802,41189162.18902616,18475888951.005802,330237207.73822474,16828950987.441343,1316700755.8262358,0,0,0,18434699788.816765,0.97694242345246,1.3472882152091221,21,101,478879,871393,471436,847702,0.984457451673596,0.9728124967724092,0.9828591470118551,5992,21570,4556.921184515278,9329.053858309731,66.60523347257933,1010.1385893781921,3,6,0,27,0.9501734224252474,0.995514507409555,0.9510031183964673,0.9990843368036083,0.9999943989023088,0.9997991039607148,0,273287.3061550869,24.86053524241621,0.002048803479369545,74.2511002223025,4657.45221064061,200980.77075209524,1.562122078808323,19109.526985761127,3.1789409836801146,120662.05084474885,178,178,1,17800,10.711926205615073,6713.080008825692,7541.213025284028,6623.938564875109,75931.39068188591,0.023173621004695326,0.8901857017323621,0,0
480,9610304,2924026,2111571,1130691,3444016,0.9084736129598934,0.3031084087787215,0.28934431449540066,0.9617426196383473,0.4834365281264776,0.3248502856933558,0.11454122575102724,74416,153060,16610,10.74265959069042,68.56941209390956,0.15666839283932843,4.588751905218545,11.094541160435172,34.20615852830819,147.2707160981681,26.474229257397617,3.0831521586753468,13.274160144933074,0.024044756094048103,1539962.2680774655,4018990.5322190635,37028.017129959684,12211843857.856766,2.5269999733872734,0,19223036771.755383,19223036771.755383,103240224.43504634,19223036771.75538,330237207.73822474,17576098808.19092,1316700755.8262358,0,0,0,19119796547.320316,0.9890775038182207,1.370191474606289,21,101,451921,826816,451921,812849,1,0.9831074870346002,1,5974,21513,4384.717164284028,8549.082329621215,20.97334068417515,1041.5836164375773,3,6,3,30,0.9250743209474048,0.9983672245367115,0.971058062644898,0.9537388846567978,0.9999985033912213,1,0,269548.03595648974,25.57442405716357,0.0025589924125840246,78.04708588816358,25539.200789259543,172645.24573592967,1.4891171198840711,34263.96516110944,3.0042407627251144,112596.56650460901,192,192,1,19200,10.603182957125105,8371.03524596836,6860.037270953888,1715.4369659253305,91217.2965475087,0.14792878124384118,1.2202608987872696,0,0
510,9340122,3192689,1753771,1122899,3270763,0.8882437136861513,0.5596126978483112,0.45320371772630264,0.9528304445839946,0.12172571193395547,0.7536384428383269,0.09789219027331762,153060,285706,15524,0.4855474507377881,112.26318173769293,0.004325081858736978,1.7635042553835556,11.445868701015616,21.482488971082933,157.74394779415067,27.791845022724665,1.8768771101818376,13.781736617348557,0.000025742944204654172,314254.9686413721,745958.5073339542,8.089848123772686,15002591655.81855,3.9926356485079824,0,46465826773.47116,46465826773.47116,4535072.426677699,46465826773.47114,330237207.73822474,44818888809.9067,1316700755.8262358,0,0,0,46461291701.04447,0.9943768167323696,1.4154337621038993,21,101,453175,539679,453175,534096,1,0.9896549615604832,1,5974,21328,4247.358208376571,5736.681550955591,79.00378513830324,1053.9273288275967,3,3,3,42,0.973630681143954,1,0.987251666818976,0.986379014324978,1,1,0,276994.4247348811,33.66788953406485,0.0006121949425270994,55.230017850088736,26862.49536122771,104291.6117569893,1.3380012380417514,11875.827462247684,2.930266469548982,69839.1198520737,208,208,1,20800,6.992767502273497,5341.58005495342,5288.974742869582,0,124587.03956622547,0.25757100603469646,1.0099462210808925,0,0
540,9222225,3383237,1511552,1106379,3221057,0.8840904071656612,0.4689343819089376,0.6863471414908148,0.9039296729823253,0.3906983401511024,0.5036110049364443,0.07824304872197328,285706,132940,15043,1.5119390928294159,73.02121090967876,0.02070547823014823,1.345744397436384,7.1736742608833,13.665759440475517,103.77855815950016,18.90039927308307,1.9049874504328053,14.46658356449012,0.38229721159372654,361198.78918604687,2549514.643170621,138085.289936856,14416884775.611498,2.642640120779924,0,46468877373.00099,46468877373.00099,13943442.500366826,46468877373.00097,333287807.2680545,44818888809.9067,1316700755.8262358,0,0,0,46454933930.50061,0.9993609870678345,1.479419294269212,21,101,433497,363044,433497,362535,1,0.9985979660867553,1,5974,21231,4001.977359558123,3780.705543232935,140.3956649299389,1171.5022942699447,3,2,3,51,0.9905159903781872,1,0.9986475245216293,0.9918684658565579,1,1,0,282321.7538923087,42.55935749703158,0.00013140076575613417,35.70179407517984,23693.39530931461,48684.06254967467,1.3083899806799981,19101.56493346467,2.8400285499920104,46173.49042000405,233,233,1,23300,4.873825982611804,4259.333538761887,4203.545802821211,0,144516.1538563026,0.4866766261574639,1.013271589880913,0,0
570,9174481,3476771,1392462,1089661,3215587,0.8841737497466233,0.17951838386111627,0.8279031604421363,0.4390200635270803,0.8723540873865235,0.09842028121263753,0,132940,62942,15198,3.0928547135526285,57.21311558295326,0.054058491344843834,1.357614923968172,4.483920367964372,11.296331034273484,69.75226695197709,13.978500889515061,2.5192978704485416,15.55608958854983,0.6848145917906672,338946.43679587904,1633305.170760994,232115.4657532711,17039305810.335552,2.07610504686533,0,46472202134.783195,46472202134.783195,28375336.80522406,46472202134.78318,336210097.3526761,44819291281.60429,1316700755.8262358,0,0,0,46443826797.977905,0.9994168484294857,1.5259777633681577,21,101,416712,421835,416713,421345,1.0000023997389085,0.9988384083824244,1,5957,21152,3772.085450677232,3700.62641335113,121.59500618250475,1406.5358857467788,3,0,3,60,0.9885340668478421,0.9992988049467232,0.9980974382290302,0.9904366535399276,0.9999999741670187,0.999535119301695,0,268764.90302538784,38.483957390832785,0.00031368360157880835,18.50789187935846,14686.769210686587,19121.845516139405,1.3782424463374705,22756.689997084635,3.068138162116045,80392.41736702881,233,233,0.9955922746781116,23299.9970304,3.8994768636867554,4118.130414736358,4107.532059352796,0,164375.96615353788,0.7680623294592835,1.0025802246289057,0,0
600,9171903,2686484,2176313,1082034,3227072,0.8861373403002428,0.08483163201717388,0.6560308218747614,0.4961899571350541,0.9103807574066145,0.05873699274839692,0,62942,17909,15331,34.22579146045008,48.130473042388985,0.7111044063561788,1.3965142427042068,2.494904725253204,12.726967444471109,62.859693898544904,17.14725208550049,5.101183750886306,25.19522820341982,0.11702336015300285,4312403.46236775,2031248.459213615,504651.943501718,16312145506.826157,1.9805123666653697,0,46472202134.783195,46472202134.783195,313915639.3734714,46472202134.78318,336210097.3526761,44819291281.60429,1316700755.8262358,0,0,0,46158286495.40969,0.9294289739516202,1.5839098857460103,21,101,613112,1054938,587319,963015,0.9579310142355719,0.9128640735284917,1,5943,21034,4766.751362950528,7161.372320956262,59.10587392017109,1225.0854697588024,0,0,6,54,0.9437310838364976,1,0.9750456258922079,0.9622727304434169,1,0.999850828729282,0,241182.0969829751,18.668139664070463,0.010292522309988558,23.606794649296322,25472.245724424665,110770.31897878967,1.5393187326542477,21963.715228794114,5.706273768349666,66394.34653253951,233,233,1,23300,3.6765131989798845,5934.702922749483,5932.962419660048,0,140864.43300824662,0.2299555147918469,1.00029336155639,0,0
630,9170602,2592305,2264671,1075116,3238510,0.8881299804652113,0.03371010092979243,0.30773232158531877,0.2292115490207575,0.9674670212489868,0,0,17909,16625,15324,46.482147546188806,37.03407988390631,1.255118196318097,1.4720308632938472,1.951455506001603,11.523197468299927,84.10262929406744,19.061836198426956,5.904924520626227,43.09738502129003,0.1981968508130989,1290893.377083481,1544163.4308967597,255851.00207343203,16783663979.52377,1.7246802552141103,0,46473540952.04823,46473540952.04823,426269275.25140667,46473540952.04821,337548914.61771053,44819291281.60429,1316700755.8262358,0,0,0,46047271676.79681,0.9386094718480755,1.6461890263679615,21,101,598222,1254067,584675,1153901,0.9773545606814862,0.9201270745502433,1,5943,20946,4703.837402554589,8439.124167887652,86.01074937691394,1009.1151760379523,0,0,3,57,0.9249105046121636,0.9998002108149032,0.9651600396574109,0.955146870237943,0.999999883323099,0.9997325780085843,0,268472.1201666285,18.530483809735912,0.016710064225707758,27.73507648249536,16507.331845992503,148854.3996083811,1.3783680456421903,38295.607684321214,10.912334727425701,193201.8866042492,233,233,1,23300,3.934354915704256,6891.74977647379,6894.235651405549,45.11107630317618,127125.47196086904,0.11089582766395488,0.999639427043482,0,0
660,9171247,2407912,2443512,1068424,3251399,0.8904237188916079,0.012171143487364068,0.11828892751955959,0.08289699572172726,0.9658258031868513,0,0,16625,14667,15312,25.175934023795502,23.3599055439774,1.0777412595440183,2.0172221329485045,1.7125714065312498,9.640754513824199,118.85585314011692,22.1636394135502,5.629402941715108,69.40198387456151,0.9879815141744303,263904.17734549753,2053506.1573905232,260732.44873076203,14767561410.109877,1.566300928853757,0,46475630241.16057,46475630241.16057,230894709.38798517,46475630241.16055,339638203.73004866,44819291281.60429,1316700755.8262358,0,0,0,46244735531.77252,0.9267139518231805,1.6828505569176473,21,101,584542,1265933,559749,1155112,0.9575855969288777,0.912459032192067,1,5943,20890,4938.059120251861,9838.871119091687,86.08119664016412,938.8177321886437,3,0,0,54,0.9351013315626427,0.9997368321163799,0.9533377507436789,0.9796968703461532,0.9999999652597723,0.9999047411116846,0,269876.62710968073,18.885026397569067,0.0036619689132795343,30.925109525468915,31174.142999691492,181507.9415765957,1.503431739573926,18090.236815939126,12.373994796964855,110311.50595976859,233,233,1,23300,4.377956346973577,7472.271822393951,7737.978131833505,388.74684903625445,128643.13552625389,0.17175084863455473,0.9656620495803087,0,0
690,9172151,2037044,2808978,1061846,3264283,0.8927175733003275,0.004394460608192168,0.044190997768874425,0.029980652934140522,0.9641888800129872,0,0,14667,14398,15302,6.899414328741254,22.25411413694942,0.31002871137817495,3.6494741192452054,2.59755553040775,13.8154119172944,187.536352007967,21.079056716428145,5.318620432005059,72.19724460655844,0.602675783419145,292545.006125023,960832.9208119949,176309.7907517568,15135767274.723972,1.4097292216666133,0,46476892375.52834,46476892375.52834,63282470.03483927,46476892375.52833,340900338.0978218,44819291281.60429,1316700755.8262358,0,0,0,46413609905.49348,0.9408299018983123,1.7159841237111826,21,101,513119,1534858,502828,1423970,0.9799442234647323,0.9277535772038846,1,5943,20873,4897.012583353036,12716.431990617064,85.53804494458723,1016.5598795932669,4,0,0,45,0.9508465458271489,0.9982427413092569,0.9721388773667344,0.9776460363725578,0.999999284133042,0.9999117266566847,0,268460.7537255121,16.719599276655597,0.000786000481143781,36.24637103162265,22725.898026248284,236688.2643942376,1.8918132914134176,46732.220926172784,7.082872993064324,162911.14563716133,233,233,1,23300,5.2980432111313345,9535.845717674007,9172.809868513174,2434.653218562319,116417.60214033937,0.09601615899466441,1.039577387339838,0,0
720,9173030,2167942,2852179,1055320,3097589,0.827252769405359,0.0015866662089531298,0.016289583917462266,0.01082504980485217,0.9625550118118005,0,0,14180,14165,15044,4.8141469420468646,21.80856860577497,0.22074566327897674,4.115653731523379,3.393437828955669,21.184098078685775,329.5511374964892,26.60430669016827,6.242665740897096,97.11424051576293,0.3717847159657206,401652.20745933737,200587.9032066845,149328.15186727443,14802728663.181023,1.7510979549263714,0,46477018999.55755,46477018999.55755,44160314.32386125,46477018999.55753,341026962.1270284,44819291281.60429,1316700755.8262358,0,0,0,46432858685.233665,0.95672962637051,1.7549097023719848,21,101,481715,1436549,473193,1362067,0.9823090416532597,0.9481521340378922,0.9977083352430539,5943,20828,4861.87373702058,12695.212659210201,70.31848913740944,836.9113711387247,6,0,0,33,0.9292396509511637,0.998502333364151,0.9694618462096737,0.9593046203718054,0.9999994973868096,0.999971635903437,0,274118.9665766846,17.92349639244693,0.0010191086101265477,49.53753983276304,11131.150615304261,204296.55746531743,1.9185571113181423,18338.897556724238,6.855942071633139,116217.4401479812,233,233,1,23300,7.431413554926772,9342.428686645524,9059.12259695943,2544.55493664183,116368.1764499551,0.054485257869281274,1.0312730164156494,0,0
750,9173653,2203218,2811270,1048427,3110738,0.8294296446616285,0.0005728747939789102,0.025026674879180793,0.003915003895720146,0.9609052140951919,0,0,14375,14732,15355,0.575740426426274,17.45371629705256,0.03298669559121345,3.172583044030094,3.5157917878628173,25.924170460239466,385.26897326950115,33.76747325833835,7.3736364450632825,109.58242026718504,0.9572894618545152,337248.7303661646,1236172.0935517591,322844.6556033442,16764005543.680738,2.0550519765654967,0,52049195935.481384,52049195935.481384,5281642.890164387,52049195935.48138,199759458.24601963,51580014741.30547,269421735.92989516,0,0,0,52043914292.59116,0.9691482722777758,1.8071902383313623,21,101,598500,1442974,595227,1383264,0.994531328320802,0.958620183038641,0.9910603479102249,5943,20751,5427.073468136914,13729.990777582429,58.997326105758724,865.7529586536735,3,3,0,18,0.9236997018244627,0.991251885416052,0.9517679123645174,0.9688742333652188,0.9999982628096582,0.9954293657962466,0,250568.66291754114,15.197561955098575,0.0026032890959314164,68.47022053958608,19391.524904111604,265575.88423712633,1.9707748441223463,43897.80801398727,7.797803340503906,60180.59881367733,233,233,0.9955922746781116,23299.9970304,10.002601520397103,9970.852708546527,10214.159442900474,3443.5478265676356,109930.17058596577,0.07301688916451983,0.9761794657980337,0,0
780,9174243,2265189,2743559,1041598,3123897,0.831643955735046,0.00020684095306898714,0.19512194656611645,0.0014159062341342489,0.95925909091355,0,0,14732,14753,15343,2.0174575859544177,12.5639220381412,0.16057546201177283,1.715360296010457,3.3847994759995115,26.844200046832167,387.0140946365213,36.392164645053704,7.93080956114992,114.3388544522976,0.4386644492169798,297766.8939304884,1931073.9944518227,130619.75052106852,18357568518.480396,1.8013790172779423,0,54132655156.38597,54132655156.38597,18508646.135797612,54132655156.38596,177779876.9067997,53730608465.488594,224266813.99058136,0,0,0,54114146510.250114,0.9736316525311719,1.888848025116622,21,101,523196,1493123,522880,1440272,0.9993960198472466,0.9646037198542919,0.998842859601519,5943,20727,4791.525009452589,14529.022739682034,116.05748824045051,662.0907879850494,5,3,0,12,0.9175838019378468,0.9899487219040408,0.948994517534419,0.9636252216698408,0.999988809665997,0.999236240219704,0,265568.31555343734,16.233179023535865,0.005005088737732285,99.87060408803498,11135.935431598995,280457.8684569136,1.969280907249017,32354.92161039962,8.5132207950906,112767.9687758676,233,233,0.997725321888412,23299.998675,14.578108377949754,8352.751055385817,10094.78407357155,16087.536774380655,101209.09531555936,0.0397062685132323,0.8274323645270999,0,0
810,9174971,2300077,2703008,1034868,3137018,0.83386270670996,0.006548864271205122,0.465407429363169,0.29303067177450703,0.9576166507774247,0,0,14753,14610,15338,5.103591299784101,8.078971089900193,0.6317130291707914,1.4128719523601225,4.175826215301131,25.763304106763815,334.8610246959584,37.8531925160088,6.169630338628914,80.19036411739432,0.08455000733790197,2419638.8354680724,244941.7594497389,204580.4812938979,19201311902.451157,1.5623519445397394,0,53831705219.251274,53831705219.251274,46825302.17143127,53831705219.251274,191103889.30549753,53368648858.2709,271952471.6748888,0,0,0,53784879917.07975,0.9889677832851478,1.9867201666179268,21,101,389661,1396834,389661,1377125,1,0.9858902346306003,1,5943,20713,3802.5666454326742,13809.511329449831,231.30195354239459,718.4501304039528,5,3,0,12,0.9306324284968833,0.9947269001313306,0.9630050120380494,0.9660832645671616,0.9999929497312456,0.9998726675237158,0,259231.90697792324,17.607015698194797,0.0031677465043780067,92.61482788511857,13711.591291868603,251951.87495023568,1.9358232830493167,23785.36638858302,8.358917123560005,159389.84177540426,233,233,1,23300,11.147348658194568,9475.012053377943,9468.196700275605,9389.053017322878,109214.08450069775,0.05442146955475862,1.000719815326834,0,0
840,9175481,2325041,2672387,1028414,3149639,0.8360406593151517,0.033749312350578806,0.579251804049662,0.49850033997713655,0.9131460247152166,0.04283099708887196,0,14610,14815,15325,0.24452236501399535,6.70963339405705,0.03644347621594007,1.4769403595395783,4.0602746370961,25.555018167487933,213.88014254788393,32.69231997973816,6.293913700814295,52.67627480018213,0.36252679905612817,296615.1057698759,3081603.8291464113,107530.924846448,16176877300.511368,1.188451490970867,0,54627181521.2935,54627181521.2935,2243610.3143200967,54627181521.2935,191103889.30549753,54164125160.313126,271952471.6748888,0,0,0,54624937910.97916,0.9876216179156201,1.9658534989506617,21,101,500687,1103723,500687,1083863,1,0.9820063548553396,1,5943,20609,4061.013472816576,11907.240646762406,290.3068683916144,705.8591754388726,3,0,0,15,0.9548912289153085,0.9995494321300495,0.9727379821138163,0.98215398232579,0.999999840488358,0.9990983609540847,0,248236.9509250097,18.799302080086562,0.0024974237570418696,76.79152560271686,18050.37249562051,209275.55356955907,1.927671205564136,33704.37895737859,7.0463121785206315,70268.09687139012,233,233,1,23300,10.913343385696002,8702.300269483858,8667.301784255393,1018.5062741658464,113581.67994054189,0.08625170110765433,1.0040379908418606,0,0
870,9175678,2373274,2618425,1021745,3162234,0.8381873586528354,0.014040305943036334,0.6063743745405742,0.19849349850261974,0.9543373252635936,0,0,14815,15122,15319,1.4705024222704666,5.974940111217422,0.24611165884486913,1.6621723264855488,2.788229874679924,15.710123190942626,89.75384023916587,26.366322264076747,5.634443319615488,32.19025843393533,0.9486879983007201,370736.76342911756,2713906.4170555538,351713.51799405715,12511148016.085426,0.6509528020579258,0,29296231849.14846,29296231849.14846,13492856.725030385,29296231849.14848,263538589.30549756,27829413864.100494,1203279395.7424805,0,0,0,29282738992.42341,0.9984892002504175,2.001140828477938,21,101,433471,1085592,433471,1083297,1,0.9978859461012978,1,5957,20587,3640.788021319049,10915.910276206721,324.7927278843191,990.4902617228951,0,6,0,18,0.9917514042252594,0.99932731443268,0.9925175594324316,0.9992338601057734,0.9999999338308609,0.9993695038766767,0,265732.32630632055,21.02357061644132,0.002953506102830721,76.8100082218414,5092.906368838525,180538.01613837425,1.954789451504202,27961.983539276967,6.181145898756081,156402.20093682082,233,233,1,23300,9.709518799346112,6940.159392532101,8057.109842936843,1606.4149268339547,122372.16729845275,0.028209606363099958,0.8613708299653006,0,0
900,9176446,2254121,2731847,1015222,3175256,0.8404542508094717,0.005328641056308348,0.507849257632556,0.12183741133526768,0.9527036937829744,0,0,15122,14538,15306,15.14182444470685,5.969682889235136,2.5364537322428684,2.4648093160790863,2.4285692725053685,10.021242392058475,58.061626383366935,21.518436026037403,4.12639758952411,23.907749735904883,1,258769.95430757053,1943657.3589055543,258769.95430757053,12892523723.066723,0.5508931801831678,0,29308387683.108204,29308387683.108204,138948134.35839665,29308387683.10822,266626175.65887603,27838068100.96965,1203693406.479684,0,0,0,29169439548.74975,0.9964598136357248,1.9938852363742132,21,101,612281,1102318,611623,1096906,0.9989253300363722,0.9950903459800167,0.9981718413635455,5970,20538,4993.035599216689,9831.95066386065,220.08605446545303,1124.8281656720021,3,6,0,21,0.9883407961491184,0.9985524981440204,0.9909531299885568,0.9973902580872173,0.9999963797985553,0.9998777969379092,0,241960.51876587814,16.994304604665988,0.0033782913287525606,51.60233157724249,6049.564059464343,180303.32252272917,1.7400291814735453,26398.66409975047,5.186580674738031,215294.10365511177,233,233,1,23300,6.492158890413662,7602.449149637476,8183.642447096536,2560.5535256471203,121300.82834107103,0.03355214964883262,0.9289810984269895,0,0
930,9177364,2205717,2774535,1008835,3188277,0.8427509290694527,0.0019233605415033407,0.19563041669329573,0.04183268112276311,0.9510740774802002,0,0,14538,14380,15298,37.25318202897757,5.703954674951597,6.531114665509451,2.4338633688613687,2.980593921288832,8.113597150268172,60.052015154162014,23.277206036752666,2.7221410780975455,20.147667458234313,1,261700.10611175746,1155638.28781573,261700.10611175746,14331966857.553648,0.5770706261354256,0,29341994687.738472,29341994687.738472,341886011.6382462,29341994687.738483,268829433.00847894,27868888006.31753,1204277248.4124742,0,0,0,29000108676.100178,0.9657989305016729,1.9116686050990384,21,101,556969,1331393,545982,1277796,0.9802735879375692,0.95974366697136,0.9998891733043516,6036,20516,5037.173313130028,11065.203585317257,214.6665983932731,1025.8413963352252,3,3,0,21,0.9703918524398983,0.9952060022538107,0.9746338632414998,0.9957598578403744,0.9999988627243102,0.9979421182940952,0,264708.6236172152,17.41716087926591,0.01345418071916599,35.967310701575755,34051.08721799065,229618.75686196215,1.6793235378650189,11953.493894448506,8.663681347308358,346801.4911624725,251,251,0.9987569721115538,24937.9966103246,4.740824321046415,10008.556276658226,8760.298462786583,1775.365106394121,116352.18457780784,0.14829401431896455,1.1424903294304636,0,0
960,9178545,2088814,2885957,1002546,3201228,0.8450185948257719,0.0006942124381149454,0.07069982310329827,0.014879956281155175,0.9494493953017608,0,0,14380,14105,15286,31.751488916445712,7.43727469788685,4.269237080279857,1.9375882858225024,3.5935915209404112,11.937885884193646,103.35789624318987,31.724484302552703,3.321993001883978,28.761726434656662,0.9614405444982058,393656.1616889709,378476.99443931825,378476.99443931796,16308603223.868282,0.6929669260246585,0,29580760919.205593,29580760919.205593,291432469.8366473,29580760919.205605,272085234.74399567,28104398436.04914,1204277248.4124742,0,0,0,29289328449.36889,0.9693364125884393,1.8122760616584022,21,101,578044,1438028,554789,1399463,0.9597694985156839,0.9731820242721282,0.9907767233183782,6036,20504,4950.886625401371,12414.282159224014,213.8577049718734,1004.2782814368022,6,0,0,18,0.9041957503383511,0.9978039003519663,0.9741473746204118,0.9250068210166098,0.9999975538259949,0.9991456938943464,0,256993.46733462572,15.780572863763263,0.0033398369455400092,36.03903863740956,17656.03238684638,209850.5140254299,2.0392000466680362,27914.392570388947,5.6708431030907045,362324.86235770106,251,251,1,25078.983732285433,5.056967528243556,9097.386371582168,9103.34637316085,644.2129249400584,131192.50769307115,0.08413623606710252,0.9993452955282188,0,0
990,9179642,2021629,2947485,996321,3214207,0.8473397873343216,0.0002505793665212889,0.02559242811428019,0.005278728599146474,0.9478268324625296,0,0,14105,14183,15280,29.495169694706888,6.153095424068365,4.793549857740541,1.3745492847551553,2.742707638510435,20.917935543984065,171.096267844952,27.536173114319965,7.626746376564073,62.38224790808342,0.9963277539421073,260900.3878775243,546770.8909180524,259942.2974566384,17296652529.694656,0.5871857891655794,0,29626715934.026226,29626715934.026226,270755098.5266705,29626715934.02624,276862368.7474379,28145400880.901886,1204452684.3769226,0,0,0,29355960835.499485,0.953128763537373,1.7205481343467626,21,101,479797,1720593,475057,1622198,0.9901208219309416,0.9428133207562741,0.9965063277319335,6006,20533,3939.036742720456,14903.86017875719,135.36872913681242,796.6519345949799,3,0,0,18,0.8769115598965835,0.9994640112722962,0.9522460610946146,0.9220762497449527,0.999999911666618,0.9999295602127977,0,270679.9008103102,15.487667497389314,0.005402218420686687,43.81267252941102,29567.316077292635,213298.4920026863,2.2823936836422423,46431.405323695835,6.517358293690196,115093.42585739368,272,272,1,27094.84546426924,6.473143434144755,9519.770513099564,9526.919402728434,111.43684734212479,145090.41739790747,0.13861943326312995,0.9992496116187545,0,0
1020,9180964,1957021,3006554,990222,3227167,0.8496676286748966,0.000090446823208072,0.012682266500036751,0.0018851553016904431,0.9462081541764024,0,0,14183,13947,15269,22.041445244103063,6.264631945939406,3.518394286258083,1.353237332783857,3.1662902346625,26.3390904318925,268.21777380232993,34.03189608684542,8.318596363513727,84.71041942588049,0.9999999999999982,258146.40211146182,929979.8482601575,258146.40211146136,18926724683.632854,0.6811753890404912,0,44545162532.4753,44545162532.4753,202361715.29410133,44545162532.47531,278399714.778915,43062224644.11713,1204538173.57929,0,0,0,44342800817.18112,0.9594909191401753,1.6549178886976128,21,101,518780,1862217,518780,1765765,1,0.9482058213409071,1,6044,20517,3776.629663865576,16696.13517020382,176.59728669856642,623.7158618304654,3,0,5,9,0.8884668314376754,0.9982740467173936,0.9624864325152113,0.9250221647768176,0.9999967506530869,0.9999286565621862,0,230459.76915445676,12.10533051374992,0.003355442261785464,70.26560083411445,37425.38994896566,280280.78367686406,2.6833000732770773,31041.158201066173,11.77344224280803,177907.07359790796,272,272,1,25676.41920561715,10.768168049469011,10704.824716495694,10414.393275555109,1979.2826938809844,124340.41407754963,0.13352820503068602,1.0278875046539957,0,0
1050,9182347,1971506,2986578,984140,3240123,0.8519950448600709,0.000032646543710513094,0.08829880285284426,0.0006716520808649637,0.9445923792686118,0,0,13947,13879,15262,49.11865657941591,6.7797742293881855,7.244880864395456,1.3831624973739982,3.3060980127248736,29.118360367354402,364.98285750834043,47.41867257291492,8.807470394186879,110.3968654599937,0.5894917323734254,424387.4542923532,250172.89562834805,250172.89562834718,24935588469.06386,0.9013867194052704,0,44570752560.683014,44570752560.683014,451024548.88609374,44570752560.683044,284929342.297878,43081212367.74388,1204610850.6412969,0,0,0,44119728011.79691,0.9731421442116424,1.6590631038862789,21,101,455266,1998988,455266,1933072,1,0.9670253148092935,1,6044,20585,3264.2004148448386,18977.54190888791,259.1912392856581,285.4689982147918,3,0,9,2,0.9338402956805257,0.9869838599503449,0.957517668613039,0.9735224912538322,0.9999275510962933,0.9996174667686024,0,256491.55740653907,12.887198917734713,0.0024090405045509803,121.36702872081206,23809.360246864446,321794.31290698895,2.757799781682399,27627.95991070123,16.617706057717765,290934.25544909225,272,272,1,25951.798271122905,19.777781250648253,15307.99009286634,11882.424993095377,17846.55009011462,94799.55200983677,0.07398937548578205,1.2882883840429444,0,0
1080,9183699,1918974,3166051,978135,3120539,0.8060282889464654,0.000011783774307113545,0.19327965502383557,0.00022034168834823774,0.9429799474046351,0,0,13673,13668,15020,64.87823303106885,8.75324048758163,7.411910266045208,1.5887762017590417,4.174068555203894,39.03551437735399,526.2916594887524,70.21353311607317,9.351910219272188,126.08601237097896,0.018776534081285545,263941.0636324001,597020.7373678458,4955.898376744541,35155911562.85075,1.2097916800713118,0,44653718019.68907,44653718019.68907,595822163.8092374,44653718019.6891,293087294.08973277,43155923844.51757,1204706881.0818093,0,0,0,44057895855.879814,0.9788797226651572,1.7305571323923308,21,101,502256,2055807,500292,2003744,0.9960896435283999,0.9746751518989867,0.9922527405338667,6044,20596,4052.8681405783955,20101.976451903854,213.0342283054569,170.80242495288988,0,0,3,0,0.9259830258614036,0.9829815346406429,0.9651613238812153,0.9595544928800971,0.9997242881759137,0.9996868872697766,0,244012.02765660317,11.693699019819356,0.0019616479164227592,244.55527323449132,22703.313089341034,363341.09391172574,3.292760416474611,53119.82254088786,12.771943084709607,833675.7733182592,272,272,1,27200,37.71927015557503,12610.191503460543,12925.835420758493,38379.04278289517,90453.39375347536,0.062484848176454375,0.9755803855593709,0,0
1110,9184622,1911308,3167803,971844,3133667,0.8083129114524176,0.000004253239142187524,0.251680196222649,0.00007968910848671016,0.9413504442534488,0,0,13865,14405,15328,132.7548231069737,12.565035258858078,10.565415884001155,3.3523554362845647,6.900979344144374,67.25805116654647,880.1443713929698,120.64400614394398,9.746160336447947,127.53905315479473,1,271544.00055133307,341391.2615115394,271544.0005513341,54070209805.868164,1.6193195158459632,0,65437501910.70034,65437501910.70034,1219302868.91453,65437501910.7004,218596630.88844708,62545843846.580376,2673061433.2315636,0,0,0,64218199041.78589,0.9867174269311982,1.8348812441798936,21,101,520358,2039387,510135,2015610,0.9803539101925982,0.9883411044593302,0.9609116388507629,6056,20647,4990.507258014404,20091.951593921556,110.80833606919757,133.99220786511964,3,0,0,0,0.8719960854456802,0.9642755650094418,0.9661350707163321,0.9053457500142508,0.9994011586280143,0.9986384012373268,0,259390.5499935162,12.323835541284629,0.002397296664480509,467.96056679229804,25911.323277516658,385063.7180413515,4.549619357559748,71428.3388632868,14.877255725292471,384166.99075803196,304,304,1,16599.241519751773,81.5898793636988,11077.932144464776,13122.60673004899,77573.19284320823,67194.49462791036,0.06729100162777235,0.844186858019437,0,0
1140,9185760,1781253,3291966,965759,3146782,0.8106373882144651,0.0000015351787629033003,0.27889239034233715,0.000028820483581710068,0.939725183327237,0,0,14405,14180,15318,130.51411141052952,12.74603143316856,10.239588070597184,6.713065924715816,11.009531460724842,88.34675735372626,1377.7249907301205,203.47123547262737,8.024570134423296,125.13929367884418,0.9999999999999968,269319.49175476225,824617.9258913205,269319.4917547614,84161308247.13489,2.103145617783757,0,130268158152.21526,130268158152.21526,1198871304.0304375,130268158152.21529,191708898.0428814,127397417299.05086,2679031955.1215568,0,0,0,129069286848.18483,0.9934491794496886,1.970197559953665,21,101,594378,2041475,583952,2034634,0.982458973918954,0.9966489915379811,0.9730534750582867,6089,20647,5317.864675293395,20160.941544646215,52.164856969750886,141.15958263537487,2,0,0,0,0.8847005305492492,0.9445545191400518,0.977852147665336,0.9054134616304457,0.998875048836051,0.9975477870795411,0,202093.46718355603,9.26118755008494,0.0034979818403258183,793.021956044243,17817.70221359937,397694.3758616846,7.647174234490814,0,18.68447363244596,295561.92194934987,304,304,0.9997039473684209,21400.000000000015,114.10655271536342,13351.107852861891,13194.327952068184,146014.93126164112,46773.360907102986,0.044802499846757306,1.0118823710736349,0,0
1170,9187068,1714575,3352699,959930,3159864,0.813019781444619,5.541014841688949e-7,0.2745179775613805,0.00001042325971085676,0.9381050624638895,0,0,14180,14000,15308,131.81540171387275,19.541925846110704,6.745261585367599,6.748166737419809,15.535246946788591,98.21251934060162,2188.876039386651,288.2836895427579,6.3219155560899445,140.8974087688468,0.7357145184472087,412458.17719238455,388642.79294042196,303451.4692127087,131345176964.84781,3.026138630655043,0,251073359577.6221,251073359577.6221,1210997058.992801,251073359577.6221,207631215.83831218,248197413075.22058,2668315286.563217,0,0,0,249862362518.62936,0.9946412699092638,2.1197700866581823,21,101,599759,2014853,591328,2009273,0.98594268697927,0.9972305671927431,0.9811376166788278,6089,20643,5249.572174473948,20060.70958645996,72.96541943318735,61.50777937877406,1,3,0,0,0.9093747891572925,0.929525837373522,0.9859789855954321,0.9267021736365417,0.9972912798722019,0.9977975522536804,0,275058.0303786114,12.692052200792572,0.011229176168881099,881.5016604077193,1036.9933326207479,397983.79739380244,14.24569410357854,73157.69592409443,21.280566822933324,327716.78667733975,304,304,1,30339.296638018423,125.08535828079795,13636.608412527372,13224.06965620009,166099.84414668867,69613.24077568713,0.002605616960819763,1.0311960513709078,0,0
1200,9188322,1757498,3303656,954264,3172904,0.8154598733806558,1.9999724071327026e-7,0.2806265850385986,0.000003769691882231884,0.9364861179222931,0,0,14000,14047,15301,229.44152054782285,27.478700927471117,8.349795034103838,6.49927683996742,17.576988387823825,100.71236429027543,2516.990020974237,359.11004303865576,5.729784993204086,143.19802490839905,1,271975.29442460043,490213.40673599753,271975.29442460043,184206077360.63422,4.020148718685418,0,249844530507.32983,249844530507.32983,2108182570.963115,249844530507.32986,209855692.5008906,246966359528.26575,2668315286.563217,0,0,0,247736347936.36682,0.999808413134191,2.3116203894380805,21,101,517225,1951629,517226,1951155,1.0000019333945576,0.9997571259701511,1,6137,20660,4616.251808909772,19761.67318243612,114.39627094850923,118.00793642691403,3,3,0,0,0.9400192895097522,0.9339431720593637,0.9968077796217233,0.9486437172415243,0.9955941888795575,0.9981056770405159,0,259369.38066424237,12.609206471654531,0.007072489799471418,934.8143394336873,26669.930207970807,360623.01185710635,19.202491065464717,60820.508875405816,17.819886747813687,269384.0177239028,304,304,1,30386.970708147946,132.37013686550802,16261.402865191738,13279.867891223545,144253.59495880886,84571.80670753465,0.07395515352896706,1.2245154092186898,0,0
1230,9189695,1847759,3207187,948784,3185965,0.8179610622942362,7.21891003164124e-8,0.20179392823632866,0.0000013633524714119301,0.9348707438059696,0,0,14047,13922,15295,191.49646235809692,30.234154859117016,6.333779239089654,6.235749632649296,15.169300505184628,102.18419933252635,2418.726005516276,379.31135350834086,6.736249921187954,159.44875010483136,1,271371.510118335,893034.1004003212,271371.510118335,243931279012.42984,4.360063644965715,0,252776484869.5217,252776484869.5217,1759794082.650041,252776484869.5217,196503697.3945977,250303334388.83298,2276646783.294138,0,0,0,251016690786.8718,1,2.566049015763042,21,101,532143,1838207,532143,1838207,1,1,1,6137,20660,4591.897416877298,19033.96461049858,142.20717928318388,213.9662584799135,3,2,3,0,0.9497823286558814,0.9435458850313495,1,0.9593307171211809,0.9922040623182063,0.9981754814446651,3,246428.14686793537,12.475532146793615,0.012024331130585507,1001.8149642077069,19657.252046035435,324299.14364404214,19.47896575068806,31518.363382442174,17.31952996285317,266124.1291236641,304,304,1,30397.203408902067,140.37692507195533,15554.580709947537,12879.36760940825,91389.48572986525,102332.45696655853,0.06061456661634502,1.2077130789080879,0,0
1260,9191130,1743613,3305312,943249,3198956,0.8204132562872295,2.605558681676362e-8,0.09054543813610434,4.930721181924655e-7,0.9332598929620188,0,0,13922,13846,15281,261.2367370346572,25.961143970881526,10.062604996438713,4.675847287115401,9.62562537728872,102.41379387702351,2246.5690095375585,398.20283422411075,10.639702862181274,233.39460258221231,0.13713010199922937,482200.3992634355,280839.0726622347,66124.18993506406,312138510311.56274,4.040120895867898,0,252794799195.9201,252794799195.9201,2401060810.861692,252794799195.92014,209173834.06952712,250306329165.7133,2279296196.137344,0,0,0,250393738385.0588,1.0000004255924033,2.871326956927226,21,101,500166,1849500,500166,1849501,1,1.000000540686672,1,6137,20703,4157.895558024975,18552.968531024988,214.4484199371293,242.9210466790942,3,1,3,0,0.919015950695627,0.9440257465180923,0.9997939099940044,0.9331487416583165,0.9887059143297315,0.9981470870837044,8,246354.94574859706,12.581609857835875,0.01124558315880694,1095.1161223954387,30824.532151109903,322069.39021205605,23.485408819557776,32882.5002492309,24.474925654904876,363284.8343103361,304,304,1,30400,150.51646054429133,12280.631718547673,12331.157191229437,81662.01167144651,125784.14385415307,0.09570773593483844,0.9959026170943875,0,0
1290,9192652,1818726,3224243,937761,3211922,0.8228650622282231,9.404522002250173e-9,0.03305730056420359,1.7832520851120918e-7,0.9316516060871226,0,0,13846,13756,15278,36.735784604745554,19.50160977673039,1.8837308830053217,2.302881570083069,7.856449353119571,95.24048615973908,1346.792200875179,301.64052397732166,12.122586410096542,171.425047160828,0.9999999999999987,262510.3965348975,840127.561759867,262510.39653489715,217232003755.98993,3.784515060396992,0,252808239077.04498,252808239077.04498,337699283.81869286,252808239077.045,236052550.24832374,250290000623.21185,2282185903.584878,0,0,0,252470539793.22665,0.9993544871995045,3.204339129565946,21,101,523125,1622456,521738,1622458,0.9973486260454002,1.0000012326990686,0.9945546342535884,6183,20718,4517.780319912492,16891.8081764349,197.72458648591336,391.12260514230053,3,0,0,0,0.9285193738023644,0.9412552149364671,0.9982500192160756,0.94797146736876,0.9852250714827406,0.9983902480297702,4,265236.70578174375,14.843981004446073,0.005254389107135781,1131.0707394838869,18770.677469689694,277457.83935131854,14.065371543204344,37889.94393069186,20.022532702758955,280566.537324894,304,304,1,30400,157.2188130033259,13858.813901855247,11624.837464914457,70534.59124980921,130677.73952500876,0.0676523594127833,1.1921727029460216,0,0
1320,9194193,1715622,3321286,932380,3224905,0.8253644894844218,3.3945764777654714e-9,0.011988337810557439,6.44933647985212e-8,0.9300475854705247,0,0,13756,13727,15268,34.99065213743178,22.692910260926272,1.54191999770432,1.5063198133503057,7.582126844599836,89.99973072138597,1088.813027654525,269.26041534798276,11.86998484277348,143.60258671087817,0.978124419128407,287249.71679777483,712036.1721414581,280965.9623876229,195951125683.88632,3.1488420385321376,0,252883107886.2644,252883107886.2644,321710808.94777423,252883107886.26453,250165373.961273,250342763859.8361,2290178652.4671526,0,0,0,252561397077.31717,0.9975122448132275,3.544965210288877,21,101,552563,1831916,547242,1831305,0.9903703288131851,0.9996664694232705,0.98368802153267,6240,20722,4708.274398242613,17754.79754805069,205.2772682199301,569.7282906935952,3,0,0,0,0.9145947755889611,0.9301710272896925,0.993566894165177,0.9430375665973549,0.9796369828019639,0.9957114789253843,7,240737.61661662377,12.145445935688826,0.003377320916926984,1191.6679192525391,19029.93162319401,261638.86933492406,10.689376296943509,35999.50951936757,17.392961651767273,329189.3100079804,307,307,0.9982671009771987,30699.9973932,169.4470336906412,10649.995026308006,12039.986631932818,77153.15814224872,158253.27439826634,0.07273357995915272,0.8845520640414805,0,0
1350,9195803,1727839,3303074,927044,3237846,0.8278596747747377,1.2252448286805328e-9,0.004347537575976667,2.3324767921264933e-8,0.9284470317600323,0,0,13727,13647,15257,43.527889099377774,17.45674151124122,2.4934715949908584,1.6098505451105005,8.584600379188135,82.65757458188416,1000.4785067031916,279.7444698808623,9.628587346042691,116.54339893662109,1,262649.4307670548,369574.89415783936,262649.4307670549,179363325938.71545,2.3727307288242354,0,252881733842.62878,252881733842.62878,400273893.1640401,252881733842.6289,275539052.55176353,250310481781.52734,2295713008.5497675,0,0,0,252481459949.46515,0.997322866730478,3.8951448994525313,21,101,411305,1831766,405300,1831766,0.9854001288581467,1,0.9746784735399536,6240,20723,4011.7359596302326,17990.3787902444,271.72221668761716,710.5611458589339,3,1,0,3,0.9308832005849028,0.9235381206218805,0.9956535591103379,0.9642483616955393,0.973272253320213,0.9961423263477641,7,266177.8902489039,14.278231768695454,0.004545542525146183,1362.4592464480882,7895.336889690153,267520.1688233037,8.821873922628829,33328.51248960798,15.452450874100398,391468.7388416997,307,307,0.9974071661237786,30699.9953844,195.26999073919953,11514.36805709139,11875.874591217516,81075.8966675818,154064.92993135095,0.029513052882771614,0.9695595864246099,0,0
1380,9197497,1672637,3352327,921786,3250747,0.8303607747239582,4.422490407841651e-10,0.0015766108343093503,8.435670867545495e-9,0.9268500984561343,0,0,13647,13559,15253,103.11667107979659,18.032342054725476,5.7184291850084055,1.7086284456348757,9.02692712641556,83.38623509355989,807.2212796648062,284.6587987712149,9.23749953065935,89.42370624690533,0.9362420039661133,274223.6089524867,1197257.7046164814,256739.66118049598,168962159368.67154,1.69376411665383,0,238002296081.04492,238002296081.04492,948415272.9066883,238002296081.0449,297021754.96710825,235400842701.58536,2304431624.4924474,0,0,0,237053880808.13846,0.9995703371049143,4.169169114477939,21,101,569735,1757671,568733,1757673,0.9982412876161725,1.0000011378693738,0.9969801449048233,6240,20723,4725.97114594077,17492.147156512616,252.01762854334436,747.3471447605256,3,3,0,0,0.9183529002469423,0.9206282046685746,0.9991200321531881,0.9503030443969064,0.9692916766986559,0.9961288041096955,11,253696.60841475727,13.086104923117837,0.0033395372530781787,1399.1774716570653,0,266035.0717114504,7.269606550444058,35166.517328610964,19.458883834115124,389882.94917343574,307,307,0.999413680781759,30699.999927692945,189.33204507424594,10641.26154985064,11989.107117803589,82387.30278757468,153850.50630472996,0,0.8875774855700952,0,0
1410,9199234,1968418,3050490,916666,3263660,0.8329154469458296,1.596291767476925e-10,0.0005717461315676495,3.050857493020521e-9,0.9252562767726096,0,0,13559,13506,15243,41.44519449210343,16.228005916806417,2.5539302058782845,1.720268358558764,10.859571069954205,86.93050275747582,622.1516822930078,237.84867095744465,8.004966512719035,57.29063130443064,0.7865263435075933,281124.93267039506,221112.16536206455,221112.1653620642,133586987183.3309,1.1615382592161523,0,238132568401.94144,238132568401.94144,381264042.3086929,238132568401.94147,353013426.52965236,235463007254.8515,2316547720.5603104,0,0,0,237751304359.6331,0.9986374709710181,4.28416748506809,21,101,378299,1449185,376704,1448290,0.9957837583498766,0.9993824114933566,0.9927016421305206,6194,20732,3469.2426103506386,14618.805275316163,246.06179404781827,807.0444947239413,3,3,0,0,0.897591603383879,0.9223193673084923,0.9958921600668841,0.9291546506221301,0.9675263250826731,0.998754737579421,5,256644.1055604535,16.875284339156412,0.0012625211654208157,1161.1545770467403,40443.764215621806,176711.35477190802,6.316552976307143,24118.641342126288,11.858542047246457,308333.6277848864,307,307,1,30700,154.20145785442605,8781.594132870983,9538.224670097166,84048.85649486314,170391.5954223242,0.2288690744735957,0.9206738608707489,0,0
1440,9200947,1728887,3406084,911608,3154368,0.7918206354037832,5.761824649822394e-11,0.00020733785642967255,1.0691444825924192e-9,0.9236666617034095,0,0,13310,13293,15006,178.68210231079834,16.14762001724026,11.065537962871655,1.4761642335943814,9.060631627465613,71.57996077021335,553.707300585629,219.46772181871435,7.900107157345638,61.11133564984242,0.904952900712971,283585.688235939,1125047.086994865,256631.69116979727,125533955557.88022,1.238682611096287,0,238322279423.7153,238322279423.7153,1644044553.2106912,238322279423.71527,418447574.63670796,235575653050.40225,2328178798.6763525,0,0,0,236678234870.505,0.9993946655769723,4.260386425631398,21,101,525017,1640728,525017,1639417,1,0.9992009644499271,1,6194,20744,3946.4098679149897,15393.791430548827,284.9933756862846,783.6259721271217,4,4,0,6,0.8415676383852525,0.9255651367561539,0.9960051365877335,0.8722263103908079,0.9667535506779669,0.9981836404438873,8,215200.97326403132,11.931117692516269,0.0008881595034122714,938.578914775693,12361.197842920918,190608.54889178587,6.016915149906019,23728.90807763532,15.614960363481892,379811.923284634,307,307,1,30700,127.75637188696177,9766.556134604913,10174.290786592126,85363.25901036772,172624.4428256385,0.06485122474721076,0.959925005040692,0,0
1470,9202063,2072420,3055893,906389,3167361,0.7943645405418897,2.079682309713396e-11,0.00007484522187711047,3.8666841168350483e-10,0.9220656281096967,0,0,13478,14111,15227,708.1754926360844,17.29614956388761,40.94411244654557,1.49757392409792,8.36953479451242,69.92287283489868,522.398020290175,206.65107131074097,8.354451537825543,62.41661372059666,0.9096607745199626,473701.06078564463,430907.2738451974,430907.2738451974,117942805701.02237,1.171075731371401,0,205482574778.81454,205482574778.81454,6516675498.293894,205482574778.81454,490549214.29298687,201957089729.4746,3034578249.790374,0,357585.25657839415,0,198965899280.52115,0.9975664251152275,4.3365589257986965,21,101,502076,1675790,502076,1670490,1,0.9968373125510953,1,6194,20744,3927.17785821883,15553.350598883486,282.8698627623013,841.1980433169155,4,4,0,9,0.8767050733756593,0.929932784711085,0.9944116056373294,0.9112399488860364,0.9644749391856989,0.9970134967047698,12,268456.53348152456,14.827988663075343,0.002727202814851529,784.6322736160317,0,201779.31401551625,5.557112971349131,54792.18930651216,22.05238546967374,644239.9810645299,307,307,1,30700,103.62856800889294,9055.459569532693,10247.418944408517,88026.71223917046,172151.27623588906,0,0.8836819904268466,0,0
1500,9203261,1909018,3212756,901141,3180346,0.7968893199895193,7.506442922911186e-12,0.000027018302108350043,1.3984308297725337e-10,0.9204675386257111,0,0,14111,14019,15217,1129.8092555204346,29.491823029940754,38.309237593533204,1.6522258149699116,6.354995186315699,52.284784118251594,656.5504029958515,211.53279955478297,8.227352277282154,103.31249414784936,0.9545047611812153,592376.1205171495,1009095.0849748473,565425.8274436765,121093804075.20839,1.7483568734749544,0,188110292070.6992,188110292070.6992,10397929458.770948,188110292070.69916,589289446.4155535,169252572140.70532,18268072898.321747,0,357585.25657839415,0,177712362611.92883,0.9813051527318867,4.452162313924285,21,101,583782,1888557,579904,1846215,0.9933571093319081,0.9775797076815791,0.9878300439176676,6194,20758,4776.056414881765,17476.361371346473,201.4180173741485,565.7812928852667,0,0,0,0,0.8953842146742786,0.9295835518660043,0.9880531979760078,0.9343444125807626,0.9679373037341025,0.9945218823644355,53,241359.02370124246,11.938030592954878,0.002796886144307292,713.8495926997732,12372.19147302469,248464.63632730796,6.9841714414202904,41370.29010590986,31.139499552412563,316575.73541173775,307,307,0.9975244299674267,30699.9924,102.02392602055538,11687.860130825677,11830.664101943858,79416.26588997236,161597.28279958086,0.049794577030779254,0.9879293360129532,0,0
1530,9204577,1845896,3269040,896283,3193358,0.7995488115589325,2.7093731144972154e-12,0.000009753239028640168,5.0575861036691034e-11,0.9188734039597909,0,0,14019,13893,15209,1008.5394784702142,40.85754402898296,24.684290317469657,2.3384012559223386,7.199901612292331,59.39457649843526,855.3857765227202,257.3735453665016,8.249359463055912,118.80520354088274,0.860288620892165,316788.6951050277,272529.7096261331,272529.7096261328,135152962519.93945,2.2991803957320376,0,141877978774.0813,141877978774.0813,9283179287.119452,141877978774.08127,690067074.0351219,102776568087.53075,38410986027.258804,0,357585.25657839415,0,132594799486.96223,0.9828917714539203,4.619168133659403,21,101,511806,2067070,499298,2035458,0.9755610524300223,0.9847068555975366,0.9759372224302084,6194,20757,4733.114016598281,19689.417638649084,161.6468502615493,394.7754098771939,0,5,0,0,0.8790291083886282,0.9297288364054926,0.9747022822723462,0.9303805913400607,0.9680332779480907,0.9945622637337798,61,240292.69236352894,11.37589696350397,0.002592904795347675,892.6451960897886,20561.655933839087,264691.69776504504,7.204345937265982,34430.3600870169,38.52031776002679,305684.32371932664,307,307,0.9958762214983713,30699.991797399998,132.52389078183148,12928.235674074811,12887.524378386177,107828.43706994488,153798.92449872394,0.07768152952077381,1.0031589694415564,0,0
1560,9205937,1691808,3416244,891610,3206275,0.8022402669354188,9.779307012583433e-13,0.0000035208187000789163,1.8291342447153772e-11,0.9172830533165717,0,0,13893,13842,15202,761.7817371520782,39.8560162023596,19.11334372417729,4.891947185109378,11.732866257380351,92.59657143487236,1090.1304611055473,342.6085322050972,7.892067411628947,92.91254474326084,0.9954433218877361,293408.1673205474,561032.907341167,292071.2007465584,159824546867.8968,2.3770439513875927,0,141743798345.085,141743798345.085,7012914679.973032,141743798345.08496,697459086.1400142,102596384124.44508,38449597549.24327,0,357585.25657839415,0,134730883665.11226,0.9932106611117767,4.879221389447548,21,101,488108,2074439,480441,2064708,0.9842924106959935,0.9953090932054401,0.9765982225367499,6194,20757,4733.474545965798,20268.276941234926,139.5013728569415,230.8743335712135,3,8,0,0,0.8989523486505356,0.9269067305867689,0.9781780151904489,0.951857816179393,0.9666835358189491,0.9942616738220155,70,256350.1083082251,12.086527349474242,0.005386874935253313,1309.2289239565494,20471.219190755863,301598.7583137978,8.808092075102502,37554.06250107962,48.02272176658204,755910.3238049195,307,307,0.9958762214983713,30699.991797399998,193.3543503056043,11221.588901080224,13458.839057766892,123143.70636162629,146762.40912378192,0.06787567463874179,0.8337709406372918,0,0
1590,9207439,1661835,3439360,887062,3219182,0.8049572698161901,3.529876977163425e-13,0.0000012709723934678115,6.6152745926822285e-12,0.9156976223247312,0,0,13842,13691,15193,416.4045199056809,42.63953089136375,9.765691863885394,7.210681073190607,17.07390617411064,123.83242134273708,1569.0774260950823,467.81775698939373,7.252729403568212,91.89914774595005,0.9988238476769451,287619.9229187565,765638.0274023903,287281.6380782587,200099318708.3237,2.817471359957532,0,142216872571.78088,142216872571.78088,3834019216.3565254,142216872571.78082,699638632.7458159,102999207414.38896,38517668939.38946,0,357585.25657839415,0,138382853355.42487,0.9964860309240057,5.192988140572048,21,101,535057,2062860,530859,2057929,0.9921541069456151,0.9976096293495439,0.9882611813795801,6194,20757,4885.4638634373705,20134.185326423943,161.99788405029705,184.88741656876368,3,5,0,0,0.8759911722408718,0.9228541325633077,0.984398951463534,0.9277406019686403,0.9623053463647462,0.9940072704603616,73,242113.99076668094,11.222888429644186,0.004407252821147493,2004.503706987496,20023.14898045633,293177.3456286242,10.485445032662097,38806.01221971052,56.80552100525215,205945.71814876638,307,307,0.9958762214983713,30699.991797399998,295.90298805090896,15762.271494960882,13309.395874854892,120159.94474650675,137635.42418944038,0.0682970539129589,1.1842965408174646,0,0
1620,9209023,1740153,3354012,882770,3232088,0.8077590733712002,1.2741112231134217e-13,4.588045985256944e-7,2.3924902211535938e-12,0.9141156450581132,0,0,13691,13598,15182,220.29950927595777,41.32104308269752,5.331412104846027,7.004286357938814,19.682692603829807,144.75552552400927,2023.977058801739,535.5620509597611,7.354457463601455,102.83029357517472,0.5540189436788147,491604.7818779978,272358.3619635051,272358.3619635024,244639366000.12204,3.0782803812991366,0,142424861539.55023,142424861539.55023,2028743247.8115962,142424861539.5502,706106093.934298,103184535948.45937,38533861911.89996,0,357585.25657839415,0,140396118291.73917,0.9984005268475259,5.539268847005062,21,101,453362,2039959,453365,2035968,1.0000066172286164,0.998043588130938,1,6194,20757,4061.2304927988453,19813.884419208964,228.34986266193647,249.60901568571913,3,8,0,0,0.8706832192900206,0.9172236453587,0.9937789570264256,0.9202057179436085,0.956746693967796,0.9933784255145252,79,270870.0169245237,13.057474444336233,0.004430256660935587,2349.46091655872,14546.34205458163,287952.3706986788,14.620727638043828,25098.16720049207,62.400921804628304,199231.1275728558,307,307,0.9958762214983713,30699.991797399998,325.8823292610843,13400.333237489276,12671.30796881382,113335.05500456807,140151.8747047942,0.050516486526180814,1.0575335451138672,0,0
1650,9210650,1740763,3346422,878531,3244934,0.8105592778717503,4.5988249137517566e-14,1.6562335908028938e-7,8.652716343245117e-13,0.9125376602085629,0,0,13598,13546,15173,312.4576185879229,37.582047264477985,8.314012709021666,5.71165390681744,12.71092040300677,165.28305368353338,2656.3404954620178,619.7967928972259,13.003232531016058,208.98097157729507,1,287998.9765102839,710152.2382835668,287998.9765102839,292709535808.75507,2.8226105765985148,0,142460362414.57407,142460362414.57407,2877937764.6474457,142460362414.57397,722994150.7783471,103169079339.06221,38567931339.476845,0,357585.25657839415,0,139582424649.9271,0.9997575647124571,5.994947877514812,21,101,436376,1956015,436376,1955435,1,0.9997034787565535,1,6194,20757,3404.250815880084,19169.082325766336,316.02329481536606,427.42259568895133,3,8,3,3,0.8194460243741826,0.9104092375644978,0.9990240976116217,0.8708848907756565,0.9504903404540678,0.9922033958996906,102,240762.84753658448,12.079358153462016,0.0027248028873072044,2720.7711615054345,28045.672261413238,246587.61817640244,16.663112356957612,43118.558269941,67.19833328310348,407871.7307336516,307,307,0.9958762214983713,30699.991797399998,385.9055067635548,11791.137426460593,11515.269594405336,97344.86994746675,150110.199110849,0.11373511966586289,1.023956697652071,0,0
1680,9212190,1771445,3308674,874281,3257790,0.8133807495454338,1.659984230236394e-14,5.978989731167237e-8,3.1293544882520413e-13,0.9109603688156671,0,0,13546,13623,15163,311.90833691490275,39.30912840612195,7.93475585854828,2.2286038949839257,10.773641882761352,128.72879990545877,4149.315047328328,775.7219614816628,11.948494418719697,385.1357871814496,1,287791.8957870881,810223.6433941204,287791.89578708814,297455766571.4938,2.6044868362469034,0,142540783667.2223,142540783667.2223,2873358862.244924,142540783667.2221,741221438.2653368,103214142792.49474,38585061851.205475,0,357585.25657839415,0,139667424804.9779,1,6.588316943258357,21,101,513935,1930873,513935,1930873,1,1,1,6194,20751,3644.7824799640653,18254.614742844766,388.27961167583345,475.7652992894689,3,10,6,3,0.7158151615059827,0.9013225484119362,1,0.7709353650876836,0.9460198028223127,0.9904997033953343,130,248085.85724843564,12.176949220475503,0.0014553160655333744,2647.338892399593,882.6495562987238,303897.4344279933,31.57667651198429,9839.429777381343,78.81476792516709,581721.1340040418,307,307,0.993400651465798,16599.759568884936,355.13070788903065,6467.802135959742,10826.904033905876,108050.63678230155,77664.68642344953,0.002904432404834475,0.5973824202842261,0,0
1710,9213833,1643799,3429502,869934,3270598,0.8161416009024499,5.991809975973125e-15,2.158382282424671e-8,1.1317670803791167e-13,0.9093886333733203,0,0,13623,13511,15154,1607.652407175127,32.660395771287085,49.223298408051484,1.6484644825604764,9.726220138556274,106.1690605474639,3459.2016344063745,750.9306987863674,10.915757512683983,355.6573453127544,0.23237034585121752,684776.4036646162,159121.7297502998,159121.7297502998,315994121180.32385,2.003692060559919,0,142887419549.0463,142887419549.0463,14812640801.760721,142887419549.0461,751390547.3118149,103537028160.59036,38598643255.88737,0,357585.25657839415,0,128074778747.28648,0.9946658393263594,7.217606417185353,21,101,510309,1961870,510281,1948711,0.999945131283203,0.9932926238741608,0.999897804848138,6177,20766,3485.202297325811,17640.951274792038,315.21683948848556,633.2911284571919,3,7,0,0,0.6879706778097152,0.8495004020864415,0.9925463939234505,0.7562453956790536,0.9391506844667413,0.9893887878851817,162,199794.89484986162,9.750087589542137,0.0037599127183192763,2039.4425588652575,27643.018968695702,283851.2589228547,46.28944678998896,0,113.44613876678082,169059.37868128187,307,307,0.9915504885993486,5.865589092406713e-7,259.3141952985532,13651.615619926419,9363.069850160678,215880.18117564984,34133.62420930921,0.09738557818483569,1.458027745002046,0,0
1740,9215687,1403513,3663205,865576,3283393,0.8188671641089952,2.1628214535839778e-15,7.79162970319979e-9,4.093165951759394e-14,0.9078231498096669,0,0,13511,13291,15145,2876.788463563534,41.3627534958079,69.55021656996543,1.763161369832843,9.308335083466384,101.04962762401554,3212.9496079954774,668.9927665175778,10.855821875546953,345.16909621167065,0.037805045408760174,4929740.731562053,186369.07221011783,186369.07221011806,270108415924.67072,2.7277134884375416,0,144321707242.4357,144321707242.4357,26511582045.414383,144321707242.43555,746422662.3976873,104971946213.8079,38602980780.97343,0,357585.25657839415,0,117810125197.02316,0.9948464515053491,7.537323912386015,21,101,683681,1811687,681025,1801483,0.9961151472689749,0.9943676805099335,0.995411861227092,6177,20856,5312.0182724994,15795.877541237158,185.02946770926835,583.5493318701278,0,3,0,12,0.6484894604109971,0.8074878126984717,0.9903000657530578,0.7291143091705709,0.9308603727676276,0.9897369374005193,162,203226.4505884257,9.823603416629911,0.008244606849786881,1774.5662453991947,19581.038328681287,271114.3499322735,66.20868671947494,0,107.88263374369659,87045.69526726303,307,307,0.9926319218241042,4.291248803219016e-7,238.70768383863327,11344.49898561321,8777.695239118726,301462.1972758018,29060.258581212485,0.07222427855099807,1.292423429678357,0,0
1770,9217647,1504515,3555793,861187,3296152,0.8215584901156214,7.806851536274711e-16,2.812718598207919e-9,1.4803405929628356e-14,0.906261109803836,0,0,13291,13177,15137,3022.125030840985,46.523024785652005,64.95977088258947,1.8961261964000007,8.080939857396489,91.97891560270783,3276.435693750683,615.1690546513752,11.382205192199207,405.4523052478555,0.012475675621141158,9894070.835719323,123435.21831902678,123435.21831902678,204210553470.0761,3.2364096617083424,0,144239783411.27008,144239783411.27008,27856881724.15603,144239783411.26993,729415490.1396397,104890793936.91501,38619216398.95875,0,357585.25657839415,0,116382901687.11362,0.9989922254904183,7.578090466654921,21,101,629117,1665047,629119,1662733,1.0000031790589032,0.9986102494404062,1.0000025762704878,6177,20780,5103.181645076888,14514.069233575043,174.10214477399677,646.7625652939024,0,6,0,9,0.641449208559337,0.7707682001692989,0.99500355705139,0.7280892309387395,0.9236626107561433,0.9929216436053172,146,211137.08562577452,11.0550115256539,0.017925915009711774,1818.7218442939595,14553.522736133848,282429.0216890016,85.35399929913746,25083.241586888646,105.9518926721861,98339.59481862036,307,307,0.9966188925081433,0.027568927001785034,250.82432231617815,7981.6359133628985,8096.427486445886,358924.2652796529,24767.452899987777,0.05152984154779797,0.9858219476089722,0,0
1800,9219636,1000384,4193601,856882,3168769,0.7750601898157196,0.013882103599990071,1.0153764208876593e-9,0.18637258664789866,0.9049387633090937,0,0,13005,12958,14947,3370.7617034359637,43.40874623165697,77.65167151908541,2.59139192242112,8.514250149365978,117.30036898857786,4204.538736730093,764.4182101721021,13.776946522685002,493.82372645501704,0.008138304400716279,15576647.925597515,126767.50236129732,126767.50236129732,140674578374.2181,4.393814112281578,0,144420215404.85916,144420215404.85916,31077195948.41533,144420215404.85904,690594035.0666761,105098077955.67482,38631185828.86101,0,357585.25657839415,0,113343019456.43965,0.9706487221723169,7.209580007849664,21,101,703542,1846841,699235,1776291,0.993878119572108,0.9617996351607961,0.9899729613625452,6177,20767,5746.668413327485,15609.058206531929,99.03633786411537,825.070111994476,0,9,0,15,0.5570363696930679,0.7257980447022475,0.9893514265760123,0.6653860020131476,0.9095364699101209,0.9940582492752373,113,151491.55185079473,7.3434842623730745,0.013354672083411711,2099.600161489509,0,298241.7417395914,93.0838283351551,0,103.20980722436275,74448.7045345209,307,307,0.9991205211726385,4.198370891439649e-47,345.59809273392676,85.27777777777749,8045.413719867154,521713.69929850916,821.9717626660281,0,0.010599551588900216,0,0
1830,9216452,493083,4688672,853361,3181336,0.7786352307278133,0.30889135665564915,0.0010393037017388613,0.6241079385256557,0.4273156307872053,0.5710237518732805,0,13135,18500,15316,3697.920351515966,54.20973615136637,68.21505902907367,2.5728443944763777,11.131760361867029,174.78190722317152,6768.145705921645,1162.107505066046,15.701192043434983,608.0031806206152,0.0025432311779713945,19589753.247263312,49821.27122720515,49821.271227205274,123062053417.53954,8.178046660063883,0,224792223506.08105,224792223506.08105,34081705419.569748,224792223506.08087,900872640.2765177,187224624610.67145,36666726255.13295,0,0,0,190710518086.51096,0.7199389460649168,6.9310450166642354,21,101,1333736,3211098,908608,2363395,0.6812502624207489,0.7360083684770754,0.5474192880569205,6177,20754,5660.656363920455,15657.818655049701,94.51766872287205,868.3846281996948,2,17,0,21,0.45460694998674495,0.6709505156646643,0.8931811797429087,0.6220745624022808,0.8912165006062522,0.9941271497399485,117,30616.391978260606,1.1228495320423828,0.026311159275985197,2626.9050371652547,0,256607.4844997087,140.30181662059886,0,127.11852268102683,55040.43989290733,307,307,1,0,528.6497019946506,85.27777777777749,7688.38800818641,659158.2949898593,670.1731862255917,0,0.011091763018070338,0,0
1860,9099873,958821,4122894,856736,3161422,0.7907090421245584,0.6866004134320475,0.0010998843791468768,0.8433758226731104,0.028795017249141828,0.8341006517343703,0.1371043310164878,18500,130823,14244,3499.561273386782,63.91553782409012,54.75290348050201,1.9830208520511217,14.715021486490512,231.3717916871093,8498.92703242621,1499.7069769368693,15.72351028501901,577.5681021076904,0.0010680824705355807,19855389.12883325,21207.193074170165,21207.19307417084,127649665855.98935,14.56330502585062,0,988319942635.9998,988319942635.9998,31845563143.535595,988319942636,1005352584.6099232,942369719481.1519,44944870570.237976,0,0,0,956474379492.4625,0.669469914482418,6.979719091948381,21,101,1297298,3399397,839350,2304946,0.646998607875754,0.678045547489746,0.5164793568425171,6177,20753,5240.07568048305,14950.619263013932,156.72074040691422,963.9099787878413,1,31,3,30,0.3542431777953159,0.5810776967204635,0.8670242216783713,0.5825505944171745,0.848813177486744,0.9945189074779882,109,22096.354310439612,0.8432929079363881,0.03249122973084026,2927.314954474292,0,223763.5337951912,179.71075406727422,0,154.2745136713074,1001.9320611679368,330,330,0.999201860201024,0,641.8507041913019,110.56626099119298,6486.623852126181,786729.5344075961,1228.5262668409327,0,0.017045270931649852,0,0
1890,8622120,1174518,3591225,851354,3005023,0.8091869410499055,0.8696819120441156,0.0005665293976175212,0.9347949639611774,0.0011237375494657926,0.10144419237960038,0.8974320700709338,130823,488146,10393,3468.986083811682,88.27548813540193,39.29727444260354,1.990432872455037,24.607140460616154,307.0317498752979,7693.393409821886,2005.6090607640544,12.477343735518708,312.6488192374567,0.00021120692375142802,18672451.99497505,3943.7511447543156,3943.751144754266,123646591387.20753,21.348375825961618,0,2016380751671.5657,2016380751671.5657,29910014292.95617,2016380751671.5654,1039272312.2454116,1957591656076.9246,57749823282.3958,0,0,0,1986470737378.6128,0.6118715832210407,7.127088356208564,21,101,1277326,3305938,687174,2117195,0.5379785583320155,0.6404218711905668,0.40844767978698276,6156,20741,5060.410192049236,14460.161981000645,118.65358428834733,1021.8382274690421,9,41,3,36,0.3146697630797394,0.49099716562711576,0.7718321028966989,0.6307531124464779,0.7874734699071196,0.996475954974718,37,32052.965288716765,1.3715583914406455,0.027121169808093218,3053.7474745523696,0,215012.33564932522,187.27357487124095,0,196.782958996407,0,330,330,0.9968701041204845,0,504.89934996590944,64.16666666666644,6101.319915708115,921085.3861680097,468.89479997190443,0,0.010516850050997416,0,0
1920,7615540,1265677,2907797,777879,2664187,0.824748399055559,0.9492252288307791,0.00881113401809662,0.975347272257337,0.000012605803396738774,0.01547441153220914,0.9845129826643941,488047,1011308,4728,3883.6931766903053,122.556044410496,31.68911982571866,1.9447128618531162,30.961634645197215,261.75067559047454,6392.218652973248,2477.65649639003,8.454032824493568,206.45611015776302,3.6967429117851225e-11,16527860.91731661,0.0006757039865987611,0.0006109914264403009,119404505156.05739,28.279282844118892,0,2018009277256.0706,2018009277256.0706,29576420734.810932,2018009277256.0703,1036284390.718559,1959189599332.3416,57783393533.01049,0,0,0,1988432856521.2588,0.5249720218044844,8.142494497070839,21,101,1243194,3268355,508394,1860043,0.40894180634719923,0.5691067830758899,0.2758060253120934,6142,20709,4771.422231655399,14604.088914555843,98.90223333431355,1156.4241240999313,5,53,6,42,0.18387411041519683,0.40698447424971385,0.6196663657497555,0.6212404677175971,0.7098118900807106,0.9975655034467191,23,7971.067147683614,0.4038646827937723,0.02584576821581558,2879.0954275226095,0,210480.79953068477,203.1509240107828,0,219.84980610398205,0,330,330,0.9356217042198292,0.2856429812049794,132.29509666306762,137.24782273589074,5861.587380585392,1081040.8233836154,0,0,0.023414787467040014,0,0
1950,5585263,1117863,2061404,228929,2177067,0.7567769551912438,0.9808016340614851,0.053150840359111065,0.9904811907676212,0.000001969468581873405,0.00007233320973425961,0.9999256973216839,948796,1585969,0,5153.1680075488375,199.04628983206229,25.8892944545544,2.005982290101368,39.45845596615449,424.6154523931893,3969.579413176644,1178.3255723876275,10.761076225521936,100.60148872985685,0,11850437.852525296,0.00004196413698585111,0,100609946654.46483,42.41267966977207,0,2034987479000.446,2034987479000.446,28781798605.343254,2034987479000.4456,1016513690.6585251,1976385083786.1104,57585881523.676956,0,0,0,2006205680395.1003,0.4025770682156343,11.905459615095356,21,101,1225177,3669610,380914,1589615,0.3109052814409673,0.4331836353181946,0.170413526787388,6142,20733,4597.688403769997,16457.697153961042,176.78039346566277,1137.1668461249674,10,66,6,42,0.07235029719925216,0.3290844351932911,0.3629251605452481,0.6669048509227817,0.6187503847174091,0.9980421794423519,20,1406.9789609745799,0.08568129437168882,0.01868518555603243,1540.946112567492,0,222086.2769299687,142.1416290120141,0,236.1836517942265,0,330,330,0.8522883733807184,2.0604789733217673e-95,152.64664478962607,2.060478973318827e-95,6121.241501897228,1404650.341120838,0,0,3.366112859099251e-99,0,0
1980,3553283,763695,1003914,165226,1620448,1.0102200203778098,0.9921239092050195,0.19547801591959607,0.9965499981891524,0,0.000006472887186300669,0.9999935271128138,1091893,1425435,0,8398.277012493973,358.3826991167759,23.43382376769663,2.028792092981666,73.8328408455323,759.0932752965709,6480.335905953578,1513.8658154409923,10.281241607439847,87.77037198814095,0,7229146.351361541,0.0000017789084726810025,0,108046682445.0758,93.63329529733278,0,2137488081965.0479,2137488081965.0479,29841454937.785397,2137488081965.0483,1011890347.7718962,2078884278373.0312,57591913244.245155,0,0,0,2107646627027.2625,0.19042421443714447,15.362904140001524,21,101,1213502,3645880,158482,766862,0.13059887828779845,0.2103365991201027,0.06525629251102938,6122,20711,4498.4,16456.7,171.88801966441704,1038.811894247186,12,78,9,45,0.012689153994345349,0.2559795707201486,0.1125898336684719,0.6634024631508343,0.5148318451971534,0.9985070833517704,16,737.3124194877744,0.09561578217239526,0.01025712006448737,1655.4217561266048,0,213283.89429565592,131.78107472070542,0,287.3020682451759,0,330,330,0.7690170629609256,0.0018467738983435865,161.64455137700338,0.0018467738983267777,5894.439640732483,1555519.8486097266,0,0,3.1330779698972114e-7,0,0
2010,1272335,113730,169721,114584,874300,3.488729974492946,0.9955667668806075,0.3977561625460203,0.998602581646112,0,0,1,810289,1219989,0,26460.830575928525,342.85165246110455,77.17865842554288,2.742437534382855,101.60596088545115,1229.2273229593386,13446.380015683659,2632.230480504775,12.097984333273013,132.33849567982415,0,2101528.390874206,6.563926967640633e-8,0,90536970007.01654,163.19785947488828,0,2209108498071.4194,2209108498071.4194,33667040870.823547,2209108498071.4185,968441404.1736424,2150530129824.9702,57609926842.27579,0,0,0,2175441457200.5967,0.028212719802541815,21.65886300357884,21,101,1317783,3900537,48545,98678,0.03683838689678043,0.025298567863860796,0.005062379832758626,6106,20687,4585.225882268368,16617.868641726433,121.90674362002608,1066.3014572523762,12,83,3,39,0.00024265884939951628,0.1886122487625984,0.00416953634594598,0.6656650099069079,0.403603406426776,0.9985107498344917,16,583.480499900559,0.47558914020273385,0.005517429071811774,2313.5242406459947,0,208487.56448856532,183.473212941111,0,419.8559094395193,0,330,330,0.6856837303447195,2.751812084887027e-54,717.2316665443687,2.751812084881533e-54,5890.866508260994,1724479.1228608447,0,0,4.671319713360604e-58,0,0
2040,99849,1627,2924,55054,40244,20.940013183915624,0.9910503215645412,0.6672059062405894,0.998614973260986,0,0,1,45743,70935,0,391023.99912475934,903.0403289669557,433.0083458975483,4.859860580158278,187.37701949429382,3105.366741848287,25544.1090738266,4348.283155021813,16.572826007315452,136.32466319918433,0,153349.11801136288,2.782524669910846e-9,0,67596842924.09505,225.3578036535544,0,2304073221205.0513,2304073221205.0513,39043355288.60792,2304073221205.0493,933006390.3484176,2245423038160.0977,57717176654.60437,0,0,0,2265029865916.445,0.000510916244546972,30.26878058931258,21,101,1047260,3663884,1145,1262,0.0010933292592097473,0.00034444321927222586,0.000040079424058676276,6093,20674,4504.735318696925,16521.36470877861,102.08822608116208,1148.294928940945,13,83,6,39,0,0.13701773667077663,0,0.6682712487421639,0.3073698315426696,0.9993223113607806,8,575.605499900559,28.69657664647573,0.00301645008612231,6094.306948496311,0,191913.67992491624,422.383830398467,0,874.8151364569663,0,357,357,0.6309541484979203,0,1861.6941680611405,0,5840.583340965424,1822886.7786125604,0,0,0,0,0
2070,27683,115,35,1123,26410,183.55333333333334,0.9927890098976238,0.8923826441031165,0.9984356057808219,0,0,1,8694,11743,0,1861950.4722165084,1678.405607699213,1109.3566797413778,5.236999159730816,231.38270723632886,3482.5556914924214,39489.43990228529,7379.913305162927,15.051062947134684,170.66720488299802,0,25565.550049765836,1.874801643388178e-9,0,39461123209.0154,296.91027972189187,0,3441356162190.9736,3441356162190.9736,51544374922.36954,3441356162190.973,891347651.4429722,3382509475676.7393,57955338862.79122,0,0,1,3389811787268.606,0.000008815898473762269,31.02204347673721,21,101,817598,2585345,12,18,0.000014677139621183027,0.00000696232030928174,0,6073,20655,4542.829341716721,16676.685431015114,106.1336947243082,1305.3072620335815,13,83,6,27,0,0.09093557929710132,0,0.6684598044499646,0.2127909473083772,0.9994761203204383,4,575.5721665672257,2302.288666268903,0.00225616803696028,12635.725257314827,0,187151.3708833498,719.4118650879377,0,1352.6020740197328,0,357,357,0.5476208151645873,0,3254.625013281839,0,5894.309659092174,1943509.000966167,0,0,0,0,0
2100,89,32,16,1,40,0.8541666666666666,0.9976087862909744,0.9360598621829129,0.9983918967487215,0,0,1,80,99,0,634815180.7559526,2280.645462126819,278348.91099818505,5.065648080789561,247.12128800311683,3604.2042255575884,52086.496867220645,12416.823335676881,14.584758175556814,210.77300659975396,0,168.3300144783046,1.874801643388178e-9,0,34270896605.079773,350.6149134262737,0,3439921240578.906,3439921240578.906,56498551087.27975,3439921240578.904,871206198.7979398,3381067372940.2485,57982661439.85828,0,0,0,3383422689491.6284,0.000005622750899640144,24.273746073530006,21,101,817777,2383503,10,8,0.000012228272499715693,0.0000033564044182029558,0,6057,20609,4491.900000000001,16556.133902542133,131.3482870295889,1149.5903578419352,13,83,9,30,0,0.05342416108324811,0,0.6684598044499662,0.12741667916695051,0.9996291347838507,2,575.5721665672257,3837.147777114838,0.0024065296354645795,19834.379737215317,0,187770.01852750764,992.6089017398173,0,1651.4235135741694,0,357,357,0.46428748183125423,0,4379.407636155637,0,5846.676084039481,2015656.8251677908,0,0,0,0,0
2130,1,1,0,0,0,0,0.9976034079277032,0.7750030142941562,0.9976034079277032,0,0,1,0,0,0,57727637749.15581,2539.0093395360086,22736284.128716614,2.9637750397627753,236.06733701289158,3460.422412640968,58336.50405979419,16821.328150591187,14.65862434179954,247.11806723438596,0,1.049445900417675,1.874801643388178e-9,0,23833143123.160797,367.9456050362467,0,3439889487892.293,3439889487892.293,57727637749.15577,3439889487892.292,824429937.6067071,3381067372940.2485,57997685014.4365,0,0,0,3382161850143.139,0,20.651740440344206,21,101,654193,2022836,0,0,0,0,0,6038,20633,4490.000000000001,16676.748116407718,170.35988738922504,1306.59992608781,13,83,9,36,0,0.0258639992314997,0,0.6684598044499646,0.06021638659703796,0.9996837430751039,2,575.5721665672257,0,0.0025809965055878965,24549.482639254948,0,188886.88863998128,1136.315302540992,0,1680.3219846155273,0,400,400,0.4385432442010614,0,4627.310656788254,0,5879.6522545577,2083844.251022691,0,0,0,0,0
2160,0,0,0,0,0,0,0,0,0,0,0,0,0,0,0,0,1682.1934442552201,0,2.6453975033617234,232.2122546175744,3279.355970041095,58564.88581601772,13273.99176065384,14.122234743561659,252.20411348430784,0,0,1.874801643388178e-9,0,27861815840.443462,234.5333690236022,0,3439837354004.0317,3439837354004.0317,59135780162.512245,3439837354004.031,789532668.7515537,3380672731649.1646,58375089686.114555,0,0,1,3380701573841.521,0,17.544688900679173,21,101,574301,1943938,0,0,0,0,0,6009,20564,3948.9722199999997,15995.001959548874,168.9961787504966,1312.0854562145207,13,83,9,45,0,0.015347711102601346,0,0.6684598050093977,0.036005840668840494,0.9997043726451393,2,575.5721665672257,0,0.0023768997678560687,26286.003056016485,0,179985.52052131505,1268.6839316865032,0,1576.1591082271914,0,400,400,0.3552099108677283,0,4436.387936384672,0,5539.992827652466,1978608.6195066564,0,0,0,0,0
2190,0,0,0,0,0,0,0,0,0,0,0,0,0,0,0,0,1032.4741348869761,0,2.5190497650660233,230.79296463309922,3134.410914388107,55858.53762224738,9797.607405753351,13.581050528862546,242.0287711588086,0,0,1.874801643388178e-9,0,19718741087.94298,137.32801793864232,0,3351523333967.0015,3351523333967.0015,59135780162.512245,3351523333967,451876678.8832565,3292759346821.917,58312110466.19991,0,0,0,3292387553804.4927,0,13.431187450563447,21,101,424485,1820697,0,0,0,0,0,5990,20537,3001.772219999998,15140.720419999994,302.48813722452974,1554.8566496492376,13,83,9,45,0,0.014749391758714292,0,0.6684598069452429,0.03554352109934668,0.9997043726451393,2,575.5721665672257,0,0.002274526572379216,25532.1972369878,0,159896.47597064296,1321.3502738831462,0,1457.7123988621056,0,400,400,0.27187657753439537,0,4004.5528037026256,0,5039.581288888889,1802852.0463158623,0,0,0,0,0
2220,0,0,0,0,0,0,0,0,0,0,0,0,0,0,0,0,787.475099565293,0,2.473354650811549,230.27264307053167,3043.690926595054,52492.701505216355,8131.515397706409,13.217770404723163,227.9589134221994,0,0,1.874801643388178e-9,0,16622843469.837208,101.27077023548954,0,2563019652148.2935,2563019652148.2935,59135780162.512245,2563019652148.2915,242067348.55961847,2502473688970.753,60303895828.97965,0,0,0,2503883871985.7837,0,10.356572563909452,21,101,271479,1675123,0,0,0,0,0,5881,20401,2034.9761799999972,14140.246408898745,163.49999999874453,1476.2452330895803,13,83,9,45,0,0.009199144968048242,0,0.668459814065264,0.022886989877844287,0.9997043726451393,2,575.5721665672257,0,0.0022133627318815423,23569.087135147096,0,126408.9491856434,1298.3572201898346,0,1367.3953222978294,0,400,400,0.18854324420106225,0,3579.2302990260837,0,4493.117385805203,1609474.8337253698,0,0,0,0,0
2250,0,0,0,0,0,0,0,0,0,0,0,0,0,0,0,0,691.6184218153089,0,2.4568284866324746,230.08192428501897,2993.209064385667,49141.915486942045,7178.04701656677,13.009318631557358,213.58442493755587,0,0,1.874801643388178e-9,0,10147444102.761372,87.93255817303853,0,1491180989579.1265,1491180989579.1265,59135780162.512245,1491180989579.1252,74376835.5091308,1430585864371.8816,60520748371.73507,0,0,0,1432045209416.6157,0,10.263378395909928,21,101,203682,1592561,0,0,0,0,0,5862,20360,1636.4999999999998,13591.667049213745,296.9999999987404,1628.0582592313422,13,83,15,48,0,0.004558186968086515,0,0.6684598315169927,0.011532415709734211,0.9997043726451393,2,575.5721665672257,0,0.0022467718728811097,21463.131758071755,0,115910.97375953548,1233.939069492956,0,1310.0719048062435,0,400,400,0.10520991086772911,0,3260.513388040107,0,4230.046402559372,1518102.6130902036,0,0,0,0,0
2280,0,0,0,0,0,0,0,0,0,0,0,0,0,0,0,0,652.5087383694204,0,2.450851609083755,230.47383116053462,2963.3322755756194,46508.29004673872,6543.5813557320325,12.85756504612246,201.79423326522377,0,0,1.874801643388178e-9,0,7347609470.676551,82.9356209166089,0,1489801524137.833,1489801524137.833,59135780162.512245,1489801524137.832,67748268.26851274,1429165558906.509,60568216963.054955,0,0,0,1430665743975.3218,0,12.425711337442378,21,101,202301,1580914,0,0,0,0,0,5754,20253,1625.7,13488.380081618729,155.99999999999997,1517.2991194966098,13,83,15,45,0,0.0019505560418177908,0,0.6684598323470509,0.005113280003270334,0.9997043726451393,2,575.5721665672257,0,0.002437698026600177,19744.78109435552,0,114451.21610821495,1160.3695836695722,0,1238.3258863330104,0,400,400,0.03546017277649584,0,3053.6035632384364,0,4198.355578227426,1509483.9058543516,0,0,0,0,0
2310,0,0,0,0,0,0,0,0,0,0,0,0,0,0,0,0,635.892168265706,0,2.4486900025037106,230.07778363370736,2945.8018379948576,44689.03892320442,6108.232951413117,12.803504064889147,194.23448112813483,0,0,1.874801643388178e-9,0,6762427054.119137,81.03477696749202,0,1467923616039.3599,1467923616039.3599,59135780162.512245,1467923616039.3591,26256716.829037726,1407322197596.726,60575161725.80434,0,0,0,1408787835876.8486,0,17.739616273780474,21,101,202212,1552428,0,0,0,0,0,5735,20204,1623.8,13245.846162730038,289.49999999999994,1544.0315008473804,13,83,15,48,0,0.002349537037037046,0,0.6684598323471468,0.006173704793238475,0.9997043726451393,2,575.5721665672257,0,0.0023967029902247873,18540.799501378828,0,101963.32778216123,1096.4520694783323,0,1120.7389584451337,0,400,400,0,0,2932.1701614787244,0,4130.45726742501,1486458.920876542,0,0,0,0,0
2340,0,0,0,0,0,0,0,0,0,0,0,0,0,0,0,0,628.4986525479571,0,2.9481998339422715,214.8395188729761,2942.548950460617,43496.88841240325,5844.466165346279,13.696497580598287,202.4622315325552,0,0,1.874801643388178e-9,0,5770144493.764816,80.29419016789959,0,1368161560795.3206,1368161560795.3206,59135780162.512245,1368161560795.32,5604275.969046941,1304626025461.9849,63529931057.36601,0,0,0,1309025780632.8098,0,22.288446066937226,21,101,205837,1549177,0,0,0,0,0,5687,20070,1668.5,13210.200000000003,144.95048421216637,1577.5842288546967,13,83,15,51,0,0.0017036258948023718,0,0.6684598331507987,0.004415147208519584,0.9997043726451393,2,575.5721665672257,0,0.002670705225696901,17757.110767343627,0,84576.74242029888,1048.359264440402,0,1225.9672307725987,0,400,400,0,0,2860.029454092216,0,4132.9722222222235,1482194.860159094,0,0,0,0,0
2370,0,0,0,0,0,0,0,0,0,0,0,0,0,0,0,0,608.0917745848018,0,2.6963713599952226,241.92001772172435,2605.503515155679,42756.31035537302,5668.927808255272,10.77010302699604,176.73738104861883,0,0,1.874801643388178e-9,0,6537239795.538862,79.43524370337924,0,1298018090311.3342,1298018090311.3342,59135780162.512245,1298018090311.3337,160899.11023051382,1232980174010.0454,65037755402.17818,0,0,0,1238882310148.8242,0,17.207894042367695,21,101,206268,1550307,0,0,0,0,0,5669,20025,1666.7,13204.73295,243.9688013950479,1613.7290477942936,13,83,15,51,0,0.0017842628504393236,0,0.6684598331507987,0.004794701462331876,0.9997043726451393,2,575.5721665672257,0,0.0025862836887476834,17280.023548734694,0,53547.411096426156,1015.2617240593362,0,1239.0310523612693,0,400,400,0,0,2821.6107241845584,0,4130.953597222223,1483451.4884924274,0,0,0,0,0
2400,0,0,0,0,0,0,0,0,0,0,0,0,0,0,0,0,609.0404740259895,0,2.5374850472030697,215.0260023778916,2603.3608532524527,41856.654124073764,5534.388588089634,12.107190872093911,194.6585699459451,0,0,1.874801643388178e-9,0,3447134270.221577,79.39765974869587,0,1206937347505.1917,1206937347505.1917,59135780162.512245,1206937347505.1917,0,1137753928555.1292,69183418950.06256,0,0,0,1147801567342.682,0,13.107703435849125,21,101,206629,1549746,0,0,0,0,0,5581,19888,1657.8999999999999,13133.782299999999,194.7909699343825,1681.8916627930428,13,83,15,51,0,0.0008950941487706203,0,0.6684598339974229,0.002550876457026925,0.9997043726451393,2,575.5721665672257,0,0.0025080816303333724,17007.693398354826,0,43572.21917548675,994.0720642141762,0,1173.0966572205741,0,400,400,0,0,2802.209464213589,0,4108.80063888889,1477459.7568257607,0,0,0,0,0
2430,0,0,0,0,0,0,0,0,0,0,0,0,0,0,0,0,599.4602382130504,0,2.480021982850326,205.29064547068072,2602.4300482645326,41457.149093852975,5471.5066095677885,12.676807763440967,201.9436833022858,0,0,1.874801643388178e-9,0,1825232604.77692,79.05462744263585,0,69512340178.58582,69512340178.58582,59135780162.512245,69512340178.58594,0,335885303.8476539,69176454874.73828,0,0,0,10376560016.076288,0,10.011182627582963,21,101,206489,1542706,0,0,0,0,0,5551,19843,1654.8999999999999,13064.7823,236.99999993345153,1736.150341318978,13,83,15,51,0,0,0,0.6684598339974229,0,0.9997043726451393,2,575.5721665672257,0,0.0024677401151328104,16859.645177105056,0,42737.068815912084,981.2911950942471,0,1087.7351153833802,0,400,400,0,0,2792.703811129968,0,4088.800638888889,1471462.5346035385,0,0,0,0,0
2460,0,0,0,0,0,0,0,0,0,0,0,0,0,0,0,0,583.557651212956,0,2.4592398040283694,201.7665493106262,2602.0317901965227,41272.07301761312,5435.945474140139,12.896249646370318,204.55359502666326,0,0,1.874801643388178e-9,0,1285492804.9027526,78.518592805794,0,69508327814.77415,69508327814.77415,59135780162.512245,69508327814.77428,0,335885303.8476539,69172442510.92662,0,0,0,10372547652.264626,0,7.692466653687584,21,101,205290,1532563,0,0,0,0,0,5465,19716,1646.3,12987.377759999998,187.49999999708092,1814.9090542394654,13,83,15,51,0,0,0,0.6684598348871561,0,0.9997043726451393,2,575.5721665672257,0,0.0025045433851112967,16782.181527780995,0,42912.06802916027,973.9470958890306,0,1034.5263664028569,0,400,400,0,0,2788.1710917248333,0,4064.9104888888905,1462862.0806035385,0,0,0,0,0
2490,0,0,0,0,0,0,0,0,0,0,0,0,0,0,0,0,570.1037676767975,0,2.4517236897825914,200.49086484695007,2601.86368732009,41186.790686765016,5415.083316101076,12.977467523551711,205.4297621899433,0,0,1.874801643388178e-9,0,1066864722.5147694,78.06969331745809,0,69507078562.10567,69507078562.10567,59135780162.512245,69507078562.10579,0,335885303.8476539,69171193258.25813,0,0,0,10371298399.596136,0,5.960940690308857,21,101,205150,1531140,0,0,0,0,0,5435,19658,1643.3,12975.499999999996,229.49999999999997,1769.9562410840801,13,83,15,54,0,0,0,0.6684598348871561,0,0.9997043726451393,2,575.5721665672257,0,0.0025201315334281503,16742.90720010907,0,42812.850436249704,969.8923033942096,0,1007.1823682841516,0,400,400,0,0,2786.060202249679,0,4060.7777777777796,1461374.3046035385,0,0,0,0,0
2520,0,0,0,0,0,0,0,0,0,0,0,0,0,0,0,0,561.2919972722015,0,2.4490054005291126,200.0290813302542,2601.7935419155365,41147.78332598408,5403.761935916242,13.007076394156382,205.709005172342,0,0,1.874801643388178e-9,0,977903518.8973308,77.77670512874505,0,69507078562.10567,69507078562.10567,59135780162.512245,69507078562.10579,0,335885303.8476539,69171193258.25813,0,0,0,10371298399.59613,0,4.67136929604842,21,101,204001,1529737,0,0,0,0,0,5352,19532,1635,12962.899999999998,179.99999999999997,1848.3948966137357,13,83,15,54,0,0,0,0.6684598357443827,0,0.9997043726451393,2,575.5721665672257,0,0.002552375114178032,16723.518409102453,0,42745.77384565456,967.7273665504924,0,994.354403351948,0,400,400,0,0,2785.0970100230957,0,4054.972222222223,1459284.3046035385,0,0,0,0,0
2550,0,0,0,0,0,0,0,0,0,0,0,0,0,0,0,0,556.2578242221493,0,2.448022299923674,199.86192099553043,2601.764558734861,41130.08239705932,5397.879304672526,13.017810225055554,205.79249009609552,0,0,1.874801643388178e-9,0,941916046.3962922,77.60958865277684,0,69493832541.09593,69493832541.09593,59135780162.512245,69493832541.09605,0,322639282.83791417,69171193258.25813,0,0,0,10358052378.586388,0,3.7098803949681645,21,101,203861,1529487,0,0,0,0,0,5323,19485,1632.1000000000001,12958.199999999999,221.99999999999997,1928.0049114669655,13,83,15,54,0,0,0,0.6684598357443827,0,0.9997043726451393,2,575.5721665672257,0,0.0025806634076137396,16714.163099847574,0,42655.94790023714,966.6040227605959,0,988.6485144356079,0,400,400,0,0,2784.6651714080117,0,4052.8611111111118,1458524.3046035385,0,0,0,0,0
2580,0,0,0,0,0,0,0,0,0,0,0,0,0,0,0,0,553.6169069812108,0,2.447666750270825,199.8014109216734,2601.752685185168,41122.11546341633,5394.983007871506,13.021693256235878,205.81494031359526,0,0,1.874801643388178e-9,0,927633624.0945815,77.52199556681227,0,69097678309.7909,69097678309.7909,59135780162.512245,69097678309.79103,0,322639282.83791417,68775039026.9531,0,0,0,9961898147.281351,0,2.9937308182283022,21,101,202704,1528005,0,0,0,0,0,5242,19355,1624.0000000000005,12945.199999999999,172.49999999999997,1885.1086830144282,13,83,15,54,0,0,0,0.668459836646834,0,0.9997043726451393,2,575.5721665672257,0,0.002597238288534743,16709.73781573365,0,40121.85294933978,966.0353565470757,0,986.1977056756978,0,400,400,0,0,2784.474486730399,0,4047,1456414.3046035385,0,0,0,0,0
2610,0,0,0,0,0,0,0,0,0,0,0,0,0,0,0,0,552.310035570215,0,2.447538161645265,199.77950700492474,2601.7478572577006,41118.55908793772,5393.560218999427,13.023096794375236,205.81970445509265,0,0,1.874801643388178e-9,0,922074836.9325079,77.4786721340275,0,68848225911.46243,68848225911.46243,59135780162.512245,68848225911.46254,0,318438964.60546124,68529786946.85706,0,0,0,9712445748.952877,0,2.462389395621164,21,101,202570,1527782,0,0,0,0,0,5213,19316,1621.1000000000004,12941.3,214.49999999999997,2116.8561867514977,13,83,15,54,0,0,0,0.668459836646834,0,0.9997043726451393,2,575.5721665672257,0,0.002744932755936872,16707.680633123713,0,39356.45371171168,965.7536248326932,0,985.1707044288589,0,400,400,0,0,2784.391396736477,0,4045.111111111111,1455734.3046035385,0,0,0,0,0
2640,0,0,0,0,0,0,0,0,0,0,0,0,0,0,0,0,551.6902210026847,0,2.44749165608833,199.77157805775593,2601.7459071292524,41116.98440558912,5392.882533846105,13.023603920158562,205.81999103847394,0,0,1.874801643388178e-9,0,919858168.8586297,77.45813178914524,0,68524868813.80614,68524868813.80614,59135780162.512245,68524868813.80624,0,0,68524868813.80623,0,0,0,9389088651.296577,0,2.069927724123789,21,101,201471,1526474,0,0,0,0,0,5135,19188,1613.2999999999997,12928.5,164.99999999999997,1981.9417694727051,13,83,15,54,0,0,0,0.6684598375941164,0,0.9997043726451393,2,575.5721665672257,0,0.0028029114778157227,16706.738863762126,0,39149.154787154395,965.6166758404358,0,984.7481748343478,0,400,400,0,0,2784.3556093703573,0,4039.38888888889,1453674.3046035385,0,0,0,0,0
2670,0,0,0,0,0,0,0,0,0,0,0,0,0,0,0,0,551.4056062440093,0,2.447474836818225,199.76870787919836,2601.7451240569576,41116.29266051483,5392.565342876267,13.02378711700059,205.81948542901006,0,0,1.874801643388178e-9,0,918989360.9576151,77.44870189443503,0,68461659325.640465,68461659325.640465,59135780162.512245,68461659325.640564,0,0,68461659325.64056,0,0,0,9325879163.130901,0,1.7801289825643554,21,101,201337,1526085,0,0,0,0,0,5107,19144,1610.4999999999995,12924.100000000004,206.99999999999997,2181.3105019280856,13,83,15,54,0,0,0,0.6684598375941164,0,0.9997043726451393,2,575.5721665672257,0,0.0028153559589991213,16706.31355489755,0,37340.055277890926,965.5512196165275,0,984.5767851525115,0,400,400,0,0,2784.340352994931,0,4037.3888888888905,1452954.3046035385,0,0,0,0,0
2700,0,0,0,0,0,0,0,0,0,0,0,0,0,0,0,0,551.2781920513352,0,2.4474687539355444,199.76766891171619,2601.7448112754464,41115.99108296801,5392.419071223378,13.02385328641564,205.8190462298406,0,0,1.874801643388178e-9,0,918651490.4422027,77.44448103797653,0,68461658943.98073,68461658943.98073,59135780162.512245,68461658943.98082,0,0,68461658943.98081,0,0,0,9325878781.471155,0,1.568311264573388,21,101,200243,1524832,0,0,0,0,0,5030,19036,1602.7999999999997,12913.300000000001,157.49999999999997,2122.592777098218,13,83,15,54,0,0,0,0.6684598385939253,0,0.9997043726451393,2,575.5721665672257,0,0.002818027027040953,16706.12380315572,0,37272.96422790563,965.520402626342,0,984.508043926291,0,400,400,0,0,2784.3339081659324,0,4032.2500000000005,1451104.3046035385,0,0,0,0,0
2730,0,0,0,0,0,0,0,0,0,0,0,0,0,0,0,0,551.2223100354914,0,2.447466553990988,199.76729281924153,2601.7446869368873,41111.84497606041,5391.608416369122,13.023877183393898,205.7986790323092,0,0,1.874801643388178e-9,0,918516189.4053057,77.44263003117942,0,68459006925.18149,68459006925.18149,59135780162.512245,68459006925.181595,0,0,68459006925.18159,0,0,0,9323226762.671919,0,1.4098914261773166,21,101,200124,1524616,0,0,0,0,0,5004,18986,1600.1999999999998,12906.357182818798,199.49999999999997,2248.5396251339803,13,83,15,54,0,0,0,0.6684598385939253,0,0.9997043726451393,2,575.5721665672257,0,0.002823693252125381,16706.040063987257,0,37144.11710429038,965.5060893667231,0,984.4807246207416,0,400,400,0,0,2784.3312077492346,0,4029.599217449666,1450150.022885418,0,0,0,0,0
2760,0,0,0,0,0,0,0,0,0,0,0,0,0,0,0,0,551.1982117098579,0,2.44746575835571,199.76715667885438,2601.7446377228257,41080.7680920263,5373.186822136609,13.023885812748437,205.64325375100438,0,0,1.874801643388178e-9,0,918456972.2010076,77.44183187158252,0,68457487633.616585,68457487633.616585,59135780162.512245,68457487633.616684,0,0,68457487633.61668,0,0,0,9321707471.107008,0,1.2955022892920953,21,101,199056,1520411,0,0,0,0,0,4928,18875,1592.6000000000001,12838.469884054426,149.99999999999997,2193.528255619102,13,83,15,51,0,0,0,0.6684598395486552,0,0.9997043726451393,2,575.5721665672257,0,0.0029151954000227356,16706.003471094664,0,37029.58147203684,965.4995224152266,0,984.4699494190496,0,400,400,0,0,2784.3300845211343,0,4008.630523348451,1442601.293008981,0,0,0,0,0
2790,0,0,0,0,0,0,0,0,0,0,0,0,0,0,0,0,551.1879658437623,0,2.4474654706050516,199.767107397916,2601.7446183203024,41099.37269183479,5374.112262435585,13.023888928510582,205.73643592870857,0,0,1.874801643388178e-9,0,918441176.2558204,77.44149253681115,0,68457485361.10055,68457485361.10055,59135780162.512245,68457485361.10063,0,0,68457485361.100624,0,0,0,9321705198.590971,0,1.2144671887566183,21,101,198925,1523025,0,0,0,0,0,4902,18837,1590.0000000000002,12893.400000000001,191.99999999999997,2353.8563760974575,13,83,15,54,0,0,0,0.6684598395486815,0,0.9997043726451393,2,575.5721665672257,0,0.0029361336213285087,16705.987622504035,0,36980.26869296882,965.4965428227429,0,984.465726537024,0,400,400,0,0,2784.329620401226,0,4023.166666666666,1447834.3046035385,0,0,0,0,0
2820,0,0,0,0,0,0,0,0,0,0,0,0,0,0,0,0,551.1836617906474,0,2.4474653665367123,199.76708955891183,2601.7446106984885,41109.8362483659,5386.090434350428,13.023890053377523,205.78883308124935,0,0,1.874801643388178e-9,0,918435714.8499221,77.44134999526112,0,68457485361.10055,68457485361.10055,59135780162.512245,68457485361.10063,0,0,68457485361.100624,0,0,0,9321705198.59097,0,1.1547222427715575,21,101,197915,1521786,0,0,0,0,0,4829,18723,1582.7,12881.999999999998,142.49999999999997,2214.296849249402,13,83,15,54,0,0,0,0.6684598405491708,0,0.9997043726451393,2,575.5721665672257,0,0.002968194287119131,16705.98081389425,0,36917.579629385786,965.4952045493285,0,984.4640805308136,0,400,400,0,0,2784.3294297750026,0,4017.9722222222235,1445964.3046035385,0,0,0,0,0
2850,0,0,0,0,0,0,0,0,0,0,0,0,0,0,0,0,551.1818724141616,0,2.447465328899199,199.7670831014493,2601.7446077143627,41113.619900363585,5390.077314884458,13.023890459436194,205.8077800509533,0,0,1.874801643388178e-9,0,918432494.8022264,77.44129073611883,0,68457485361.10055,68457485361.10055,59135780162.512245,68457485361.10063,0,0,68457485361.100624,0,0,0,9321705198.59097,0,1.1101203473101144,21,101,197794,1521551,0,0,0,0,0,4803,18685,1580.1000000000001,12878.199999999997,184.49999999999997,2410.6382486760003,13,83,15,54,0,0,0,0.6684598405491708,0,0.9997043726451393,2,575.5721665672257,0,0.0030472033491317388,16705.9779105118,0,36860.8903464179,965.4946090221332,0,984.463441941843,0,400,400,0,0,2784.329351907632,0,4016.1944444444457,1445324.3046035385,0,0,0,0,0
2880,0,0,0,0,0,0,0,0,0,0,0,0,0,0,0,0,551.1811351775135,0,2.4474653152871593,199.76708076394263,2601.7446065495747,41114.98805251723,5391.499054060658,13.023890606000094,205.81463119592405,0,0,1.874801643388178e-9,0,918434588.3612698,77.44126632123148,0,68457485361.10054,68457485361.10054,59135780162.512245,68457485361.10063,0,0,68457485361.10064,0,0,0,9321705198.590971,0,1.0785021625488829,21,101,196774,1520249,0,0,0,0,0,4731,18571,1572.9,12866.800000000001,134.99999999999997,2271.709595922267,13,83,15,54,0,0,0,0.6684598416037406,0,0.9997043726451393,2,575.5721665672257,0,0.003076405453122491,16705.976680823343,0,36799.143057307876,965.4943462640422,0,984.4631951985617,0,400,400,0,0,2784.3293202593723,0,4011.027777777778,1443464.3046035385,0,0,0,0,0
2910,0,0,0,0,0,0,0,0,0,0,0,0,0,0,0,0,551.180833827119,0,2.4474653103642083,199.76707991780032,2601.74460609621,41115.48275978284,5391.96642338865,13.0238906588952,205.81710848804988,0,0,1.874801643388178e-9,0,918433538.995399,77.44125634153667,0,68457485361.10054,68457485361.10054,59135780162.512245,68457485361.10063,0,0,68457485361.10064,0,0,0,9321705198.59097,0,1.0547859591299567,21,101,196656,1520041,0,0,0,0,0,4705,18532,1570.3000000000002,12862.900000000001,176.99999999999997,2437.89930390803,13,83,15,54,0,0,0,0.6684598416037406,0,0.9997043726451393,2,575.5721665672257,0,0.003107758448896949,16705.97616325627,0,36746.63376218598,965.49423123718,0,984.463100198788,0,400,400,0,0,2784.3293074554745,0,4009.222222222222,1442814.3046035385,0,0,0,0,0
2940,0,0,0,0,0,0,0,0,0,0,0,0,0,0,0,0,551.1807115086001,0,2.4474653085837668,199.76707961150976,2601.744605920212,41115.661635816214,5392.194342070933,13.023890677982912,205.81800422659478,0,0,1.874801643388178e-9,0,918431493.7681296,77.4412522907603,0,68457179960.30576,68457179960.30576,59135780162.512245,68457179960.30588,0,0,68457179960.30587,0,0,0,9321399797.796207,0,1.0369968827217007,21,101,195667,1518847,0,0,0,0,0,4634,18426,1563.1999999999998,12852.300000000001,127.49999999999999,2326.8035070681017,13,83,15,54,0,0,0,0.6684598427168976,0,0.9997043726451393,2,575.5721665672257,0,0.003161349795134847,16705.975946671588,0,36682.92774419753,965.4941812464402,0,984.463063737182,0,400,400,0,0,2784.3293022973903,0,4004.305555555556,1441044.3046035385,0,0,0,0,0
2970,0,0,0,0,0,0,0,0,0,0,0,0,0,0,0,0,551.1806621685516,0,2.447465307939849,199.7670795006373,2601.744605852056,41115.72631213213,5392.260953726451,13.023890684870105,205.81832809945527,0,0,1.874801643388178e-9,0,918432848.2222241,77.44125065677346,0,68457109624.76825,68457109624.76825,59135780162.512245,68457109624.768364,0,0,68457109624.76836,0,0,0,9321329462.258694,0,1.0236536323764018,21,101,195542,1518573,0,0,0,0,0,4608,18384,1560.5999999999997,12848.099999999999,169.49999999999997,2478.498154284128,13,83,15,54,0,0,0,0.6684598427168976,0,0.9997043726451393,2,575.5721665672257,0,0.003187740772895075,16705.97585652188,0,36629.306970759906,965.4941596661384,0,984.4630497818946,0,400,400,0,0,2784.3293002275996,0,4002.4166666666674,1440364.3046035385,0,0,0,0,0
3000,0,0,0,0,0,0,0,0,0,0,0,0,0,0,0,0,551.1806423772728,0,2.447465307706969,199.7670794605032,2601.744605825722,41115.74969656772,5392.242885655295,13.02389068735484,205.81844519930968,0,0,1.874801643388178e-9,0,918432064.8723062,77.4412500013412,0,68457106746.42806,68457106746.42806,59135780162.512245,68457106746.42817,0,0,68457106746.42816,0,0,0,9321326583.918509,0,1.013645112221039,21,101,194583,1517525,0,0,0,0,0,4539,18282,1553.6999999999998,12837.900000000003,119.99999999999999,2416.289254577435,13,83,15,54,0,0,0,0.66845984388806,0,0.9997043726451393,2,575.5721665672257,0,0.003193405299722909,16705.975819184616,0,36573.649879292374,965.4941504083,0,984.463044453919,0,400,400,0,0,2784.3292994000744,0,3997.666666666668,1438654.3046035385,0,0,0,0,0
3030,0,0,0,0,0,0,0,0,0,0,0,0,0,0,0,0,551.1806344786045,0,2.4474653076227457,199.76707944597536,2601.744605815569,41115.75815122942,5392.293736971205,13.023890688251162,205.81848753687512,0,0,1.874801643388178e-9,0,918430613.5941514,77.4412497397552,0,68457088697.61997,68457088697.61997,59135780162.512245,68457088697.62007,0,0,68457088697.62007,0,0,0,9321308535.110415,0,1.0061379102194221,21,101,194521,1517241,0,0,0,0,0,4514,18244,1551.1999999999998,12834.100000000006,161.99999999999997,2537.0565169473725,13,83,15,54,0,0,0,0.66845984388806,0,0.9997043726451393,2,575.5721665672257,0,0.0031946211267415993,16705.975803792036,0,36526.14824353248,965.4941464598066,0,984.4630424242832,0,400,400,0,0,2784.3292990703444,0,3995.9166666666683,1438024.3046035385,0,0,0,0,0
3060,0,0,0,0,0,0,0,0,0,0,0,0,0,0,0,0,551.1806313406628,0,2.4474653075922848,199.7670794407165,2601.744605811662,41115.761207927186,5392.277508327434,13.023890688574461,205.81850284360206,0,0,1.874801643388178e-9,0,918433800.3979677,77.44124963583172,0,68457088374.14522,68457088374.14522,59135780162.512245,68457088374.14531,0,0,68457088374.14531,0,0,0,9321308211.635654,0,1.0005068997385287,21,101,193546,1516078,0,0,0,0,0,4447,18149,1544.5000000000002,12824.6,112.49999999999999,2566.845657974423,13,83,15,54,0,0,0,0.6684598449943199,0,0.9997043726451393,2,575.5721665672257,0,0.003194882090332071,16705.975797473664,0,36463.062567776775,965.4941447849013,0,984.4630416526635,0,400,400,0,0,2784.329298939377,0,3991.4166666666674,1436404.3046035385,0,0,0,0,0
3090,0,0,0,0,0,0,0,0,0,0,0,0,0,0,0,0,551.1806300992257,0,2.4474653075812682,199.7670794388129,2601.744605810162,41111.7467339611,5391.553954277959,13.023890688691056,205.79840707213876,0,0,1.874801643388178e-9,0,918433813.2670051,77.44124959471645,0,68457085617.6555,68457085617.6555,59135780162.512245,68457085617.65559,0,0,68457085617.65559,0,0,0,9321305455.145918,0,1,21,101,193482,1515802,0,0,0,0,0,4433,18100,1543.1000000000001,12816.987673631002,245.99999999999997,2597.211224584639,13,83,15,54,0,0,0,0.6684598449943199,0,0.9997043726451393,2,575.5721665672257,0,0.0031949381032165725,16705.975794890546,0,36416.74103951727,965.4941440780341,0,984.4630413598429,0,400,400,0,0,2784.329298887513,0,3988.9132426752785,1435503.0719666386,0,0,0,0,0
3120,0,0,0,0,0,0,0,0,0,0,0,0,0,0,0,0,551.1806296099561,0,2.4474653075772843,199.76707943812391,2601.7446058095866,41075.20926623031,5374.081281051099,13.023890688733095,205.6155067279391,0,0,1.874801643388178e-9,0,918430308.0245299,77.4412495785119,0,68457084304.88947,68457084304.88947,59135780162.512245,68457084304.88954,0,0,68457084304.88954,0,0,0,9321304142.379875,0,1,21,101,192511,1505882,0,0,0,0,0,4357,18014,1535.4999999999998,12619.387673631003,104.99999999999999,2692.370060130279,13,83,15,54,0,0,0,0.6684598461599184,0,0.9997043726451393,2,575.5721665672257,0,0.003235313485295007,16705.97579383849,0,36344.79365598497,965.4941437811335,0,984.4630412489034,0,400,400,0,0,2784.329298867029,0,3931.9132426752776,1414983.0719666386,0,0,0,0,0
3150,0,0,0,0,0,0,0,0,0,0,0,0,0,0,0,0,551.1806294178011,0,2.4474653075758432,199.76707943787443,2601.744605809367,41075.0068589505,5359.324687770882,13.02389068874826,205.61449351180218,0,0,1.874801643388178e-9,0,918431125.4064509,77.44124957214758,0,68457083603.41502,68457083603.41502,59135780162.512245,68457083603.41509,0,0,68457083603.415085,0,0,0,9321303440.905432,0,1,21,101,192441,1518800,0,0,0,0,0,4344,17959,1534.2,12832.82518989767,238.49999999999997,2664.743233720422,13,83,15,51,0,0,0,0.6684598461598495,0,0.9997043726451393,2,575.5721665672257,0,0.0032489032666368142,16705.97579341152,0,36310.82081792781,965.4941436569868,0,984.4630412069351,0,400,400,0,0,2784.329298858962,0,3990.840330527131,1436196.823593306,0,0,0,0,0
3180,0,0,0,0,0,0,0,0,0,0,0,0,0,0,0,0,551.1806293425774,0,2.4474653075753228,199.7670794377842,2601.7446058092833,41100.2754327708,5375.418759249045,13.023890688753726,205.74098369181567,0,0,1.874801643388178e-9,0,918431269.8668723,77.44124956965604,0,68457083603.41502,68457083603.41502,59135780162.512245,68457083603.41509,0,0,68457083603.415085,0,0,0,9321303440.905428,0,1,21,101,192375,1514179,0,0,0,0,0,4273,17877,1527.1,12797.399999999998,97.49999999999999,2668.616371794763,13,83,15,54,0,0,0,0.6684598461599184,0,0.9997043726451393,2,575.5721665672257,0,0.003251820160488433,16705.975793238817,0,36280.447206156874,965.4941436052945,0,984.4630411910804,0,400,400,0,0,2784.3292988557923,0,3979.0277777777783,1431944.3046035385,0,0,0,0,0
3210,0,0,0,0,0,0,0,0,0,0,0,0,0,0,0,0,551.1806293132171,0,2.447465307575134,199.76707943775148,2601.744605809252,41110.161703871265,5386.21041937,13.023890688755701,205.79047268236917,0,0,1.874801643388178e-9,0,918431104.3092746,77.44124956868356,0,68457083603.41502,68457083603.41502,59135780162.512245,68457083603.41509,0,0,68457083603.415085,0,0,0,9321303440.90543,0,1,21,101,191468,1513154,0,0,0,0,0,4262,17829,1526,12792.599999999999,230.99999999999997,2682.023254931735,13,83,15,54,0,0,0,0.6684598473831866,0,0.9997043726451393,2,575.5721665672257,0,0.0032524462389613715,16705.975793169193,0,36213.93122597566,965.4941435838566,0,984.4630411850983,0,400,400,0,0,2784.3292988545527,0,3977.38888888889,1431354.3046035385,0,0,0,0,0
3240,0,0,0,0,0,0,0,0,0,0,0,0,0,0,0,0,551.1806293017889,0,2.4474653075750656,199.76707943773965,2601.7446058092405,41113.73718763614,5390.079345156944,13.023890688756415,205.80837094557336,0,0,1.874801643388178e-9,0,918430322.0929396,77.44124956830503,0,68457083603.41502,68457083603.41502,59135780162.512245,68457083603.41509,0,0,68457083603.415085,0,0,0,9321303440.905428,0,1,21,101,191407,1512913,0,0,0,0,0,4245,17799,1524.3,12789.600000000002,272.99999999999994,2848.447077353613,13,83,15,54,0,0,0,0.6684598473831866,0,0.9997043726451393,2,575.5721665672257,0,0.0032525806196529393,16705.975793141213,0,36182.82849666075,965.4941435749994,0,984.4630411828439,0,400,400,0,0,2784.329298854069,0,3976.0833333333344,1430884.3046035385,0,0,0,0,0
3270,0,0,0,0,0,0,0,0,0,0,0,0,0,0,0,0,551.1806292973523,0,2.4474653075750417,199.76707943773542,2601.744605809236,41115.030302504434,5391.5432009910055,13.023890688756667,205.81484405852473,0,0,1.874801643388178e-9,0,918433483.9736131,77.44124956815806,0,68457083603.41502,68457083603.41502,59135780162.512245,68457083603.41509,0,0,68457083603.415085,0,0,0,9321303440.905422,0,1,21,101,190504,1511849,0,0,0,0,0,4180,17699,1517.8,12779.6,223.49999999999997,2770.999836817546,13,83,15,54,0,0,0,0.6684598486754126,0,0.9997043726451393,2,575.5721665672257,0,0.0032526094629404785,16705.975793129997,0,36116.40608043207,965.494143571353,0,984.4630411819951,0,400,400,0,0,2784.329298853881,0,3971.500000000001,1429234.3046035385,0,0,0,0,0
3300,0,0,0,0,0,0,0,0,0,0,0,0,0,0,0,0,551.180629295634,0,2.4474653075750332,199.76707943773383,2601.744605809235,41115.49797238421,5392.0258484979695,13.023890688756767,205.81718513434873,0,0,1.874801643388178e-9,0,918432472.419216,77.44124956810123,0,68457038421.5001,68457038421.5001,59135780162.512245,68457038421.50019,0,0,68457038421.50018,0,0,0,9321258258.990522,0,1,21,101,190437,1511636,0,0,0,0,0,4163,17669,1516.1,12776.599999999999,265.49999999999994,2925.6726668944484,13,83,15,54,0,0,0,0.6684598486754126,0,0.9997043726451393,2,575.5721665672257,0,0.0032526156538100646,16705.97579312553,0,36085.56495083697,965.4941435698574,0,984.463041181676,0,400,400,0,0,2784.3292988538096,0,3970.194444444445,1428764.3046035385,0,0,0,0,0
3330,0,0,0,0,0,0,0,0,0,0,0,0,0,0,0,0,551.18062929497,0,2.4474653075750332,199.76707943773326,2601.744605809235,41115.66711058052,5392.125076389738,13.023890688756804,205.81803181137332,0,0,1.874801643388178e-9,0,918430786.2212167,77.44124956807926,0,68457004170.24453,68457004170.24453,59135780162.512245,68457004170.24461,0,0,68457004170.244606,0,0,0,9321224007.734955,0,1,21,101,189621,1510697,0,0,0,0,0,4100,17579,1509.8000000000002,12767.6,215.99999999999997,2863.9795482238765,13,83,15,54,0,0,0,0.6684598500425971,0,0.9997043726451393,2,575.5721665672257,0,0.00326606886082125,16705.97579312376,0,36031.0792128138,965.4941435692459,0,984.4630411815566,0,400,400,0,0,2784.329298853784,0,3965.9444444444453,1427234.3046035385,0,0,0,0,0
3360,0,0,0,0,0,0,0,0,0,0,0,0,0,0,0,0,551.180629294714,0,2.4474653075750332,199.76707943773326,2601.744605809235,41115.72828135651,5392.240451450404,13.023890688756804,205.81833802186685,0,0,1.874801643388178e-9,0,918433496.3312556,77.44124956807079,0,68457001512.71504,68457001512.71504,59135780162.512245,68457001512.715126,0,0,68457001512.71512,0,0,0,9321221350.205462,0,1,21,101,189510,1510439,0,0,0,0,0,4084,17545,1508.1999999999998,12764.2,257.99999999999994,2985.7680736972957,13,83,15,54,0,0,0,0.6684598500425971,0,0.9997043726451393,2,575.5721665672257,0,0.003293742642152536,16705.975793123056,0,35990.81188334881,965.494143568997,0,984.4630411815117,0,400,400,0,0,2784.329298853776,0,3964.555555555556,1426734.3046035385,0,0,0,0,0
3390,0,0,0,0,0,0,0,0,0,0,0,0,0,0,0,0,551.1806292946158,0,2.4474653075750332,199.76707943773326,2601.744605809235,41115.75040447193,5392.285770945044,13.023890688756804,205.81844876641736,0,0,1.874801643388178e-9,0,918432620.9334352,77.44124956806753,0,68456983946.23709,68456983946.23709,59135780162.512245,68456983946.23718,0,0,68456983946.237175,0,0,0,9321203783.72751,0,1,21,101,188733,1509519,0,0,0,0,0,4035,17460,1503.2999999999997,12755.700000000003,299.99999999999994,2909.4898091340974,13,83,15,54,0,0,0,0.668459851308513,0,0.9997043726451393,2,575.5721665672257,0,0.0032996825083531113,16705.9757931228,0,35940.52011172844,965.4941435688963,0,984.4630411814949,0,400,400,0,0,2784.329298853776,0,3960.8333333333344,1425394.3046035385,0,0,0,0,0
3420,0,0,0,0,0,0,0,0,0,0,0,0,0,0,0,0,551.1806292945781,0,2.4474653075750332,199.76707943773326,2601.744605809235,41115.75840555134,5392.294002867495,13.023890688756804,205.81848881845914,0,0,1.874801643388178e-9,0,918430883.6152326,77.4412495680663,0,68456983655.574646,68456983655.574646,59135780162.512245,68456983655.57472,0,0,68456983655.574715,0,0,0,9321203493.065052,0,1,21,101,188637,1509300,0,0,0,0,0,4008,17431,1500.6,12752.800000000001,250.49999999999997,3046.405667200579,13,83,15,54,0,0,0,0.668459851308513,0,0.9997043726451393,2,575.5721665672257,0,0.0033009574338743876,16705.975793122707,0,35906.99573021365,965.4941435688562,0,984.4630411814888,0,400,400,0,0,2784.329298853776,0,3959.2777777777783,1424834.3046035385,0,0,0,0,0
3450,0,0,0,0,0,0,0,0,0,0,0,0,0,0,0,0,551.1806292945639,0,2.4474653075750332,199.76707943773326,2601.744605809235,41111.74572018485,5391.4907613665055,13.023890688756804,205.79840199845964,0,0,1.874801643388178e-9,0,918432382.0527004,77.44124956806583,0,68456981016.94023,68456981016.94023,59135780162.512245,68456981016.940315,0,0,68456981016.94031,0,0,0,9321200854.430662,0,1,21,101,187852,1508348,0,0,0,0,0,3960,17344,1495.8,12740.618026415319,292.49999999999994,3001.0654556112186,13,83,15,54,0,0,0,0.6684598526422673,0,0.9997043726451393,2,575.5721665672257,0,0.0033012310822943948,16705.975793122707,0,35853.07996898018,965.4941435688403,0,984.4630411814865,0,400,400,0,0,2784.329298853776,0,3954.5605628931435,1423136.1072450704,0,0,0,0,0
3480,0,0,0,0,0,0,0,0,0,0,0,0,0,0,0,0,551.180629294559,0,2.4474653075750332,199.76707943773326,2601.744605809235,41075.208899482444,5374.0581886221535,13.023890688756804,205.61550489246378,0,0,1.874801643388178e-9,0,918429845.7632397,77.44124956806566,0,68456979487.24427,68456979487.24427,59135780162.512245,68456979487.24434,0,0,68456979487.24433,0,0,0,9321199324.734688,0,1,21,101,187756,1499226,0,0,0,0,0,3940,17315,1493.8,12548.718026415316,334.49999999999994,3155.519752180537,13,83,15,54,0,0,0,0.6684598526422673,0,0.9997043726451393,2,575.5721665672257,0,0.0033425320232444837,16705.975793122707,0,35811.29292187467,965.4941435688346,0,984.4630411814865,0,400,400,0,0,2784.329298853776,0,3900.6994517820326,1403746.1072450704,0,0,0,0,0
3510,0,0,0,0,0,0,0,0,0,0,0,0,0,0,0,0,551.1806292945575,0,2.4474653075750332,199.76707943773326,2601.744605809235,41060.67925294617,5355.056799994158,13.023890688756804,205.54277195479872,0,0,1.874801643388178e-9,0,918428967.5126711,77.44124956806561,0,68456978935.405785,68456978935.405785,59135780162.512245,68456978935.40585,0,0,68456978935.405846,0,0,0,9321198772.896206,0,1,21,101,186983,1494653,0,0,0,0,0,3885,17230,1488.3,12479.354994016589,284.99999999999994,3144.084844878891,13,83,15,51,0,0,0,0.668459854049454,0,0.9997043726451393,2,575.5721665672257,0,0.003352061991242739,16705.975793122707,0,35748.14111639749,965.4941435688327,0,984.4630411814865,0,400,400,0,0,2784.329298853776,0,3879.9041650046083,1396259.8040051972,0,0,0,0,0
3540,0,0,0,0,0,0,0,0,0,0,0,0,0,0,0,0,551.1806292945575,0,2.4474653075750332,199.76707943773326,2601.744605809235,41063.69061277518,5350.497198694619,13.023890688756804,205.55784630957973,0,0,1.874801643388178e-9,0,918430065.3054905,77.44124956806561,0,68456978935.405785,68456978935.405785,59135780162.512245,68456978935.40585,0,0,68456978935.405846,0,0,0,9321198772.896208,0,1,21,101,186892,1509366,0,0,0,0,0,3865,17203,1486.3,12741.776866022466,326.99999999999994,3248.712175922797,13,83,15,51,0,0,0,0.6684598540494183,0,0.9997043726451393,2,575.5721665672257,0,0.0033541074917762996,16705.975793122707,0,35735.80041617534,965.4941435688327,0,984.4630411814865,0,400,400,0,0,2784.329298853776,0,3952.24357389513,1422301.991205785,0,0,0,0,0
3570,0,0,0,0,0,0,0,0,0,0,0,0,0,0,0,0,551.1806292945575,0,2.4474653075750332,199.76707943773326,2601.744605809235,41093.456905146355,5368.7128547995835,13.023890688756804,205.70685130306993,0,0,1.874801643388178e-9,0,918429938.335212,77.44124956806561,0,68456978935.405785,68456978935.405785,59135780162.512245,68456978935.40585,0,0,68456978935.405846,0,0,0,9321198772.896198,0,1,21,101,186115,1506173,0,0,0,0,0,3810,17124,1480.8000000000002,12722.1,277.49999999999994,3138.998268937574,13,83,15,54,0,0,0,0.6684598555363388,0,0.9997043726451393,2,575.5721665672257,0,0.003354546535464468,16705.975793122707,0,35684.169008281344,965.4941435688327,0,984.4630411814865,0,400,400,0,0,2784.329298853776,0,3945.25,1419784.3046035385,0,0,0,0,0
3600,0,0,0,0,0,0,0,0,0,0,0,0,0,0,0,0,551.1806292945575,0,2.4474653075750332,199.76707943773326,2601.744605809235,41107.69570484492,5383.452117009419,13.023890688756804,205.77812831096654,0,0,1.874801643388178e-9,0,918429922.081694,77.44124956806561,0,68456978935.40578,68456978935.40578,59135780162.512245,68456978935.40585,0,0,68456978935.405846,0,0,0,9321198772.8962,0,1,21,101,186021,1505970,0,0,0,0,0,3790,17097,1478.8000000000002,12719.399999999998,319.49999999999994,3232.595709584928,13,83,15,54,0,0,0,0.6684598555363388,0,0.9997043726451393,2,575.5721665672257,0,0.0033546407712410136,16705.975793122707,0,35650.52575498834,965.4941435688327,0,984.4630411814865,0,400,400,0,0,2784.329298853776,0,3943.9444444444453,1419314.3046035385,0,0,0,0,0