tick,totalPopulation,employable,employed,unableToWork,inEducation,dependencyRatio,avgGroceryStarvation,avgHealthcareStarvation,maxGroceryStarvation,starvationMildFraction,starvationSevereFraction,starvationFatalFraction,deathsLastMonth,deathsThisMonth,birthsThisMonth,meanWealth,foodPrice,wealthToFoodPrice,waterPrice,priceLevelRaw,priceLevelRefined,priceLevelManufactured,priceLevelServices,refinedToRawPriceRatio,manufacturedToRawPriceRatio,groceryFillRate,groceryTotalDemand,groceryTotalSupply,groceryTotalVolume,gdpAnnual,costOfLiving,bankEquity,bankDeposits,bankLoans,householdDeposits,totalLoans,loansWageCoverage,loansBufferCoverage,loansRollover,loansStarter,loansOther,agentsInDistress,totalAgentDeposits,workerUtilization,avgWage,existentialAgentCount,nonExistentialAgentCount,existentialSlotCapacity,nonExistentialSlotCapacity,existentialUsedWorkers,nonExistentialUsedWorkers,existentialFillRatio,nonExistentialFillRatio,foodChainFillRatio,existentialMaxScale,nonExistentialMaxScale,existentialOperatingScale,nonExistentialOperatingScale,existentialContractionIntegral,nonExistentialContractionIntegral,existentialNegativeProfitFacilities,nonExistentialNegativeProfitFacilities,existentialAtLowerBoundFacilities,nonExistentialAtLowerBoundFacilities,productionEfficiency,avgFacilityCondition,avgWorkerEfficiency,avgResourceEfficiency,avgConditionEfficiency,avgMaxMaintenance,facilitiesBelowFullMaintenance,avgHrBuffer,hrCoverageRatio,avgStorageStarvation,maintenanceServicePrice,maintenanceServiceVolume,maintenanceServiceDemand,adminServicePrice,adminServiceVolume,logisticsServicePrice,logisticsServiceVolume,maintFacilityScale,maintFacilityMaxScale,maintFacilityCondition,maintFacilityOutput,maintFacilityCostFloor,maintAggregateConsumption,maintSteadyStateDemand,maintCatchupBacklog,maintAggregateBuffer,maintFillRate,maintRepairSurgeRatio,priceCeilHits,priceFloorHits
30,9800258,1106409,3522249,1238893,3932707,1.1173000900044894,0,0.6231256017374808,0,0,0,0,0,18500,16916,9.120482617927264,5.202771276168279,1.7530047226377958,2.759929325538462,2.455939900278186,9.168958463188863,45.593170715885236,4.351220897548367,3.733380634497729,18.564448873818478,1,373.30918797375995,3851675.394331162,373.30918797375995,1665342959.52227,0.231263964195492,0,9443327926.401522,9443327926.401522,89383082.74020241,9443327926.401524,414825840,9007809428.401524,0,0,20692658,0,9353944843.66132,1.0000006688853593,1,21,101,725133,2264916,725133,2264918,1,1.0000008830349558,1,6359,22269,6319.19369113444,22126.32,1.8518799420849499,70.05644239519347,3,3,0,0,1,0.8904577009975497,1,1,1,1,0,267790.40556797397,10.747257711710228,0.23673684118827648,3.7545148079994153,14876.021235309916,17674.004467631337,0.7369496387029992,53769.948244537234,2.0675571420451826,84639.84498288856,178,178,1,17800,3.2206568107648144,14776.755574368304,15803.063161741351,211130.6040004876,78485.07136904156,0.8416893445146669,0.935056414261654,0,0
60,9800564,1091621,3531526,1230570,3946847,1.1198901960071788,0,0.6345439162629779,0,0,0,0,18500,16634,16940,18.37570002914144,7.150316538340314,2.5699142031838904,3.845840125173976,3.35176696591714,13.26906350237526,68.85257073934824,6.4671356470338655,3.958826385397131,20.542171171052217,1,572.2345739063403,3665991.278731963,572.2345739063403,5472778749.660105,0.3854436969761734,0,9685197651.142273,9685197651.142273,180092224.18040293,9685197651.142273,414825840,9249679153.142273,0,0,20692658,0,9505105426.961866,1,1,21,101,725637,2262636,725637,2262636,1,1,1,6359,22269,6312.0199999999995,22269,26.504442257861857,38.74704247883592,1,0,0,0,1,0.7886853331144345,1,1,1,1,0,215535.4320169922,8.655250655492008,0.36017307901744033,5.4786963289882955,738.4350913688577,17501.10414513149,0.7934527847164441,1.9239115089823255,2.620054383576526,150894.0118877773,178,178,1,17800,4.513501400733819,828.8201264616702,15878.344444444438,422561.08226318844,80738.05582067932,0.04219362877023264,0.052198145049792026,0,0
90,9801043,1088514,3529129,1222404,3960996,1.122520731897204,0,0.7168001372689748,0,0,0,0,16634,16446,16925,25.85445299008056,9.783124001887714,2.6427604296022196,6.131275671477587,4.762350693456789,19.139836124921313,97.28815984053509,8.864867925441905,4.018989225471867,20.428600517430127,1,771.4258047499561,3365561.551785399,771.4258047499561,9529424952.20923,0.5270181335106631,0,9950979433.043394,9950979433.043394,253400605.4972594,9950979433.043394,414825840,9515460935.043394,0,0,20692658,0,9697578827.546137,1,1,21,101,726054,2269569,726054,2269569,1,1,1,6354,22269,6261.37,22269,25.99998070804872,0,1,0,0,0,1,0.6905686174365331,1,1,1,1,0,284616.3211822745,11.401287325498883,0.419489010102008,7.204754661915264,14941.799142567643,17702.27419653615,0.8893989344131884,58745.32607971421,3.1529127412828455,148650.49267035385,178,178,1,17800,5.923891722582172,14541.840597108257,15850.205555555549,602250.6119892178,66796.10407071604,0.8440609933322207,0.9174543854424206,0,0
120,9801655,951129,3661154,1214281,3975091,1.12512003274734,0,0.7295132266364184,0,0,0,0,16446,16303,16915,32.38791925570316,14.56214769144169,2.224116932610005,6.699806590995426,6.799174178798553,29.551367201881916,148.6043755391008,12.674604374532935,4.346317129811166,21.8562389536195,1,979.7300696109032,3293396.3229719372,979.7300696109032,14382374131.690813,0.7748334093676604,0,9951127105.055038,9951127105.055038,317455210.7122649,9951127105.055038,414825840,9515608607.055038,0,0,20692658,0,9633671894.34278,1,1.006294560448507,21,101,715625,2245942,715625,2245942,1,1,1,6350,22269,6213.83,22269,24.99999999969563,0,1,0,0,0,0.979046935024838,0.5882747030553085,1,0.979046935024838,1,1,0,241510.3172074316,9.78577829402198,0.3887783029765884,10.301674758657432,3196.943354847162,16870.412116891002,1.029875898133591,0,3.5880801790841605,164176.70206958154,178,178,1,17800,8.711827284613065,3181.7352970225274,15699.349653910434,821653.6069788057,81532.54273508933,0.18950001533432115,0.20266669430029624,0,0
150,9802598,744897,3862346,1206216,3989139,1.1276494424105696,0,0.7349601280864771,0,0,0,0,16300,15960,16903,41.55706022671662,20.27590749879984,2.0495783100794105,6.670288284223176,10.664303934929178,52.023294093541296,271.12597272871585,19.96750468119246,4.878264386590439,25.423691446066837,0,17428.914645111647,3665779.178443168,0,20962695999.516544,1.1566028310322767,0,26788997163.066856,26788997163.066856,407367155.464295,26788997163.066856,416009804.4426006,26352294700.624256,0,0,20692658,0,26381630007.602585,1.0000006674123887,1.0729341828755408,21,101,725252,2271396,725252,2271398,1,1.000000880515771,1,6346,22269,6345.640740011628,22269,0.2574024534153714,0,4,0,0,0,0.9410475961094338,0.4899243762869915,1,0.9410475961094338,1,1,0,206332.1257573062,8.262511501468888,0.29541696096646874,16.18817500577471,13525.178774115846,16811.065560260227,1.3519532989846341,0,3.7525009132125096,49754.121264794354,178,178,1,17800,14.551567971759988,13344.300938747965,15606.74039756736,1038747.5249627843,82335.23265383304,0.8045402431888727,0.855034465802222,0,0
180,9803822,1121897,3480640,1198118,4003167,1.1300908607578821,0,0.7547224799307679,0,0,0,0,15962,15668,16892,54.17335434851392,55.075828266610344,0.9836139746509532,6.5794084926428456,16.537609180113645,84.46579872416252,567.3505655095674,39.662290443496445,5.10749757139817,34.3066860106842,0.0006342399671539489,1473.079631844082,3042583.8383861254,0.9342859773159944,35660613816.44278,2.8171196033890578,0,57316238143.12289,57316238143.12289,531105923.1757643,57316238143.12289,418318361.9192774,56877226936.48129,0,0,20692844.72231318,0,56785132219.9471,1.0000010326610023,1.301261589432992,21,101,645756,2259360,645756,2259363,1,1.0000013278096451,1,6346,22269,5873.75296941495,22269,25.041218439129896,0,4,0,0,0,0.9641577583241284,0.38303160650370105,1,0.9641577583241284,1,1,0,265478.1330218923,10.965945271993014,0.27722107523354117,29.477801310361624,11530.186653115146,16162.699221500763,2.017096158946294,68659.39823411402,4.328976931186544,35537.8537673485,178,178,1,17800,28.03491718729114,11394.32063875654,15312.292288571594,1273844.9822283052,82346.93504850526,0.7133824923114871,0.744128992839351,0,0
210,9805129,1041504,3556299,1190120,4017206,1.1325683157803847,0,0.7605435999024306,0,0,0,0,15668,15573,16880,66.83876884901304,78.24780672538392,0.8541935122039689,6.63421538776127,25.10370911068886,114.9517011451552,1111.007091086613,72.7609896279956,4.579072384813849,44.25669076182688,0,30023.049124234527,3189454.7452875352,0,65214367992.63782,4.599939909659756,0,57323698010.11984,57323698010.11984,655362750.7658118,57323698010.11984,425778228.9162339,56877226936.48129,0,0,20692844.72231318,0,56668335259.354095,0.9991960240467395,1.651314642266795,21,101,721079,2256622,721082,2254225,1.0000041604317973,0.9989377928603018,1.0000067403764274,6346,22269,6335.668085317809,22269,13.784478324661707,0,4,3,0,0,0.953575320947706,0.2753797477626832,0.9967711837149706,0.9568038583843174,1,0.9999999995567783,0,174709.09417861773,7.046362375860416,0.4043901932226012,62.9168691786859,297.51209949951794,16419.203845384523,3.253096934738288,0.04999999999999999,5.647482774863582,16334.735062595792,178,178,0.9999999603351942,16718.739043625606,60.18553084767528,385.665034942688,15266.239681586363,1586199.725989266,85989.35783689997,0.01811976404587664,0.02526260840826864,0,0
240,9806631,1133635,3459501,1182284,4031211,1.135062188448154,0,0.7908540939600398,0,0,0,0,15573,15373,16875,156.48234559793633,159.64047680140098,0.980217227693491,6.675107602023891,36.785594132273296,130.22334623668613,1928.7972146259087,130.57922449516786,3.540063693641327,52.43349360323929,0,26011.101390856184,2884599.8100778162,0,113307113696.72577,8.479273256346787,0,58447761732.81163,58447761732.81163,1534564621.293424,58447761732.81164,438883276.80946016,57988185611.27986,0,0,20692844.72231318,0,56913197111.51821,0.99996633850071,2.117717739397033,21,101,720947,2249806,720950,2249703,1.0000041611935413,0.9999542182748201,1.0000067393619172,6346,22275,6329.26812025771,22262.90343013039,17.351841387755478,16.930090796718314,4,3,0,0,0.9085628814153758,0.19923820599087547,0.9994440149763346,0.9091185139998043,1,0.9999637982833276,0,188690.789885779,7.6221944421962045,0.38395445875953427,114.7273863114794,1579.491568727397,17181.334690763393,5.629271987094633,0,7.677436894195156,350128.09220324375,178,178,1,13399.782912388946,93.33750709889813,1616.4750835043112,15156.472255279956,1820210.8288398394,48786.80323824471,0.091930667620166,0.10665246214805632,0,0
270,9808155,1302614,3285880,1174487,4045174,1.1375542825162244,0,0.8257508186932131,0,0,0,0,15373,15340,16864,322.2543212023698,265.8302600555877,1.2122559754295215,6.7766842889316985,44.010176438143894,152.05367379222773,2943.111331891394,226.84566552410536,3.4549662395909384,66.87342724080926,1,2388.167948905967,2878522.2282020836,2388.167948905967,179114432752.1467,13.103316214270563,0,323052689910.41235,323052689910.41235,3160720331.772699,323052689910.4124,452972709.60258555,322579024356.08746,0,0,20692844.72231318,0,319891969578.6399,0.9959886485346142,2.8475675261647515,21,101,717165,2240691,712525,2233466,0.9935300802465262,0.9967755482572117,0.989519879478614,6346,22275,6326.961554585193,22275,19.770650378858132,0,1,0,0,0,0.9206466341860037,0.168969185621049,0.9964592815451818,0.9241775288202152,1,0.9999198829975221,0,57642.843346415415,2.3479844987883025,0.39909053412230755,150.15872854207197,11454.577308560356,17090.579809363087,11.280280137732476,0.517195,11.98672710120098,32811.994386708066,178,178,1,5300,114.69098183947025,11121.139306401537,14910.971363414059,1990381.2210169183,27272.25365946769,0.6702275426773383,0.7458360046005218,0,0
300,9809619,1529132,3054518,1166851,4059118,1.1401326453808647,0,0.8398987782693254,0,0,0,0,15340,15393,16857,862.8324491061752,326.5986404834165,2.6418739766615373,6.974588748352294,54.385597106489165,188.68062666113664,4235.587603435484,327.4896335065228,3.469312404379646,77.88068585772875,1,2661.4941528941727,3056742.146876294,2661.4941528941727,261277855136.3962,16.305923251700463,0,328395871429.1742,328395871429.1742,8464057586.568283,328395871429.1741,466455410.70125705,327908723173.7505,0,0,20692844.72231318,0,319931813842.6056,0.95613725722926,4.11772202967337,21,101,712706,2227671,672436,2138968,0.9434970380493499,0.9601812835019174,0.920364801151045,6346,22318,6316.449709030721,22180.449999999997,41.69522590708233,51.124286353839665,3,3,0,0,0.9097552275885818,0.14298802116501488,0.9703116912825466,0.937299805671499,1,0.9999723756451269,0,159413.2245846552,6.804282468886941,0.3118312962459984,187.38604139525935,12058.54773225583,16097.30753296899,18.20737870436755,74030.77628108417,20.45684849238039,464187.41287432757,180,180,1,17017.565118400533,147.97495082100184,11869.124937779496,14769.369835792819,2141335.4668055573,38935.58892405988,0.7491033955559742,0.8036311006997248,0,0
330,9811163,1806583,2772246,1159347,4072987,1.1427231722346478,0,0.8486815239271567,0,0,0,0,15393,15297,16841,1483.4080879562478,447.12895010562704,3.317629260207411,7.219576165060688,72.48441888440712,248.15548963461706,5527.689774189817,431.69037035437384,3.4235701058783046,76.26038615284996,1,343537.5596544481,845034.4855007286,343537.5596544482,393331541839.1258,21.936484494120023,0,629351451305.3187,629351451305.3187,14553958546.457369,629351451305.3187,470266158.77979,628860492301.8164,0,0,20692844.72231318,0,614797492758.8618,0.8606665530455053,6.39821939018975,21,101,710688,2199568,593105,1911655,0.8345504637759467,0.8691047514784721,0.8038903885851689,6395,22315,6297.77771801477,21970.66,51.94204300982372,61.69499671102772,2,3,0,0,0.8618006619718542,0.11369406439567334,0.8917092300135603,0.9593258574915524,1,0.9998916191285073,0,268223.5525892928,12.850263622349102,0.3239391931915754,249.63509047611078,4266.64304542373,16718.051375795083,23.374374317033688,0.04999999999999999,29.988141326231286,304490.25566766044,180,180,1,14630.37584441732,203.58607349736016,4256.16574228787,14551.206330098139,2289611.7768992777,49237.21598184077,0.25521174385198436,0.2924957316758194,0,0
360,9812931,2726745,2402460,1152043,3531683,0.9131485288655844,0,0.8534210790557053,0,0,0,0,15057,14815,16583,2595.9242240541794,721.4404767088615,3.59825142594788,7.9862901442308925,106.82924492885489,362.3468335131579,8128.122979240146,646.3661977074596,3.391831831765451,76.0851860803962,0.4626053274448144,680159.0222867808,314645.1872195207,314645.18721952103,574989984864.3125,34.430858436309435,0,629354757501.829,629354757501.829,25473625291.872406,629354757501.829,472033052.2532322,628862031604.8533,0,0,20692844.72231318,0,603881132209.9565,0.7377094763288919,10.902903552500266,21,101,711311,2205367,494499,1657162,0.6951938041166241,0.7514223256265283,0.6590093794050674,6470,22330,6384.2,22173.275230587074,34.255512126748854,21.081717546902702,1,0,0,0,0.7055732076403308,0.08605242131084276,0.7748540680768364,0.8854687224049493,1,0.9987879204012047,0,270249.8412532238,15.072068021118039,0.4035658035567754,373.6764829829141,3609.7273474225262,15821.171915062949,32.66954900624484,0.18549999999999994,55.328328729683996,240384.3933713749,180,180,1,11513.126101303487,306.7312156279115,3563.364146898017,13427.204746758876,2471028.9277838324,36852.89706947589,0.22815802563815096,0.2653839137857907,0,0
390,9814055,3142679,1980824,1144300,3546252,0.9154970729986885,0,0.6718910922081418,0,0,0,0,15004,15946,17070,3624.2299990948754,1300.8047599129825,2.786144478236164,9.530169779843071,182.62871900689285,597.5025839511283,13737.950988318991,1137.4384272641182,3.2716792145302023,75.22338799189895,0.05556990947348339,3977031.7537778425,221003.29453060342,221003.29453060357,837219817322.1816,66.80629624680216,0,620506716519.364,620506716519.364,35568392543.76738,620506716519.3638,59435852.295874625,620445664168.2925,1616312.053048146,0,186.7223131823265,0,584938323975.5964,0.6082315491701993,20.305717450502232,21,101,714691,2205950,380011,1396415,0.5317137056434179,0.6330220539903443,0.48965113120241754,6564,22330,6564,22330,0,2.415612253586211,0,0,0,0,0.576851769860047,0.05711342594536024,0.6516245069573584,0.8705602627156529,1,0.9989410796907032,0,283838.9474572026,19.17370816170463,0.30118841806209284,649.8203351443714,2910.1928372522602,13859.306486961246,52.56272724568253,74375.15093568755,71.12825254012871,210927.69652752025,180,180,0.9954999999999999,7927.646352866181,535.5388764110321,2917.243335607007,12700.459159834634,2671922.41615606,20221.807251952727,0.20998113000749008,0.22969589515573,0,0
420,9815150,3559936,1557783,1136629,3560802,0.9178759130776817,0,0.6778090424343413,0,0,0,0,15946,15962,17057,6068.444073599268,2356.226888953066,2.5754922423008417,12.557463482471833,318.71556962827606,1044.6928469775755,23949.94640290971,1997.2619463578885,3.2778218152191947,75.14520370260851,0.013435448530698557,10170393.738536695,136643.80161104992,136643.80161104992,1204111338610.2385,111.96023512348054,0,622791073066.3566,622791073066.3566,59562688848.98841,622791073066.3563,59435852.295874625,622730020715.285,1616312.053048146,0,186.7223131823265,0,563228384217.3689,0.5005417073433807,41.58150982621325,21,101,711754,2199412,293901,1163259,0.41292497126816285,0.5288954502385182,0.37545545554573495,6564,22330,6564,22330,0,0,0,0,0,0,0.52874992258123,0.038377696268177955,0.5451719858872608,0.9600843075539978,1,0.9992052360978717,0,270497.255717297,22.27598251810072,0.26082782060339893,1353.763956343663,7605.306139813035,14076.835907178662,96.63741515455598,4149.360974336964,113.76147821449666,79317.37635104837,180,180,0.99,4846.2397024469265,971.6477420691729,7540.811337244661,12029.427925187898,2791418.1157512744,4355.204179582877,0.5402709948429968,0.6268636700050618,0,0
450,9816112,3869238,1242533,1129155,3575186,0.9202957252975534,0.08073138342706258,0.7288990029807612,0.4380409960664156,0.45599204654551617,0.07849278818334592,0,15962,16085,17047,8186.429516978875,4253.419232834697,1.9246702638157343,19.823952649139706,557.9909304795682,1854.9567474398866,40138.96645943482,3657.2073041940976,3.32434927902078,71.93480084871125,0.005914769093461114,12701870.555488078,75128.63139074405,75128.63139074405,1747869982069.2815,196.67796664813,0,4382940232988.441,4382940232988.441,80358909018.7687,4382940232988.4404,507092673.10690796,4382431523816.5576,1616312.053048146,0,186.7223131823265,0,4302581323969.671,0.41981263378159167,83.73716674984907,21,101,726803,2190265,239363,985259,0.32933683542858244,0.4498355221856716,0.31112428940400083,6564,22330,6564,22330,0,0,0,2,0,0,0.4265428413262852,0.029547614287429504,0.45917650024798107,0.9173445182938507,1,0.9992203376174605,0,271672.5243760276,26.62103320463238,0.2284446713523978,3799.9009354259288,2631.998941858685,12672.03086768784,203.14513099254842,30293.69661146105,238.90392624224435,108787.9785984205,180,180,0.99,2700.0187571405104,1709.1654549578022,2657.5888417143324,11160.209739170108,2845597.9435518864,2968.507528230729,0.20770143076039746,0.2381307254815047,0,0
480,9782599,3518515,1564091,1119500,3580493,0.9247210977990424,0.4435396204942527,0.7746188753124227,0.7967610561340006,0.09680229149738225,0.7514518381055996,0,16085,50415,16902,7699.421314344894,4061.2688380539566,1.8958167068876524,38.91088697056739,939.5510066894444,3252.664416604017,37691.050441942185,7092.697017444798,3.4619348959722207,40.116023689600965,0.002008599676040279,12482622.33213612,25072.591172462817,25072.591172462817,1456784912342.2651,232.2901935188052,0,4559046369212.353,4559046369212.353,75320351250.29358,4559046369212.353,507092673.10690796,4558537660040.471,1616312.053048146,0,186.7223131823265,0,4483726017962.063,0.4259277686772798,135.42724240300734,21,101,734936,2289929,238808,1049566,0.3249371373833912,0.45833997473284105,0.32002843751197313,6564,22330,6564,22287.56378314286,0,20.869474795934245,0,3,0,0,0.38379297614696894,0.025565636343401955,0.4018659878374413,0.9514061946536337,1,0.9992217932389094,0,173385.01878879018,16.14919445336123,0.2360874578202518,13195.46498847319,743.4908006399252,12068.918115694087,589.9403925872404,11557.727239440352,754.9886953099721,40824.49094698383,180,180,0.99,938.3051186858265,2844.9016283482397,790.0358775375967,10764.742988249358,2857605.9117386783,843.1277474423705,0.06160376543388014,0.07339105804941082,0,0
510,9525919,2709708,2199516,1059894,3556801,0.9404123747459884,0.5251613012347128,0.8200493403579511,0.8147301377411834,0.14223016173032754,0.6987948354379246,0.009623428458713537,49179,256337,0,8513.694405742335,3127.372581489079,2.7223153570300194,64.44520359652007,1461.3435352148622,5650.855174125144,38579.97945193751,7351.627391804658,3.8668903224691076,26.40034907758022,0.05718491027649353,4860825.597711235,439066.1402047536,277965.8756748002,1602714521155.5667,249.8948193313681,0,7064861030951.238,7064861030951.238,81100763299.85854,7064861030951.239,505908708.66430736,7064353505743.799,1616312.053048146,0,186.7223131823265,0,6983760267651.382,0.5315342850699926,186.16872139909682,21,101,715591,2166859,479031,1053090,0.6694201017061422,0.4859983967577032,0.8603122522924335,6564,22330,6564,22185.022804892717,0,60.40537560312329,0,16,0,0,0.46681498467746535,0.022310067652201133,0.5269858292188577,0.9061868869186133,1,0.9992217932389094,0,276719.70394942164,21.67346082582942,0.19353388877434805,20378.536820310503,0,13122.558397926505,328.7823511957626,42446.14231595266,1956.3513161065782,42467.44021147763,180,180,0.9286015559388159,53.65767946368585,4852.530890000135,53.64466081070261,11402.144704072494,2850547.888334253,0,0,0.004704786880273708,0,0
540,9454573,2017494,2850411,1049949,3536719,0.9422262759852544,0.25120555411125206,0.828573961262449,0.8038591650122716,0.6519667255200209,0.1950653932229409,0.009211098163819773,256337,87433,16087,6937.155685742915,2832.5972783447146,2.4490441118395703,68.67621731561266,2031.5615130272301,7574.988173220202,40441.053845743874,7676.201384084923,3.7286531196058696,19.906389044298567,0.020479200397844788,5780155.646076592,933241.299232897,118372.96580673638,2702992246495.6763,215.78419043580016,0,7701287607543.859,7701287607543.859,65587844843.22816,7701287607543.861,794612278.1803586,7700491378953.629,1616312.053048146,0,0,0,7635699762700.639,0.6955937630061956,224.09988074088594,21,101,722431,2187240,474315,1549634,0.6565540515287965,0.7084883231835555,0.8459506377839837,6564,22330,6564,21969.63496578374,0,208.6331195522124,0,11,0,0,0.6120550559626349,0.020226734318867807,0.6553715391432742,0.9405600134992552,1,0.9992217932389094,0,245533.64226776475,14.557697388685076,0.15681079325747324,29813.720014353563,0,13750.442289596334,343.44994266773506,27450.99849619827,1067.0591021277862,40013.48365955096,180,180,0.8452682226054828,0,6596.578610312809,0,12730.895172157176,2830513.5267899274,0,0,0,0,0
570,9370709,1551585,3282238,1044968,3491918,0.9385709820156841,0.3956006905541807,0.7658837054402199,0.9290634087667141,0.30882540477993714,0.45335075499623345,0.0963889712080484,87433,99965,16101,9810.975793550599,4309.190204395373,2.2767562646790123,63.66259242851634,3343.947992431412,13261.368542561484,67989.20633709127,10026.53370530458,3.9657819357767687,20.33201667339801,0.001363594383158917,7608194.501666268,2548622.820263925,10374.491288452527,4434257469940.076,224.0469343391111,0,8576874975922.938,8576874975922.938,91935799167.41014,8576874975922.938,1373196132.5065694,8575500163478.382,1616312.053048146,0,0,0,8484939176755.524,0.7908813779334691,250.8414664825983,21,101,738153,2240104,641986,1713462,0.8697194213123838,0.7649028795091657,0.8482447708481035,6564,22313,6564,21851.109588790663,0,263.2205864177073,0,7,0,1,0.637777631249805,0.018155899668151385,0.709712312271017,0.9169231974312732,1,0.999292586484613,0,255827.4672128409,13.033315133911216,0.169600117154886,46476.871769246885,0,14945.291771101167,396.6183139406128,35184.18291577234,994.8820524957221,177379.24808002493,180,180,0.7632847469947753,0,11689.33043679712,0,13041.2519221724,2820642.3514149,0,0,0,0,0
600,9069685,1416509,3238630,1025284,3389262,0.9483166882879329,0.5129852725798336,0.7786689007002446,0.9743449650547621,0.26745085413661,0.10121828927906537,0.4903225415215633,99965,316190,15166,12202.033521207626,7550.421252298388,1.616073211477209,61.14691312920912,5296.747232872403,14429.078804346753,105379.51643165732,15905.234749747418,2.7241395841579408,19.89513786454757,0.04196426507094975,4619806.164052376,3272499.8476392254,193866.77044470137,6433183665769.093,367.3533716644496,0,13126747256520.668,13126747256520.668,110668600396.8017,13126747256520.666,1590294370.9807138,13125155345837.63,1616312.053048146,0,0,0,13016078656123.87,0.8286375179378388,288.26456930056816,21,101,731328,2242135,703855,1760068,0.9624340925002188,0.7849964431222919,0.9991734011027181,6564,22311,6564,22114.288741194738,0,249.12048905907767,0,5,0,1,0.6984788241663794,0.01607256633481806,0.7655291692233187,0.9229809228151549,1,0.9992951094324678,0,271715.81332033186,13.233326527833793,0.15642883095030102,77874.2493859745,0,15294.265395716342,438.2060329918004,46009.81506115904,1024.7426926860446,101614.06131598244,180,180,0.6799514136614423,0,17605.15257143228,0,13404.307653587872,2848459.98846338,0,0,0,0,0
630,8448916,1389973,2859266,958502,3241175,0.9883362644464103,0.5317969272160429,0.7928184840135847,0.9907215612337948,0.2860885349079101,0.018366616498495192,0.5426554128363923,316190,634431,13662,18192.98035408989,10477.650271707394,1.7363607185111016,49.719407891905604,4994.377697592651,13589.828995595935,112034.37567637814,19341.501921766372,2.721025484745856,22.432099144279782,0.02342087074764876,4633738.313990152,2824848.686417302,108526.18613039108,9149547222375.91,484.83511763259696,0,12863283470078.645,12863283470078.645,153710962801.34668,12863283470078.645,1576204938.1875887,12860564507092.824,1142758047.6325927,0,0,0,12709572507277.291,0.8427366841832266,338.12343823746795,21,101,726818,2228671,675647,1815052,0.9295958548082188,0.8144100228342361,0.9805151062039354,6564,22311,6564,22104.325701959187,0,292.38263823151493,0,7,0,2,0.6953037603307515,0.013989233001484734,0.7647598473474791,0.9206959333823981,1,0.9992951094324678,0,275406.101143852,13.268858315381442,0.18013933387255768,95314.3193054219,0,15545.79701190469,446.8569126034657,41471.21080526385,1246.5423782253213,428608.2330161316,180,180,0.5966180803281091,0,17421.762599291556,0,13457.790147534926,2848971.838500396,0,0,0,0,0
660,7315301,1182905,2461293,599767,3071336,1.0073829687629487,0.47934036695977233,0.606293238054934,0.9966443457932537,0.3349054263112345,0.0020951974498383593,0.4848952900229259,583111,843912,0,18642.529173599,16487.35125187806,1.1307170502281527,32.361151764699784,5243.791729236177,15359.550714770457,124119.56263944955,21214.86357454014,2.9290924407113637,23.669811664608023,0.06233489492984956,3277582.080331514,2601435.6552689783,204307.7346014225,11364375726338.293,693.8259416103828,0,12861787401503.535,12861787401503.535,136375712306.15579,12861787401503.54,1562722237.0889173,12858700842419.314,1523836847.1352186,0,0,0,12725411689197.385,0.7657330974135529,406.8114777080266,21,101,716667,2201274,620592,1613772,0.8659419228177103,0.7331081909839484,0.8319117561371348,6564,22311,6556.611479150276,22017.076679045233,2.1636594393191486,368.80402907861406,1,7,0,2,0.6942867943445249,0.011905899668151409,0.705092326293531,0.9767441109912376,1,0.9992951094324678,0,256480.96067842754,13.77470961822304,0.1905334562016866,103079.1515539229,0,14605.549806253819,459.5979512378571,26215.942414786143,1435.4925057218243,275172.5851649416,180,180,0.5132847469947761,0,18598.677795782824,0,13521.12835740848,2841044.605238183,0,0,0,0,0
690,5768601,911359,1798585,347295,2711362,1.1286790428141689,0.3458519446917711,0.48838773118583717,0.9985509882043466,0.42103778715151213,0.014825084972942312,0.3367398785251398,706627,1132092,0,41765.614843110925,27083.67802352782,1.5420953833090463,23.717110107666684,6498.824140876593,19222.93486864361,156468.45842057365,24642.2211486514,2.957909685189716,24.07642598549657,0.03234058641033777,3269393.844470306,1668752.6330659464,105734.11413651862,13897372133943.506,1059.730708066136,0,12560831821627.39,12560831821627.39,240929167549.5899,12560831821627.393,1558911489.0103846,12557749073291.248,1523836847.1352186,0,0,0,12319902654077.818,0.5658634718152042,474.0305929078313,21,101,714974,2185526,472513,1168774,0.660881374707332,0.5347792705280102,0.5938722908308492,6564,22310,6500.77465084874,21906.400024536968,19.715028528791358,403.17150800268826,3,6,0,2,0.519676976446143,0.009822566334818083,0.5282939633566708,0.9853058451390654,1,0.9992954685816634,0,253527.56597677065,18.536251074438827,0.2042172901542133,116187.2032433302,0,13175.998657901164,576.655816332377,22898.13782475379,1782.840380328015,149934.82359369742,180,180,0.42995141366144307,0,22821.76789939665,0,11980.186829220891,2825943.581821038,0,0,0,0,0
720,4178338,590818,684380,348034,2555106,2.276619003480244,0.08887953981041032,0.38221907067488947,0.9986998469715306,0.592685656354273,0.04649743510457986,0.06203614930146867,1065824,1122375,0,71020.14719229158,50182.24735320433,1.415244452732878,24.480739315866572,8721.44549003217,24165.429141556844,208077.38804241258,33453.91909927179,2.770805501126592,23.858130888993845,0.03473632799729187,1278458.4549844188,44408.95222324982,44408.95222324982,15066213406890.793,1901.8569280010565,0,12564844396245.92,12564844396245.92,296746179779.16736,12564844396245.922,1557144595.536942,12561763414803.252,1523836847.1352186,0,0,0,12268098216466.791,0.19556127496694092,508.37450957865656,21,101,783862,2315136,171513,434531,0.21880509579492308,0.18769134944988114,0.13989373244385517,6564,22309,6485.116752350146,21846.162553091875,43.460634702454236,455.84212568791474,3,9,0,2,0.08208475313245218,0.007739233001484756,0.08208475313245218,0.9967021347153907,1,0.9992957956032396,0,281041.140881477,55.647670640708,0.15052492003489057,142333.0741092293,0,9670.362187757666,784.6517095144544,10338.32353244714,3994.0122845089754,16790.56813940087,180,180,0.3466180803281101,0,28012.178738945186,0,8609.8204173779,2819872.871079535,0,0,0,0,0
750,4059827,581405,579011,345732,2553679,2.4985961930893748,0.04109397223073347,0.2645638762124722,0.9972898527250301,0.6237824912243798,0.05244952555860139,0.016024820762066957,899708,109292,0,86751.07803555319,103223.27688475187,0.8404216631526842,22.875948012848145,11377.133854657124,28693.852304995282,180990.52242508548,38880.0410797378,2.522063348428455,15.908270460490249,0.022316244223048454,1530058.0624379276,34145.14939680896,34145.14939680896,10568127105845.676,3836.568381682462,0,12567243554509.025,12567243554509.025,352194368887.86865,12567243554509.027,1554915955.4943,12564166418018.451,1522220535.0821705,0,0,0,12215049185621.197,0.16420026706854626,518.9281148722563,21,101,764310,2264126,137852,359418,0.18036137169473118,0.1587446988374322,0.11726527425336716,6564,22308,6333.916752350146,21525.90003625168,133.0513930589422,709.5272457780799,3,24,0,4,0.07008659504103096,0.00565589966815143,0.07337030835803643,0.9831767845733747,1,0.9992961802243355,0,282250.046207717,68.11190207518257,0.054894849314055194,109160.69977804601,0,8921.887564382156,746.7576236481319,5019.905282572869,10092.715661484057,10872.02571994743,180,180,0.26328474699477705,0,8867.230409485077,0,8320.867124485942,2774324.5906702764,0,0,0,0,0
780,4047017,670469,483184,343763,2549601,2.5080019728635907,0.05155674780991017,0.3081192344222858,0.984864108024638,0.6557111077121742,0.027457754686970676,0.008852199039440655,110038,11844,0,357527.96481118345,186913.41637300933,1.9127999035536927,26.788945109461284,13251.539424164554,33562.788962905084,198702.69182383845,46035.05108008196,2.5327464144809015,14.99468744450162,0.0061090710440260265,4462384.362975542,27261.023099168473,27261.023099168473,7710963164289.422,6524.528866524012,0,12733681659992.627,12733681659992.627,1446921751566.2107,12733681659992.629,1554915955.4943,12730604523502.053,1522220535.0821705,0,0,0,11286759908426.379,0.14855156075035708,524.2443879799499,21,101,759086,2235275,120687,324130,0.15898989047354317,0.14500676650523986,0.10229912551336055,6564,22306,6182.716752350146,21279.60259534267,220.290916323237,1024.2661230925592,3,21,0,6,0.06677062668578207,0.003572566334818102,0.07417656723237383,0.9443984620773693,1,0.999296591775173,0,273577.1023003025,73.80395145877137,0.019774625644507896,72625.88972305876,0,8579.58897939495,768.1709302970771,6319.354501051314,8057.962803185737,21126.463490719758,180,180,0.17995141366144402,0,9046.899687928346,0,8170.115502704426,2736087.4850821337,0,0,0,0,0
810,4028047,757301,382222,340461,2548063,2.5348536185754917,0.3933840211410637,0.4042236822959762,0.9945090089804214,0.2797422671582531,0.6813391204223784,0.027761096134181155,11844,21712,2742,424947.3967137091,241210.38417008283,1.7617292811658938,30.743255124515606,15955.332532944938,40346.74640859894,185095.70941367533,57038.8554534922,2.5287311514999797,11.600868175670136,0,3903684.107898926,147220.30935886913,0,4861312422201.041,8556.946088092374,0,18036211394171.13,18036211394171.13,1711708086490.4126,18036211394171.15,10867545020.18244,17378863210351.74,646480638799.2263,0,0,0,16324503307680.686,0.12667495115426639,546.6890413993276,21,101,755388,2217236,101594,274963,0.13449247274248466,0.12401160724433484,0.08183310717199316,6564,22304,6156.891489603974,21132.170286237088,267.7621134876854,1333.0378445691344,2,23,1,8,0.050571927060798015,0.0014898620492789546,0.06415231414330184,0.9167717595940267,1,0.9992970088234343,0,273990.30547126656,87.3143684928231,0.011406229510866036,65269.012007199846,0,8402.172200725374,998.2128663269582,7665.275794714265,13340.26570844643,7371.337887839652,180,180,0.09661808032811083,0,10900.06619647864,0,7955.8549940075845,2720292.444438442,0,0,0,0,0
840,3931413,781687,302256,323940,2523530,2.6269554764411045,0.6743023323983373,0.6785267890815452,0.9968598749078592,0.058581990749890685,0.6483801116799481,0.293037388847216,21295,98021,1387,456793.18453375093,159572.91666667533,2.862598453896319,35.44991713580691,18493.394814056377,46794.80747640369,203280.89151557477,49414.767227080476,2.5303524824353016,10.992080878577573,0.00037471415209988646,4118237.1895164354,12404.791791529162,1543.161756615908,3238427691176.663,5864.965130002516,0,22686596159742.69,22686596159742.69,1795842663987.276,22686596159742.71,10876725030.901821,22028742957076.363,646976477635.4475,0,0,0,20890753495755.33,0.10512627742894468,569.2572272470693,21,101,756920,2153418,84157,221796,0.11118348042065211,0.10299718865543057,0.06332535094625963,6564,22299,6358.122497806887,20722.84557844841,292.3626895916945,1726.3451946400448,3,20,1,13,0.04492288674892444,0.00013258211336188535,0.054602186180982296,0.9129086313683931,1,0.9993001129986117,0,275882.08632083336,108.20567328478559,0.01771433836047447,69445.56951152855,0,8186.391551853598,1464.239487541241,1351.2944098394157,13374.78798347459,70.77532710279763,180,180,0.013284746994777481,0,12639.377981993477,0,7886.7926225377105,2701085.6331635234,0,0,0,0,0
870,3605829,725195,238365,203407,2438862,2.7421945701357466,0.8268533555661045,0.8105051683332986,0.998191937376846,0.00857001261013764,0.1404140351636198,0.8510153975687699,84626,237131,0,508466.5895059133,180404.97856590836,2.8184731571593096,35.62543347688988,20305.23194429,50000.660000610274,216521.2826926495,53847.810820035,2.4624520487031853,10.66332476707005,0.0013685187774058472,3915889.916557271,5358.9688810627595,5358.968881062762,2420798130635.524,6461.926478436768,0,29292664454977.26,29292664454977.26,1833443573971.3247,29292664454977.297,13465609550.888498,27979563247171.848,1299635598254.5557,0,0,0,27459220881005.777,0.08225919004528151,573.51919607411,21,101,755212,2155247,60911,178501,0.08065417392732108,0.08282159771014645,0.0438511356869242,6564,22280,6438.9,20663.02651038572,295.03387611263497,2076.536563980894,1,22,1,13,0.034838211993353595,0,0.044442759365360095,0.9035232417391709,1,0.9993473621378481,0,271353.54204440524,136.0099955112051,0.014657641183817476,76559.71496924163,0,8081.520678350944,2530.289597071506,4488.0988572494825,20827.903588820365,4148.420531589893,180,180,0,0,13753.4356343939,0,7782.828651780337,2703801.5705783353,0,0,0,1,0
900,3136805,594351,177525,112383,2252546,3.063871658141981,0.9199999280355187,0.8768053120504166,0.9953675398876567,0.002184069459210885,0.041952878805026135,0.955863051735763,204235,391663,0,598440.9355836172,186245.65301206708,3.2131806885438743,34.83570729352871,20252.91474575045,49446.64784489571,217913.0885938572,55832.73553318403,2.4414583513353705,10.759591462734054,0,3565518.778018127,1952.270775041543,0,1772315182007.4116,6658.232743316158,0,39178411992490.82,39178411992490.82,1877192518943.0579,39178411992490.85,13593776203.553,37860262203350.88,1304556012936.412,0,0,0,37301219473547.484,0.06035925984075986,575.8367108648508,21,101,745799,2126718,39158,134225,0.052504763347765285,0.06311368032809239,0.027605492716724404,6564,22252,6438.9,20310.352675692837,287.68028404294625,2346.156782757768,1,30,1,17,0.02623352330787091,0.0002146160539551919,0.03224804756437353,0.8921820589845265,1,0.9993694610777099,0,270271.15386357723,187.05719974639536,0.01718217858951807,80538.53114682571,0,8028.494994145612,5356.635202771377,3145.1656959255365,20783.638373705977,0,180,180,0,0,13707.965042891768,0,7636.536913704762,2668679.2627994893,0,0,0,1,0
930,2483553,355848,94430,84968,1948307,4.515599252017642,0.9620460136657468,0.9070511061230008,0.9960870987074105,0.00007690594885633607,0.014719234902577073,0.9852038591485666,305711,482486,0,782402.4159344281,184145.40719471712,4.248829378118066,33.07041711805604,20114.985772850257,48215.563044000744,214533.19604202424,59264.50166294672,2.3969971238596948,10.665341674344385,0,3222427.270412085,244.73778963102583,0,1231639326674.56,6943.316179653764,0,45556175657826.414,45556175657826.414,1943137867300.9521,45556175657826.47,13007732482.229832,44238470337003,1304697588341.2214,0,0,0,43613037790525.266,0.03278696169348185,551.0841927977934,21,101,733947,2053777,18651,72750,0.0254119166642823,0.03542254100615597,0.01562202405791705,6564,22216,6367.291342768616,19563.309911222514,267.75982125205417,2639.8933291059657,2,34,1,18,0.012859221198478685,2.82379509123492e-7,0.015519747423045634,0.889778114065549,1,0.9994114635385799,0,266184.5592889936,349.47262190434714,0.018236277290331695,80620.04762110817,0,7703.535009826736,5902.384781278606,1646.0818294049725,17872.580930762688,0,180,180,0,0,12988.200989436606,0,7301.16882930446,2587094.706099871,0,0,0,1,0
960,1776696,138685,27614,55235,1555162,9.683744340014071,0.9837265469481512,0.953083074116777,0.9982458286643672,5.62842489654955e-7,0.0007862909580479722,0.9992131461994623,384361,547535,0,1141866.006786861,181557.22521964565,6.289289811548099,30.515759450223843,19648.121708148105,46312.514830905624,196210.77279379463,64189.493802227895,2.3570962924002936,9.98623561622309,0,2233079.4655821417,4.547473508864641e-13,0,826023440689.1083,7377.885931432765,0,70143769229653.93,70143769229653.93,2028748766793.8389,70143769229653.98,13602674040.593197,67657771858683.65,2472394696929.706,0,0,0,68115020462859.805,0.009931378136246687,518.5981116703107,21,101,710904,1979055,6631,20084,0.009327560401967073,0.010148277839676006,0.006484251878583012,6550,22172,6198.561718144063,18621.80536425426,237.68024866804856,2926.2633061406354,2,40,1,20,0.00382420766213317,0.0002788075106211148,0.00382420766213317,0.8978502709576239,1,0.9994929361736705,0,257241.3782801715,1155.4918732405233,0.01395000942366145,76184.9845123498,0,7349.987678699096,5747.575632321141,19.613420561890706,15436.491717405412,0,180,180,0,0,12839.107952697146,0,6928.361701957106,2476691.5877449443,0,0,0,0,0
990,1218416,47828,7228,45673,1117687,21.13048532403371,0.993404720724748,0.9809001395775288,0.9982372745897783,0,0.00002380139459757587,0.9999761986054024,412956,485733,0,1729277.5414742345,173433.3517334928,9.97084773020784,27.337747935483847,18347.91314303665,43055.73085805116,176308.6828404621,61099.707566656485,2.346628225368047,9.60919541454088,0,1586567.1433467122,4.547473508864641e-13,0,535074612343.48755,7046.112458882908,0,70147071669423.445,70147071669423.445,2106979424972.536,70147071669423.484,13608790648.933542,67661070889813.2,2472391988961.316,0,0,0,68040092244450.625,0.002935784915126218,460.4253631940017,21,101,637729,1737445,2052,4921,0.003217667692703327,0.002832319871995948,0.002318376011106763,6536,22134,6038.232093519509,17587.26758144188,209.11840616317266,3299.138516223199,2,41,1,26,0.0001469883585941669,0.00021883147028803161,0.0001469883585941669,0.9162870120001132,1,0.9995017048700378,0,253074.69373153275,4355.222034674305,0.01022736204051765,72777.19396651874,0,6688.99003046912,4796.723834424935,0,12808.646118132321,0,180,180,0,0,11225.432605151618,0,6563.525611041372,2357376.9471094334,0,0,0,0,0
1020,252977,29515,398,36088,186976,7.457092234145689,0.9947528147712632,0.9833958135817426,0.9987383292012023,0,0.000003952928527099302,0.9999960470714729,267666,550868,0,8806408.82997658,161669.52984846508,54.47166722282757,21.81226462707036,15796.447972540072,35609.1128816389,156845.74209367146,56152.71090143829,2.2542481033419914,9.92917789912808,0,342449.13805675536,4.547473508864641e-13,0,334479632525.39044,6566.035587573833,0,70145748752847,70145748752847,2227818886580.657,70145748752847.03,13622463740.332901,67659701341234.8,2472424947871.874,0,0,0,67917929866266.04,0.00016210553617774514,411.15807257766573,21,101,641240,1733756,110,275,0.00017154263614247396,0.00015861516845507674,0.00017419034985461805,6523,22092,5952.4,17115.23983705351,193.11840616372385,3649.706314903365,2,41,2,31,0,1.7180583138986342e-9,0,0.9267218309964673,1,0.9995017303846452,0,251849.4625778962,78498.5337905131,0.00849459428927188,67315.4469767797,0,6112.685582761411,4082.4363786361046,0,10698.277413741662,0,180,180,0,0,10543.981470610031,0,6407.677732514864,2301697.4210652476,0,0,0,0,0
1050,52685,19896,0,26575,6214,1.6480197024527543,0.9965452643857562,0.9889875536611741,0.9985892127351538,0,0,1,34341,56641,0,43969622.02881233,141955.37608020115,309.7425630711627,17.099100016408396,12525.065613548279,28046.389521209272,130175.86279314816,49413.48398534353,2.239220965906293,10.393228012501412,0,77173.31623582763,4.547473508864641e-13,0,224679641991.8042,5780.045984342871,0,70146414700611.25,70146414700611.25,2316539536587.6445,70146414700611.28,13622463740.332901,67660367288999.05,2472424947871.874,0,0,0,67829875164023.3,0,352.48672429975574,21,101,647810,1761515,0,0,0,0,0,6510,22051,5951.099999999999,16870.492055477105,187,4000.2775244167888,2,41,2,39,0,0.000673613831018519,0,0.9279540006829855,1,0.9995017401403099,0,251760.33216776312,0,0.008020565580006838,59309.321502000246,0,5835.941986355475,3522.3521446291725,0,8913.943633089526,0,180,180,0,0,8242.171698796195,0,6339.331126521416,2277176.5613020016,0,0,0,0,0
1080,4911,698,0,4209,4,6.035816618911174,0.9975116002582545,0.9928750804378431,0.9985819365917887,0,0,1,6425,13017,0,472945816.49483037,119330.97004853375,3963.3115887893646,15.654069633033215,10020.063482653082,23150.000766344903,106353.3772295318,41853.18910719248,2.3103646804656086,10.614042257681573,0,6759.16015748251,4.547473508864641e-13,0,174310741353.29468,4876.4090351566065,0,70142931310825.8,70142931310825.8,2322636904805.778,70142931310825.836,13622463740.332901,67656883899213.6,2472424947871.874,0,0,0,67820294406019.72,0,280.8117766364737,21,101,649480,1763818,0,0,0,0,0,6497,22010,5949.799999999999,16862,186,4329.330286321097,2,41,2,40,0,0.00043239382259614907,0,0.9282654378855436,1,0.9995044994301885,0,251374.9951712242,0,0.007862329302929544,49571.965447629365,0,6121.136862808932,3123.480214712769,0,7718.1064383037765,0,180,180,0,0,6795.073206095955,0,6336.6111111111095,2276255.7336742976,0,0,0,0,0
1110,70,66,0,0,4,0.06060606060606061,0.9971564877862023,0.9721326418894979,0.9975306920823265,0,0,1,309,33,0,33276684007.39315,98171.6235156035,338964.38518309843,15.131457757583734,8303.823387130727,20121.109393543404,88050.34052862132,35164.09422108566,2.4231138423207694,10.603590228698964,0,98.44313708624318,4.547473508864641e-13,0,141606000885.36334,4032.7084995902133,0,70140671456826.99,70140671456826.99,2329367880517.187,70140671456827.02,13622463740.332901,67654624045214.79,2472424947871.874,0,0,0,67811303576309.484,0,213.01500443815462,21,101,650137,1766793,0,0,0,0,0,6485,21970,5948.599999999999,16857.999999999996,185,4560.621132792181,2,41,2,40,0,0.002439124341168093,0,0.9284911567859488,1,0.9995045060289174,0,251116.17858789084,0,0.007759544267837997,41510.70401649577,0,6155.812820120724,2848.436093264079,0,6983.423233949038,0,180,180,0,0,5775.2700779371335,0,6335.166666666664,2275736.136195957,0,0,0,0,0
1140,1,0,0,0,1,0,0.9962789748074047,0.9816929639403118,0.9962789748074047,0,0,1,0,0,0,2336524941607.5215,80755.35289422028,28933375.40940581,14.942449155755664,7161.652123497422,18191.321595064725,75272.92391513738,29901.835718388407,2.5401012617436267,10.510552958606644,0,1.9128759827873751,4.547473508864641e-13,0,119561109787.77353,3339.1111062062705,0,69971707125071.66,69971707125071.66,2336524941607.1885,69971707125071.69,13622463740.332901,67485659713459.45,2472424947871.874,0,0,0,67635182183464.164,0,160.79346409275152,21,101,650767,1768455,0,0,0,0,0,6473,21933,5947.4,16854.3,184,4732.310958289702,2,41,2,40,0,0.0017603692969672764,0,0.9287289417741778,1,0.9995045108763877,0,250950.06192122417,0,0.007717198835336397,35983.27950555442,0,6139.045017321558,2661.0374544170027,0,6495.775136764029,0,180,180,0,0,5266.174740028243,0,6333.805555555553,2275246.4645729098,0,0,0,0,0
1170,0,0,0,0,0,0,0,0,0,0,0,0,0,0,0,0,58481.35718981741,0,14.874092018761264,6413.936326999243,17008.647293310893,66534.05634481496,23380.61544987571,2.6518266515546127,10.373357787283007,0,0,4.547473508864641e-13,0,104121563240.93634,2433.4820554014264,0,61512031739814.375,61512031739814.375,2336524941607.1885,61512031739814.414,3862177854.833728,59077436891606.87,2430732670352.6846,0,0,0,59175506798206.875,0,132.37054427357353,21,101,651179,1769289,0,0,0,0,0,6461,21893,5946.2,16849.30617263842,183,4814.236253623588,2,41,2,40,0,0.0014131458958679905,0,0.928780503010627,1,0.9995045109668099,0,250393.40546939694,0,0.007846439331716219,32379.821902895033,0,5135.9262055247855,2543.7937499216655,0,6193.225087257956,0,180,180,0,0,4835.101133351208,0,6332.085047955114,2274627.6771411938,0,0,0,0,0
1200,0,0,0,0,0,0,0,0,0,0,0,0,0,0,0,0,29641.059046013568,0,14.849369873139963,5946.726110875136,16382.549468204532,60463.31330377109,14776.265665494582,2.75488548871366,10.167495892100728,0,0,4.547473508864641e-13,0,112632065504.40889,1238.8585174035916,0,56685921969778.34,56685921969778.34,2336524941607.1885,56685921969778.37,3852997844.1143465,54251450860986.305,2430618110947.9194,0,0,0,54349397028170.83,0,108.75896410584245,21,101,651140,1768717,0,0,0,0,0,6450,21854,5945.099999999999,16838.40399093855,182,4891.383925912777,2,41,2,40,0,0.0010659236691199206,0,0.9288085048027416,1,0.9995045109732185,0,249989.70863048945,0,0.007900313292879662,29322.346775904167,0,5051.035207695596,2468.3227012256343,0,6019.868933181188,0,180,180,0,0,4480.4303342067315,0,6328.7511085940405,2273429.36084335,0,0,0,0,0
1230,0,0,0,0,0,0,0,0,0,0,0,0,0,0,0,0,18434.856268199586,0,14.840428824538549,5670.881932976831,16046.216209665386,57390.59484334813,11501.246591025449,2.8295803720325745,10.120223894913984,0,0,4.547473508864641e-13,0,101712360656.95139,776.4052294990609,0,48218048442172.85,48218048442172.85,2336524941607.1885,48218048442172.875,1264113324.1276708,45777978039093.94,2438806289754.803,0,0,0,45881523500565.36,0,86.81056692271467,21,101,650954,1767871,0,0,0,0,0,6439,21816,5944,16820.89908480795,181,4936.755819459576,2,41,2,40,0,0.0007187014469084765,0,0.9288383733809972,1,0.999504510974588,0,249770.79403666657,0,0.007983949745099589,28352.042567385,0,4025.129641228588,2424.9985454384064,0,5927.645768615728,0,180,180,0,0,4528.907586435187,0,6323.583079113319,2271572.2035368383,0,0,0,0,0
1260,0,0,0,0,0,0,0,0,0,0,0,0,0,0,0,0,13898.022820533202,0,12.150887249350937,5515.553459699211,15854.495569161605,54863.68045723464,10087.64445958343,2.8745067353632767,9.947085248671783,0,0,4.547473508864641e-13,0,88421572097.86584,590.2845564377693,0,37674307359175.82,37674307359175.82,2336524941607.1885,37674307359175.87,844934544.470441,35230616277469.234,2442846147162.143,0,0,0,35337782417568.305,0,70.20299641221,21,101,651040,1766707,0,0,0,0,0,6428,21781,5942.9,16796.991454246618,180,4986.299383263902,2,41,2,40,0,0.00037147922453704285,0,0.9288621150714055,1,0.9995045109748608,0,249283.81267770656,0,0.008000485774668806,26929.761549227165,0,3782.452091481982,2400.6799499959247,0,5881.168297123463,0,180,180,0,0,4267.02786042236,0,6316.636515068504,2269076.2242540354,0,0,0,0,0
1290,0,0,0,0,0,0,0,0,0,0,0,0,0,0,0,0,11966.894413623326,0,22.94792095958446,5434.812029635574,15765.447571369374,53340.58770528135,9417.284895011937,2.9008266496433937,9.81461500681525,0,0,4.547473508864641e-13,0,87726277678.77295,511.6641173662625,0,30423649308473.04,30423649308473.04,2336524941607.1885,30423649308473.082,844934544.470441,27977899654444.7,2444904719483.9136,0,0,0,28087124366865.527,0,52.794105453649514,21,101,650858,1765309,0,0,0,0,0,6428,21746,5942.9,16767.611639181483,210,5004.540013910463,2,41,2,40,0,0.0000242570023148206,0,0.9288871063244668,1,0.9995045109750166,0,249200.47934437322,0,0.00802812090866285,25799.929287522544,0,3500.1954398801117,2381.3708122165112,0,5857.486433073581,0,180,180,0,0,4156.530289583027,0,6308.475455328188,2266144.1985106156,0,0,0,0,0
1320,0,0,0,0,0,0,0,0,0,0,0,0,0,0,0,0,11116.180984990875,0,17.921176174193615,5395.932718183787,15685.47158809344,53548.865709416146,9188.305034472245,2.9069064436691123,9.92393132126379,0,0,4.547473508864641e-13,0,84063048483.20863,477.23369375095706,0,2464778469272.118,2464778469272.118,2336524941607.1885,2464778469272.157,19789699.73970339,7831991729.97617,2456926687842.441,0,0,0,128253527664.60777,0,44.47340897600937,21,101,657866,1764571,0,0,0,0,0,6561,21712,6084.9,16753,209,5010.846543785486,2,41,2,41,0,0.0010811058892569662,0,0.9261291805432994,1,0.999504510975058,0,248873.5156543655,0,0.008349595050148203,26136.06326940167,0,2819.2891300528827,2368.097223900466,0,5845.254459397377,0,180,180,0,0,4529.209885504079,0,6343.861111111109,2268033.560128409,0,0,0,0,0
1350,0,0,0,0,0,0,0,0,0,0,0,0,0,0,0,0,10760.571076889682,0,15.951382940438515,5374.920510509469,15579.02471916994,52388.715667989054,9008.6885315879,2.8984660682346095,9.746881942822132,0,0,4.547473508864641e-13,0,76310141421.28764,462.4777715060544,0,2461502077954.7476,2461502077954.7476,2336524941607.1885,2461502077954.786,13673091.399359278,4581361932.019248,2456907042931.3667,0,0,0,124977136347.23639,0,40.17925739910234,21,101,657696,1764325,0,0,0,0,0,6551,21679,6083.9,16749.7,208,5013.5496172088215,2,41,2,41,0,0.0007092635860159733,0,0.9289412540394331,1,0.9995050427237584,0,247657.28632371817,0,0.008101828569591915,25816.52217230951,0,2951.158502380162,2347.3343733886472,0,5833.887688668936,0,180,180,0,0,4157.259681426213,0,6342.666666666665,2271171.278532591,0,0,0,0,0
1380,0,0,0,0,0,0,0,0,0,0,0,0,0,0,0,0,9445.033021510033,0,15.238984538312213,5363.551315382121,15720.48542109125,48739.10203725213,8757.40504612324,2.930984434884867,9.087095316394816,0,0,4.547473508864641e-13,0,68777162930.63824,417.48224373684644,0,2460374204111.9424,2460374204111.9424,2336524941607.1885,2460374204111.979,0,3495044662.4037437,2456879159449.5757,0,0,0,123849262504.43031,0,33.22751615443296,21,101,657513,1764412,0,0,0,0,0,6541,21647,6082.9,16746.5,207,5042.1264611281,2,41,2,41,0,0.00036204136396385034,0,0.9289706485132718,1,0.9995147349740171,0,247207.75856376725,0,0.008028512362428387,25236.79739542163,0,2728.0504503178267,2326.246526002008,0,5824.735374004804,0,180,180,0,0,4153.822033065865,0,6341.499999999997,2274335.4625739935,0,0,0,0,0
1410,0,0,0,0,0,0,0,0,0,0,0,0,0,0,0,0,8628.013687911489,0,14.98133745401158,5357.634131191561,15709.290701694043,50000.51480819641,8524.677895293664,2.932132041312091,9.332573591970169,0,0,4.547473508864641e-13,0,65145018187.90349,390.02967962433326,0,2459708256347.6943,2459708256347.6943,2336524941607.1885,2459708256347.7314,0,2829096898.155738,2456879159449.5757,0,0,0,123183314740.18233,0,29.540321510962404,21,101,657348,1764215,0,0,0,0,0,6531,21619,6081.9,16743.699999999997,206,5124.6653718973175,2,41,2,41,0,0.0013187461135479102,0,0.9290017720738071,1,0.9995158106937567,0,247029.86564335728,0,0.008010080385285133,24942.72569734156,0,2512.28650615949,2335.77389313948,0,5826.998965732968,0,180,180,3.0979081222332145e-10,0,4111.953510018763,0,6340.4444444444425,2277524.210252534,0,0,0,0,0
1440,0,0,0,0,0,0,0,0,0,0,0,0,0,0,0,0,9153.508530348005,0,14.888156419564442,5354.674618618185,15700.176405843697,51098.1289090705,8643.323116662914,2.9320505024253456,9.542714086006736,0,0,4.547473508864641e-13,0,59478965704.42754,407.27075005281813,0,2460688177600.5767,2460688177600.5767,2336524941607.1885,2460688177600.6133,0,3288763216.8877215,2457399414383.7256,0,0,0,124163235993.06427,0,22.311234453230842,21,101,657194,1764044,0,0,0,0,0,6522,21588,6081,16740.599999999995,205,5145.204282666534,2,41,2,41,0,0.000956704745370372,0,0.9290347819107384,1,0.999515810697652,0,246564.26053257214,0,0.00802105513147456,24713.224213827427,0,2328.8732970261303,2344.5073657890584,0,5830.5659760403605,0,180,180,0,0,4089.8710658607383,0,6339.333333333331,2277276.7026065416,0,0,0,0,0
1470,0,0,0,0,0,0,0,0,0,0,0,0,0,0,0,0,9702.713221820182,0,17.34235989816791,5355.968400490212,15732.1513678314,51591.81764764654,8681.143421102317,2.937312207889706,9.63258439742186,0,0,4.547473508864641e-13,0,54469805744.10066,425.368293001736,0,2459953586392.3423,2459953586392.3423,2336524941607.1885,2459953586392.379,0,2554172008.6532903,2457399414383.7256,0,0,0,123428644784.82985,0,17.852670087887642,21,101,659881,1763912,0,0,0,0,0,6576,21557,6143.099999999999,16737.500000000004,204,5165.743193435751,2,41,2,41,0,0.0013188744985106055,0,0.929069854862478,1,0.9995197791995178,0,246564.26053257214,0,0.008204490936508779,24623.12788786009,0,2282.6038450670235,2348.27479556015,0,5832.814539232731,0,180,180,0,0,4104.214503092026,0,6355.72222222222,2278860.1379622496,0,0,0,0,0
1500,0,0,0,0,0,0,0,0,0,0,0,0,0,0,0,0,10030.364733803017,0,16.145861618748448,5355.981547492192,15621.585096303272,50100.810461873465,8519.79648145557,2.9166614854410207,9.354179064588442,0,0,4.547473508864641e-13,0,46365380042.603035,436.21526736245403,0,2460346636967.87,2460346636967.87,2336524941607.1885,2460346636967.9067,0,2947222584.181142,2457399414383.7256,0,0,0,123821695360.3577,0,15.350045298587025,21,101,659734,1763699,0,0,0,0,0,6567,21531,6142.2,16734.9,203,5217.282104204968,2,41,2,41,0,0.0006244300988051593,0,0.9291071905852974,1,0.9995510734125741,0,246314.26053257214,0,0.008057580596056912,23836.426307297683,0,2104.304512552169,2352.2270460256705,0,5834.676898702279,0,180,180,0,0,3312.3473353847735,0,6354.749999999998,2280715.340049219,0,0,0,0,0
1530,0,0,0,0,0,0,0,0,0,0,0,0,0,0,0,0,10186.841636552741,0,15.309319991445797,5354.839571270816,15638.131864032715,47422.1581092721,7813.202439347784,2.920373552913268,8.855943764159834,0,0,4.547473508864641e-13,0,41634793028.73999,441.2624832810938,0,2460258387855.5366,2460258387855.5366,2336524941607.1885,2460258387855.5728,0,2944072703.907217,2457314315151.6655,0,0,0,123733446248.02408,0,11.973153780657768,21,101,659552,1763666,0,0,0,0,0,6558,21501,6141.299999999999,16731.899999999998,202,5210.821014974184,2,41,2,41,0,0.001125339602677271,0,0.9291071905852974,1,0.9996002564715132,0,244328.0950818133,0,0.008063308787008073,18757.41714044374,0,1894.8240418711516,2327.5731165222946,0,5831.28007408096,0,180,180,0,0,2565.150553822723,0,6353.666666666665,2282731.183600205,0,0,0,0,0
1560,0,0,0,0,0,0,0,0,0,0,0,0,0,0,0,0,10257.461781468162,0,15.00677508044188,5353.710899560842,15722.241375371583,49244.2846260282,7762.465953430573,2.936699734134179,9.198159099339422,0,0,4.547473508864641e-13,0,37083252252.23451,443.6262196079268,0,2460418106541.4062,2460418106541.4062,2336524941607.1885,2460418106541.442,0,3103792387.8277287,2457314314153.6143,0,0,0,123893164933.89342,0,9.06658796106159,21,101,659540,1764462,0,0,0,0,0,6549,21484,6140.4,16730.2,201,5294.359925743402,2,41,2,41,0,0.0012873039496527812,0,0.929147015356305,1,0.9996178290987564,0,244007.6578717395,0,0.008033653515673348,18984.827402401148,0,1583.6160527294896,2314.19712678773,0,5831.322091331674,0,180,180,0,0,3525.0469886617625,0,6352.9444444444425,2282684.447944779,0,0,0,0,0
1590,0,0,0,0,0,0,0,0,0,0,0,0,0,0,0,0,10295.943568211225,0,17.54438276950016,5355.2733308342295,15709.29453910789,50552.38074547979,7972.155593320145,2.9334253489281266,9.439738669250126,0,0,4.547473508864641e-13,0,31361640623.93818,444.9391374607529,0,2460394022490.754,2460394022490.754,2336524941607.1885,2460394022490.7886,0,3104019440.26285,2457290003050.5254,0,0,0,123869080883.23955,0,7.097803094104754,21,101,661480,1764718,0,0,0,0,0,6587,21456,6185.599999999999,16727.399999999998,200,5284.898836512619,2,41,2,41,0,0.0016196805336983154,0,0.9291895866632439,1,0.9996404064578317,0,243658.2639617493,0,0.007997347236825061,21285.116924448062,0,1338.6282402229024,2320.8192550329973,0,5833.444783985641,0,180,180,0,0,3877.7344723771025,0,6364.72222222222,2283581.534707486,0,0,0,0,0
1620,0,0,0,0,0,0,0,0,0,0,0,0,0,0,0,0,10315.370822493263,0,15.815111267434734,5355.26374471877,15701.172315047368,51148.32722944854,8177.2007412422845,2.9319139193716612,9.55103794465581,0,0,4.547473508864641e-13,0,25506265127.272327,445.57969956959687,0,2460370323973.1714,2460370323973.1714,2336524941607.1885,2460370323973.206,0,3104019440.26285,2457266304532.943,0,0,0,123845382365.65729,0,5.724844980221634,21,101,661335,1764641,0,0,0,0,0,6579,21429,6184.799999999999,16724.699999999997,199,5306.437747281835,2,41,2,41,0,0.0010668052443464637,0,0.9292351987778213,1,0.9996560594660863,0,243324.93062841598,0,0.007745140142371191,22879.132852373736,0,1155.792904169107,2330.313841293182,0,5834.200238333544,0,180,180,0,0,4004.217129565559,0,6363.749999999997,2284785.6230006856,0,0,0,0,0
1650,0,0,0,0,0,0,0,0,0,0,0,0,0,0,0,0,10321.965679893789,0,15.189700318811717,5354.287273147506,15665.928702044577,50706.063964874826,8279.289831094746,2.9258663016852653,9.470179947044077,0,0,4.547473508864641e-13,0,22752322367.0559,445.7758496933327,0,2459870028820.5254,2459870028820.5254,2336524941607.1885,2459870028820.56,0,2603724287.9448824,2457266304532.615,0,0,0,123345087213.01146,0,4.4177814289253785,21,101,661202,1764543,0,0,0,0,0,6571,21404,6184,16722.2,198,5389.976658051052,2,41,2,41,0,0.0009092523508279429,0,0.9292841895675529,1,0.9996560627449411,0,243064.7783208322,0,0.007625814331342421,23598.812450876318,0,1364.9223989048048,2337.0732922865022,0,5833.980904817352,0,180,180,0,0,3721.334307792256,0,6362.833333333331,2285930.635002192,0,0,0,0,0
1680,0,0,0,0,0,0,0,0,0,0,0,0,0,0,0,0,10320.80543953507,0,14.96351324859726,5353.362134567764,15518.912118315988,45896.985016126215,7510.1221167875465,2.898909456938691,8.573487812408564,0,0,4.547473508864641e-13,0,20536823641.75763,445.5593075881179,0,2449237823351.637,2449237823351.637,2336524941607.1885,2449237823351.672,0,2603724287.9448824,2446634099063.727,0,0,0,112712881744.12328,0,3.4485514773466672,21,101,661063,1764370,0,0,0,0,0,6563,21380,6183.2,16719.8,197,5442.515568820269,2,41,2,41,0,0.0009481821145266283,0,0.9293369488795713,1,0.9996577242708649,0,242238.55332083223,0,0.007578742461527265,17792.52560035801,0,1476.4095693355137,2315.0115584663968,0,5829.398282559019,0,180,180,1.726398009567484e-10,0,1814.1628750791683,0,6361.9444444444425,2286086.2214089376,0,0,0,0,0
1710,0,0,0,0,0,0,0,0,0,0,0,0,0,0,0,0,9929.030335414232,0,14.881710090458048,5352.741083991531,15455.948214329343,41212.22441109818,6556.759306644347,2.8874828749990398,7.699274776123915,0,0,4.547473508864641e-13,0,17183162189.716892,432.20688054800746,0,2449189422019.208,2449189422019.208,2336524941607.1885,2449189422019.2427,0,2555322956.336458,2446634099062.9062,0,0,0,112664480411.69412,0,2.7466150266510914,21,101,660899,1764534,0,0,0,0,0,6555,21357,6182.4,16717.5,196,5495.054479589487,2,41,2,41,0,0.0004516568865740752,0,0.9293744357591632,1,0.9996589607709845,0,241071.88665416557,0,0.007548732660252979,11832.930216724066,0,1301.7825112157116,2253.996839484593,0,5818.114547891895,0,180,180,0,0,1195.2315472885223,0,6361.083333333331,2285806.658356846,0,0,0,0,0
1740,0,0,0,0,0,0,0,0,0,0,0,0,0,0,0,0,9414.60770179739,0,19.998351269164363,5355.7189441282735,15391.26122054809,41982.401065660095,5949.426458837512,2.873799275337675,7.838798395439958,0,0,4.547473508864641e-13,0,11738576637.551529,414.78153999330067,0,2448465838801.539,2448465838801.539,2336524941607.1885,2448465838801.5737,0,1662879681.8477051,2446802959119.726,0,0,0,111940897194.02533,0,2.6032424335090663,21,101,666273,1764403,0,0,0,0,0,6670,21335,6303.7,16715.299999999996,195,5547.593390358703,2,41,2,41,0,0.001075051730973332,0,0.929413948956571,1,0.9996591755001412,0,240821.88665416557,0,0.008176829963290845,8792.938711452294,0,1180.1305543436158,2191.5844062133256,0,5805.468929223847,0,180,180,0,0,1733.95759235407,0,6394.166666666665,2288150.443390029,0,0,0,0,0
1770,0,0,0,0,0,0,0,0,0,0,0,0,0,0,0,0,9689.12418489137,0,17.844212621397965,5357.206542428155,15382.37630639303,46320.40011555171,6566.317384760076,2.871342776233705,8.646371900859544,0,0,4.547473508864641e-13,0,7924592176.620879,423.74045101682293,0,2448465838801.539,2448465838801.539,2336524941607.1885,2448465838801.5737,0,1662879681.8477051,2446802959119.726,0,0,0,111940897194.02522,0,2.861558371485169,21,101,666158,1764244,0,0,0,0,0,6663,21316,6303,16713.4,194,5607.13230112792,2,41,2,41,0,0.0006233992247169591,0,0.9294556573316126,1,0.9996675103113167,0,240681.25159166555,0,0.0077319831758465565,13663.066550494923,0,1033.422994996803,2177.6703902282766,0,5800.053537202717,0,180,180,0,0,3214.031480810311,0,6393.4444444444425,2291322.9956894466,0,0,0,0,0
1800,0,0,0,0,0,0,0,0,0,0,0,0,0,0,0,0,9984.895182600863,0,15.959113372240768,5356.529075568914,15558.133183992768,49220.59993434006,7313.198907904287,2.904517639034816,9.18889811666193,0,0,4.547473508864641e-13,0,5880754150.229219,433.7362636659829,0,2448330096116.579,2448330096116.579,2336524941607.1885,2448330096116.6143,0,749876727.1233046,2447580219389.4907,0,0,0,111805154509.0657,0,2.3762180903960592,21,101,666044,1764097,0,0,0,0,0,6656,21295,6302.299999999999,16711.3,193,5655.671211897137,2,41,2,41,0,0.0002761753914214036,0,0.929499749042371,1,0.9996693626631151,0,240514.58492499887,0,0.0076358891519778815,18664.478611265222,0,820.4383946194919,2216.4299281368994,0,5806.55056917227,0,180,180,0,0,3758.4327371053882,0,6392.666666666664,2294474.937056306,0,0,0,0,0
1830,0,0,0,0,0,0,0,0,0,0,0,0,0,0,0,0,10194.430263996128,0,15.24178033797753,5354.999471734296,15941.051880256717,51388.70167503748,7868.043813927631,2.9768540528154284,9.596397151164329,0,0,4.547473508864641e-13,0,4712190796.28667,441.02230634911257,0,2448330096116.579,2448330096116.579,2336524941607.1885,2448330096116.6143,0,749876727.1233046,2447580219389.4907,0,0,0,111805154509.06567,0,2.078165655590985,21,101,665929,1763970,0,0,0,0,0,6649,21274,6301.599999999999,16709.199999999997,192,5679.2101226663535,2,41,2,41,0,0,0,0.9295464343831739,1,0.9996693907910483,0,240514.58492499887,0,0.007615263600261504,21947.36266057736,0,767.0685534754358,2273.828824071369,0,5823.484012535287,0,180,180,0,0,4162.454979375491,0,6391.888888888886,2296920.2134424513,0,0,0,0,0
1860,0,0,0,0,0,0,0,0,0,0,0,0,0,0,0,0,10326.50343352247,0,14.982348587149875,5353.730081249783,15815.659941890794,53556.5180189007,8365.842573884533,2.9541384608240766,10.003589498557309,0,0,4.547473508864641e-13,0,4092556707.977356,446.5676042406279,0,2448232786887.9097,2448232786887.9097,2336524941607.1885,2448232786887.945,0,450041415.7904941,2447782745472.154,0,0,0,111707845280.39612,0,1.7855471569162766,21,101,665810,1763844,0,0,0,0,0,6642,21254,6300.9,16707.2,191,5702.749033435571,2,41,2,41,0,1.1255215605856304e-9,0,0.9295959491385709,1,0.9996694079026212,0,240514.58492499887,0,0.007614406618865795,24589.28108887348,0,668.2567203037021,2390.977482292272,0,5861.11202156971,0,180,180,0,0,4314.175029935504,0,6391.138888888887,2296650.819494675,0,0,0,0,0
1890,0,0,0,0,0,0,0,0,0,0,0,0,0,0,0,0,10376.986269509085,0,14.888522107505551,5352.920691808613,15497.466376634306,53317.92561116298,8523.73828535068,2.8951421604937164,9.960529714694546,0,0,4.547473508864641e-13,0,3622771980.3647637,448.9978311011075,0,2448196511180.8906,2448196511180.8906,2336524941607.1885,2448196511180.926,0,450041415.7904941,2447746469765.135,0,0,0,111671569573.37718,0,1.5666904212341355,21,101,665714,1763735,0,0,0,0,0,6636,21234,6300.299999999999,16705.199999999997,190,5726.287944204788,2,41,2,41,0,0,0,0.9296485585661801,1,0.9996694101201259,0,240514.58492499887,0,0.007615928135328552,25108.56566911068,0,595.654234359517,2462.830210378474,0,5885.356149975766,0,180,180,0,0,4190.213951614412,0,6390.416666666664,2296390.9292484485,0,0,0,0,0
1920,0,0,0,0,0,0,0,0,0,0,0,0,0,0,0,0,10373.36035729299,0,14.85458868087461,5352.468264104167,15353.589326012936,52620.10045598857,8509.43840234884,2.8685063728411735,9.830997188508412,0,0,4.547473508864641e-13,0,3193345339.18454,448.7773133065164,0,2448057477293.4653,2448057477293.4653,2336524941607.1885,2448057477293.5005,0,311007528.40166646,2447746469765.098,0,0,0,111532535685.95174,0,1.4042791209834076,21,101,665612,1763616,0,0,0,0,0,6630,21219,6299.7,16703.7,189,5811.826854974004,2,41,2,41,0,0,0,0.9297045621504093,1,0.9996694101201259,0,240514.58492499887,0,0.007616254662646537,24969.844964505515,0,586.3766768693201,2457.6739932712935,0,5882.677095095139,0,180,180,0,0,4126.821305760703,0,6389.833333333331,2296180.929248449,0,0,0,0,0
1950,0,0,0,0,0,0,0,0,0,0,0,0,0,0,0,0,10352.701133361472,0,14.842316266442324,5352.23494065507,15291.132854382835,52091.21725857912,8452.585185135484,2.856962189427231,9.73261036485883,0,0,4.547473508864641e-13,0,2772339383.9642296,447.68957556494615,0,2448055520084.6187,2448055520084.6187,2336524941607.1885,2448055520084.6543,0,310780475.96654534,2447744739608.687,0,0,0,111530578477.10533,0,1.2848054968818654,21,101,665517,1763499,0,0,0,0,0,6624,21201,6299.099999999999,16701.9,188,5863.365765743221,2,41,2,41,0,0,0,0.9297642993069206,1,0.9996694101201259,0,240514.58492499887,0,0.00761632469897161,24761.298246622657,0,565.5602086535941,2425.157721479227,0,5869.089463325544,0,180,180,0,0,4097.179106125341,0,6389.166666666665,2295940.92924845,0,0,0,0,0
1980,0,0,0,0,0,0,0,0,0,0,0,0,0,0,0,0,10332.99724487293,0,14.837877806464917,5352.121031508707,15264.773351933874,51808.45981400698,8403.014732681186,2.852097936886695,9.679986590176702,0,0,4.547473508864641e-13,0,2484199494.2201195,446.67310092704037,0,2448053325707.6084,2448053325707.6084,2336524941607.1885,2448053325707.644,0,310780475.96654534,2447742545231.677,0,0,0,111528384100.09511,0,1.1971395509959029,21,101,665415,1763402,0,0,0,0,0,6618,21184,6298.5,16700.199999999997,187,5875.9046765124385,2,41,2,41,0,0,0,0.929828156267329,1,0.9996694101201259,0,240514.58492499887,0,0.007616339682387014,24614.02049697879,0,543.9286848481673,2395.1108840390807,0,5855.524833853968,0,180,180,0,0,4084.0288947622344,0,6388.527777777776,2295710.929248451,0,0,0,0,0
2010,0,0,0,0,0,0,0,0,0,0,0,0,0,0,0,0,10319.152992543293,0,14.836272586312045,5352.067595217905,15253.875339449578,51690.42261443113,8374.610951995146,2.8500901881506464,9.658028732786697,0,0,4.547473508864641e-13,0,2218881841.5967436,446.0565406008152,0,2448053325707.6084,2448053325707.6084,2336524941607.1885,2448053325707.644,0,310780475.96654534,2447742545231.677,0,0,0,111528384100.09518,0,1.1314825317695418,21,101,665315,1763324,0,0,0,0,0,6612,21171,6297.9,16698.899999999998,186,5901.443587281655,2,41,2,41,0,0,0,0.9298965744391953,1,0.9996694101201259,0,240514.58492499887,0,0.007616342849313965,24529.495151568965,0,536.903369920283,2381.316025654109,0,5845.643291475808,0,180,180,0,0,4078.393845412901,0,6387.999999999998,2295520.9292484517,0,0,0,0,0
2040,0,0,0,0,0,0,0,0,0,0,0,0,0,0,0,0,10311.123463494634,0,14.835692039962119,5352.043277931304,15249.440055747502,51634.33467237899,8359.615488303876,2.8492744291936636,9.647592889483683,0,0,4.547473508864641e-13,0,1953501268.6577628,445.73301211150994,0,2446718102237.824,2446718102237.824,2336524941607.1885,2446718102237.8604,0,310780475.96654534,2446407321761.893,0,0,0,110193160630.31142,0,1.0822344412921274,21,101,665220,1763242,0,0,0,0,0,6606,21158,6297.299999999999,16697.6,185,5926.982498050872,2,41,2,41,0,0,0,0.9299700606237924,1,0.9996694101201259,0,240514.58492499887,0,0.007616343479964459,24485.711725676112,0,529.8327227584306,2375.8457612038355,0,5839.468384168375,0,180,180,0,0,4076.0377857229946,0,6387.47222222222,2295330.929248452,0,0,0,0,0
2070,0,0,0,0,0,0,0,0,0,0,0,0,0,0,0,0,10307.828447636679,0,14.835482078690575,5352.032473829371,15247.657254746475,51608.99071494115,8351.910967075335,2.8489470737154923,9.64287697567257,0,0,4.547473508864641e-13,0,1727442388.0008483,445.6027831355415,0,2446718102236.979,2446718102236.979,2336524941607.1885,2446718102237.015,0,310780475.96654534,2446407321761.048,0,0,0,110193160629.46631,0,1.0477654703777994,21,101,665117,1763157,0,0,0,0,0,6600,21146,6296.7,16696.4,184,5961.521408820089,2,41,2,41,0,0,0,0.9300491995918201,1,0.9996694101201259,0,240514.58492499887,0,0.007616343566231734,24464.407628261568,0,524.1167831089049,2373.6425150585346,0,5835.956206661265,0,180,180,0,0,4075.0706041750345,0,6386.97222222222,2295150.929248453,0,0,0,0,0
2100,0,0,0,0,0,0,0,0,0,0,0,0,0,0,0,0,10306.524882489884,0,14.83540614377934,5352.027765776978,15246.94780562033,51597.47378322634,8348.285506035429,2.848817022795632,9.640733576376672,0,0,4.547473508864641e-13,0,1552176500.6030214,445.5518428523835,0,2446431517158.513,2446431517158.513,2336524941607.1885,2446431517158.5493,0,193055454.32054496,2446238461704.228,0,0,0,109906575551.00049,0,1.0262445092272405,21,101,665035,1763087,0,0,0,0,0,6595,21134,6296.2,16695.2,183,5957.060319589305,2,41,2,41,0,0,0,0.9301346696772899,1,0.9996694101201259,0,240514.58492499887,0,0.007616343535653286,24454.474928433814,0,519.0191654046617,2372.7442554145173,0,5834.0836399347445,0,180,180,0,0,4074.679172346712,0,6386.499999999998,2294980.9292484536,0,0,0,0,0
2130,0,0,0,0,0,0,0,0,0,0,0,0,0,0,0,0,10306.000051022364,0,14.835378681044414,5352.025746782918,15246.66781930191,51592.37114420931,8346.521018199206,2.8487657833983,9.639783809938,0,0,4.547473508864641e-13,0,1388703045.8117533,445.53158688118805,0,2446431517158.513,2446431517158.513,2336524941607.1885,2446431517158.5493,0,193055454.32054496,2446238461704.228,0,0,0,109906575551.00049,0,1.0122554896342575,21,101,664952,1763016,0,0,0,0,0,6590,21122,6295.7,16694,182,5952.599230358523,2,41,2,41,0,0,0,0.9302272622698823,1,0.9996694101201259,0,240514.58492499887,0,0.007616343479995237,24449.98655760653,0,514.4095475334663,2372.3748111861382,0,5833.13167541499,0,180,180,0,0,4074.5225407858525,0,6386.0277777777765,2294810.929248454,0,0,0,0,0
2160,0,0,0,0,0,0,0,0,0,0,0,0,0,0,0,0,10305.785592997241,0,14.83536874883014,5352.02489254407,15246.558088920616,51590.15512383848,8345.6456185982,2.8487457354992247,9.639371295845233,0,0,4.547473508864641e-13,0,1250813006.649347,445.5234145617169,0,2446083664790.6406,2446083664790.6406,2336524941607.1885,2446083664790.6763,0,114572151.01134159,2445969092639.6646,0,0,0,109558723183.12753,0,1.006845493812993,21,101,664870,1762947,0,0,0,0,0,6585,21110,6295.2,16692.8,181,5948.13814112774,2,41,2,41,0,0,0,0.9303279063922651,1,0.9996694101201259,0,240514.58492499887,0,0.007616343418954131,24448.006504061395,0,510.251377047192,2372.221994451323,0,5832.665167452778,0,180,180,0,0,4074.4604421918134,0,6385.555555555553,2294640.9292484545,0,0,0,0,0
2190,0,0,0,0,0,0,0,0,0,0,0,0,0,0,0,0,10305.696941374203,0,14.83536515673049,5352.024535241308,15246.515338508454,51589.20821007392,8345.17456220027,2.84873793797379,9.639195013097583,0,0,4.547473508864641e-13,0,1102725368.871764,445.5200778207882,0,2446083664790.6406,2446083664790.6406,2336524941607.1885,2446083664790.6763,0,114572151.01134159,2445969092639.6646,0,0,0,109558723183.12756,0,1.0030861602472587,21,101,664870,1762872,0,0,0,0,0,6580,21098,6294.7,16691.600000000002,180,5943.677051896957,2,41,2,41,0,0,0,0.9304376999803193,1,0.9996694101201259,0,240514.58492499887,0,0.007616343356757664,24447.14952933853,0,506.6266001961753,2372.1585857867785,0,5832.44315239328,0,180,180,0,0,4074.4360112797463,0,6385.083333333331,2294470.9292484554,0,0,0,0,0
2220,0,0,0,0,0,0,0,0,0,0,0,0,0,0,0,0,10305.659991379269,0,14.835363857606298,5352.024387265747,15246.498768113262,51588.8089963529,8344.803977081774,2.8487349206385857,9.639120688444526,0,0,4.547473508864641e-13,0,989458870.6073374,445.51870294623967,0,2445996340242.1064,2445996340242.1064,2336524941607.1885,2445996340242.142,0,24228375.095998213,2445972111867.046,0,0,0,109471398634.59334,0,1.0002663551180953,21,101,664787,1762800,0,0,0,0,0,6580,21086,6294.7,16690.4,210,5939.215962666173,2,41,2,41,0,0,0,0.9305579501005691,1,0.9996694101201259,0,240514.58492499887,0,0.0076163432943132225,24446.7843682814,0,503.2871916565503,2372.1322471494445,0,5832.339993828427,0,180,180,0,0,4074.4264619759815,0,6384.749999999998,2294350.929248456,0,0,0,0,0
2250,0,0,0,0,0,0,0,0,0,0,0,0,0,0,0,0,10305.644509944877,0,14.835363387763074,5352.024326509382,15246.492373836818,51588.64259065241,8344.648411423048,2.848733758237728,9.6390897057635,0,0,4.547473508864641e-13,0,873841913.8972521,445.51813280648264,0,2445996340242.1064,2445996340242.1064,2336524941607.1885,2445996340242.142,0,24228375.095998213,2445972111867.046,0,0,0,109471398634.5933,0,1,21,101,664705,1762719,0,0,0,0,0,6575,21074,6294.2,16689.2,209,5934.75487343539,2,41,2,41,0,0,0,0.930690225232844,1,0.9996694101201259,0,240514.58492499887,0,0.0076163432318155835,24446.63078157088,0,500.1442673274275,2372.121311842482,0,5832.293009996305,0,180,180,0,0,4074.422750176408,0,6384.2777777777765,2294180.9292484564,0,0,0,0,0
2280,0,0,0,0,0,0,0,0,0,0,0,0,0,0,0,0,10305.638006150186,0,14.835363217838863,5352.024301752654,15246.4899160141,51588.57389874396,8344.53150329846,2.8487333121826928,9.639076915598086,0,0,4.547473508864641e-13,0,789484149.0997775,445.51789544004964,0,2445975654445.5747,2445975654445.5747,2336524941607.1885,2445975654445.6104,0,3542578.564314221,2445972111867.046,0,0,0,109450712838.06166,0,1,21,101,664622,1762649,0,0,0,0,0,6570,21063,6293.7,16688.100000000002,208,5930.293784204608,2,41,2,41,0,0,0,0.9307614503040686,1,0.9996694101201259,0,240514.58492499887,0,0.007616343169306549,24446.5668911134,0,497.3220967369658,2372.1167790001655,0,5832.271970789873,0,180,180,0,0,4074.4213143469797,0,6383.833333333332,2294020.9292484573,0,0,0,0,0
2310,0,0,0,0,0,0,0,0,0,0,0,0,0,0,0,0,10305.635272155323,0,14.835363156383819,5352.0242917326295,15246.488974548045,51588.54578109038,8344.492566853909,2.8487331416076676,9.639071679995952,0,0,4.547473508864641e-13,0,718405325.2798768,445.51779642731543,0,2445975654445.5747,2445975654445.5747,2336524941607.1885,2445975654445.6104,0,3542578.564314221,2445972111867.046,0,0,0,109450712838.06166,0,1,21,101,664540,1762590,0,0,0,0,0,6565,21053,6293.2,16687.1,207,5925.832694973824,2,41,2,41,0,0,0,0.9308364240632528,1,0.9996694101201259,0,240514.58492499887,0,0.007616343106795093,24446.540563919934,0,494.78169913963,2372.1149045728725,0,5832.262685808506,0,180,180,0,0,4074.4207612641767,0,6383.416666666664,2293870.929248458,0,0,0,0,0
2340,0,0,0,0,0,0,0,0,0,0,0,0,0,0,0,0,10305.634123911304,0,14.835363134157893,5352.02428770145,15246.488615033435,51588.53435644573,8344.383763587613,2.848733076579776,9.639069552616252,0,0,4.547473508864641e-13,0,643228301.8778448,445.51775511392077,0,2445975654445.5747,2445975654445.5747,2336524941607.1885,2445975654445.6104,0,3542578.564314221,2445972111867.046,0,0,0,109450712838.06166,0,1,21,101,664457,1762529,0,0,0,0,0,6560,21044,6292.7,16686.2,206,5952.371605743041,2,41,2,41,0,0,0,0.9309154504580684,1,0.9996694101201259,0,240514.58492499887,0,0.007626388238750429,24446.52980430811,0,492.497234048026,2372.114131722338,0,5832.258639774318,0,180,180,0,0,4074.4205490066483,0,6383.027777777776,2293730.9292484582,0,0,0,0,0
2370,0,0,0,0,0,0,0,0,0,0,0,0,0,0,0,0,10305.633642639403,0,14.835363126119631,5352.024286088394,15246.48847812697,51588.52974465876,8344.356604926905,2.848733051858046,9.63906869383117,0,0,4.547473508864641e-13,0,574598377.2015206,445.5177378920706,0,2445975654445.5747,2445975654445.5747,2336524941607.1885,2445975654445.6104,0,3542578.564314221,2445972111867.046,0,0,0,109450712838.0617,0,1,21,101,664391,1762468,0,0,0,0,0,6556,21034,6292.299999999999,16685.2,205,5947.910516512258,2,41,2,41,0,0,0,0.9309988672081516,1,0.9996694101201259,0,240514.58492499887,0,0.007633850687732773,24446.525438663237,0,490.4282841143523,2372.1138141023507,0,5832.256896175466,0,180,180,0,0,4074.420467816744,0,6382.638888888888,2293590.9292484587,0,0,0,0,0
2400,0,0,0,0,0,0,0,0,0,0,0,0,0,0,0,0,10305.63344148505,0,14.8353631232125,5352.024285446081,15246.488426122052,51588.52789381898,8344.286518188908,2.848733042483062,9.639068349167472,0,0,4.547473508864641e-13,0,522124663.4736765,445.5177307263203,0,2445728854936.3867,2445728854936.3867,2336524941607.1885,2445728854936.422,0,3542578.564314221,2445725312357.8574,0,0,0,109203913328.87318,0,1,21,101,664325,1762420,0,0,0,0,0,6552,21024,6291.9,16684.2,204,5943.4494272814745,2,41,2,41,0,0,0,0.9310870506296681,1,0.9996694101201259,0,240514.58492499887,0,0.007659262922791752,24446.523678635607,0,479.0709942973211,2372.1136840179597,0,5832.256152152897,0,180,180,0,0,4074.420436852628,0,6382.249999999998,2293450.929248459,0,0,0,0,0
2430,0,0,0,0,0,0,0,0,0,0,0,0,0,0,0,0,10305.633357687942,0,14.835363122161102,5352.024285191444,15246.48840641239,51588.527154890406,8344.195062704579,2.848733038935943,9.639068211560827,0,0,4.547473508864641e-13,0,461433111.3621614,445.517727752213,0,2445728854936.3867,2445728854936.3867,2336524941607.1885,2445728854936.422,0,3542578.564314221,2445725312357.8574,0,0,0,109203913328.87323,0,1,21,101,664261,1762354,0,0,0,0,0,6548,21016,6291.5,16683.4,203,5969.988338050692,2,41,2,41,0,0,0,0.9311804213112739,1,0.9996694101201259,0,240514.58492499887,0,0.0076740007399119575,24446.52297311475,0,486.7787093705469,2372.1136309279455,0,5832.255837442745,0,180,180,0,0,4074.42042507489,0,6381.916666666665,2293330.9292484596,0,0,0,0,0
2460,0,0,0,0,0,0,0,0,0,0,0,0,0,0,0,0,10305.633322905991,0,14.835363121780853,5352.024285090902,15246.488398957938,51588.526861266095,8344.110677675451,2.84873303759663,9.639068156879615,0,0,4.547473508864641e-13,0,425743785.8951716,445.517726521445,0,2445728854936.3867,2445728854936.3867,2336524941607.1885,2445728854936.422,0,3542578.564314221,2445725312357.8574,0,0,0,109203913328.8732,0,1,21,101,664194,1762296,0,0,0,0,0,6544,21006,6291.099999999999,16682.399999999998,202,5965.527248819909,2,41,2,41,0,0,0,0.9311804213112739,1,0.9996694101201259,0,240514.58492499887,0,0.007677163997667377,24446.52269174808,0,485.18549007206576,2372.1136093371692,0,5832.255705370678,0,180,180,0,0,4074.4204206057702,0,6381.527777777776,2293190.92924846,0,0,0,0,0
2490,0,0,0,0,0,0,0,0,0,0,0,0,0,0,0,0,10305.633308523546,0,14.83536312164333,5352.02428505135,15246.488396143892,51588.52674508705,8344.027470365725,2.848733037091892,9.639068135243352,0,0,4.547473508864641e-13,0,383912686.7854291,445.51772601375126,0,2445728854936.3867,2445728854936.3867,2336524941607.1885,2445728854936.422,0,3542578.564314221,2445725312357.8574,0,0,0,109203913328.87321,0,1,21,101,664127,1762231,0,0,0,0,0,6540,20998,6290.7,16681.6,201,6023.066159589125,2,41,2,41,0,0,0,0.9312794508220679,1,0.9996694101201259,0,240514.58492499887,0,0.0076778429063075766,24446.52258005569,0,483.67774060255203,2372.113600587106,0,5832.255650338139,0,180,180,0,0,4074.4204189136376,0,6381.1944444444425,2293070.9292484606,0,0,0,0,0
2520,0,0,0,0,0,0,0,0,0,0,0,0,0,0,0,0,10305.633302599223,0,14.835363121593595,5352.024285035842,15246.488395083441,51588.526699296686,8344.01426880338,2.848733036902006,9.639068126715573,0,0,4.547473508864641e-13,0,338370725.35138905,445.5177258050301,0,2445521271815.413,2445521271815.413,2336524941607.1885,2445521271815.448,0,7582418.036074866,2445513689397.412,0,0,0,108996330207.89977,0,1,21,101,664061,1762174,0,0,0,0,0,6536,20989,6290.299999999999,16680.7,200,6018.605070358342,2,41,2,41,0,0,0,0.9313846696772863,1,0.9996694101201259,0,240514.58492499887,0,0.0076779885773244835,24446.52253590394,0,482.2923379564034,2372.1135970530236,0,5832.255627554534,0,180,180,0,0,4074.4204182742246,0,6380.833333333331,2292940.9292484615,0,0,0,0,0
2550,0,0,0,0,0,0,0,0,0,0,0,0,0,0,0,0,10305.633300168252,0,14.835363121575606,5352.024285029784,15246.488394684458,51588.5266813132,8343.958443322052,2.8487330368306827,9.639068123366355,0,0,4.547473508864641e-13,0,316112252.8815199,445.517725719515,0,2445521271815.413,2445521271815.413,2336524941607.1885,2445521271815.448,0,7582418.036074866,2445513689397.412,0,0,0,108996330207.89973,0,1,21,101,663995,1762125,0,0,0,0,0,6532,20980,6289.9,16679.8,199,6014.1439811275595,2,41,2,41,0,0,0,0.9314966768457449,1,0.9996694101201259,0,240514.58492499887,0,0.007678019794877069,24446.52251851767,0,481.0155410278164,2372.1135956303374,0,5832.255618177459,0,180,180,0,0,4074.420418033048,0,6380.472222222221,2292810.929248462,0,0,0,0,0
2580,0,0,0,0,0,0,0,0,0,0,0,0,0,0,0,0,10305.633299174493,0,14.835363121569099,5352.024285027422,15246.488394534565,51588.52667427352,8343.951293405276,2.848733036803933,9.63906812205528,0,0,4.547473508864641e-13,0,284006840.1107842,445.5177256845986,0,2445493902658.842,2445493902658.842,2336524941607.1885,2445493902658.8774,0,9833035.6637728,2445484069623.213,0,0,0,108968961051.32886,0,1,21,101,663933,1762073,0,0,0,0,0,6528,20972,6289.5,16679,198,6009.682891896776,2,41,2,41,0,0,0,0.9316161511587673,1,0.9996694101201259,0,240514.58492499887,0,0.007678026446279566,24446.52251169525,0,479.84688285775127,2372.1135950594385,0,5832.255614338884,0,180,180,0,0,4074.4204179422313,0,6380.138888888888,2292690.9292484624,0,0,0,0,0
2610,0,0,0,0,0,0,0,0,0,0,0,0,0,0,0,0,10305.633298769742,0,14.835363121566742,5352.024285026505,15246.48839447833,51588.526671526095,8343.90564670938,2.848733036793914,9.639068121543588,0,0,4.547473508864641e-13,0,256831357.15040478,445.5177256703902,0,2445493902658.842,2445493902658.842,2336524941607.1885,2445493902658.8774,0,9833035.6637728,2445484069623.213,0,0,0,108968961051.32886,0,1,21,101,663866,1762016,0,0,0,0,0,6524,20964,6289.099999999999,16678.2,197,6005.221802665993,2,41,2,41,0,0,0,0.9317438650795843,1,0.9996694101201259,0,240514.58492499887,0,0.007678027824833994,24446.52250902675,0,478.7682858941696,2372.113594831046,0,5832.255612775301,0,180,180,0,0,4074.420417908088,0,6379.805555555554,2292570.9292484634,0,0,0,0,0
2640,0,0,0,0,0,0,0,0,0,0,0,0,0,0,0,0,10305.633298605479,0,14.835363121565894,5352.024285026148,15246.488394457265,51588.52667045684,8343.872949249768,2.8487330367901675,9.639068121344446,0,0,4.547473508864641e-13,0,233341350.71143422,445.51772566462773,0,2445493902658.842,2445493902658.842,2336524941607.1885,2445493902658.8774,0,9833035.6637728,2445484069623.213,0,0,0,108968961051.32887,0,1,21,101,663797,1761973,0,0,0,0,0,6520,20956,6288.7,16677.399999999998,196,6000.76071343521,2,41,2,41,0,0,0,0.9318807014233168,1,0.9996694101201259,0,240514.58492499887,0,0.007678028071630848,24446.52250798611,0,477.752633953927,2372.1135947399453,0,5832.255612141305,0,180,180,0,0,4074.4204178952705,0,6379.472222222221,2292450.929248464,0,0,0,0,0
2670,0,0,0,0,0,0,0,0,0,0,0,0,0,0,0,0,10305.633298539042,0,14.835363121565589,5352.02428502601,15246.488394449387,51588.52667004177,8343.869268029976,2.848733036788769,9.63906812126714,0,0,4.547473508864641e-13,0,210536839.49201584,445.51772566229806,0,2445493902658.842,2445493902658.842,2336524941607.1885,2445493902658.8774,0,9833035.6637728,2445484069623.213,0,0,0,108968961051.32884,0,1,21,101,663748,1761926,0,0,0,0,0,6517,20948,6288.4,16676.6,195,5996.299624204426,2,41,2,41,0,0,0,0.932027673792511,1,0.9996694101201259,0,240514.58492499887,0,0.007678028075508681,24446.522507581416,0,476.8564985178845,2372.113594703707,0,5832.255611885322,0,180,180,0,0,4074.4204178904665,0,6379.166666666664,2292340.9292484643,0,0,0,0,0
2700,0,0,0,0,0,0,0,0,0,0,0,0,0,0,0,0,10305.633298512254,0,14.83536312156548,5352.024285025961,15246.488394446445,51588.52666988105,8343.861177781873,2.8487330367882455,9.639068121237198,0,0,4.547473508864641e-13,0,187509179.04114303,445.517725661359,0,2445493902658.842,2445493902658.842,2336524941607.1885,2445493902658.8774,0,9833035.6637728,2445484069623.213,0,0,0,108968961051.32883,0,1,21,101,663702,1761882,0,0,0,0,0,6514,20942,6288.099999999999,16676.000000000004,194,6022.838534973644,2,41,2,41,0,0,0,0.9321859517285662,1,0.9996694101201259,0,240514.58492499887,0,0.007678028027246692,24446.52250742445,0,476.01910605477144,2372.113594689332,0,5832.255611782369,0,180,180,0,0,4074.4204178886666,0,6378.916666666665,2292250.9292484643,0,0,0,0,0
2730,0,0,0,0,0,0,0,0,0,0,0,0,0,0,0,0,10305.633298501492,0,14.83536312156544,5352.024285025942,15246.488394445349,51588.52666981897,8343.832032116361,2.848733036788051,9.639068121225634,0,0,4.547473508864641e-13,0,175363820.63822055,445.5177256609819,0,2445493902658.842,2445493902658.842,2336524941607.1885,2445493902658.8774,0,9833035.6637728,2445484069623.213,0,0,0,108968961051.32889,0,1,21,101,663649,1761836,0,0,0,0,0,6511,20935,6287.799999999999,16675.3,193,6018.377445742861,2,41,2,41,0,0,0,0.932356891899506,1,0.9996694101201259,0,240514.58492499887,0,0.007686170979036367,24446.52250736369,0,475.2352331785218,2372.113594683644,0,5832.255611741114,0,180,180,0,0,4074.420417887995,0,6378.638888888887,2292150.929248465,0,0,0,0,0
2760,0,0,0,0,0,0,0,0,0,0,0,0,0,0,0,0,10305.633298497181,0,14.83536312156544,5352.024285025942,15246.48839444494,51588.52666979505,8343.82408838213,2.8487330367879746,9.639068121221165,0,0,4.547473508864641e-13,0,157737198.4307055,445.5177256608309,0,2445423901457.5015,2445423901457.5015,2336524941607.1885,2445423901457.537,0,9833035.6637728,2445414068421.8726,0,0,0,108898959849.98827,0,1,21,101,663603,1761798,0,0,0,0,0,6508,20929,6287.5,16674.7,192,6044.916356512078,2,41,2,41,0,0,0,0.9325420770846906,1,0.9996694101201259,0,240514.58492499887,0,0.00769068361822168,24446.52250734024,0,466.30046883114943,2372.113594681399,0,5832.2556117246395,0,180,180,0,0,4074.4204178877444,0,6378.388888888886,2292060.929248465,0,0,0,0,0
2790,0,0,0,0,0,0,0,0,0,0,0,0,0,0,0,0,10305.63329849546,0,14.83536312156544,5352.024285025942,15246.488394444787,51588.52666978585,8343.80923847601,2.8487330367879458,9.639068121219445,0,0,4.547473508864641e-13,0,140524118.95671228,445.51772566077057,0,2445423901457.5015,2445423901457.5015,2336524941607.1885,2445423901457.537,0,9833035.6637728,2445414068421.8726,0,0,0,108898959849.98827,0,1,21,101,663551,1761762,0,0,0,0,0,6505,20923,6287.2,16674.100000000002,191,6071.455267281294,2,41,2,41,0,0,0,0.9327433653294565,1,0.9996694101201259,0,240514.58492499887,0,0.007691652156424281,24446.522507331203,0,473.8561040350237,2372.1135946805134,0,5832.255611718081,0,180,180,0,0,4074.42041788765,0,6378.138888888887,2291970.9292484657,0,0,0,0,0
2820,0,0,0,0,0,0,0,0,0,0,0,0,0,0,0,0,10305.633298494777,0,14.83536312156544,5352.024285025942,15246.488394444728,51588.52666978236,8343.783365704245,2.848733036787935,9.639068121218793,0,0,4.547473508864641e-13,0,129009552.44966905,445.51772566074675,0,2445423901457.5015,2445423901457.5015,2336524941607.1885,2445423901457.537,0,9833035.6637728,2445414068421.8726,0,0,0,108898959849.98827,0,1,21,101,663500,1761724,0,0,0,0,0,6502,20917,6286.9,16673.5,190,6097.994178050511,2,41,2,41,0,0,0,0.9329629525055648,1,0.9996694101201259,0,240514.58492499887,0,0.007691859993172683,24446.52250732773,0,473.2609854614166,2372.1135946801664,0,5832.255611715477,0,180,180,0,0,4074.4204178876153,0,6377.888888888887,2291880.929248466,0,0,0,0,0
2850,0,0,0,0,0,0,0,0,0,0,0,0,0,0,0,0,10305.63329849451,0,14.83536312156544,5352.024285025942,15246.488394444708,51588.52666978102,8343.770113848377,2.848733036787931,9.639068121218543,0,0,4.547473508864641e-13,0,118881619.91129799,445.5177256607374,0,2445423901457.5015,2445423901457.5015,2336524941607.1885,2445423901457.537,0,9833035.6637728,2445414068421.8726,0,0,0,108898959849.98824,0,1,21,101,663454,1761691,0,0,0,0,0,6499,20912,6286.599999999999,16673,189,6155.533088819729,2,41,2,41,0,0,0,0.9332034527460645,1,0.9996694101201259,0,240514.58492499887,0,0.007691904553901256,24446.522507326394,0,472.6624862049075,2372.1135946800305,0,5832.255611714447,0,180,180,0,0,4074.420417887601,0,6377.666666666664,2291800.929248466,0,0,0,0,0
2880,0,0,0,0,0,0,0,0,0,0,0,0,0,0,0,0,10305.633298494406,0,14.83536312156544,5352.024285025942,15246.4883944447,51588.526669780535,8343.766238218028,2.8487330367879298,9.639068121218452,0,0,4.547473508864641e-13,0,105906160.55193214,445.517725660734,0,2445351409767.279,2445351409767.279,2336524941607.1885,2445351409767.3145,0,5122105.90739606,2445346287661.4062,0,0,0,108826468159.76538,0,1,21,101,663401,1761653,0,0,0,0,0,6496,20906,6286.299999999999,16672.4,188,6182.071999588945,2,41,2,41,0,0,0,0.933468003010614,1,0.9996694101201259,0,240514.58492499887,0,0.0076919140692667635,24446.522507325884,0,472.0924328061435,2372.1135946799773,0,5832.255611714042,0,180,180,0,0,4074.4204178875993,0,6377.416666666664,2291710.9292484666,0,0,0,0,0
2910,0,0,0,0,0,0,0,0,0,0,0,0,0,0,0,0,10305.63329849437,0,14.83536312156544,5352.024285025942,15246.488394444697,51588.52666978035,8343.742337726882,2.8487330367879293,9.639068121218418,0,0,4.547473508864641e-13,0,97153743.15242119,445.51772566073276,0,2445351409767.279,2445351409767.279,2336524941607.1885,2445351409767.3145,0,5122105.90739606,2445346287661.4062,0,0,0,108826468159.7654,0,1,21,101,663352,1761611,0,0,0,0,0,6493,20900,6286,16671.8,187,6191.610910358162,2,41,2,41,0,0,0,0.9337604006714318,1,0.9996694101201259,0,240514.58492499887,0,0.0076931292611030315,24446.522507325706,0,471.5620455672594,2372.1135946799573,0,5832.255611713881,0,180,180,0,0,4074.4204178875993,0,6377.166666666664,2291620.9292484666,0,0,0,0,0
2940,0,0,0,0,0,0,0,0,0,0,0,0,0,0,0,0,10305.63329849437,0,14.83536312156544,5352.024285025942,15246.488394444697,51588.52666978028,8343.748657148035,2.8487330367879293,9.639068121218404,0,0,4.547473508864641e-13,0,89896722.81982659,445.51772566073276,0,2445343384843.3716,2445343384843.3716,2336524941607.1885,2445343384843.4062,0,484926.86879595206,2445342899916.538,0,0,0,108818443235.8575,0,1,21,101,663303,1761572,0,0,0,0,0,6490,20894,6285.7,16671.2,186,6188.149821127379,2,41,2,41,0,0,0,0.9340852869612296,1,0.9996694101201259,0,240514.58492499887,0,0.007708041203882297,24446.52250732565,0,471.0432719003029,2372.1135946799504,0,5832.25561171382,0,180,180,0,0,4074.4204178875993,0,6376.916666666664,2291530.929248467,0,0,0,0,0
2970,0,0,0,0,0,0,0,0,0,0,0,0,0,0,0,0,10305.63329849437,0,14.83536312156544,5352.024285025942,15246.488394444697,51588.52666978026,8343.72364855044,2.8487330367879293,9.6390681212184,0,0,4.547473508864641e-13,0,80118358.97454056,445.51772566073276,0,2445343384843.3716,2445343384843.3716,2336524941607.1885,2445343384843.4062,0,484926.86879595206,2445342899916.538,0,0,0,108818443235.85754,0,1,21,101,663253,1761538,0,0,0,0,0,6487,20888,6285.4,16670.600000000002,185,6184.6887318965955,2,41,2,41,0,0,0,0.9344483951674739,1,0.9996694101201259,0,240514.58492499887,0,0.0077112418357543,24446.52250732565,0,470.5842183708838,2372.1135946799504,0,5832.255611713793,0,180,180,0,0,4074.4204178875993,0,6376.666666666664,2291440.9292484676,0,0,0,0,0
3000,0,0,0,0,0,0,0,0,0,0,0,0,0,0,0,0,10305.63329849437,0,14.83536312156544,5352.024285025942,15246.488394444697,51588.52666978026,8343.725703658343,2.8487330367879293,9.6390681212184,0,0,4.547473508864641e-13,0,73685167.81144795,445.51772566073276,0,2445343384843.3716,2445343384843.3716,2336524941607.1885,2445343384843.4062,0,484926.86879595206,2445342899916.538,0,0,0,108818443235.85751,0,1,21,101,663207,1761505,0,0,0,0,0,6484,20883,6285.099999999999,16670.100000000002,184,6212.227642665813,2,41,2,41,0,0,0,0.9348568918994989,1,0.9996694101201259,0,240514.58492499887,0,0.007711928766329036,24446.52250732565,0,470.12301775641595,2372.1135946799504,0,5832.255611713792,0,180,180,0,0,4074.4204178875993,0,6376.444444444442,2291360.9292484676,0,0,0,0,0
3030,0,0,0,0,0,0,0,0,0,0,0,0,0,0,0,0,10305.63329849437,0,14.83536312156544,5352.024285025942,15246.488394444697,51588.52666978026,8343.725929830547,2.8487330367879293,9.6390681212184,0,0,4.547473508864641e-13,0,68334004.67148067,445.51772566073276,0,2445343384843.3716,2445343384843.3716,2336524941607.1885,2445343384843.4062,0,484926.86879595206,2445342899916.538,0,0,0,108818443235.85754,0,1,21,101,663154,1761465,0,0,0,0,0,6481,20877,6284.799999999999,16669.5,183,6208.76655343503,2,41,2,41,0,0,0,0.9353198548624607,1,0.9996694101201259,0,240514.58492499887,0,0.0077271315157917,24446.52250732565,0,469.67341627205565,2372.1135946799504,0,5832.255611713792,0,180,180,0,0,4074.4204178875993,0,6376.194444444442,2291270.929248468,0,0,0,0,0
3060,0,0,0,0,0,0,0,0,0,0,0,0,0,0,0,0,10305.63329849437,0,14.83536312156544,5352.024285025942,15246.488394444697,51588.52666978026,8343.709860853924,2.8487330367879293,9.6390681212184,0,0,4.547473508864641e-13,0,62417047.61519031,445.51772566073276,0,2445343384843.3716,2445343384843.3716,2336524941607.1885,2445343384843.4062,0,484926.86879595206,2445342899916.538,0,0,0,108818443235.85753,0,1,21,101,663121,1761428,0,0,0,0,0,6479,20871,6284.599999999999,16668.899999999998,182,6205.305464204246,2,41,2,41,0,0,0,0.9358489553915598,1,0.9996694101201259,0,240514.58492499887,0,0.007741869119605097,24446.52250732565,0,469.2677174134608,2372.1135946799504,0,5832.255611713792,0,180,180,0,0,4074.4204178875993,0,6375.97222222222,2291190.929248468,0,0,0,0,0
3090,0,0,0,0,0,0,0,0,0,0,0,0,0,0,0,0,10305.63329849437,0,14.83536312156544,5352.024285025942,15246.488394444697,51588.52666978026,8343.7272071907,2.8487330367879293,9.6390681212184,0,0,4.547473508864641e-13,0,56767474.27663323,445.51772566073276,0,2445343384843.3716,2445343384843.3716,2336524941607.1885,2445343384843.4062,0,484926.86879595206,2445342899916.538,0,0,0,108818443235.85751,0,1,21,101,663088,1761393,0,0,0,0,0,6477,20866,6284.4,16668.4,181,6232.844374973463,2,41,2,41,0,0,0,0.9362457807884071,1,0.9996694101201259,0,240514.58492499887,0,0.007745032331577046,24446.52250732565,0,468.9088563618298,2372.1135946799504,0,5832.255611713792,0,180,180,0,0,4074.4204178875993,0,6375.777777777776,2291120.9292484685,0,0,0,0,0
3120,0,0,0,0,0,0,0,0,0,0,0,0,0,0,0,0,10305.63329849437,0,14.83536312156544,5352.024285025942,15246.488394444697,51588.52666978026,8343.717365234697,2.8487330367879293,9.6390681212184,0,0,4.547473508864641e-13,0,51225072.8601013,445.51772566073276,0,2445322175819.9697,2445322175819.9697,2336524941607.1885,2445322175820.004,0,484926.86879595206,2445321690893.1357,0,0,0,108797234212.45508,0,1,21,101,663088,1761357,0,0,0,0,0,6475,20861,6284.2,16667.9,180,6260.3832857426805,2,41,2,41,0,0,0,0.9362457807884071,1,0.9996694101201259,0,240514.58492499887,0,0.007745711230390772,24446.52250732565,0,461.2595271144897,2372.1135946799504,0,5832.255611713792,0,180,180,0,0,4074.4204178875993,0,6375.583333333331,2291050.9292484685,0,0,0,0,0
3150,0,0,0,0,0,0,0,0,0,0,0,0,0,0,0,0,10305.63329849437,0,14.83536312156544,5352.024285025942,15246.488394444697,51588.52666978026,8343.711025012004,2.8487330367879293,9.6390681212184,0,0,4.547473508864641e-13,0,46435900.994421445,445.51772566073276,0,2445322175819.9697,2445322175819.9697,2336524941607.1885,2445322175820.004,0,484926.86879595206,2445321690893.1357,0,0,0,108797234212.45511,0,1,21,101,663057,1761329,0,0,0,0,0,6475,20856,6284.2,16667.4,210,6287.922196511898,2,41,2,41,0,0,0,0.9362457807884071,1,0.9996694101201259,0,240514.58492499887,0,0.007745856899298999,24446.52250732565,0,462.55232964235483,2372.1135946799504,0,5832.255611713792,0,180,180,0,0,4074.4204178875993,0,6375.4444444444425,2291000.929248469,0,0,0,0,0
3180,0,0,0,0,0,0,0,0,0,0,0,0,0,0,0,0,10305.63329849437,0,14.83536312156544,5352.024285025942,15246.488394444697,51588.52666978026,8343.696537212661,2.8487330367879293,9.6390681212184,0,0,4.547473508864641e-13,0,42398873.99921918,445.51772566073276,0,2445322175819.9697,2445322175819.9697,2336524941607.1885,2445322175820.004,0,484926.86879595206,2445321690893.1357,0,0,0,108797234212.45508,0,1,21,101,663023,1761288,0,0,0,0,0,6473,20851,6284,16666.9,209,6315.461107281114,2,41,2,41,0,0,0,0.9362457807884071,1,0.9996694101201259,0,240514.58492499887,0,0.007745888116399428,24446.52250732565,0,463.73550529851696,2372.1135946799504,0,5832.255611713792,0,180,180,0,0,4074.4204178875993,0,6375.249999999997,2290930.929248469,0,0,0,0,0
3210,0,0,0,0,0,0,0,0,0,0,0,0,0,0,0,0,10305.63329849437,0,14.83536312156544,5352.024285025942,15246.488394444697,51588.52666978026,8343.682917231201,2.8487330367879293,9.6390681212184,0,0,4.547473508864641e-13,0,39287181.28874195,445.51772566073276,0,2445322175819.9697,2445322175819.9697,2336524941607.1885,2445322175820.004,0,484926.86879595206,2445321690893.1357,0,0,0,108797234212.45512,0,1,21,101,662989,1761254,0,0,0,0,0,6471,20846,6283.799999999999,16666.399999999998,208,6343.000018050331,2,41,2,41,0,0,0,0.9362457807884071,1,0.9996694101201259,0,240514.58492499887,0,0.007745894767705327,24446.52250732565,0,464.72949810725487,2372.1135946799504,0,5832.255611713792,0,180,180,0,0,4074.4204178875993,0,6375.055555555554,2290860.929248469,0,0,0,0,0
3240,0,0,0,0,0,0,0,0,0,0,0,0,0,0,0,0,10305.63329849437,0,14.83536312156544,5352.024285025942,15246.488394444697,51588.52666978026,8343.68523031292,2.8487330367879293,9.6390681212184,0,0,4.547473508864641e-13,0,36599061.44993152,445.51772566073276,0,2445299046334.0776,2445299046334.0776,2336524941607.1885,2445299046334.1123,0,484926.86879595206,2445298561407.2437,0,0,0,108774104726.56331,0,1,21,101,662956,1761219,0,0,0,0,0,6469,20841,6283.599999999999,16665.9,207,6342.538928819548,2,41,2,41,0,0,0,0.9362457807884071,1,0.9996694101201259,0,240514.58492499887,0,0.007745896146239471,24446.52250732565,0,465.6034196377046,2372.1135946799504,0,5832.255611713792,0,180,180,0,0,4074.4204178875993,0,6374.861111111109,2290790.9292484694,0,0,0,0,0
3270,0,0,0,0,0,0,0,0,0,0,0,0,0,0,0,0,10305.63329849437,0,14.83536312156544,5352.024285025942,15246.488394444697,51588.52666978026,8343.679491954694,2.8487330367879293,9.6390681212184,0,0,4.547473508864641e-13,0,33065831.215195555,445.51772566073276,0,2445299046334.0776,2445299046334.0776,2336524941607.1885,2445299046334.1123,0,484926.86879595206,2445298561407.2437,0,0,0,108774104726.56328,0,1,21,101,662923,1761189,0,0,0,0,0,6467,20836,6283.4,16665.4,206,6340.077839588765,2,41,2,41,0,0,0,0.9362457807884071,1,0.9996694101201259,0,240514.58492499887,0,0.007745896393032427,24446.52250732565,0,466.4239712985202,2372.1135946799504,0,5832.255611713792,0,180,180,0,0,4074.4204178875993,0,6374.666666666664,2290720.9292484694,0,0,0,0,0
3300,0,0,0,0,0,0,0,0,0,0,0,0,0,0,0,0,10305.63329849437,0,14.83536312156544,5352.024285025942,15246.488394444697,51588.52666978026,8343.66887625655,2.8487330367879293,9.6390681212184,0,0,4.547473508864641e-13,0,30587014.375978753,445.51772566073276,0,2445295590516.24,2445295590516.24,2336524941607.1885,2445295590516.275,0,87667.52191803524,2445295502848.753,0,0,0,108770648908.72595,0,1,21,101,662893,1761163,0,0,0,0,0,6465,20831,6283.2,16664.9,205,6336,2,41,2,41,0,0,0,0.9362457807884071,1,0.9996694101201259,0,240514.58492499887,0,0.007745896396909868,24446.52250732565,0,466.78245784423234,2372.1135946799504,0,5832.255611713792,0,180,180,0,0,4074.4204178875993,0,6374.47222222222,2290650.92924847,0,0,0,0,0
3330,0,0,0,0,0,0,0,0,0,0,0,0,0,0,0,0,10305.63329849437,0,14.83536312156544,5352.024285025942,15246.488394444697,51588.52666978026,8343.669299666963,2.8487330367879293,9.6390681212184,0,0,4.547473508864641e-13,0,27967194.42491838,445.51772566073276,0,2445295590516.24,2445295590516.24,2336524941607.1885,2445295590516.275,0,87667.52191803524,2445295502848.753,0,0,0,108770648908.72594,0,1,21,101,662859,1761132,0,0,0,0,0,6463,20826,6283,16664.4,204,6331,2,41,2,41,0,0,0,0.9362457807884071,1,0.9996694101201259,0,240514.58492499887,0,0.007745896348648256,24446.52250732565,0,466.5400471750381,2372.1135946799504,0,5832.255611713792,0,180,180,0,0,4074.4204178875993,0,6374.277777777776,2290580.92924847,0,0,0,0,0
3360,0,0,0,0,0,0,0,0,0,0,0,0,0,0,0,0,10305.63329849437,0,14.83536312156544,5352.024285025942,15246.488394444697,51588.52666978026,8343.664201121297,2.8487330367879293,9.6390681212184,0,0,4.547473508864641e-13,0,24969421.42864875,445.51772566073276,0,2445295590516.24,2445295590516.24,2336524941607.1885,2445295590516.275,0,87667.52191803524,2445295502848.753,0,0,0,108770648908.7259,0,1,21,101,662824,1761101,0,0,0,0,0,6461,20822,6282.799999999999,16664,203,6357,2,41,2,41,0,0,0,0.9362457807884071,1,0.9996694101201259,0,240514.58492499887,0,0.007745896289195576,24446.52250732565,0,466.27228832516903,2372.1135946799504,0,5832.255611713792,0,180,180,0,0,4074.4204178875993,0,6374.1111111111095,2290520.92924847,0,0,0,0,0
3390,0,0,0,0,0,0,0,0,0,0,0,0,0,0,0,0,10305.63329849437,0,14.83536312156544,5352.024285025942,15246.488394444697,51588.52666978026,8343.654734617745,2.8487330367879293,9.6390681212184,0,0,4.547473508864641e-13,0,23215687.782942202,445.51772566073276,0,2445295590516.24,2445295590516.24,2336524941607.1885,2445295590516.275,0,87667.52191803524,2445295502848.753,0,0,0,108770648908.72592,0,1,21,101,662791,1761074,0,0,0,0,0,6459,20817,6282.599999999999,16663.5,202,6352,2,41,2,41,0,0,0,0.9362457807884071,1,0.9996694101201259,0,240514.58492499887,0,0.007745896227340899,24446.52250732565,0,466.0677630190036,2372.1135946799504,0,5832.255611713792,0,180,180,0,0,4074.4204178875993,0,6373.916666666664,2290450.9292484703,0,0,0,0,0
3420,0,0,0,0,0,0,0,0,0,0,0,0,0,0,0,0,10305.63329849437,0,14.83536312156544,5352.024285025942,15246.488394444697,51588.52666978026,8343.648027443156,2.8487330367879293,9.6390681212184,0,0,4.547473508864641e-13,0,21623875.123642553,445.51772566073276,0,2445295590516.24,2445295590516.24,2336524941607.1885,2445295590516.275,0,87667.52191803524,2445295502848.753,0,0,0,108770648908.72589,0,1,21,101,662758,1761043,0,0,0,0,0,6457,20814,6282.4,16663.2,201,6409,2,41,2,41,0,0,0,0.9362457807884071,1,0.9996694101201259,0,240514.58492499887,0,0.007745896164970683,24446.52250732565,0,465.8105640742662,2372.1135946799504,0,5832.255611713792,0,180,180,0,0,4074.4204178875993,0,6373.777777777776,2290400.929248471,0,0,0,0,0
3450,0,0,0,0,0,0,0,0,0,0,0,0,0,0,0,0,10305.63329849437,0,14.83536312156544,5352.024285025942,15246.488394444697,51588.52666978026,8343.64290069959,2.8487330367879293,9.6390681212184,0,0,4.547473508864641e-13,0,19607913.821578972,445.51772566073276,0,2445295590516.24,2445295590516.24,2336524941607.1885,2445295590516.275,0,87667.52191803524,2445295502848.753,0,0,0,108770648908.7259,0,1,21,101,662728,1761008,0,0,0,0,0,6455,20809,6282.2,16662.7,200,6404,2,41,2,41,0,0,0,0.9362457807884071,1,0.9996694101201259,0,240514.58492499887,0,0.007745896102489837,24446.52250732565,0,465.5586149911552,2372.1135946799504,0,5832.255611713792,0,180,180,0,0,4074.4204178875993,0,6373.583333333331,2290330.929248471,0,0,0,0,0
3480,0,0,0,0,0,0,0,0,0,0,0,0,0,0,0,0,10305.63329849437,0,14.83536312156544,5352.024285025942,15246.488394444697,51588.52666978026,8343.63921434569,2.8487330367879293,9.6390681212184,0,0,4.547473508864641e-13,0,17486927.20259273,445.51772566073276,0,2445288534274.4,2445288534274.4,2336524941607.1885,2445288534274.4346,0,87667.52191803524,2445288446606.9126,0,0,0,108763592666.88585,0,1,21,101,662695,1760974,0,0,0,0,0,6453,20804,6282,16662.2,199,6399,2,41,2,41,0,0,0,0.9362457807884071,1,0.9996694101201259,0,240514.58492499887,0,0.007745896039985267,24446.52250732565,0,458.6185062408974,2372.1135946799504,0,5832.255611713792,0,180,180,0,0,4074.4204178875993,0,6373.388888888887,2290260.929248471,0,0,0,0,0
3510,0,0,0,0,0,0,0,0,0,0,0,0,0,0,0,0,10305.63329849437,0,14.83536312156544,5352.024285025942,15246.488394444697,51588.52666978026,8343.635805671569,2.8487330367879293,9.6390681212184,0,0,4.547473508864641e-13,0,16261534.158697372,445.51772566073276,0,2445288534274.4,2445288534274.4,2336524941607.1885,2445288534274.4346,0,87667.52191803524,2445288446606.9126,0,0,0,108763592666.88583,0,1,21,101,662660,1760950,0,0,0,0,0,6451,20800,6281.799999999999,16661.8,198,6425,2,41,2,41,0,0,0,0.9362457807884071,1,0.9996694101201259,0,240514.58492499887,0,0.007745895977475628,24446.52250732565,0,459.1477677834671,2372.1135946799504,0,5832.255611713792,0,180,180,0,0,4074.4204178875993,0,6373.22222222222,2290200.9292484713,0,0,0,0,0
3540,0,0,0,0,0,0,0,0,0,0,0,0,0,0,0,0,10305.63329849437,0,14.83536312156544,5352.024285025942,15246.488394444697,51588.52666978026,8343.637361590441,2.8487330367879293,9.6390681212184,0,0,4.547473508864641e-13,0,15152465.35710962,445.51772566073276,0,2445288534274.4,2445288534274.4,2336524941607.1885,2445288534274.4346,0,87667.52191803524,2445288446606.9126,0,0,0,108763592666.88586,0,1,21,101,662626,1760933,0,0,0,0,0,6449,20797,6281.599999999999,16661.5,197,6482,2,41,2,41,0,0,0,0.9362457807884071,1,0.9996694101201259,0,240514.58492499887,0,0.007745895914964924,24446.52250732565,0,459.4055629710913,2372.1135946799504,0,5832.255611713792,0,180,180,0,0,4074.4204178875993,0,6373.083333333331,2290150.9292484713,0,0,0,0,0
3570,0,0,0,0,0,0,0,0,0,0,0,0,0,0,0,0,10305.63329849437,0,14.83536312156544,5352.024285025942,15246.488394444697,51588.52666978026,8343.63629163564,2.8487330367879293,9.6390681212184,0,0,4.547473508864641e-13,0,13531043.98811879,445.51772566073276,0,2445288534274.4,2445288534274.4,2336524941607.1885,2445288534274.4346,0,87667.52191803524,2445288446606.9126,0,0,0,108763592666.88585,0,1,21,101,662593,1760911,0,0,0,0,0,6447,20794,6281.4,16661.2,196,6539,2,41,2,41,0,0,0,0.9362457807884071,1,0.9996694101201259,0,240514.58492499887,0,0.007754949202412063,24446.52250732565,0,459.79143475455015,2372.1135946799504,0,5832.255611713792,0,180,180,0,0,4074.4204178875993,0,6372.9444444444425,2290100.9292484717,0,0,0,0,0
3600,0,0,0,0,0,0,0,0,0,0,0,0,0,0,0,0,10305.63329849437,0,14.83536312156544,5352.024285025942,15246.488394444697,51588.52666978026,8343.633476542056,2.8487330367879293,9.6390681212184,0,0,4.547473508864641e-13,0,12705901.355500562,445.51772566073276,0,2445281086345.082,2445281086345.082,2336524941607.1885,2445281086345.1167,0,218332.82769795274,2445280868012.289,0,0,0,108756144737.56798,0,1,21,101,662560,1760895,0,0,0,0,0,6445,20791,6281.2,16660.9,195,6596,2,41,2,41,0,0,0,0.9362457807884071,1,0.9996694101201259,0,240514.58492499887,0,0.007766052001507503,24446.52250732565,0,460.1624297974212,2372.1135946799504,0,5832.255611713792,0,180,180,0,0,4074.4204178875993,0,6372.805555555554,2290050.9292484717,0,0,0,0,0