tick,totalPopulation,employable,employed,unableToWork,inEducation,dependencyRatio,avgGroceryStarvation,avgHealthcareStarvation,maxGroceryStarvation,starvationMildFraction,starvationSevereFraction,starvationFatalFraction,deathsLastMonth,deathsThisMonth,birthsThisMonth,meanWealth,foodPrice,wealthToFoodPrice,waterPrice,priceLevelRaw,priceLevelRefined,priceLevelManufactured,priceLevelServices,refinedToRawPriceRatio,manufacturedToRawPriceRatio,groceryFillRate,groceryTotalDemand,groceryTotalSupply,groceryTotalVolume,gdpAnnual,costOfLiving,bankEquity,bankDeposits,bankLoans,householdDeposits,totalLoans,loansWageCoverage,loansBufferCoverage,loansRollover,loansStarter,loansOther,agentsInDistress,totalAgentDeposits,workerUtilization,avgWage,existentialAgentCount,nonExistentialAgentCount,existentialSlotCapacity,nonExistentialSlotCapacity,existentialUsedWorkers,nonExistentialUsedWorkers,existentialFillRatio,nonExistentialFillRatio,foodChainFillRatio,existentialMaxScale,nonExistentialMaxScale,existentialOperatingScale,nonExistentialOperatingScale,existentialContractionIntegral,nonExistentialContractionIntegral,existentialNegativeProfitFacilities,nonExistentialNegativeProfitFacilities,existentialAtLowerBoundFacilities,nonExistentialAtLowerBoundFacilities,productionEfficiency,avgFacilityCondition,avgWorkerEfficiency,avgResourceEfficiency,avgConditionEfficiency,avgMaxMaintenance,facilitiesBelowFullMaintenance,avgHrBuffer,hrCoverageRatio,avgStorageStarvation,maintenanceServicePrice,maintenanceServiceVolume,maintenanceServiceDemand,adminServicePrice,adminServiceVolume,logisticsServicePrice,logisticsServiceVolume,maintFacilityScale,maintFacilityMaxScale,maintFacilityCondition,maintFacilityOutput,maintFacilityCostFloor,maintAggregateConsumption,maintSteadyStateDemand,maintCatchupBacklog,maintAggregateBuffer,maintFillRate,maintRepairSurgeRatio,priceCeilHits,priceFloorHits
30,9800310,1107477,3521221,1238914,3932698,1.1172930271104315,0,0.6382851427760571,0,0,0,0,0,18450,16918,9.131520929977365,5.453127758434622,1.6745474037084846,2.7582354781166507,2.4679128727588036,9.070882682814068,43.8527729355556,5.1078084135810435,3.675527926021962,17.76917387141546,1,374.1361539168153,4340537.306290336,374.1361539168153,1606658520.9683812,0.24718655029765166,0,9141331884.238659,9141331884.238659,89491735.88526633,9141331884.23866,414825840,8705813386.23866,0,0,20692658,0,9051840148.353395,1.0000007146371626,1,21,101,637796,2160827,637796,2160829,1,1.000000925571552,1,6359,22269,5765.144324828673,21507.82710744929,39.56688013224172,63.619281976569106,9,9,0,0,0.9999908292764208,0.9143308702710028,1,1,0.9980911749863268,1,0,285485.41705450637,12.241100557073837,0.2297157858084646,5.878936621424602,18994.855792312526,49855.89278873062,0.9435019016025407,75907.6948206812,2.5027006934304485,384246.562642278,178,178,1,17800,3.9245709527993364,19402.079415690056,15151.56790002169,47646.15513471285,19280.33133153733,0.3809951989588301,1.2805327833868785,0,0
60,9800646,1099411,3523828,1230579,3946828,1.1198657478014873,0,0.6304852221949916,0,0,0,0,18450,16598,16934,17.063816911727045,4.391621976056374,3.8855386471697537,3.405374075288323,3.138143884903113,12.493961453618686,59.7399725855151,7.65824481033988,3.981322052734502,19.036721953034192,1,574.6168634844516,2984439.5628312323,574.6168634844516,4466733613.952635,0.32385378723695923,0,9680145850.969294,9680145850.969294,167236428.9606503,9680145850.969296,414825840,9244627352.969296,0,0,20692658,0,9512909422.00864,1.0000008351874494,1,21,101,507538,1887134,507538,1887136,1,1.0000010598081535,1,6359,22269,4788.2327754663565,19511.633994914337,124.90323725217887,185.3036275874026,6,6,0,0,0.9999960495510226,0.8570587813520489,1,1,0.987878101273806,1,0,280794.09200098104,14.070930339627743,0.06793826974517861,12.973715374601815,19432.125625668334,43208.97082145711,1.0178168238076846,27016.754072159503,3.111637767342814,292345.022071298,178,178,1,17800,5.262017047404299,17511.14757101391,13499.904825009235,20681.51149937598,17418.476254591682,0.44972433400377476,1.2971311870713083,0,0
90,9801126,1096184,3521605,1222394,3960943,1.1224715984208027,0,0.6552966366293813,0,0,0,0,16598,16449,16929,24.46440481462262,4.099857418076835,5.967135517141571,2.6960424968338312,3.26227598087941,13.89532913115284,67.23555947630845,10.09584419140392,4.259397185460405,20.61001578970759,1,773.0944114455098,1285125.9448363495,773.0944114455098,6018939773.337593,0.3508467472238722,0,9681336370.014,9681336370.014,239778714.10312596,9681336370.014004,414825840,9245817872.014,0,0,20692658,0,9441557655.910873,1,1,21,101,378086,1677231,378086,1677231,1,1,1,6305,22252,3609.0628028659903,16901.30187445827,165.4599500059192,409.5429576307086,6,6,0,0,0.999999906270837,0.8919072317271509,1,1,0.9931773517267839,1,0,233907.06007427807,13.65669977376403,0.0253080601099301,25.751526850797227,15226.060820178982,34057.32196963415,1.1195112202492075,39468.31742759373,3.6445085607156362,549793.3100878245,178,178,1,17800,5.520276135941605,9072.27888290177,11394.646591216891,5782.402838267275,23248.452259938087,0.4470715822504979,0.7961878247189144,0,0
120,9801667,957851,3654525,1214226,3975065,1.1250797853427388,0,0.6609420652507205,0,0,0,0,16449,16377,16918,24.39353187418332,3.2194446182776937,7.576937877947759,1.3652381678017673,2.158399706044078,10.958535533017255,70.81809736527403,10.750297733331253,5.077157628557175,32.81046470075261,1,973.8560974313383,572211.1197049005,973.8560974313383,6031774936.916592,0.36117748331072147,0,9681336370.014,9681336370.014,239097276.3846327,9681336370.014004,414825840,9245817872.014,0,0,20692658,0,9442239093.629372,1,1.0024527915599468,21,101,342746,1415818,342746,1415818,1,1,1,6272,22234,2870.2984540537204,13110.555624394467,170.20152775046745,915.5133982380828,6,6,9,6,0.9999999999906437,0.9984702576432276,1,1,0.9999973735222097,1,0,284376.17775891593,19.405117659107038,0.005889818110375945,28.82366576791905,18761.63630334977,19383.328923390545,1.1780500033446983,52737.12750203096,4.055704148478087,313213.74775757646,178,178,1,17800,4.72333332360495,9012.962318195547,8878.252265637477,26.929893348775526,47308.41084316806,0.9679264267506414,1.015173037274403,0,0
150,9802469,866805,3740373,1206211,3989080,1.1276514603950618,0,0.667011378210248,0,0,0,0,16377,16104,16906,28.372859205126,2.789432641879781,10.171552013532656,1.291095116065941,1.5051157750335962,8.029733072675882,77.1826847889207,8.48915108437449,5.334960410269201,51.280231108598855,1,1177.1733703059501,525277.0701575206,1177.1733703059501,4648885599.546439,0.38982982262273624,0,9681336370.014,9681336370.014,278124072.7996229,9681336370.014004,414825840,9245817872.014,0,0,20692658,0,9403212297.214386,1,1.0294305248241318,21,101,324680,1016375,324680,1016375,1,1,1,6220,22170,2521.298454053721,8886.178901848894,233.49412721162153,1247.4785747430988,6,6,9,30,1,1,1,1,1,1,0,270315.02610868594,24.188272019449098,0.0012641832790598188,11.975096573134309,6478.441246498687,9143.14266935665,1.0967810257812511,33683.50614812734,3.883503466027833,274501.86463031435,134.94936232627865,178,1,13672.936232627866,3.9895951532463663,6431.970417410612,6337.487419945896,0,57735.33537214786,0.7085573834707031,1.0149085893515701,0,0
180,9803452,2552973,2049104,1198277,4003098,1.130223375228185,0,0.6775812510961685,0,0,0,0,16104,15908,16891,34.37635718062887,2.6900966262385397,12.778855913698546,1.2807419142624517,1.262255158011319,6.081362480283382,86.02265341146423,7.775524802902188,4.817855123574666,68.14997179095927,1,1385.947297354171,520713.8320282777,1385.947297354171,3944178687.8148375,0.4424746858147589,0,9681336370.014,9681336370.014,337006967.5551604,9681336370.014004,414825840,9245817872.014,0,0,20692658,0,9344329402.45885,1,1.0855592466332733,21,101,316427,726011,316427,726011,1,1,1,6203,22018,2366.2999999999997,5680.786113785252,290.3138549688391,1075.737344290974,6,6,15,48,0.9999999998275743,0.9990409835189682,1,1,0.9999999735733773,1,0,265084.63779273856,30.51515441218435,0.00027134273641472883,5.04621663530578,7165.252970115601,11033.303333433501,1.1582180671566082,15276.810280669886,3.6639264400764837,213533.00546405895,85.28209733332237,178,1,8570.34601541965,3.5934735122331487,4382.4924399885485,4470.603396493893,200.15376992714974,31692.560806231584,0.6494204639877162,0.9802910370948033,0,0
210,9804280,3004455,1592195,1190526,4017104,1.1329185385008647,0,0.6611053189140309,0,0,0,0,15908,16055,16883,41.388496915654535,2.6557154196813024,15.584688257231017,1.2892981447357557,1.3016329259375252,6.12144221427947,90.27878474239058,7.9459716068418125,4.702894412317042,69.35809854177253,1,1593.46570700244,506461.9139600016,1593.46570700244,3453533400.217448,0.4750096783573908,0,9681642237.803885,9681642237.803885,405784412.5402313,9681642237.803888,414825840,9246123739.803886,0,0,20692658,0,9275857825.263668,1,1.1386923202812673,21,101,309070,563833,309070,563833,1,1,1,6117,21932,2357.7,4320.800960051975,159.768152838322,1180.5333562764058,5,6,15,69,0.9999999999124985,0.9991063063507711,1,1,0.9999999768375253,0.999889502762431,0,270909.5133598365,37.24255914251684,0.00005824066954895163,4.820111659188495,5957.936290234244,9854.904392679668,1.2153846449562287,19325.80897197617,2.783738551515415,202371.20986772407,68.00198339597681,178,1,6872.618729898454,3.5557563167845982,3578.134705149264,3710.2783110565724,112.0118574538676,23411.837915086617,0.6045656104649645,0.9643844491359254,0,0
240,9805186,2550782,2040472,1182863,4031069,1.135622642528599,0,0.6840966647884644,0,0,0,0,16055,15965,16871,58.13110198506209,2.766665668451998,21.01124926221662,1.3062748183976525,1.3568150522503992,6.719587017903122,101.39501592990717,9.043066531342966,4.95247086679801,74.73016735901807,1,1803.8219014847073,503130.4696003704,1803.8219014847073,4428764155.535363,0.5162773349859188,0,9681642237.803885,9681642237.803885,569986267.3485357,9681642237.803888,414825840,9246123739.803886,0,0,20692658,0,9111655970.45538,1,1.1840182416276952,21,101,308517,1273319,308517,1273319,1,1,1,6106,21911,2356.6,8642.200435448565,205.08531651460598,1422.859998012815,2,6,15,66,0.8604152734110443,1,1,0.8604152734110443,1,0.9997875720449215,0,208587.2222757656,15.823679997858106,0.007985424314346961,5.510781253561528,8354.602644498242,8730.503087185609,1.3735802979019713,24218.742214674734,5.583797882066332,399225.1726612615,113.13102583595527,178,1,11315.292499254152,3.7556319081948972,5303.229854685481,5372.243344215821,0,28986.696858257805,0.9569440112518712,0.9871536925808386,0,0
270,9806115,2361764,2224093,1175236,4045022,1.1383385918924205,0,0.7085351183764603,0,0,0,0,15965,15929,16858,69.25973164248937,2.87439947073569,24.095374476520707,1.354830418299887,1.4171019931760647,7.294281106471672,125.14199059270258,10.36452492635752,5.147322593290157,88.30838654896634,1,2016.0384815055027,489546.6059116302,2016.0384815055027,5564794766.048041,0.5588721959689922,0,15246762169.461067,15246762169.461067,679168893.35544,15246762169.46107,414825840,14811243671.461067,0,0,20692658,0,14567593276.105675,0.9999978558096302,1.2088006307944272,21,101,306640,1558866,306640,1558862,1,0.9999974340321747,1,6057,21778,2351.7,11812.925763145418,246.22114096368315,1192.3413895128529,0,6,15,57,0.9913653169802459,0.9994596163217887,0.9999531602305345,0.9914121573744155,0.9999999661150664,0.999907836600562,0,273321.9152393503,17.581664253762277,0.003952618808110706,5.987666054465183,7924.573010569613,15323.378411089761,1.54579507656085,35326.26348149979,3.7389415839412234,255894.9360236625,127.77759034271065,178,1,12586.519614246094,4.078246784051561,6702.970889882086,7572.7821885962885,954.7606355895992,28061.31166327988,0.5171557340667433,0.8851397970980818,0,0
300,9807219,2126688,2453852,1167751,4058928,1.1410617525444597,0,0.7407262561293126,0,0,0,0,15929,15741,16845,68.11437531782586,3.0031650423738285,22.68086314163586,1.4030633058853768,1.609818644171979,8.927854724186014,171.54301136381767,14.005864815807609,5.545876087662108,106.56045759244635,1,2244.429099460398,486010.80269096745,2244.429099460398,8631430710.019894,0.647336864159601,0,15246762169.461067,15246762169.461067,668012595.7901962,15246762169.46107,414825840,14811243671.461067,0,0,20692658,0,14578749573.670948,0.9999942387186911,1.2460702946405,21,101,307449,1775421,307449,1775409,1,0.9999932410397309,1,6057,21729,2351.7,14547.008872128532,368.31078704778304,907.2128545204888,0,5,15,48,0.9938386582428841,0.9982844303517734,0.9999850672787544,0.9938536126357583,0.9999999072824177,1,0,259022.0416216253,14.923074446071233,0.005303008827159457,6.647504906011452,8622.591588730613,19609.03835425611,1.9483899154699051,49953.185946631456,4.846553646735122,273736.34740329895,145.62013223280604,178,1,14500.123051611903,4.854851184166738,8838.692003927408,9302.6932283291,713.5423374663806,35381.45013961067,0.43972536709629584,0.9501218396637342,0,0
330,9808459,1726313,2848992,1160333,4072821,1.143782545644498,0,0.7533714339357113,0,0,0,0,15741,15593,16833,71.81166551852094,4.061811065330577,17.679715861593486,1.5465353836545328,2.1069092592277014,13.048305484121267,215.10418740224665,20.558937688071907,6.193102729494953,102.09466139092018,0.6465485318632902,781749.746239349,505439.1507155526,505439.15071555076,13705221694.521631,0.7782296458676083,0,33821815267.294327,33821815267.294327,704361776.9602159,33821815267.294334,414825840,33386296769.294334,0,0,20692658,0,33117453490.33419,1,1.2734153955955438,21,101,631772,1600114,631772,1600114,1,1,1,6037,21689,4193.916951074726,14524.590520303194,251.41059475304738,799.7310640560621,0,3,6,36,0.9657629080908431,0.9958666021625844,1,0.9657630263939918,0.9999990408438272,1,0,249472.28870560354,13.413173721539732,0.00184526866195331,11.135412285913267,10978.71979632625,30841.655819663996,2.8023022673417715,15555.664883915153,5.204021606369875,123697.77789746116,174.61272939260192,178,1,10592.821367570432,8.474039765907033,10000.087497431165,9865.531423419068,6139.804265776687,21412.979804462113,0.3559705049729025,1.0136390092167447,0,0
360,9809896,2116512,3008848,1152951,3531585,0.9139916025410898,0,0.7543201627710595,0,0,0,0,15368,15111,16548,78.8462777605048,4.850249356880547,16.256128697518147,2.7051310537574076,2.990753861816718,20.446307425904738,265.37111392079396,28.304931979035224,6.836506235750451,88.73050949087319,1,282392.3537845663,1623258.5122862514,282392.3537845663,20717482112.686157,0.8908885984548132,0,33821815267.294327,33821815267.294327,773473784.8177438,33821815267.294334,414825840,33386296769.294334,0,0,20692658,0,33048341482.476677,0.9574135357861268,1.2977882595028947,21,101,547544,1609996,541087,1524571,0.9882073404146516,0.9469408619648745,0.9863881909994804,6026,21657,4313.500475187184,15184.138880437818,114.3652654153625,558.0719589102735,3,3,0,33,0.9379859177720957,0.9985318942952307,0.9435517784078713,0.9909089991722342,0.9999998663103242,1,0,266082.9273296716,15.457520692951396,0.0012642979850418623,20.84169531671459,19594.805560032888,28766.292605796414,4.2787226025907,31253.0700246496,6.302665536895798,166237.66500592913,178,178,1,17750.924801274807,14.891371165241415,10877.732003808314,10454.867613346376,1158.5431179621485,37946.77672882994,0.6811724342984862,1.040446651846851,0,0
390,9810962,2218868,2900758,1145171,3546165,0.9163434985289941,0,0.3655863699987079,0,0,0,0,15347,15999,17065,27.978744272561766,6.717245647504285,4.165210823123157,4.078255510847658,4.83228704352718,36.43588693826596,300.70113467233426,35.20709889950424,7.540091598464047,62.2274984833779,0.29843847999037554,335901.1294689807,251688.23426247115,100245.82250577293,30413388283.134834,1.1806839977771517,0,25219692484.30418,25219692484.30418,274498396.86591583,25219692484.304184,87256743.63907427,24967198751.514725,165236989.15038386,0,0,0,24945194087.43838,0.9686379470934661,1.3418153259336967,21,101,481270,1497427,475325,1441316,0.987647266607102,0.9625283903656071,0.9778190229764201,6026,21657,4371.951399261958,15143.209389942835,108.84111456128203,667.0127873756329,3,0,0,18,0.928853173631134,0.9925848039045178,0.9513370473893271,0.9767450056111617,0.9999985722865709,0.9962081617860804,0,270981.7027985308,16.966038155201574,0.0023141118307760927,33.81073488866386,16013.678354121783,28484.453360434978,4.5819645932983635,49371.472008386234,5.8912363500099865,242567.8370424741,178,178,0.9927225612301923,12860.05829000838,26.982945864569057,12939.8974616059,10475.636185694537,1791.6387246519635,33288.081987097205,0.5621901235557797,1.2352373862769828,0,0
420,9812212,2179186,2934881,1137445,3560700,0.9186709912091492,0,0.1411003888706753,0,0,0,0,15999,15800,17050,9.816560367813624,11.65196409938286,0.8424811717651578,5.39478326706883,7.513890116870997,63.896192260099376,407.1334001122787,41.943285860396436,8.503743236360716,54.18410354419994,0.14048032176432945,620780.36829024,1046672.542741702,87207.42588239191,31461985637.5208,1.3961754614408137,0,54000962783.77192,54000962783.77192,96322171.43986239,54000962783.77193,105221519.69162375,53704169607.99774,191571656.082566,0,0,0,53904640612.33218,0.9748535334469332,1.4205360586772136,21,101,571591,1346253,559934,1309683,0.9796060469811456,0.9728357151293257,0.9667002681899357,6026,21657,5403.756350908567,14395.464030639268,82.92711562321607,583.4253034976604,3,4,0,15,0.8315508902599781,0.9728236023739257,0.9464323027756125,0.8784464435857103,0.9998701324060986,0.9999005524861942,0,260104.0473610321,16.694588080512666,0.001580785642657775,73.62823210863218,17144.107608468938,34808.95399034634,4.053377996235458,30708.78328916763,5.130244032417425,124840.42180756228,178,178,1,13400,56.03265554189548,15298.312478580778,10155.408558138965,14101.70984733398,16439.314982476626,0.49252004565329827,1.5064201889071294,0,0
450,9813578,2256259,2852312,1129816,3575191,0.9210025660796336,0,0.06430426909139668,0,0,0,0,15800,15676,17042,7.591023220554466,24.481915456558088,0.31006655643527364,5.997895931739892,10.170019656081609,81.91476287097628,501.9232736023751,58.71605771870908,8.054533387454345,49.353225517339894,0.03872188802670984,1124849.424562352,1139088.048581161,43556.29346481239,31449411483.890923,1.8711134721863807,0,54473558703.971634,54473558703.971634,74495098.47480182,54473558703.97164,105221519.69162375,54176765528.19746,191571656.082566,0,0,0,54399063605.496956,0.9895212905570474,1.4590398603655044,21,101,575676,1256897,568065,1245305,0.9867790215329456,0.990777287239925,0.9769507519548403,6026,21657,5409.184941467258,13507.370408030618,91.50007405718628,666.916703542231,3,3,0,15,0.8517874642884794,0.9289410157464503,0.9649603985328521,0.8790677769623099,0.9982618067732644,0.9998756473425723,0,261307.44459344744,17.29205476610603,0.004385820808713061,146.69602455671097,8656.534642694329,31908.7914869079,4.336528899779321,52164.46591308581,5.040334458099224,120907.9515961836,178,178,1,4400,66.53147485281386,9603.318928731273,9747.03671103244,20143.754400685884,4405.707870196474,0.27128995613155965,0.9852552333019843,0,0
480,9815051,2577006,2526104,1122251,3589690,0.9233469394153762,0.0039725360533491546,0.08168033719277148,0.4748805307687284,0.006053967523958867,0.010937895279403032,0,15676,15561,17034,13.934064070648901,51.15152051278882,0.27240762211878194,3.9686441403608397,14.35547584166978,71.32256706556682,441.3018900397943,78.79120326828001,4.968317863664129,30.741014432891383,0.006647645859730544,1822145.6516016908,2583955.5375288827,12112.978996695849,31956710569.29848,2.5558297828954517,0,54473558703.971634,54473558703.971634,136763549.4907606,54473558703.97164,105221519.69162375,54176765528.19746,191571656.082566,0,0,0,54336795154.480965,0.9899844442733642,1.5156090882869726,21,101,566158,1200394,564964,1183895,0.9978910480819841,0.9862553461613437,0.9968361138787017,6026,21632,5305.403196222649,13126.8112049124,126.6474066999013,568.7365207707371,3,3,0,12,0.9544893879357809,0.981773870297402,0.9719754755817048,0.982513924806825,0.9996903038278754,0.9998400438606356,0,265484.3528880536,18.21651851096425,0.005403606041765366,298.68357614839704,13175.326461078506,22215.236403020004,3.9349333725551796,36267.87627541966,5.141526217997119,186943.72196885064,178,178,1,17800,62.974420996111554,10251.739430463285,10022.39592015535,948.2569801231879,34158.07401225719,0.5930761312667109,1.022883102217776,0,0
510,9812965,2583718,2513263,1115246,3600738,0.9252504570843014,0.13990904314549973,0.12146869874152698,0.7897528166903455,0.27047288969236105,0.24802860297575707,0,15561,19109,17023,22.206409989555507,97.86696205644616,0.22690404936394823,1.8828671174434122,15.954837744809213,46.83097888148833,362.13654503191833,60.21694258609821,2.935221255805277,22.697601243217704,0.03475728560780733,2187645.8512052647,3290798.194729258,76036.63165907604,29326426697.853935,3.6685902816695273,0,54762741108.744026,54762741108.744026,217910724.00323525,54762741108.74403,106463906.76677497,54464705545.8947,191571656.082566,0,0,0,54544830384.74089,0.9893546285575365,1.5901041990038747,21,101,513345,1271844,513345,1252840,1,0.9850579159079258,1,6026,21598,4720.1913896778815,13217.339726871052,185.62657179327914,570.7938419542568,3,6,0,6,0.9377183022544593,1,0.9753810027593709,0.9618870718788904,1,0.999977113506061,0,266818.9986948851,18.128497209174697,0.0032381848753731623,193.49764493375233,13357.513236319974,15357.900441454429,3.8680318017005266,31111.22114264185,5.406865507327021,180721.8986406007,170.30706858710963,178,1,17139.308713289807,45.81280744795848,9561.5632659256,9548.43606487989,0,56650.11839749811,0.8697486539413317,1.0013748011670722,0,0
540,9780225,2524913,2559300,1108830,3587182,0.9236458031951061,0.2848107344729306,0.2276979084746257,0.8119319760458835,0.4492155344074395,0.49609114309742364,0.00018312462136607286,19109,49679,16939,1.6765196690028235,106.42798173559062,0.015752621083879655,1.4086174247446572,12.344620849104102,34.72966302024198,243.41598535664082,42.777022495425996,2.8133438397796113,19.718384900764814,0.40494717797513213,391493.04782871174,2313027.05437628,158534.00491512025,30481759260.245373,3.917618885638789,0,92462042019.78635,92462042019.78635,16396739.579850556,92462042019.78633,108536541.9572271,92161933821.74655,191571656.082566,0,0,0,92445645280.20659,0.9918318844494155,1.6323235418208,21,101,565156,1167557,565156,1153404,1,0.9878781078782449,1,6026,21531,4937.818682064439,12228.504239430378,169.84211587570067,698.3491451435177,3,6,0,12,0.9449747225277227,0.9991841433700999,0.977655988903131,0.965442149409508,0.9999999591040581,1,0,264300.5761060776,18.455025796439642,0.006813516564427629,96.42975810079572,15178.538753489789,24518.437955894424,3.2025144385323268,38473.05748079773,6.395770271504782,142654.0292022283,164.5470698607896,178,1,16340.807519938324,14.107608310181014,10388.060935354679,9415.702019449165,647.3579987190657,43889.903386095575,0.6190663035220296,1.103269932915995,0,0
570,9761635,2616484,2458294,1098631,3588226,0.9235590207098714,0.16486756011196538,0.3469586413901342,0.7589607975746832,0.7953366418637862,0.15009924054730586,0,49679,35472,16882,1.8385491406308125,86.18807866470556,0.02133182650216923,1.4559307824558354,8.968847420308798,22.201495633134112,169.11778380374324,26.507582027414546,2.4754011962408558,18.85613344483906,0.30298026339347783,347971.30992119963,2018037.7712313163,105428.43913329858,25405163308.15294,3.138268436281256,0,92619777685.6072,92619777685.6072,17947245.64049378,92619777685.6072,109790354.34256428,92318415675.18207,191571656.082566,0,0,0,92601830439.96678,0.9926705016282201,1.7264461916888936,21,101,525775,969416,525775,958457,1,0.9886952557003392,1,6026,21503,4424.7287806980585,9998.582181241416,198.10319395752202,1087.242214122114,3,6,0,15,0.953141452284633,0.9961431710462366,0.9879112023022258,0.9652304948593227,0.9999997774203012,0.9974429863289977,0,268270.5301276905,21.689643947390206,0.003283687663581154,45.08448993875274,10855.8846160169,12718.346122105377,2.7944593675005156,35347.79069820643,5.256307014129349,100331.28388335102,128.75706719260933,178,0.9926741579069945,13053.6990425837,9.478401325846285,7735.1179393810435,7651.971714184841,0,43932.10209892012,0.8535610300107033,1.0108659870033327,0,0
600,9739014,2094951,2972130,1089859,3582074,0.9220166403497398,0.14546406812215412,0.24146095355635283,0.8274550973041476,0.740760614986281,0.17934649236565425,0.025253891205002887,35472,39464,16843,70.87278415080765,74.17902541583966,0.9554288931878306,1.6685354814596876,5.846128988170313,14.155810226783908,128.38292453001267,28.445772939291345,2.4213988872685324,21.960330466501254,0.059823466691678595,6225727.224129641,372444.5852241916,372444.58522419655,28309863990.630554,3.0764776405399443,0,92620090474.59924,92620090474.59924,690231037.0638276,92620090474.59924,110103143.33461313,92318415675.18207,191571656.082566,0,0,0,91929859437.53552,0.9525134987677083,1.7908773332556616,21,101,660182,1465938,643512,1381646,0.9747493872901715,0.9424996145812442,1,6026,21438,5351.355169766626,11784.210618534475,127.04499474346554,1166.1014170056667,0,6,0,18,0.9833721455600346,0.9996975888841152,0.9897076739453508,0.993664472550698,0.9999999822514556,0.99997237569077,0,198581.14382837195,11.766853381022436,0.031594258152868746,35.316479315375986,13770.472284140375,22023.107644895186,2.2927549637688798,38658.94640485003,10.218992170497623,332604.4314733095,168.07218180696447,178,1,16435.414121625927,5.764434507604797,9198.508426715358,9186.28676559854,661.8495683104635,32243.083252372213,0.6252738035965728,1.0013304245152228,0,0
630,9728128,2095908,2964618,1082405,3585197,0.9223551069592371,0.06310545581899449,0.10307944847483566,0.5104631429170845,0.9059781080183156,0.04821955467691215,0,39464,27654,16768,82.38068354191248,93.97657655356271,0.8766086887082861,3.4327910975764793,4.943691760513683,16.79421820776005,176.0001457525309,35.21411895499479,3.39710059229401,35.60095456563078,0.12111130050861729,2613045.176243272,1468409.9692753875,316469.29958259175,34483520503.609314,4.27752458884045,0,92163463353.9194,92163463353.9194,801409834.2232449,92163463353.91939,165794962.53980112,90696038539.5177,1301629851.861892,0,0,0,91362053519.69615,0.9616285697392538,1.8284949503415346,21,101,676803,1437322,674872,1358131,0.9971468802591005,0.9449037863471094,1,6026,21387,6026,11331.546005985783,33.61981133973837,1031.2365348366372,3,3,0,18,0.9658035412926519,0.9998984495671537,0.9821467160971212,0.9833333333333333,0.9999999971330069,0.9998420201023851,0,277188.9041035355,16.361347470920734,0.007639588218626085,21.035243032650687,13763.040607539377,16720.763116081504,2.0021688754286004,73045.68639365389,11.76814018321599,366921.75022887264,148.18367743941275,178,1,14922.380135319643,4.9143336085668405,9278.645229377316,9318.752626797614,36.37404125007006,41478.508849524806,0.8231107941659982,0.9956960551453032,0,0
660,9729210,2123839,2931161,1075254,3598956,0.9246706231454006,0.022781712959854653,0.037372171319231325,0.18461487283376313,0.9542446920150762,0,0,27654,15660,16742,48.41035106898689,64.91723731599815,0.7457241415456336,4.59502969772812,4.209651228592294,27.43490358030732,279.7607986572477,30.170905400066456,6.517144079292656,66.45700165303234,0.9955258286039077,281075.2299926574,1756189.8578391117,279817.6512384742,30795143556.65836,3.2348780132982773,0,92166582441.87866,92166582441.87866,470994471.72380906,92166582441.87865,168914050.499054,90696038539.5177,1301629851.861892,0,0,0,91695587970.1548,0.9831824605429511,1.8954506662300683,21,101,643163,1452090,635490,1424526,0.988069898299498,0.981017705514121,1,6026,21319,5809.03149713693,11854.472649643905,20.19980510589364,1082.155515292866,3,0,0,24,0.8903888040617157,0.9998488075830353,0.97586023507454,0.9104546674005582,0.999999995936135,0.9995986880129886,0,261943.3271888659,15.258716079226524,0.0016397517722789288,15.115198574076027,8958.13667931149,15203.682039518162,1.82259699781497,35804.58920236603,8.626673903125681,519648.3379151963,146.6475561087242,178,1,14701.79832767071,6.0866118877818645,9175.52816259785,9214.799166475967,56.10433995852311,37250.66866208249,0.5892083678168919,0.9957382680654628,0,0
690,9731037,2093302,2956314,1068354,3613067,0.9270845545483063,0.008226131193683614,0.013552018370270317,0.06676809431658152,0.9542951074998481,0,0,15660,14905,16732,18.73144786190281,43.63381274946537,0.42928744204532804,3.6544403865192154,4.955448452809204,32.82776169971086,322.78058673954337,27.939724469545958,6.624579392224546,65.13650375205934,0.5373433567191732,309826.181147195,1380586.8123004492,166483.04017711637,26618259434.82235,2.541305210194999,0,79530983624.11525,79530983624.11525,182276412.20763528,79530983624.1152,272710786.73216486,75204486948.49158,4053785888.891468,0,0,0,79348707211.90747,0.9581629017136243,2.029791515127763,21,101,548924,1429631,546159,1349619,0.9949628728202812,0.9440331106418369,1,6028,21281,5277.278436977929,12988.895113538198,65.51138881664914,964.7981738951615,3,0,0,21,0.9740373124363286,0.9995480238492963,0.9748803890898874,0.9991569233752399,0.9999999879052571,0.9996143543387921,0,268028.56002856756,16.965819417372767,0.00035195429357518995,12.083723174924158,11711.04753800004,18749.50687454531,2.02574777447756,23729.51373484621,6.945220936572992,226523.6826656798,157.65628954212735,178,1,15778.75078139964,7.11773202477057,9700.704031606436,9882.757592052654,222.66646767563597,38964.335822518435,0.6246056291698627,0.9815786678211535,0,0
720,9732954,2271621,2996995,1061629,3402709,0.8473454888342593,0.002970363030845924,0.02475333844084977,0.024057129477628184,0.9543456179901806,0,0,14665,14546,16463,7.504809125596897,34.97640265247624,0.21456778160305107,2.06574358020338,4.9418308327989795,36.11720197348381,322.8534737823778,26.894192556793367,7.308465869323892,65.33074172422013,0.7342865002610143,333557.3670069427,698639.3614583986,244926.67165580665,24702373556.956554,2.2252518739460325,0,79530983624.11525,79530983624.11525,73043961.99809934,79530983624.1152,272710786.73216486,75204486948.49158,4053785888.891468,0,0,0,79457939662.11708,0.9669836086873638,2.196775005248354,21,101,486383,1391563,486383,1329560,1,0.9554436270582072,1,6028,21257,4729.266556913768,13284.7917414792,124.83041241879145,1066.0769769593887,3,0,0,18,0.9849738861165884,0.9982694829336951,0.9853508225737991,0.9996230636936526,0.9999998660745325,0.9998928186481135,0,252783.04086284712,16.704249474538383,0.00007554303453738846,12.034588243276016,8079.382285160731,19573.98522663359,1.9787056223390869,50021.50890635349,7.653512997503007,158053.89095835664,160.1030548946948,178,1,15964.734004526239,8.279547662986566,8174.056561878001,9831.565291501793,1964.6488267207762,38372.91171596353,0.41276123342360643,0.8314094774861019,0,0
750,9734461,2539543,2723081,1054603,3417234,0.8497352271414412,0.0010723124176144395,0.08076199341114809,0.008700537856420932,0.9526560330356246,0,0,14779,15443,16950,7.183304058514479,23.607312626127502,0.3042830063835527,1.4555956104599668,5.823521376959531,43.42703340557362,382.6381688633286,28.679187623672583,7.457177641244779,65.70563480323388,0.9272935019320937,406743.3007965866,1097598.347887179,377170.41978308576,22569116639.74006,2.1105480580633866,0,80148697549.3659,80148697549.3659,69925593.20863752,80148697549.36583,186898586.34629768,76072873110.53525,3888925852.4842963,0,0,0,80078771956.15701,0.9622703073353139,2.315167883106918,21,101,486707,1324572,486707,1256233,1,0.9484067306269497,1,6028,21228,4425.512158619001,13633.510477558752,194.4817914402783,1030.3027611022985,3,0,0,18,0.967351761600733,0.9938866110708136,0.9723179079639042,0.9950340890126128,0.9999993176577393,0.9969985312493236,0,267105.64037955675,18.390005878312973,0.0006194013163843008,14.785800338539428,2575.2476269990393,20268.079241761505,2.0832920456282054,24667.407123599904,7.781916174595261,50559.176699391435,149.94068614923992,178,0.9905449438553792,15010.569685604476,10.706732442065745,8238.80572500821,9730.304596023532,1994.6795256555768,38661.39271006457,0.1270592835305702,0.8467161170242449,0,0
780,9736087,2662495,2594201,1047673,3431718,0.8521305017448222,0.0003871122336736821,0.24858988940905924,0.00314664968908323,0.95097024091917,0,0,15443,15314,16940,9.632585354600431,18.22712142111111,0.5284754038804903,1.440436631747443,5.1273260394399784,32.40505149614135,441.2331600756146,34.53792379885158,6.3200684424743,86.05521799893329,0.43404649271669915,842794.1425922367,365811.8416743371,365811.84167433804,22727097594.98664,2.222947108048543,0,53490314364.31856,53490314364.31856,93783689.04720181,53490314364.31845,214401668.47004694,48380135755.46608,4895776940.382336,0,0,0,53396530675.27111,0.9718263049655831,2.395526325185479,21,101,545367,1247937,545367,1197413,1,0.9595139818756876,1,6028,21312,4367.572272352435,13234.26647838093,249.45961260703763,966.7198113689426,3,1,0,9,0.9743490902307431,0.999697603776209,0.9826082321444667,0.9917408641536375,0.9999999874192781,0.99986939929762,0,273166.64028838597,18.809027435824554,0.0010955394568498355,17.796335117805665,12154.240207581473,17634.178208761154,2.378821143465535,35343.53225135778,9.406883576473954,64017.566746871285,154.63067811708484,178,1,15459.329889072764,12.110395455425003,9370.189619317454,9478.585101611694,312.61433131676245,35988.98837903197,0.6892433581930631,0.9885641705874637,0,0
810,9737751,2675683,2575136,1040726,3446206,0.8545204091018944,0.0001397512499598336,0.34370647043810515,0.0011380220888873465,0.9492871608649677,0,0,15314,15263,16927,8.843679165006701,15.299917973961929,0.5780213449547418,1.5498828128556796,5.529250076749035,26.739721518411216,433.61438347147487,33.759909739362335,4.836048496134044,78.42191571237845,0.9987573254616026,385241.5912656713,1872514.2295100393,384762.86134907376,24988519440.434303,2.2535049052230893,0,54390205623.57825,54390205623.57825,86117545.63260612,54390205623.57814,214401668.47004694,49280027014.72577,4895776940.382336,0,0,0,54304088077.9454,0.994277094593023,2.431543560259379,21,101,608951,1153790,608797,1143856,0.9997471060889956,0.9913901143188969,0.9995649021029732,6028,21299,4676.3728868134285,12364.975510511047,250.64378758300091,955.735757425077,0,6,0,15,0.9697164456591384,0.9996126028417194,0.9857410446034668,0.9839754092549791,0.9999999761362754,0.9999392265194069,0,266647.6629512665,18.256733965110026,0.0009429982324747595,17.715877402367067,14210.197776464222,19003.76698425452,2.4603713491672754,41688.059773920424,9.861989345970152,60434.43335119051,144.45847396571708,178,1,14391.155268825565,11.972802542846125,9798.861635030911,9379.80535297031,606.1565368076309,31320.802828404245,0.747756894106206,1.0446764369079256,0,0
840,9739617,2725617,2519426,1033917,3460657,0.8569184275514996,0.000050450887085592916,0.5378292850400606,0.00041157879101974125,0.947610260239186,0,0,15263,15052,16918,100.52344144665315,12.6890796915257,7.922043512248325,2.8078300486160104,7.910250277652626,30.650552432814873,467.97427594857635,34.271512185948886,3.874789211083022,59.16048917828276,0.9999999999999973,284084.42938056495,933916.4942167576,284084.4293805642,22481620995.5838,2.332411263310087,0,54399145307.81795,54399145307.81795,979059819.21216,54399145307.81784,214401668.47004694,49288966698.96547,4895776940.382336,0,0,0,53420085488.605515,0.9914310627864068,2.4632590282599183,21,101,540702,1130217,540580,1116021,0.9997743673964586,0.9874395801868137,0.9999742861655897,6028,21242,4884.968704187268,12286.895418093147,219.2865416274156,1027.5596175497785,3,6,0,23,0.9788289565498177,0.9996694951731763,0.9845254286150056,0.9943035279531275,0.9999999865661185,0.9995949977154885,0,264200.76560742746,19.138037386728183,0.0006705263576233275,19.088212232408658,7439.076050600326,16581.52937803565,2.567062135822775,33243.41310785477,9.330659130519171,109341.64906059206,146.5690053956048,178,1,14680.862793452434,13.17074274839451,9287.788949486892,9433.997999146024,181.12742239475025,34138.891969103235,0.4486363037449567,0.984501899441534,0,0
870,9741589,2478848,2760389,1027227,3475125,0.8593526118402355,0.00001821313694836068,0.7947738158738955,0.00014885220846889958,0.9459370540062817,0,0,15052,14937,16909,162.80714037820417,17.007942416771453,9.572418367177725,4.1460947736895815,8.534636507076437,29.389480098338534,504.4639510875786,40.6190897774497,3.443553814385703,59.107842574116155,0.9999999999999958,287001.2096471,734673.8242069683,287001.2096470988,24639827320.466564,2.7669821642046717,0,54112255135.74112,54112255135.74112,1586000247.8295498,54112255135.741005,215451514.09045738,49001026681.26822,4895776940.382336,0,0,0,52526254887.91125,0.9804118622137464,2.4760689616340374,21,101,572284,1352146,569386,1317348,0.9949360806872113,0.9742646134367147,0.994899220870001,6028,21305,4997.0914763907385,13018.214886889127,222.82279616893507,1054.616033690556,3,3,0,16,0.9820954606012058,0.9994393417174783,0.9852381969180383,0.9968573087019404,0.9999998100898424,0.9998619093647915,0,237212.20237739375,15.08716347152659,0.00014392094859143098,20.819432135402508,13591.828565176325,18297.459907729364,2.8264134591184753,23626.807869769604,8.82212890705033,125102.70152045085,160.62291052355144,178,1,15965.679533070695,11.834597380654744,10589.197535106365,9787.222811781421,272.12619116174733,33235.20453663214,0.7428259787816096,1.0819409896706922,0,0
900,9743516,2744279,2489136,1020622,3489479,0.8617892905492877,0.000006575073868535806,0.460712583712596,0.00005383411499696534,0.9442670387157983,0,0,14937,14969,16896,49.12048429358476,13.329194779202929,3.6851801708401557,2.7551020128467703,5.216444283733302,25.467010932953233,422.4784091710399,39.35992834242961,4.882063249936031,80.98972905518715,0.419783109590824,863090.6503086971,362310.87704535143,362310.8770453514,32847143765.67423,2.7560976673365176,0,24953477445.981724,24953477445.981724,478606224.64209646,24953477445.981632,218553007.24032778,19838093875.648087,4896830563.093214,0,0,0,24474871221.339336,0.9960035235935465,2.5343906638250675,21,101,490860,1050748,490761,1044686,0.9997983131646498,0.9942307765515613,1,6033,21216,4200.488078819797,10826.660508282179,212.21725867168976,1244.9804163749907,3,3,0,27,0.989427378285996,0.9994653496178525,0.989427383640931,1,0.9999999853531492,0.9999585635838388,0,271163.17430923873,21.192252755782942,0.000030891014511159757,16.087129220574656,11144.970400645156,16691.843773417848,2.5820904645956384,31947.213695431317,9.85538731624738,115363.00826264115,122.93015328180154,178,1,12433.803936167144,11.058618618470502,8616.232404760456,8318.224815582353,183.63916559710367,32361.38657761756,0.6676895945068563,1.0358258637852455,0,0
930,9745451,2737075,2490402,1014122,3503852,0.8642742952288456,0.000002373671598801839,0.1964262682132937,0.000019469727505668873,0.9426014250135781,0,0,14969,14951,16886,13.477613653411662,14.331660409112729,0.9404083873521016,1.4375550020655896,3.287325167821237,21.49575319228215,322.1377552934087,33.275840938012585,6.5389798985200605,97.99388221364002,0.7487357566039312,683839.2913815251,1918482.7481616458,512014.92922804237,32208757421.459614,2.3287216318289827,0,24802053752.15284,24802053752.15284,131345423.45603639,24802053752.152752,223509533.90279853,19681306154.422684,4897238063.827265,0,0,0,24670708328.696495,0.9996806282686241,2.6442378724172793,21,101,577105,866354,577105,865893,1,0.9994678849523405,1,6051,21196,4818.025294312924,8881.49047863019,206.13900465036005,962.5557728563087,3,3,0,34,0.9982500520379887,0.9981720392723736,0.9982500801926201,1,0.999999885333067,0.9989046502528709,0,263831.76753257297,21.94030213756967,0.0004680646026625676,16.073108939064273,8806.410082058625,13024.859810578733,3.0184861942411705,26862.91080836113,9.799211423147089,221226.54572611678,116.8619454713995,178,1,11840.271692858001,10.82173311960991,7492.741293086041,7609.099354604652,89.73972998484435,30314.988327654,0.6761232143862383,0.9847080375618703,0,0
960,9747556,2458427,2763166,1007736,3518227,0.8667782035099251,8.569188490931165e-7,0.07679984874425269,0.0000070414511163853555,0.9409393493097141,0,0,14951,14771,16876,35.28122474627059,21.510476285628446,1.640187984579525,1.4835359462370639,3.079233858461508,20.82074175338279,324.23306102044836,32.504442619364895,6.76166303386439,105.29666661383311,0.9780803912976708,305895.6776303279,691024.9704665339,299190.56407293724,33229699085.392246,2.371424320084645,0,24806150036.12955,24806150036.12955,343905713.96259654,24806150036.12946,227535370.61968303,19681306154.422684,4897308511.087086,0,0,0,24462244322.16659,0.9969365328908771,2.6682803965615967,21,101,554409,1190999,553357,1186704,0.9981024839062858,0.9963937837059477,0.9961423374794649,6262,21342,4963.188519942392,9318.821283603851,144.4665952050806,1118.8704535289135,3,0,0,42,0.990541432678554,0.9997922343197694,0.9905414498736677,1,0.999999991471642,0.9999047245919378,0,220717.0509345029,15.221331960282054,0.005230737226549896,18.678337604994162,12547.575364742974,14430.959192161321,3.322792804057653,29307.647181825698,10.202009154813435,201157.40303327405,149.48918653805146,178,1,15004.460536128096,10.141998393196873,7993.604747288019,7916.351973167167,59.20296966854596,35878.657009617986,0.8694900455098388,1.0097586330651673,0,0
990,9749875,2538244,2677623,1001437,3532571,0.8692721651069707,3.09353648046907e-7,0.02773340746900263,0.000002546621867717874,0.9392838369722689,0,0,14771,14551,16870,38.06397009943462,21.75719914977536,1.749488518140793,1.5694795026681556,3.8517172354318516,17.687545617354846,296.47901549441224,28.294461561837615,4.592119446009056,76.97320373549468,0.9954788889418749,287212.06822161225,840557.7917538016,285913.5505639485,28081756719.621635,2.0984291659583274,0,32716183289.404236,32716183289.404236,371118950.47293085,32716183289.40414,213778473.59107357,27040626165.53937,5461778650.273694,0,0,0,32345064338.930897,0.9811868606109172,2.6747151420502937,21,101,612568,1044678,604969,1021099,0.9875948466129475,0.9774294088704845,0.9773479954809265,6262,21333,5274.029705404331,8173.246726938805,119.31443673029725,958.3869047890565,0,1,0,38,0.8818631612911194,0.9999197803237286,0.9751955405638723,0.9003905482030816,0.9999999978461596,0.9999658038997123,0,263254.9522433813,19.42759728941579,0.003054727355663235,13.686752970943369,12954.65122422447,15486.816789089859,3.0539135295003472,40044.72561190905,12.460393118291336,350546.2584493187,102.59481564808097,178,1,10301.817127986436,9.619410474066317,7475.300003430873,6714.768091574302,22.44849159159582,23997.21801855093,0.8364954141738639,1.1132625731052257,0,0
1020,9752044,2744084,2465873,995211,3546876,0.8718089227991709,1.116788211167323e-7,0.010014970988975882,9.210151188932794e-7,0.9376304085584519,0,0,14551,14690,16859,70.0174379393366,19.059991218584127,3.673529391297267,2.2030559703812593,4.317563858357935,22.503545595265507,339.037908531733,29.837300857219095,5.212093285361181,78.52527945253753,0.6714023892984426,440616.7324860044,295831.12695597584,295831.1269559761,23725742382.437737,2.0365105777363057,0,32713236162.42431,32713236162.42431,682813135.5514253,32713236162.424213,210727785.63182068,27040626165.53937,5461882211.253023,0,0,0,32030423026.872513,0.9732188544543808,2.6781116693012277,21,101,575342,1212819,573798,1166474,0.9973163787799256,0.9617873730540172,0.9947910516745216,6321,21334,5361.290040321721,10078.15048706954,98.25646499324189,1059.8829197966936,1,3,0,36,0.918769904414925,0.9997330878668211,0.9697531536658912,0.9451548505218472,0.9999999928134563,0.9998933690561564,0,268752.22495805874,18.531739288437123,0.0012920712653463932,15.205395374924809,10203.481020984538,16636.975541826178,3.5765887304024284,44934.51135738241,16.89755830185637,349314.271083355,128.35715723317304,178,1,12900.213937280814,10.34037053224073,8526.739583429793,8282.133686995308,215.90908605431758,31677.45041022801,0.6133014378324043,1.0295341642237155,0,0
1050,9754302,2583080,2620993,989120,3561109,0.8743591798193453,4.031696488640766e-8,0.0036166186997515235,3.3309572181996874e-7,0.9359816827488016,0,0,14690,14586,16844,12.163143827021665,15.936774966867024,0.763212372158681,3.561164463849037,5.000791601649173,37.32671167565818,329.0731789775115,30.65096495708658,7.4641606067624355,65.80421765005943,0.8772095207385224,294694.0399288719,617007.5289845782,258508.41753050472,24019439899.11342,1.8103722545618983,0,36171679862.61232,36171679862.61232,118642978.15797582,36171679862.61222,185136948.35717884,30470593011.18474,5515949903.070304,0,0,0,36053036884.45401,0.9650908377365243,2.767092732182863,21,101,564005,1403129,564009,1334454,1.000007092135708,0.951055818816374,1.0000071338124878,6400,21455,5390.534884795199,12271.757307339776,91.96773954816486,693.1152959407218,6,0,0,33,0.9486947443991921,0.9993207737791431,0.9658496605829499,0.9828450839379321,0.9999999713900303,0.9996355356174843,0,239061.6683493182,15.110855572069713,0.001318045973332686,18.83299059710428,11648.840256044534,19586.199429549913,4.125387924241784,37827.31574087595,17.898833654542443,265965.7441599318,154.23047825792224,178,1,15302.543844968404,12.365826878436245,8841.123613212816,9220.693221192863,545.2973537051848,33118.12752823217,0.5947473524889061,0.9588350247780022,0,0
1080,9756652,2715872,2649542,983036,3408202,0.8184341413355987,1.4554736893775669e-8,0.001306045233218139,1.2011242954489646e-7,0.9343374141047565,0,0,14359,14243,16593,7.625756556813731,14.61188632735601,0.5218872078505689,3.198913763010343,7.148323270845385,54.45163693343255,224.86706416034093,22.657185751774975,7.617399895093569,31.457316022271527,0.15209788267852808,808402.992256809,974965.6811970603,122956.38347324719,19389632028.95043,1.1586587606524217,0,36247874663.94434,36247874663.94434,74401852.9613217,36247874663.944244,185136948.35717884,30546787812.51676,5515949903.070304,0,0,0,36173472810.98271,0.9693668571329289,2.86831555516169,21,101,524856,1316940,524172,1261204,0.9986967854039965,0.9576776466657555,1,6412,21442,4996.743512639563,12259.370182002971,147.73889870234015,860.1447904978033,6,0,0,36,0.957584649692466,0.9995109748776076,0.962922802133971,0.9946618629706518,0.9999999772405854,0.9998066465624533,0,266023.9083169055,17.88019386282142,0.00029337070369189554,18.928698716113793,13506.174549450978,18878.2019032309,3.9923070221808077,23042.865928552143,11.926859884175823,236830.30588244527,139.84172441599432,178,1,13996.33422790995,12.92948444663709,9292.809612431567,9282.574232411791,388.38995455271663,32399.193014867273,0.7154375516631947,1.0011026445642672,0,0
1110,9758585,2517662,2841275,976770,3422878,0.8209926707479487,5.254156824132727e-9,0.0004935479765657521,4.344004305475831e-8,0.93265714240333,0,0,14447,15134,17067,6.4377154520006625,15.775266169940792,0.4080891810413633,1.6443749844698266,7.4895996269490075,54.457878422309825,181.73694286302896,20.242389879575338,7.271133456367947,24.265241390087766,0.7371189032593599,336851.7087343639,1602471.255914078,248299.76210331568,17977871210.282467,1.0363504717421548,0,35969047690.82549,35969047690.82549,62822993.44393091,35969047690.825386,184919601.56339532,30266863758.211006,5517264331.050988,0,0,0,35906224697.38123,0.9810018471442419,2.784888957487887,21,101,514323,1399442,514323,1363084,1,0.974019644972782,1,6412,21411,4244.628854730591,13422.58273582538,229.58404311082478,901.8602697407088,6,0,0,21,0.9617301338631703,0.9983654214765684,0.9709841932781325,0.9878474164812135,0.9999998890094319,0.9991884355891372,0,251097.18138709676,16.0496161814948,0.00006296872521749813,19.07069664395161,12014.338318330694,18973.040929939743,3.997736677029669,35601.76634713033,12.362578229796844,281222.92577563296,155.98679881159148,178,0.999789425774785,15554.615536052903,12.734358530985055,9609.2214184869,9588.384348200969,124.02169575505127,34708.08662511796,0.6332320877130396,1.0021731575966542,0,0
1140,9760735,2654906,2697705,970612,3437512,0.823546489741175,1.89668602511447e-9,0.00031110196384168603,1.571059171602141e-8,0.9309823491775978,0,0,15134,14902,17052,6.162525531840199,13.33846610917608,0.4620115597550414,1.4255156726346607,7.099831777235513,37.027479885055044,156.8743115061827,19.23055937616955,5.215261578982448,22.095496967854274,0.9768596184161251,320706.06762743986,334644.295274331,313284.8068462769,15266690476.107765,0.9200185034030397,0,38398827879.62185,38398827879.62185,60150778.646792784,38398827879.62172,202356829.2067295,33059774027.030506,5136697023.3845,0,0,0,38338677100.97473,0.975566178228708,2.724462207165985,21,101,339745,1253702,339745,1214768,1,0.9689447731598099,1,6412,21397,2576.836584576812,12625.125680512745,352.1579527224901,1085.8245509600306,6,0,3,21,0.9651450850378728,0.9994581356825478,0.9702449897798194,0.9936290930477903,0.9999999768870147,0.9998313091215406,0,265627.1177717661,20.50497752840403,0.0002861115631479869,20.88838115871983,15813.156729292157,18174.225599679285,3.669988996096702,51918.65312867707,11.837874220955902,199380.51468717307,130.78160582575535,178,1,13191.773150078925,14.626335691690791,9775.0465315269,8240.531463001882,33.5265477709783,32371.321188562943,0.8700869614808351,1.1862155463412332,0,0
1170,9762827,2307716,3038209,964809,3452093,0.8262184748196056,6.846942051482416e-10,0.010152384273932297,5.6819163773937435e-9,0.929312585381263,0,0,14902,14954,17046,14.36614010165767,13.06799062427668,1.0993381090256822,1.3916221656144556,5.137627329710347,19.37658613428891,103.91658971739298,20.408942927434715,3.7715047999367712,20.226572121425487,0.885394754489701,284095.9365350053,1121616.902638833,251537.05197993267,17028230457.140333,0.8268923445663807,0,37025522831.20491,37025522831.20491,140254140.47002086,37025522831.20477,202729479.29389948,31686096328.526382,5136697023.3845,0,0,0,36885268690.73455,0.992270508231049,2.6767983377172584,21,101,491589,1468307,491589,1453158,1,0.9896826753533151,1,6412,21369,3486.605941053404,12668.079750316589,360.06366071275875,1132.2693212021684,6,0,0,21,0.977426502819111,0.9981419360994727,0.9845060059227768,0.9929205427192771,0.9999998822829753,0.9999219887018348,0,230901.77811744084,14.247721361232543,0.0015882049725303626,24.34639211382257,13423.52003125616,23635.058086697813,3.874455008059546,46809.73433707348,14.645776770553727,252176.0604717103,160.9774256734098,178,1,15996.381368794799,9.86753132357172,8983.133244801933,8856.131636518949,1010.3509296805922,34962.62781196571,0.5679495257433333,1.0143405285169071,0,0
1200,9765136,2618980,2720456,959050,3466650,0.8288703151418989,2.471691378243574e-10,0.0036684435527460178,2.0549304764105318e-9,0.9276454521473126,0,0,14954,14724,17033,56.60125724151731,14.791631253566148,3.8265730311436195,1.48437300559796,3.9455016924138735,10.895300643629739,93.4848112320983,16.438681878194867,2.761448731495525,23.694023858067062,0.6679678501721049,425437.85820910067,381597.4265242687,284178.8115297578,15005677198.231123,0.7802221491232161,0,37020254483.317825,37020254483.317825,552718974.7341394,37020254483.31769,206400815.64651105,31677156644.28668,5136697023.3845,0,0,0,36467535508.58331,0.9941768669886388,2.6459879191813678,21,101,507030,1085240,507026,1075972,0.9999921109204584,0.9914599535586598,0.9999856738655493,6421,21340,3848.6982828093423,9256.393286328695,236.29192895565336,1422.2798758246663,3,2,6,24,0.9860826347094412,0.9998489911075328,0.9860826347094412,1,0.9999999957013067,0.9998760543603444,0,270051.4121376908,20.471390018511016,0.0006145637492689634,14.341844673923523,8600.097008127115,11896.586088186576,3.2521257731192525,26720.65799240729,10.568682322462529,351291.9314980066,114.15010335055509,178,1,11593.01033505551,8.318606326606846,7218.761361102044,7231.5258178150125,41.98797644975417,34935.74900276426,0.7229046168687918,0.9982348874864662,0,0
1230,9767471,2508236,2824591,953438,3481206,0.8315746976228555,8.922613477053029e-11,0.0013255239246190316,7.431892661570212e-10,0.9259862660457349,0,0,14724,14687,17022,89.00432487548369,11.993266030404701,7.4211915794950745,1.7493871480636574,2.835199213750156,10.038384374920327,116.50801924729859,15.617633437178066,3.540627524949974,41.09341547580068,0.9856400613450526,283653.16595921956,398407.603840041,279579.92389676353,12331453194.806612,0.6796788793308254,0,37019730516.983025,37019730516.983025,869347162.095616,37019730516.98289,205876849.3117123,31677156644.28668,5136697023.3845,0,0,0,36150383354.887024,0.984603281500927,2.6151056166938402,21,101,504681,1155413,495032,1139502,0.9808809921514778,0.9862291665404491,0.986056997567177,6375,21215,4070.1619660853066,9879.008100941215,169.1940164953974,1081.196312211068,1,3,0,33,0.9841668945148078,0.9998135556438884,0.9841669064160766,1,0.999999995198359,0.999875800809201,0,250277.53154496898,18.374230077438757,0.0014505659388130766,13.310859804712836,13257.441871906512,15799.957205094928,3.8712711882931674,29755.51293445214,8.997053463300773,301896.23096761334,130.54106776693695,178,1,12967.425146878379,8.775393063979543,7981.625095223197,7650.246447666325,127.68032097039197,27883.9022299446,0.8390808721704294,1.0433160748250088,0,0
1260,9769817,2606395,2719814,947861,3495747,0.8342909562880465,3.2210203288852903e-11,0.0004789610251931529,2.687829547867719e-10,0.9243286747336209,0,0,14687,14667,17013,119.82402069605524,12.285890572135031,9.752978019177679,3.5256566743158135,2.9618963928304893,12.15084421759221,164.25443006959887,20.1454229882362,4.102386648974054,55.45583244140141,0.995199560554176,284470.42731169704,981175.092980382,283104.8442512596,14657657194.090633,0.7751121125519346,0,29974420924.38832,29974420924.38832,1170658754.404356,29974420924.38818,234261559.96694222,23996098327.104473,5744061037.31677,0,0,0,28803762169.9835,0.9676692432809888,2.5824997252810094,21,101,592310,1299449,571656,1258941,0.9651297462477418,0.9688267873537169,0.9821795988327915,6378,21109,5091.78010713115,11199.673487204967,90.50868748172849,863.1938662632324,3,2,0,21,0.9238456853935229,0.9982749857638419,0.9584144033242613,0.9654313333628265,0.9999996772476326,0.9998020329808961,0,257878.86074389622,16.90457445809621,0.0004808367151164547,16.29066942726236,10294.7226947931,18384.09707905484,4.062956529877544,37940.19245840744,8.385503448468386,346026.4681834009,127.22398694880883,178,1,12621.438507595605,11.483427633454797,7753.366285212969,8491.587313110189,2526.4205908917015,26504.041467071645,0.5599797830986197,0.9130644247445378,0,0
1290,9772365,2369384,2950470,942264,3510247,0.8369611271286769,1.1627597145925386e-11,0.00017305703662896048,9.720845022086757e-11,0.9226736823685976,0,0,14667,14457,17005,106.30665789028534,10.39947116051979,10.222313832059504,4.572325746196085,3.38705192332424,21.030261777895436,248.82920325233516,30.260026002092633,6.209016647508366,73.46483280602337,0.5942118527959517,473908.3683698923,281601.96962458384,281601.96962458006,20210481941.16969,0.8766171181347231,0,30330366060.094097,30330366060.094097,1038867462.833631,30330366060.093964,231604060.91913423,24352435996.25269,5746326002.922138,0,0,0,29291498597.25997,0.9488189744372636,2.5312179174166407,21,101,567671,1790449,549695,1687734,0.968333770793294,0.9426317085825958,0.9793030478336328,6382,21065,4806.650202061822,15110.054246616519,76.96893478251665,498.31397779601167,7,4,0,6,0.7656689621261289,0.9972986122268391,0.9487602508197911,0.8078859809872208,0.9999995765904545,0.9991183836047655,0,243788.26577573907,13.075092837845888,0.0006346914298724539,24.394176842727457,15986.566549186113,26215.398641748336,4.402802538131585,22903.09891636224,9.55010698112915,408984.02673793264,145.56077985598264,178,1,7704.608300874294,18.261483984867482,10189.1781042562,9393.408401916053,2567.2618218834473,23977.520676029588,0.6098158859857014,1.0847157568681702,0,0
1320,9774860,2315891,2997544,936725,3524700,0.8396498686819355,4.197516579410765e-12,0.036129825190024084,3.515655522813659e-11,0.9210268996179997,0,0,14457,14500,16995,76.01930623053806,11.570558121100948,6.57006390140364,2.5941051417456165,3.53925017974618,37.241108619306175,423.6151580243011,47.19313597661262,10.522315950543216,119.6906509883065,0.016557780885504858,287573.3323773598,666000.3925162165,4761.57622601879,28243639627.94136,1.236668463165499,0,34416019149.093796,34416019149.093796,743078075.700271,34416019149.09366,228895155.21020088,28438697029.50078,5748426964.382684,0,0,0,33672941073.393044,0.9468037697855975,2.4564291750181177,21,101,562742,1860738,562528,1732032,0.9996197191608233,0.9308306704114174,0.9992035178578705,6382,21057,4977.7343339523395,16299.350677328204,89.97476015397754,422.5235171530099,3,3,0,3,0.834227625401142,0.9226910447943604,0.9323648422681651,0.8918830154748234,0.9988293885904415,0.9995262869051262,0,274498.21176218253,14.355599945724627,0.00013896639608949597,59.05011736080459,8761.575517240373,36279.03477366723,5.646651756034282,19883.983273989073,9.677095984548618,328711.93210622505,178,178,1,9551.608737462648,40.08441880361158,8744.829518802626,10481.910178749044,51457.13542795521,8753.016080756304,0.2415051991294949,0.834278234565665,0,0
1350,9777445,2046870,3260209,931206,3539160,0.8423402025860176,1.5152828082765826e-12,0.018691155038582107,1.271477297190457e-11,0.9193802675443329,0,0,14500,14398,16983,29.524129548506323,18.223549616949857,1.6201086050242217,1.5564384156970106,4.196614472136751,46.790931408382505,709.2815125457207,75.13630046257691,11.149685471240916,169.01278810692907,0.9895256980232849,473434.9435666567,824397.9165627136,468476.04300141043,42069677235.362114,1.716444449063098,0,30018621246.975716,30018621246.975716,288670552.8330084,30018621246.97558,243556361.81930783,24387107762.14347,5387957123.012802,0,0,0,29729950694.142204,0.9485334717703011,2.392490290348205,21,101,592215,2012099,590227,1880052,0.9966431110323108,0.9343735074665809,0.9933332662635774,6448,21045,5486.36398566904,18770.160281399,85.70165221898574,258.94342981923444,3,0,0,3,0.8628190925006088,0.8351467797148155,0.9456207777561828,0.914324964756944,0.987935064572286,0.9996824511105746,0,240233.34253396146,11.669937324518962,0.0015907664616087137,149.22270139855922,15433.526210381393,41005.81662784441,6.42428845725582,24262.905508493426,12.104413440909507,276142.33024241345,178,178,1,13259.714276219529,97.22095476534356,15513.482064162672,12100.86640037129,108523.2508282366,12131.594881421497,0.37637407274316975,1.2820141592247207,0,0
1380,9780104,2028907,3271854,925790,3553553,0.8450377219421891,5.470070542952983e-13,0.0068489378417386166,4.598444036339785e-12,0.9177385025762507,0,0,14398,14313,16972,10.64870550631986,17.32113594004312,0.6147810133919744,1.6491676074351822,6.236261706442221,65.30312021443889,1064.7163482603164,119.27367294112202,10.471516958144823,170.72990172308462,0.8063605974539005,336662.8934392879,290905.3639784811,271471.691894263,62031654615.91795,1.2224411713279595,0,146284597104.60056,146284597104.60056,104145447.31680162,146284597104.60043,243487961.81930783,140653255580.74765,5387853562.033473,0,0,0,146180451657.2833,0.9753808894195476,2.4276705963777716,21,101,477575,1940384,475125,1883306,0.994869915720044,0.9705841730296684,0.9894592827149445,6448,21045,4754.964280624556,19298.12706603089,118.13663355826598,279.8856321070961,3,0,0,3,0.9200970210642812,0.7589741024498914,0.9721101988618585,0.9475156664067408,0.956369979388293,0.9999018175590106,0,259454.96485742074,13.201402026555149,0.0026195432736464707,346.95521412878907,15887.20208034869,42078.137355932566,6.827677815695704,51460.79899157054,17.870397468185125,264140.376379231,178,178,1,17800,152.219560120192,15986.090969237583,12393.73384710911,108775.65860689315,16208.080694751632,0.3775642905949297,1.2898526922107825,0,0
1410,9782926,1784861,3509727,920412,3567926,0.8477218623998695,1.974648754558644e-13,0.002509131774643066,1.6630802297511638e-12,0.9161015835139712,0,0,14313,14142,16964,13.775616476296921,15.43578579744843,0.8924467245829533,1.7361058616786809,8.36717249283389,86.48734198763238,1610.5027281133546,218.77274996210173,10.336507591029697,192.47872916360674,0.9999999999999984,342860.57922707184,744914.4157775907,342860.5792270713,96586070506.88763,1.2390031286487533,0,138252251223.7804,138252251223.7804,134765836.59161422,138252251223.7803,167343075.533495,135477493718.07362,2607414430.1732016,0,0,0,138117485387.18826,0.9832660759387606,2.4824555312432164,21,101,589703,2083609,589703,2038874,1,0.9785300409049874,1,6448,21045,5375.870538297308,19841.98012122448,114.11850476271934,222.31239450859047,3,0,0,3,0.9385230493051994,0.6992518928314286,0.9840130584270239,0.9545843948082577,0.9024572590744996,0.9996212342702891,0,219070.2491627015,10.001011916152422,0.0017634231974264026,769.3039905866184,11983.993181329492,44434.034364926345,10.855295485555619,46595.61874870886,34.48509429070117,282435.8234036079,178,178,1,12500,190.2346890600632,11730.734833269957,13130.800236505092,81324.04362680136,11419.097194202297,0.26970301825190474,0.8933754700385436,0,0
1440,9785872,2107492,3340822,915134,3422424,0.7961284903917065,7.128382478181415e-14,0.0009548708782496626,6.014721128998889e-13,0.9144731302432731,0,0,13952,13786,16732,17.206558429448624,15.10175215786734,1.1393749711674863,1.5513501652932682,9.622077322388286,104.14750119787637,2321.667742666056,345.534614998216,10.82380630589508,241.28550050871937,0.3438993929750408,760365.5958699754,1459547.22895249,261489.26685878975,142820661457.5038,1.2753545208608306,0,138406202827.80844,138406202827.80844,168381178.3507262,138406202827.80835,171575565.3049632,135563925469.35768,2670701793.1457157,0,0,0,138237821649.45724,0.9962965787091208,2.566731006735919,21,101,555954,2027603,555949,2018040,0.9999910064501739,0.9952835934845233,0.9999852806537745,6448,21045,4979.490053269042,19810.30302425317,174.9051823107087,167.02500606894972,3,0,0,0,0.9089968294134902,0.6367224351299424,0.986427436614398,0.9226454253745152,0.8184427346189778,0.9997638767326976,0,257810.52854533057,12.019190223982957,0.0004949011448183331,1208.8364296813195,24347.046345299263,44513.86366828905,14.377626912200638,77718.25938659647,33.38298532497151,278107.19546047016,178,178,1,17800,187.48565902512152,24325.67832002525,12822.555210334547,65593.60539621589,16188.706366645732,0.5469542371502499,1.8971006886692579,0,0
1470,9788462,2019944,3421438,909903,3437177,0.7988926342609286,2.5732030571440353e-14,0.044592217405553455,2.175293146563264e-13,0.9128132693368989,0,0,13991,14557,17147,40.07648810544915,16.63769577047214,2.4087763509040214,1.486958679358628,10.14560709092951,108.9535687849055,2173.795276245201,356.3017947332163,10.73898957533191,214.259753680846,0.33537110025841876,894131.2051061081,861996.6861679496,299865.7660318213,181166116487.1774,1.371546697025078,0,137628774346.8853,137628774346.8853,392287180.9132348,137628774346.8852,176947595.54731017,134780930764.39577,2670895986.9421077,0,0,0,137236487165.97144,0.9964127424282005,2.687725992781191,21,101,580099,2133952,580094,2124221,0.9999913807815562,0.9954399161743095,0.9999846308011041,6448,21045,4603.471691417925,20051.26501370995,203.97312342131178,128.02860910217473,3,0,0,0,0.9638149618818174,0.5855967277858832,0.9879813625035716,0.9756099560352168,0.7243476776078271,0.9985306356359949,0,194695.8888305189,8.639343663612511,0.0010902989929277187,1122.731204765438,13090.512997678376,45139.38698661208,16.87758068922485,31007.21241448764,38.62279744571745,134894.33929348228,178,178,1,17800,173.42509553116196,11606.026473641063,13540.681033701961,52194.96672798615,26593.7790306494,0.29000201091700467,0.8571228023726681,0,0
1500,9790993,1953403,3481056,904671,3451863,0.8016499894469716,9.28880015174374e-15,0.019851843462701156,7.867198116087388e-14,0.9111564067097178,0,0,14557,14604,17135,54.61766383122874,13.339839681289517,4.094326853705414,1.4207068209140299,6.3274750892121805,75.61418019656865,1953.4681290888352,354.78303992463196,11.950134790018305,308.727905135389,0.9999999999999998,288537.59514119214,611706.1725402365,288537.5951411921,237087209439.95105,1.2600246559973154,0,132557611128.97253,132557611128.97253,534761164.247463,132557611128.97238,118342583.34773257,130420991005.8463,2018277539.778374,0,0,0,132022849964.72433,0.9866313098386235,2.8294913688000687,21,101,530536,2199724,501151,2192609,0.9446126181823665,0.9967655033085969,1,6448,21045,3347.936837578574,19163.98131028113,307.95560360004254,234.58188155584668,3,0,3,0,0.9572679584318907,0.5647277590699077,0.9874508136783947,0.9696673219988481,0.668427686552286,0.9974176551441526,0,156190.0779614411,6.9578616340627715,0.007849040801532458,1070.2667797023614,11723.606264975093,40960.87908813797,13.81196786156926,58472.01938411616,49.70677518507497,392778.6956025746,178,178,0.9946392842501297,17799.991618315213,164.29884034218324,12609.948265296847,12201.933705388383,30955.59863447827,26978.73362307418,0.2862147133060477,1.0334385163663269,0,0
1530,9793728,1529268,3897938,899968,3466554,0.8045616842257324,3.3530971152602418e-15,0.007139405431574893,2.845262777366494e-14,0.9095010602704098,0,0,14604,14391,17126,76.34734030016631,14.544424025269024,5.249251545989229,1.4197169247123376,5.093618385283555,55.86663794794092,1507.4842855278985,316.761408201991,10.967966919027623,295.9554822330843,0.999999999999999,284345.284568266,805907.4330663674,284345.2845682657,254891757323.17032,1.1491073849109812,0,132560266255.58255,132560266255.58255,747725084.4228112,132560266255.5824,120702672.04783167,130420991005.8463,2018572577.6882958,0,0,0,131812541171.15906,0.9936848017521677,3.003989060305875,21,101,602044,2232388,599564,2216968,0.99588069974952,0.9930925985984516,0.9999783982286548,6432,21045,3238.2771596788343,17790.14058850811,291.978412754975,353.19052371293265,4,0,6,0,0.9674930759987403,0.5431919257054019,0.9894029300144059,0.9780966630933422,0.6238451529191722,0.9967889864554009,0,132305.44826795792,5.6369513260119,0.02183328219619033,867.9039447963091,17786.92881343866,38437.918468564196,11.263709913628038,37362.936389360846,54.27071162303287,311555.38596409926,178,178,0.9954494382031381,17799.991900000005,129.10953512447352,17507.013373130445,11424.9993247222,33236.78708600449,16239.148941869713,0.4627443296125777,1.5323426177581967,0,0
1560,9796533,768895,4651288,895171,3481179,0.8074173879369018,1.210408236198558e-15,0.0025676442152691432,1.0290220422583511e-14,0.9078538295129511,0,0,14388,14313,17118,137.60952141026854,13.41911654456569,10.254737780483469,1.6646771855047198,4.204502161388802,44.843321028836634,1271.2207479402696,266.8828378865999,10.665548335459603,302.3475073016418,0.7078202269165064,472870.4465585101,335832.8407213228,334707.26678515435,289828865124.19836,1.3440566705467685,0,132566009176.46646,132566009176.46646,1348096217.609936,132566009176.46634,125278660.88723066,130420991005.8463,2019739509.7328107,0,0,0,131217912958.85631,0.9710455424518482,3.1785823547978245,21,101,744689,2713535,727200,2630893,0.9765150284212604,0.9695445240249343,0.9875378861159476,6432,21046,4032.8791140990884,18199.819348421515,266.96918858358003,405.7762388838322,1,6,6,3,0.9608153042062509,0.5284523486821737,0.9813108527313067,0.9802650085731144,0.5894776853792306,0.9972500624075368,0,89943.64329189852,3.214097166167769,0.05042011161912255,646.0957629307653,8660.30576122673,39668.02496527579,10.559716011482795,15321.885002004172,49.63519596731934,109528.67187746232,178,178,1,17800,98.51288028372794,6999.084268160883,11882.216752577799,32414.967878606556,29449.272190007174,0.21831956011945902,0.5890385955669812,0,0
1590,9799440,865281,4548244,890139,3495776,0.810177287442101,4.3693410876492385e-16,0.0009235019940630822,3.721576691885126e-15,0.9062106610173642,0,0,14313,14198,17105,84.77214043743355,12.207061782860142,6.944516374649759,3.4489470219952976,5.462461035279902,47.587412259249156,1232.1868158908471,254.31530233784767,8.711716559971897,225.573566187957,1,289577.76654543437,615106.2314325649,289577.76654543437,287089374400.0751,1.1912523990898787,0,132634853052.79094,132634853052.79094,830719503.8881792,132634853052.79077,128878812.48681054,130486234730.57115,2019739509.7328107,0,0,0,131804133548.90254,0.9872037284000871,3.4527346919341353,21,101,581222,2229206,554026,2220439,0.9532089287742033,0.9960672095804515,0.9456852680461183,6432,21043,4489.9648920413565,17935.17665605402,188.8348824185559,439.801418321318,0,8,0,0,0.9509154650197513,0.5400322496543455,0.972131115659226,0.9797526130975529,0.617427100605724,0.9971908608809597,0,96032.99440941152,4.153578916702638,0.04228828525415661,625.4988793949026,3928.0276517486645,42179.78043278254,12.48433263878652,17118.5233890612,39.32213622968688,147269.71321866268,178,178,1,17153.333333333336,99.22893434245563,3549.381729525584,12163.906162509908,32926.68931494049,30231.669764800696,0.09312584398129685,0.29179621102841546,0,0
1620,9802660,839136,4567761,885424,3510339,0.812991813973893,1.5772311690332174e-16,0.0003321882872302948,1.3459510588506282e-15,0.9045733504987422,0,0,14198,13878,17098,82.20011129970764,14.396319883051051,5.7098002800342575,7.047061872897311,10.065635096457926,51.029042275141144,1235.2652851271043,262.1780548247163,5.069629664311807,122.7210477321785,0.9999956272110728,288035.79782155354,757414.2331532317,288034.5383018062,248953810523.27982,1.1834347503631792,0,132598593352.04547,132598593352.04547,805779743.0332311,132598593352.04532,123539833.49125808,130822777602.93697,1652275915.617096,0,0,0,131792813609.01201,0.9798606775179379,3.898325970400397,21,101,632838,2285284,617884,2241469,0.976369939858226,0.980827328244542,0.9648311806027645,6432,21052,4887.537269102501,18513.94405001197,153.77109291634955,419.15486607227643,3,5,0,0,0.9271587389405419,0.5415723849627999,0.9819949200840121,0.9452472936910226,0.6181494085026745,0.9974486384761894,0,84103.53726763613,3.5296182290596287,0.032089649721181245,677.5214911340528,17264.42600640729,43645.416555463584,12.064379496193897,50497.289525195774,40.8058644805494,295170.6941737534,178,178,1,17800,107.51906587435374,15335.023944497634,12342.011651889656,32124.09458131881,25335.736388755577,0.3955610318088741,1.2425060336213283,0,0
1650,9805934,956497,4443771,880749,3524917,0.8158235850517048,5.693446423395718e-17,0.00011948824124524324,4.867786969891752e-16,0.9029341825062253,0,0,13878,13815,17089,41.533209551900875,22.499135927989922,1.8459913165034805,7.037832159517013,16.57221679886252,56.16656085468842,861.6861856626161,235.9602343337101,3.389200222057412,51.99583110219511,0.8084972942250587,382394.4772041279,309164.900146143,309164.9001461433,175081955474.56317,1.5169876704633052,0,136434527054.13246,136434527054.13246,407271911.6741355,136434527054.13234,128466160.84609063,134655746501.09991,1650314392.1863608,0,0,0,136027255142.4583,0.9657630124361924,4.466950332297653,21,101,554685,2368557,545909,2277250,0.9841784075646538,0.9614503683044149,0.9854001866967277,6432,21059,4171.944199790837,18111.008816295154,189.39907874883409,526.3011882617409,2,6,0,0,0.9209748462245492,0.5361550779686625,0.9752539645510069,0.9461707281695745,0.5993462944432447,0.9963329267945623,8,95310.17873988643,4.0512140650903365,0.03202941970043767,710.4102258631398,12256.772614203841,40549.771065905064,9.158528623399494,35509.25238553249,47.19458426146259,199749.6590497541,178,178,1,17800,112.56743738560709,10044.261150894514,11686.875429634925,22604.361549290566,26210.980438899052,0.30226490290865154,0.8594479517959811,0,0
1680,9809425,950543,4443426,875972,3539484,0.8185912822265015,2.0552176580473094e-17,0.00004298355890828944,1.7604912027397576e-16,0.9013073651105952,0,0,13815,13584,17075,62.1309856078335,24.287976946323763,2.5580963678095747,6.5981287735596625,15.336758746565065,57.89935215502839,556.2305267062649,194.61396921114402,3.775201338939752,36.26780181508967,0.9997658350292356,284642.7214151592,468964.8827828971,284576.0680606207,116623627699.04726,1.3773110749041746,0,132748352222.08391,132748352222.08391,609469243.4961653,132748352222.08379,135050260.80349028,130964835481.55124,1648466479.7290747,0,0,0,132138882978.5877,0.9989696347514098,5.190487751133345,21,101,438934,1952451,438935,1949986,1.0000022782468434,0.9987374843209894,1,6432,21059,3427.309913637407,16897.735328432733,249.97071129834995,590.6613448294645,3,4,3,0,0.9761620854582673,0.5579529170550256,0.9966086284661428,0.9798467923012998,0.6527734422664515,0.9955646454516414,25,143091.389293349,7.187749915213555,0.02769015488737921,662.7408225737812,13011.212597297585,38693.97482039384,7.310508886866348,28367.56946897963,53.39407586576014,330484.21452955226,178,178,0.9946180223059732,17799.995013693042,103.86686613245757,11398.37794051473,11190.109953119048,23330.559631907785,34616.80609679094,0.3362593958798971,1.0186117909715116,0,0
1710,9812847,1306978,4080499,871362,3554008,0.821417891900049,7.418826089310567e-18,0.000015463727043117087,6.367019128187116e-17,0.8996846684759275,0,0,13584,13642,17064,37.338106403029535,25.416711048566107,1.4690376867283927,3.6332157799342473,10.048495118353554,54.45861998875751,424.851954809766,162.90926952041704,5.4195796830601,42.28015735747086,0.4601220472055352,282888.4530827892,797606.3548111463,130163.21416325997,111828647299.35835,1.2757329605480288,0,129380510720.81032,129380510720.81032,366393125.4026865,129380510720.81015,117367224.26278351,125440969708.88727,3822173787.660131,0,0,0,129014117595.40752,0.9999199925266762,5.812656803908262,21,101,489596,1747695,489598,1747514,1.0000040850006944,0.9998964350186961,1.0000071630415708,6432,21056,3600.739145747467,15483.708376827182,328.2604665384483,647.9070511380338,3,3,3,0,0.9539842096859379,0.5983834431501069,0.9991944008280407,0.9555321387855937,0.7318260778123478,0.994185184157287,53,192195.21317568203,10.30946397904166,0.025543982200181968,490.64864113605125,17532.603850535408,37106.864752070964,6.0253248504374035,53139.33256335956,54.708120323109405,243418.41215123195,178,178,1,17800,72.36265500530195,10641.712120354052,10182.409127821084,16935.099217848012,32439.22912998725,0.47248949669230406,1.0451074973287047,0,0
1740,9816121,1559556,3821199,866886,3568480,0.8243017940790837,2.6780507641507165e-18,0.000005563293683426101,2.3027057741391765e-17,0.8980644187250748,0,0,13642,13785,17059,325.66653171181,21.870248055856283,14.890847642882816,1.5933172603675139,7.176931770929429,36.823250090317174,358.5784287125543,118.27039971293425,5.1307788990654535,49.962635866902986,0.3916048017104524,808396.2216849183,521224.109287843,316571.8420964013,101115338895.79147,1.1512872275804362,0,80058588304.52716,80058588304.52716,3196782080.93346,80058588304.527,453671241.7499781,45560874274.69891,34044042788.078114,0,0,0,76861806223.5935,0.9996383624045646,6.492208971153392,21,101,495456,1655869,495457,1655090,1.0000020183426985,0.9995295521566018,1.0000038806016485,6432,20992,3571.292960823229,14271.994425270575,377.8996717070865,710.3684788792042,3,0,0,3,0.9951849309589664,0.640856659354977,0.9985935827476679,0.9975406424142489,0.793345096822407,0.9948934577109614,75,248742.2984882627,13.87975980929109,0.020917471019609148,240.5610668382309,12824.487465407892,33147.18740223287,6.043840144502186,74445.35808157064,57.352054529381164,444229.8732286534,178,178,1,17800,34.88996978684217,9010.148644549154,9887.117421209312,14262.258386345486,38086.89849695199,0.3868951929400805,0.9113018750258866,0,0
1770,9819550,1867715,3506489,862428,3582918,0.8271636134393112,9.667081813648642e-19,0.0000020015995672531615,8.32800055331964e-18,0.8964474950481438,0,0,13785,13619,17048,917.4845388845824,18.19720934589605,50.41896927407166,1.672097820762162,5.215573506021775,35.55704974276725,458.35964960017503,115.34480464359005,6.817476486854981,87.88288556780267,0.9980723228894114,314687.4729132424,822908.2987847199,314080.8570747186,96482555720.49907,1.1639795880266544,0,78736090446.71626,78736090446.71626,9009285303.804298,78736090446.7161,461446923.2828428,44223167784.92044,34051475738.512825,0,0,0,69726805142.91194,0.9845068306715425,7.1572355237373655,21,101,577804,1652211,570190,1625275,0.9868225211317333,0.98369699753845,0.9893193943714796,6416,20991,4604.703588455099,14467.376239527679,254.16450124951362,696.9414176418035,3,3,0,3,0.9623025273179803,0.7530242498253148,0.9947022993525623,0.9662010596644014,0.900345219988118,0.9950628878045882,90,265670.0588425139,14.521027236189902,0.015090453488179278,183.03304177468615,24330.680165840684,35458.11073151988,7.780738069065821,74792.27792548179,62.58193218174634,751508.2053064514,178,178,1,17800,30.181052684082584,15725.534976227733,10204.712351595665,10802.585242960391,27037.5354746624,0.6861809516605841,1.5410071773134106,0,0
1800,9822940,2162183,3382715,858200,3419842,0.7715276277399512,3.489622826498361e-19,7.202407849779078e-7,3.011917284222711e-18,0.8948518467994308,0,0,13425,13448,16838,880.7153235119431,29.150554441051526,30.2126439925159,1.7623399122320826,6.476312477862589,53.60832634959064,604.2156416275868,142.9512612449019,8.277600337049098,93.29624592589134,0.23684012834891444,449362.983690513,106427.18673251377,106427.18673251223,110836972697.5486,1.9533926993098674,0,81994836429.70146,81994836429.70146,8651213779.938135,81994836429.70131,463940963.9534048,47406128544.73233,34124766921.015583,0,0,0,73343622649.76291,0.9953803403820853,7.987714543704512,21,101,655203,1846280,644614,1845313,0.9838385965876225,0.9994762441233183,0.9820256146454558,6416,20988,5426.67715617784,17034.322126657098,189.69142877622437,496.494432218695,1,8,0,6,0.8668842422634012,0.8603255184812865,0.994090353908056,0.8721524084058677,0.9507629745868829,0.9955334313121901,78,265627.7137266609,12.801710912488321,0.019193368951814626,223.34523945472904,8661.91418561501,30727.092112505023,9.270230739718702,81285.75770499914,76.6628138727662,549954.3213576052,178,178,1,17800,36.98092816790663,10451.087006218053,11555.464252863112,13043.704015118068,27209.836800146008,0.2818982725049295,0.9044281369853724,0,0
1830,9825825,2293496,3243669,853922,3434738,0.7745227025020927,1.2596409507235982e-19,0.000929138799599733,1.0892945634331694e-18,0.8932071352787171,0,0,13645,14376,17261,696.3241600855379,44.91235520433857,15.504066908035863,2.0771493164437618,9.377712426249767,75.61224096165341,794.8844944022635,189.79425556520005,8.062972879185574,84.76315526345748,0.286874160008349,904462.1736616048,259466.8263284983,259466.82632849834,132711073159.8485,3.2143661835604114,0,86260600043.88104,86260600043.88104,6841959340.271237,86260600043.88089,465273598.2124159,51670156395.16674,34125170050.50176,0,0,0,79418640703.60835,0.9888296372400933,9.064399705539637,21,101,714779,1831423,707964,1809796,0.9904655844673669,0.9881911497234664,0.983403510224558,6416,20988,6145.197221946687,17660.462763822274,72.25045657682506,356.7191130000035,0,3,0,0,0.9018429154789526,0.9111606760656932,0.9860911177754439,0.9162292616443953,0.9648864305001961,0.9949623556220288,72,268639.76069431007,12.80375066857731,0.018386543678516453,296.9676782855645,11159.300783946133,34936.11606180161,11.110218384153347,48464.83487056634,94.34255572791521,386940.4045908808,178,178,1,17800,47.997131406886304,10209.16398144791,12446.426366003041,12609.971804852445,26798.656716188747,0.3194201886725317,0.820248614440356,0,0
1860,9828799,2102666,3426897,849662,3449574,0.7775001387993952,4.5468412947723697e-20,0.0006713805596589865,3.939559204167443e-19,0.8915657955768553,0,0,14376,14280,17254,293.015893172626,63.472071735411284,4.616453901080898,3.51182503672885,13.92366383865843,124.38642649794191,895.995952951829,242.52662868705477,8.933455155143042,64.35058784341923,0.939905883105529,319511.4352482967,1470250.826372085,300310.6777093654,159838096326.164,3.7610092230281555,0,102299567949.04369,102299567949.04369,2879994317.7980194,102299567949.04353,464757388.0551603,67708218933.168365,34126591627.820023,0,0,0,99419573631.24426,0.9709687365961711,10.420755278145634,21,101,659775,2093636,656250,2017226,0.9946572695237013,0.9635036844991202,0.990123857913518,6416,20988,6131.86686417583,20153.912543421426,28.728857113765933,191.6214332715078,3,0,0,0,0.920369717793938,0.9205378481610004,0.9795796166221399,0.9406991708578235,0.9652515019130009,0.9943655887545382,74,247710.4806909871,11.118580336205918,0.018496681497708913,392.1210301231746,7463.70034829825,43198.551509933546,12.021765393100651,41764.46268647854,124.92959416284454,137154.57676982266,178,178,0.992563980775709,17799.988920097905,64.2501863032157,7392.883479164942,13588.899104203658,21083.031105721333,28898.82681021555,0.17277663457261908,0.5440384406767721,0,0
1890,9831708,2165456,3355762,846099,3464391,0.7807136034114212,1.6412581089096445e-20,0.029798993588575625,1.4247869441508153e-19,0.8899275690449716,0,0,14280,14335,17244,205.36362098296726,83.51734907387026,2.458933661811095,4.685798384147572,20.742313413520336,207.3271305227005,1371.5139813019734,283.480543548032,9.995371605346572,66.12155326936617,1,394399.5927687315,532567.855841696,394399.5927687315,171544188994.84222,4.863287249215162,0,121625168456.40611,121625168456.40611,2019075155.3257647,121625168456.40598,463908923.5303582,87032814362.43027,34128445170.445343,0,0,0,119606093301.0787,0.9862877887500254,12.126262425955753,21,101,580242,2073524,578046,2039331,0.9962153722067689,0.983509715826776,0.9921468117840658,6416,21072,5702.655337468561,20163.931802915915,44.132464037786704,144.5327668962202,3,2,0,0,0.8993677842082285,0.9241105002692891,0.9888179314620963,0.9058203403425377,0.9633112730827028,0.9940344251382545,75,256183.64080946738,11.745360678700884,0.018784809195057397,541.0218602012131,18473.120978431765,40476.77136088628,13.845799797787908,21020.912364767028,125.35516954926071,116988.35728278577,178,178,1,17800,88.9512765020868,14879.02090008694,13581.783537565347,15865.182923353968,24242.57745732186,0.45638820383492357,1.0955130347154785,0,0
1920,9834819,2233073,3279762,842836,3479148,0.7839857351072542,5.924484647717519e-21,0.09445972339799036,5.1529060258192686e-20,0.8882953514446986,0,0,14335,14126,17237,167.5712264064116,83.19539073502094,2.014188826159005,4.686313205898692,29.040287261023057,326.68269596790066,2104.3935825192266,358.7605737152091,11.249292854150369,72.46462693720238,0.9263095837288532,325896.4286198872,460963.7875130228,301880.98513360764,190585857640.02225,5.876918006997293,0,133510807380.52774,133510807380.52774,1648032681.3135276,133510807380.5276,460767591.27754647,98918731632.22943,34131308157.020622,0,0,0,131862774699.2125,0.9939312903674329,14.126240667557747,21,101,587764,2037341,587767,2021407,1.0000051040893965,0.9921790215776348,1,6416,21072,5743.571000248323,19885.899020291377,57.31094127334161,106.17353517335914,3,0,0,0,0.8540898574889983,0.9384811991666469,0.9943805899137973,0.8592514060096421,0.9679237458891398,0.9938444935898841,77,241695.56088369715,11.115957504575647,0.02028934654528811,772.6013397286378,13068.257946286592,36376.0437841819,16.420359433311297,47249.496743018746,104.88265672025207,268244.4443850294,178,178,1,17800,126.14706272148993,11977.000122203795,13033.669746679083,12739.178586960992,28255.99647677873,0.35925451442219003,0.9189276968794977,0,0
1950,9837887,2298956,3205415,839630,3493886,0.7872863220883912,2.138527988474242e-21,0.08750658857236296,1.8636077920232496e-20,0.8866692613972899,0,0,14126,14156,17224,158.23641228911418,113.75668939574491,1.3910075366085068,2.463290599002436,43.17996126401609,520.399776833248,3072.7741933914076,460.0729501058398,12.051881511689121,71.16204145259611,0.3490293354041253,1324764.3376946521,1485251.14643706,462381.6163526506,224584453639.92752,7.272704731407456,0,158304627455.64545,158304627455.64545,1556711943.3842757,158304627455.64532,458494273.31720364,123712912611.72061,34133220570.60751,0,0,0,156747915512.25952,0.9997383427747354,16.253418700518814,21,101,625572,2026753,625572,2026059,1,0.9996575803760991,1,6416,21225,5904.596668814162,19788.67822747111,93.24505712242261,144.67000740576012,3,1,0,0,0.8295420969673889,0.9502960618218187,0.9978593256025398,0.8320548094704502,0.9710697466542965,0.9943343081892985,72,253362.7538646654,11.465973381575282,0.02066617637503368,1077.6631502386992,19430.08643910722,36612.91297796196,19.756591815800117,53858.0026520131,129.90809901456987,152735.69791795078,178,178,1,17800,175.50051189960791,13934.018955096844,12844.525621701036,9364.692242994965,25932.45325879153,0.5306894442079103,1.084821609258585,0,0
1980,9841001,2306191,3189808,836356,3508646,0.7905754713565268,0.004425809671572934,0.09912405714745753,0.36239221719249365,0.8799651580159376,0.0050782435648568675,0,14156,14094,17208,190.6229091890237,211.2079256258079,0.9025367235827401,2.1161858567280745,60.105355881423975,558.4113159739995,3734.0990126717707,552.8930566220548,9.290541712715836,62.12589473787348,0.0619511788187187,2309216.5553925964,1494973.3488187203,143058.68775427266,282416588696.691,10.808001075876863,0,157229365861.47104,157229365861.47104,1875920239.9507132,157229365861.47092,440892632.6084287,122890666827.87262,33897806400.989864,0,0,0,155353445621.51877,0.9791486564251168,18.919156613848003,21,101,685196,1999619,638779,1990054,0.9322573395057765,0.9952165887601588,0.9235678712679722,6541,21225,6048.924579945429,19714.38391652469,104.05729231445768,254.57252430784808,3,0,0,0,0.9101392751881402,0.9402293307908001,0.9847561401351729,0.9222740799894281,0.9743983075565688,0.9947307321586512,68,237721.9400576395,10.851443513877351,0.015682975977902698,1021.1926244834077,13512.383208971267,42572.86843136194,27.677711100136214,51442.533162841704,135.45856469445374,230378.43800279635,178,178,1,17800,145.67252995339283,12860.220072196267,13016.997075680578,23088.657985962833,32315.926086692423,0.31739423973173414,0.9879559776672905,0,0
2010,9841630,2461268,3024891,833431,3522040,0.7939017079162306,0.09530968837369588,0.20581756195906714,0.7068983351949001,0.6980228884849359,0.1903219283797501,0,14094,16574,17203,239.49422388380614,266.9794748196219,0.8970510712316537,2.299978672749966,61.99247368765245,534.110564599995,3405.9211179143113,511.30701246961314,8.615732407954841,54.94088097008293,0.04099664002701786,3474804.206731394,2262666.697443062,142455.2972277344,325086031435.05554,13.017598943496592,0,169190131988.89752,169190131988.89752,2357013538.600469,169190131988.8974,451090118.0299771,134837905974.18256,33898319170.451935,0,2816726.232929309,0,166833118450.29578,0.9601987019220575,22.3197912205522,21,101,645996,1947839,595697,1894900,0.9221372887757819,0.9728216757134445,0.9301818464005794,6541,21271,5667.57181154921,19169.38790813728,96.75771183320938,385.41967880142215,0,0,0,0,0.9537161817648414,0.9236343230555996,0.964906135129706,0.9891091153148422,0.9709702440462984,0.9942102315537743,62,265513.30496084364,12.79275474727595,0.011973062073168254,736.4476133709701,22850.446022916512,42582.28618933658,44.90117507207727,48554.06370255915,128.09815494230915,675989.9967854844,178,178,1,17800,117.05921603427059,19055.83697516817,13209.023995547852,15745.158161202606,19230.593670204496,0.5366185817575644,1.442637774114954,0,0
2040,9831503,2568709,2907168,830767,3524859,0.7954207152571178,0.0823985900420392,0.3899937693464602,0.7303247568428486,0.7913153258459058,0.09524901736794465,0,16574,27316,17189,507.6982755082147,280.7548239529774,1.8083332224177462,2.69670483596552,60.95303968179738,485.9671571602685,3756.0554335774914,510.5953672231591,7.972812507747577,61.62211848967355,0.07593062120767402,3350924.117447089,403349.0067274784,254437.7498575343,444008278773.58545,14.008233418161412,0,494976955916.7815,494976955916.7815,4991437118.752396,494976955916.78143,498797592.3250423,460570743831.9698,33899108056.41241,0,8306436.074193781,0,489985518798.0274,0.9174765970567279,25.675821225219753,21,101,642480,1955377,556221,1827252,0.8657405677997758,0.9344755512619817,0.9256130344703741,6658,21375,5579.817910897077,19160.992885913536,102.95664255003574,318.47385477559874,0,2,0,0,0.898402294628293,0.935804208747337,0.9279732722688645,0.9700366728454111,0.9701091132861124,0.9940869945298866,62,250018.05637543212,12.587584069570687,0.010931817568689281,1219.309570139463,8660.978687795838,34245.62128458026,33.5589697796792,46520.04240378719,155.6514814630931,167792.89321385903,178,178,0.9996913278458219,17799.99996225206,204.17319316721014,8973.780471118327,12835.444653246252,16355.558658957847,28789.383814032546,0.25290762330819816,0.6991405996089696,0,0
2070,9823897,2535629,2931641,828786,3527841,0.7968560177199956,0.05018036313504744,0.4732249210871729,0.5792856095098902,0.8081207488229977,0.07669349546315479,0,27316,24779,17173,247.11478011665284,250.86870999667295,0.9850362770228702,5.090827203257722,53.11156486896257,308.6819964652878,3809.623523576535,721.2478394087474,5.811954462777954,71.72870038711304,0.7333568314322594,314360.50059536204,839175.0265525301,230538.42064407357,411631975893.1608,14.18672802100777,0,490002847840.8099,490002847840.8099,2427630147.0418324,490002847840.8098,510926137.7762153,459066255760.38635,30412179868.927685,0,13486073.719602378,0,487575217693.76624,0.9013447015076811,29.040775886932813,21,101,703707,1804582,541891,1718942,0.7700520244931485,0.9525430265845498,0.8821358920565975,6821,21382,6398.567380308939,17896.524749788845,33.81899055119828,369.4405869625704,0,1,0,3,0.8266820794158009,0.9263977929487122,0.9058400055978415,0.9218419169304902,0.969511785203321,0.9940038214425096,62,249785.16953183935,13.258042652341292,0.008626968956332696,2041.7647481622896,4731.859215160978,39882.78852155095,26.427097590320535,33180.86475961807,161.10395939508376,645533.6174045597,178,178,1,17800,324.1158711645037,4786.971085407298,12026.978864463299,40524.97030563216,16050.153984060951,0.11864414176065156,0.3980194144642255,0,0
2100,9824058,2718445,2740554,826375,3538684,0.7996079501022074,0.05224840766297981,0.5585350735965332,0.6535198073541336,0.8038616017942891,0.0792930986360219,0,24779,17000,17161,220.356636066893,236.35367929526544,0.9323173505228658,13.246194298131897,73.62480966726346,369.1099887561142,4419.02899040357,768.9189531399863,5.013391415533062,60.02092243599303,0.659052891737967,318604.87016577733,1747540.243751643,209977.46100455508,333243167675.75006,17.401899869731572,0,423430213938.40076,423430213938.40076,2164796373.404605,423430213938.4007,199330970.33094397,423021289894.3586,190310868.50970295,0,19282205.201465186,0,421265417564.99475,0.8764704909801765,33.17648318737651,21,101,711792,1586590,532743,1481721,0.7484531998111807,0.9339028986694735,0.8825619734462529,6821,21378,6746.426441334071,16249.08799125493,9.842626770246422,513.0797413869241,0,0,0,3,0.7152604061621614,0.9108717861268089,0.8868910279980046,0.8284519064346604,0.964971049650448,0.9935130458282193,64,252800.51740025356,15.05912346312986,0.009593369082649083,2298.572211560372,3927.9827488976425,29016.58226945943,26.746309968806127,40271.47075743295,152.93347202688003,215646.6610140531,178,178,1,17800,389.3162660712043,6362.339462069754,10746.158330412483,35291.1886708884,32387.442660091267,0.1353702759484506,0.5920571116157693,0,0
2130,9805879,3003611,2446756,824879,3530633,0.7991227012786478,0.11167651022232114,0.6103792731753511,0.8439808421327293,0.7222103189321426,0.08492160672184514,0.07414796776505196,17000,35316,17137,436.18911750433034,382.57109455270694,1.1401517880338354,15.265524282091693,144.83850191115778,483.7598760048743,7515.315267980559,886.479735919012,3.3399950263335842,51.88755178226273,0.05991210963205729,2527295.6480678543,1554757.2477439477,151415.61393966238,326902848790.83136,31.284255585415252,0,429115915777.68896,429115915777.68896,4277217707.3627424,429115915777.6891,229978993.57473397,428701886735.0605,159358761.68532932,0,24691287.368507657,0,424838698070.3248,0.8369678892496376,38.23855189866055,21,101,725388,1433702,481746,1325343,0.664121821700938,0.9244201375181175,0.8103352131644291,6821,21363,6821,15001.805681026995,0,736.762322410183,0,2,0,6,0.6202772367603652,0.9446310189296825,0.8582207112862543,0.7591279199878976,0.9735706480654908,0.9936348761319873,64,264343.06480362726,17.553738513396556,0.006933998960512175,1714.759679674398,15293.669360560269,15639.946305495043,37.070165352737455,38731.99808514454,161.09141654112676,183969.6199460341,173.95858640251174,178,1,17497.789885141396,573.2272365341406,9802.679830539983,9516.868334418346,25708.112075752284,55422.77343985058,0.977859454363145,1.0300320952311572,0,0
2160,9734862,3495576,2109788,819760,3309738,0.7367046992844711,0.17476722579908702,0.5905846723730065,0.869215374015285,0.5910333397638302,0.23335759664595143,0.05649088810914834,35132,87864,16847,550.3214295250608,511.3352669731199,1.0762438366176499,16.81495483189285,127.43830504337694,499.43625938333344,8568.747472632067,1090.8276219296793,3.9190434870688002,67.23839798179574,0.23972730523319374,783313.3197213655,253510.213310458,187781.59129007015,349336231816.9368,47.558809780896375,0,794525834059.6619,794525834059.6619,5357303172.066554,794525834059.6619,228469394.3917103,794249064800.5342,22780216.210057136,0,25519648.526051927,0,789168530887.593,0.7936010740595867,42.640930297949765,21,101,718406,1244986,417499,1140651,0.5811463155931326,0.9161958447725517,0.7235795151126776,6821,21355,6821,13173.663841825286,0,987.2539066048652,0,4,0,15,0.5328636714189874,0.9494064054198229,0.8459348659207808,0.676671407674224,0.9769088374008053,0.99282884279024,64,264885.095824441,20.399968872658548,0.004293932389225714,1024.2261101138968,11884.904920109328,18272.097057624676,44.99827225404275,31354.333851984848,181.8824921406383,189007.12689417307,141.06658503913255,178,1,14132.469429863415,746.4622577938152,8564.789093503343,8131.821455760971,19703.40330397675,43784.29566705411,0.65044011547377,1.0532436232273197,0,0
2190,9667287,3477534,2102394,814832,3272527,0.7325110646588988,0.23868435339867392,0.5689407874807768,0.9372328242938077,0.5469138342536018,0.2726811565644012,0.061711108814706754,88056,84642,17067,1181.101439213216,499.77547766337244,2.363264089577352,17.666785974367937,99.05701957683546,428.66112596518343,5325.99189351871,962.8924962199571,4.327417963879726,53.76693056454725,0.10666446622248993,1463184.1204372554,380755.5935418025,156069.7531916632,309620875405.5285,40.50569862030652,0,790452364583.9471,790452364583.9471,11418046588.984783,790452364583.9474,259624990.03463423,790143383310.6467,23836634.740126953,0,25519648.526051927,0,779034317994.9613,0.8173743306889203,46.550805813548564,21,101,730560,1223875,473002,1124503,0.6474512702584319,0.918805433561434,0.6549515295679,6821,21332,6821,11980.491407642676,0,1186.6278499440984,0,3,0,21,0.6558933138255615,0.9500931713402214,0.8709905271592123,0.7829961266423443,0.9746562012992587,0.9917019047878447,64,254478.37151523164,19.11568638710226,0.004618914478294422,798.9083520631631,10831.895828276734,17576.7536856443,45.53871195452827,23665.660455650093,192.6151836904885,232434.20332404904,131.31002938918505,178,1,13028.589947446962,421.8125856539889,7965.24596988098,8417.8292484817,11792.904854772998,30748.432206034133,0.6162625944473248,0.9462351557341995,0,0
2220,9521677,3305752,2211179,802224,3202522,0.7259010489708861,0.3161926240420427,0.5903294424304455,0.9772995282383877,0.47063757781323606,0.26976098853174707,0.14064896341264255,84642,162400,16790,1970.4246254102454,837.8367620870262,2.3518001531730084,18.569629916531902,85.67176315423103,362.8522511887747,4478.759707756501,1050.1963377000748,4.235377419927124,52.27813159037699,0.07066718294447416,2648201.9930398893,187140.97471607075,187140.9747160708,364594901391.6424,46.744571395893544,0,914909704803.2764,914909704803.2764,18761746836.00171,914909704803.2769,331482788.86139643,914529974153.6556,22728212.233696233,0,25519648.526051927,0,896147957967.2758,0.6798008127257572,50.07029996230951,21,101,739108,1564252,571439,994387,0.7731468202211315,0.6356948880359431,0.6335790854160577,6821,21311,6821,13070.33609970075,0,1400.4460692350258,0,3,0,24,0.712550704570658,0.9537761421661036,0.8368325965014177,0.8735948098947386,0.9751938062333573,0.9910030924958061,69,252142.9244577858,19.32344394264388,0.009304223140407478,570.2846345677026,8259.2177313156,12070.339497299157,45.51539819013807,28093.787808245455,334.2870228718225,206779.80224703136,135.02999400369106,178,0.9947426655776406,13485.592311378508,307.0966391446914,8695.842968542744,8762.635632607364,7507.507188920912,31870.83927022671,0.6842572848231545,0.9923775600327289,0,0
2250,9225097,3036115,2383718,704703,3100561,0.7020998617485078,0.31554807105977944,0.43039041031173847,0.991790113026403,0.4999918158042132,0.20016884375307922,0.17536791212059885,161657,299993,3413,1254.5698685766197,965.4463624203465,1.299471329957108,19.91907139151966,81.17274172139317,327.2802275408172,3833.3223248891804,1018.96830651165,4.031898154483084,47.2242558720781,0.012334440109546985,4677253.437961071,407672.55342034844,57691.302407703726,391968588451.767,48.88532309728225,0,897223570340.0608,897223570340.0608,11573528730.896776,897223570340.0609,1382029220.016383,895795441839.8201,20579631.698453896,0,25519648.526051927,0,885650041609.1658,0.7331972846706872,54.809991946409895,21,101,755598,1488697,698418,947093,0.9243248393987279,0.6361892312539086,0.9678918407256387,6821,21244,6686.58329409147,12004.871274866638,15.883849032373982,1419.3446891337614,0,7,0,22,0.5577795380179729,0.9544867089856282,0.8031236283668546,0.7520660961989912,0.974060676675506,0.9916439097298697,71,262642.801041347,19.153403486796282,0.00475325110664582,450.74528896535804,11155.674200448344,14964.738415303043,60.066504250318566,27369.162260427565,293.16618909537334,296542.31522073044,127.04224337780336,178,1,5754.698642437056,309.57597333836105,7636.021663443132,7644.88417303279,7719.979729980712,20251.575320255106,0.7454640295643574,0.9988407267671993,0,0
2280,8769815,3021084,2287689,462061,2998981,0.6519476346040789,0.2474992986191716,0.2051633162068398,0.8354989572976015,0.5004496674103159,0.3231095524820079,0.04379237190294208,211233,239293,0,1177.107080740251,639.7901348031922,1.8398331213755654,21.147973434769828,103.00223937553834,311.1496997234112,4203.305769205214,1047.2892738829112,3.0208051942344962,40.80790665026496,0.06685275601771479,5530846.596048092,529521.5722014547,369752.33805701096,390110952549.9495,36.375455038030275,0,890039233194.2174,890039233194.2174,10323011333.280542,890039233194.2177,3456033378.3705435,884416036296.0842,2141643871.236626,0,25519648.526051927,0,879716221860.9371,0.7384384016549622,59.06880829114908,21,101,754834,1449446,708446,919279,0.9385454285313062,0.6342278360145877,0.9526308321401391,6821,21208,6821,11560.111003029873,14.350119407483952,1414.4173670472658,1,14,0,21,0.5758231431392414,0.8601671780395436,0.845044138275902,0.7224620142834676,0.9689367781903336,0.991733839712438,69,273941.01734057046,20.19562400335957,0.0014552583584752873,585.3819919621253,8607.608622337186,26942.506243992542,79.22763036095233,46581.10924278984,205.40766472985848,221509.38959623722,178,178,1,183.0685135855714,316.74559809632495,8626.801731868336,8009.737556241507,114810.37886258363,312.1520897113776,0.3194806208593327,1.077039250199401,0,0
2310,8754502,2606278,2680176,465102,3002946,0.6560253810966671,0.13443466325756367,0.27735834170699447,0.7585337515409422,0.7230446689029256,0.14238868184620895,0,239293,30814,15501,1673.4042421775575,559.4134521846901,2.991355026666545,21.566281154890873,146.86034485330404,389.16131689846475,6455.523467105613,1170.205284638142,2.6498733697458663,43.956886207464045,0.052716192760113634,6391670.341217403,609674.9503886527,336944.5257667179,378138896848.7132,39.93737785433244,0,869786876271.8942,869786876271.8942,14649820784.95134,869786876271.894,5503898410.861911,862074967455.1772,2182490757.3290486,0,25519648.526051927,0,855137055486.9438,0.8560300680978236,60.73209877741832,21,101,752160,1479042,723022,1186954,0.9612609019357583,0.802515412003175,0.9362523009977698,6821,21200,6821,11539.539209491164,0,1573.2392552813349,1,11,0,30,0.6052527482553952,0.7710610707137092,0.8389013243413667,0.76177948831153,0.9554125114209747,0.9915104427830368,70,239994.61355636388,15.078385082725472,0.0009304787047463044,884.0776018331026,15705.22546594792,26826.977685199774,87.62456615352036,29964.863103296848,176.2380535105125,227037.38971847083,178,178,1,17800,293.41675325680643,15796.748492812796,7245.870532918249,176977.1352259837,16209.10857409568,0.585426567623097,2.180103608123772,0,0
2340,8731745,2433617,2823023,469087,3006018,0.6610886421744688,0.23736045478094955,0.44926423393320236,0.8968240367444252,0.5249364245062127,0.3159644492595695,0.02249893921547182,30814,38208,15451,2269.2790267271935,709.2742645844567,3.1994379889938607,22.16273895607853,183.1538689758306,490.2414210390297,9882.869048853121,1535.2811348608711,2.6766642920533834,53.95937909538393,0.032737637789807095,4674176.090307617,153021.4838102679,153021.48381026724,432129940093.5072,58.24917908834777,0,933426269945.9668,933426269945.9668,19814765795.227898,933426269945.9668,6239739922.0614395,924863965090.6282,2297045284.751232,0,25519648.526051927,0,913611504150.7389,0.9102571326609192,62.761168539142865,21,101,744039,1492083,736225,1299221,0.9894978623432373,0.8707431154969261,0.993721753807567,6821,21191,6821,11677.52650404546,0,1624.475104139728,1,13,0,30,0.6045753252891093,0.6853802551492747,0.8421439265267118,0.752604511391071,0.9177402787951391,0.9917746530519647,70,249174.03616916496,14.690089710215744,0.0010815326078351067,1425.4087901077812,220.52294815630842,25259.57401364341,77.20815775179132,39438.212748742226,226.77378031070236,241492.82846165777,178,178,0.9999446262323584,8006.462103883935,321.9166721731749,291.22191204752187,7530.597765491416,229267.09410390878,7211.385711426262,0.008730271857997199,0.03867181877407284,0,0
2370,8614864,2575624,2569757,476271,2993212,0.6742907862410966,0.2914760382978766,0.5207543654907533,0.9626852249761292,0.5131137299439666,0.1074849237318198,0.2392729589230892,38208,132067,15186,1886.352710949799,991.719843850246,1.9021024159668287,22.485627577517363,197.54739626720448,515.5268776674541,11494.318437019456,1830.763023807643,2.609636408318678,58.18511736531385,0.13483628588188457,1278643.7736255734,527882.3113015025,172407.5774016695,466783743330.3005,73.15984262744007,0,1121269686677.0554,1121269686677.0554,16250672060.861418,1121269686677.0557,7582078630.17423,1105445340155.0652,8219564969.523073,0,22702922.293122616,0,1105019014616.1929,0.8695104912214171,66.53202220168306,21,101,748416,1540450,742126,1248067,0.9915955832050625,0.8101963711902366,1,6835,21180,6835,11753.915862860438,0,1898.138726374343,1,15,0,30,0.5822712090010521,0.6400220555902041,0.8131664137449526,0.7699571041037594,0.8587019050279523,0.9915016134105913,70,236648.8483689312,14.268898445664188,0.0010622683455449962,2022.8458233304314,23825.111686017615,26075.515584704248,91.45383545586952,25063.301502352042,271.0747074014331,90665.62432266974,178,178,1,17800,327.86285470079895,23770.462633004827,7624.515510338473,162669.00571385992,16235.321079853913,0.9136966672288273,3.117635815780456,0,0
2400,8372477,2431511,2496589,482317,2962060,0.698925955236298,0.2946808120210394,0.4916432938917445,0.9865046819903875,0.5286121419025696,0.05030458728044281,0.27525283139028034,132067,256941,14554,2001.2432422545373,1451.5219835511282,1.378720587723049,22.97268029138597,203.0204096671312,527.37118577621,11765.188076094266,1892.6224003603613,2.5976264486948817,57.950765124473286,0.1486429438398329,1075676.7384015997,691542.8133746543,159891.7570160436,496427295706.99493,91.611249765645,0,1225161025848.4243,1225161025848.4243,16755363017.179626,1225161025848.4243,11913493676.00974,1132268605922.5337,80961713037.42961,0,17213212.451858148,0,1208405662831.2444,0.8782304033300565,73.28666562254035,21,101,749402,1472302,741924,1209244,0.9900213770446302,0.8213287762972542,1,6835,21177,6835,12445.756759324842,0,2144.570027090414,2,18,0,36,0.6182432130881356,0.6754739654649339,0.8033108630178976,0.8122663844715807,0.8588776685384227,0.9899952923418527,71,234924.7492348208,14.448253511834192,0.002866835332061217,1990.7548331207822,10732.88774047463,24692.64081520505,70.91539048316221,27085.384186681546,245.28767910083874,47097.76292840933,178,178,1,17420.79410288317,331.361170182712,9032.6438193299,8586.796706047018,89535.52773964277,31553.225793780188,0.43465937162401896,1.0519224023283218,0,0
2430,8023480,2311037,2324688,465014,2922741,0.7307929180441032,0.26327315535147455,0.5142899993108854,0.9706991743087829,0.5595930942683225,0.021848624287715553,0.26479295766924077,255488,350901,1904,2518.0961574674097,1816.3081356986015,1.3863815880001449,25.118098162771428,219.15351749782886,574.5324332938541,12508.463921762335,1835.483954871244,2.6215980462168305,57.07626354610647,0.14253442093317292,1117215.7245601565,1286696.1129971761,159241.69635761713,571995498479.6714,107.12301479745358,0,1239356753115.7957,1239356753115.7957,20203894157.51847,1239356753115.7957,11993745887.76285,1146190761945.389,81160211707.8374,0,12033574.806449553,0,1219152858958.2805,0.8938732433276981,82.45488894119323,21,101,745432,1408285,728601,1196549,0.977421146395647,0.8496497512932396,0.9836472866396296,6835,21156,6835,12173.025184796801,0,2372.26398738526,2,17,0,36,0.5705712178504052,0.852900582132418,0.7838760505513759,0.7795837327096875,0.948777545679712,0.9863837861959072,88,238171.86661304816,14.845920574275137,0.001182580894842933,1645.658634631211,14683.37962794646,16755.273495051977,79.09821214913144,49249.74264781025,281.1450326734289,24221.498918202502,178,178,0.9910548297894665,16436.72661087579,331.9177718738325,7644.957725401117,7958.67202266647,88435.4567024678,35888.7377290344,0.8763437751274326,0.960582079978684,0,0
2460,7743276,2355372,2019933,472949,2895022,0.7697682790114061,0.2717524073598498,0.5260400948541911,0.9894030190348397,0.5294919101424255,0.08254322847332318,0.2271152416625728,350901,292787,12583,4226.880834426129,2098.6697501297695,2.0140762185974057,27.911488158805653,271.34761182523386,778.754557840321,17654.287646389796,1858.9763041367426,2.8699517663044385,65.06151842515698,0.13567530154722107,1294971.3128001182,1441276.6763266006,175695.6233591567,693319474170.7109,130.7526110192373,0,1249767514741.7659,1249767514741.7659,32729904920.074306,1249767514741.7654,12500741065.70519,1156006301749.978,81254234482.75793,0,6237443.324586743,0,1217037609821.6956,0.8582173742335748,95.2441487317971,21,101,739356,1351683,701496,1093070,0.9487932741466898,0.8086733353900286,0.94541778797429,6835,21132,6835,11617.260171645294,0,2686.488493346523,3,17,0,42,0.5592212897258994,0.9225321639653925,0.7479532498290948,0.7880846027789687,0.9525018642852441,0.9866569784525574,96,243228.8104330142,16.26435430737109,0.0013725626316393451,794.2628057848978,11219.055828971948,11682.743212577136,98.04732525863857,42994.951685746935,431.56763566694093,59330.20435745414,147.49253377504013,178,0.9952236570624602,14801.675633980274,377.16743036393206,6872.459494464686,7151.212706591973,96985.57404494403,59479.81078249438,0.9603100594468257,0.961020148111336,0,0
2490,7388450,2300478,1759166,473929,2854877,0.8199748549380192,0.2436889409425565,0.7589657337527279,0.9961674798260162,0.5576747491016384,0.07744168262626126,0.1948550778580081,291221,358706,3880,7560.478026969634,2862.5261921134347,2.64119086413936,32.662556908137134,422.7440864311077,1256.301852574072,29989.305254748426,2784.8426230354885,2.9717786549778378,70.93962096057757,0.1496578566643223,1157506.3082303177,1084262.820858878,173229.9131651818,903289059684.6748,201.8021804710453,0,1253083676856.34,1253083676856.34,55860213878.36457,1253083676856.34,12504058786.39631,1159284615882.8508,81294173825.9354,0,828361.1575442683,0,1197223462977.9775,0.6677822351015296,114.29773140904395,21,101,739165,1640190,655529,933362,0.8868507031582935,0.5690572433681463,0.8854190376473802,6835,21103,6835,13267.210784310297,0,2732.1601724886195,3,18,0,42,0.48404507503582056,0.91864319552988,0.6960174867180327,0.7499956892397585,0.9462691184330521,0.9861548228051872,110,229757.8893931812,17.352321038499017,0.0007610183719798644,657.981500567712,9807.831919036695,15863.584850102121,122.74737783975502,26872.535597340535,637.6381975980196,78190.87298273075,131.99121016958514,184,0.9952009059374821,12882.90750008681,505.77681090451387,7176.889939902468,7451.407427001706,107924.2328315779,39763.44056529021,0.6182607532731517,0.9631589750273931,0,0
2520,6707534,2059310,1432926,480956,2734342,0.9206989447448569,0.17860856751173285,0.8249131870075787,0.9981451431562199,0.6135467967810525,0.044622360468094535,0.15530208270282342,278313,503597,0,8089.537740162973,4515.314515696249,1.7915779093664284,42.65803954665952,603.4081588637761,1739.7804328278887,42865.055098152254,3692.914240161796,2.8832563949813235,71.03824247068121,0.18003443957352527,738723.379655328,1090195.5169289883,132995.6496561076,1211527429733.4734,311.0702384236131,0,2123380152558.4233,2123380152558.4233,54260849436.43033,2123380152558.4229,13076049036.96456,1980105726377.2979,130198377144.16096,0,0,0,2069119303121.9973,0.5379938285551159,145.67980888076542,21,101,739099,1628904,569207,704764,0.7701363416808844,0.43266147053478904,0.7448103519468889,6835,21079,6835,13213.906140305067,0,2846.631667225866,2,20,0,48,0.46931351823723083,0.9142118630257244,0.607283982627947,0.8045025195048008,0.9449218615428138,0.984762965521539,131,244050.66654234703,22.988027188281084,0.000732114482937656,933.3701218741177,8154.295187688363,16380.092909646155,162.60089698074447,26285.41515863061,619.8529721160339,32510.332515109203,137.97168546082187,184,0.9952086432021015,11287.044202912077,723.1915842780534,6852.676006179911,7549.040361826766,120009.04754991095,35268.666462435554,0.4978173953388469,0.9077545857128861,0,0
2550,6454164,1978827,1300726,486902,2687709,0.9680011269828541,0.1536509180536332,0.90009944529487,0.9978666318784992,0.6286529130651158,0.03435921367972676,0.14197624975132334,298104,106108,0,10315.915671779147,7100.5692441358715,1.4528293883337204,58.698699416273726,876.2233834600527,2560.3916262937723,62943.21822828428,5076.433000936932,2.9220763501919276,71.83467072030483,0.11472828939458712,965087.9372812615,1493120.6022133944,110722.8881596298,1699049035769.642,466.9320171442042,0,2196597841219.3342,2196597841219.3342,66580611555.83939,2196597841219.3342,13415604408.697891,2052979057277.196,130203179533.44067,0,0,0,2130017229663.5042,0.4897022890811293,194.07593687311868,21,101,735909,1641901,527828,636591,0.7172462899624817,0.3877158245229158,0.7017418942626323,6835,21050,6835,13469.473105547308,0,2904.546819462092,2,18,0,48,0.46304019142044905,0.9131315795967804,0.561250319480468,0.8577163824466181,0.9432385752932739,0.9838333890402823,148,217807.56459185926,22.446308202651373,0.0011101368563773686,1409.0619954842016,8292.264153200233,17251.41695089351,248.4110275807768,35142.17912532844,864.879636663644,52613.22093448573,177.69546678313745,184,0.99524681749439,10636.642518425842,1038.0648299821696,7179.2190036776665,7471.522192573552,131689.57793718815,23744.619830688713,0.4806714820472036,0.9608776924752461,0,0
2580,6365853,1902781,1309481,491797,2661794,0.9817353005452233,0.23121476650749265,0.9315005542301263,0.9943985030772134,0.43408542421573354,0.24951597217215038,0.11758864051683254,97651,88172,0,16564.504602882273,10783.092045749316,1.53615535623773,82.31649114681919,1299.807881508541,3830.9026072338547,92603.37572056105,7154.855277456452,2.9472837191814505,71.24389460778366,0.08082415427493861,1335118.3557851294,1535312.0352739734,107909.81196327972,2409501506083.5205,674.7484943843581,0,4752975243132.628,4752975243132.628,105447201319.77673,4752975243132.628,14022555467.012453,4574872817000.634,164079870664.98056,0,0,0,4647528041812.856,0.43946905013805687,243.07526484989717,21,101,777882,1765635,485174,632623,0.6237115655073648,0.3582977229155516,0.6333248595200645,6835,21048,6835,14691.18679393964,0,3069.049134886463,2,20,0,48,0.42725207888795325,0.9076015928877402,0.5296000464400108,0.8440850539853251,0.9398882566213261,0.9826845287096861,161,221244.83657815622,23.751522315213535,0.0017362176805395583,2335.041821392508,10237.37612263386,20831.63222593578,585.959357306222,13642.8115374043,1286.0881622883348,42425.41328199829,184,184,0.9953794073756409,9789.644389825833,1495.645340632036,6684.7858608766255,7951.947560490989,173830.84770109298,16136.108124336677,0.4914341810378224,0.8406476287758463,0,0
2610,6291019,1721829,1437463,488961,2642766,0.9912749438798313,0.23032160826873294,0.9746616243692843,0.9464836098206535,0.39435487319303913,0.3849711787549839,0.018424996014159232,88172,82342,7508,30312.41608787704,12336.652824883507,2.457102142546779,117.71162534322255,1997.0111007477578,6270.674624799546,114859.04814959512,10089.69753263896,3.140029928953106,57.515478059479726,0.26203726757120616,1265558.3286595661,331623.4463939364,331623.4463939351,3423115157253.518,868.6152498158176,0,8824093975229.994,8824093975229.994,190695985544.7404,8824093975229.994,13151759160.899885,8645768379761.563,165173836307.52988,0,0,0,8633397989685.261,0.4375549475089679,313.24117490128015,21,101,758227,1794209,438634,678197,0.5784995786222332,0.37799219600392153,0.5666796755964951,6835,21030,6823.42421285329,14933.50732115782,3.0701075853783273,3141.1497239916107,2,29,0,42,0.3618869137422284,0.8979992785472211,0.5045307911536501,0.8011598800777271,0.936592582150333,0.9817705538698502,182,206299.9168320819,22.166281218778693,0.0019171694790489685,4655.66579146656,8595.487068695882,22950.383520228814,1753.5023545543465,11828.273894195685,1978.6000148514304,33958.08828212439,184,184,0.9953794073756409,9659.499441097356,2217.2133203872295,7331.9552270468175,7685.6642897995935,183657.30504595052,11134.151122616238,0.37452476822967645,0.9539780753600937,1,0
2640,6265352,1498061,1636684,490484,2640123,0.9986799564238877,0.2083037593409875,0.9618297646108142,0.9327369938017819,0.456871377697534,0.3231162431097247,0.01587301080609677,82342,33090,7423,27717.40584861384,11556.87510816621,2.3983477877188815,165.6829023165783,2844.890868233158,10436.535253989043,121982.12853825164,12707.135913734632,3.6685186664016873,42.87761260030674,0.2307990503334243,541022.0758686889,176235.309517516,124867.38131991122,3477395678946.1587,878.6485154475772,0,14505209855387.52,14505209855387.52,173659304168.3965,14505209855387.525,11536705431.099915,14327577889512.955,166095260443.46664,0,0,0,14331550551219.113,0.419889121120078,395.83504567133343,21,101,727993,1805402,347190,716555,0.47691392637017116,0.39689498516119953,0.4751875423747348,6835,21002,6678.270485532118,15407.20538269373,28.08905076159983,3096.774782434288,2,25,0,42,0.36154248366544367,0.8924930366364506,0.5058732808020696,0.7974482702356547,0.9335978689067036,0.9808262011485755,197,202474.14354876615,22.840903812334666,0.004283448748629942,9131.631752284406,2250.1173396097984,17619.2336527336,4957.931259292328,48831.35333734602,2870.4325241636566,50821.0154296565,184,184,0.9866661441757346,12067.507657587134,3064.04329006473,5583.796460827502,7995.194689637817,186585.81079998065,21338.633776562834,0.12770801409178745,0.6983940576286891,1,0
2670,6214820,970888,2121300,488720,2633912,1.0098454557096788,0.26992206278769826,0.9266325333805874,0.972191871079272,0.44360705539339834,0.2363658159045636,0.11316804026504387,33090,57886,7354,30355.718246607412,12499.2639000026,2.428600475152869,203.33844476670447,3965.1523956640017,16332.10580568786,154077.36791551343,15000.712157174394,4.11890998780966,38.85786788018566,0.10032438807851995,999947.1066294324,319796.70280297933,100319.0815834843,3734605518809.7095,998.3932637807874,0,15566643599989.857,15566643599989.857,188655324873.3667,15566643599989.865,9967251922.489407,15388801648121.707,167874699945.6675,0,0,0,15377988275116.494,0.5742360984864696,482.9830430592532,21,101,733225,1813602,496252,966228,0.6768072556173071,0.5327673877730615,0.9475350936488189,6835,20998,6622.364731603795,15346.727273187471,44.454201202656336,3333.366052052007,2,31,0,48,0.3124578310606747,0.8958661556923907,0.5419296850866128,0.7067349979467635,0.933093126401533,0.9798920682419324,209,209203.10118531456,17.165617404845023,0.0033779124776634447,7836.160131085427,11565.53743181369,12400.079569853058,2504.8804285384845,28033.376525082298,5355.046609667465,69757.92869715542,183.89754329855816,184,0.9866661441757347,17174.102659276665,3912.4869777466274,7366.831802748624,7903.24749417011,187252.92130899243,47201.18592932606,0.93269864654189,0.9321271804005661,1,0
2700,6082019,1142140,1853211,470148,2616520,1.0304862435153677,0.35733338378462776,0.9307330758362963,0.989942870007994,0.34889581897064115,0.22679409584218663,0.2118786541114061,57886,139995,7194,38696.230522539256,19695.131356563514,1.9647612306806737,196.04097661685825,4873.699557713731,18659.93035125951,171892.9682672864,18739.39726521416,3.828699354625985,35.2695044558557,0.019387308043176232,1635920.6847778666,31716.098249992407,31716.098249992407,4148675903733.1313,1331.956969864019,0,15760462295590.295,15760462295590.295,235351209266.45242,15760462295590.299,9757590199.722155,15580880224701.393,169824480689.18338,0,0,0,15525111086323.83,0.5480247658322764,495.44703180200435,21,101,764402,1725480,455998,908519,0.596542133589394,0.5265311681387208,0.850420885625583,6835,20974,6375.552090845984,14985.255708733304,69.3383712690268,3252.8835263133938,3,28,0,42,0.2829155283304726,0.8968072374445669,0.47896003352472966,0.7215234690290299,0.9343016793611717,0.9793185834252893,220,187103.0045585694,16.454438125012974,0.0048571940004958365,5449.338809128602,11598.576480753882,15046.341323883866,3953.2332954553262,7651.353842838701,3517.1198410935635,109695.95465953715,145.4694258357381,184,0.987944048491154,14461.872917981591,4126.04832377635,6978.141469641051,7610.616400552805,192539.76042927927,60517.49434310293,0.7708569300061563,0.9168957023158054,1,0
2730,5698136,1198263,1601470,310197,2588206,1.0352426463523485,0.3821645460890904,0.9349994842592763,0.9963627231460109,0.3325236533490952,0.08431160646218343,0.3553553302343082,124581,270548,0,56910.74250502994,27731.11885496328,2.052233911032556,184.4299326602508,10267.765662030062,29011.13606493306,174220.86833328818,20942.974909481818,2.8254575552123775,16.96774878467986,0,3105962.3057129537,0,0,4030902557194.787,1627.2004055128323,0,16076020410046.479,16076020410046.479,324285150654.6498,16076020410046.486,8517320563.692875,15903474745799.469,164028343683.32172,0,0,0,15751735259391.842,0.47954995873973566,496.9288763992266,21,101,725806,1639666,375303,759059,0.5170844550747721,0.46293513435053235,0.7352637362637363,6835,20954,5967.019393672115,14547.497774394902,156.53296171956086,3365.1861815935035,8,28,0,42,0.269911411599188,0.8937581787793558,0.4236456465623038,0.7642965609889273,0.9341701041768541,0.9786595886149239,225,195340.4142432864,20.66434675103218,0.00519603297544515,5595.142593411532,7879.435917082484,13623.244910209209,4363.364890102115,15795.918410291677,4081.5131552585735,51104.954116683184,112.10420627775406,184,0.987944048491154,10966.733097280001,3947.281686679451,7109.111628152257,7240.872042049541,195564.1288854711,29227.0699893156,0.5783817268951588,0.9818032395639478,0,0
2760,5103152,1175282,1166074,225727,2536069,1.1795711544933791,0.5376349318519122,0.9658689462499926,0.9942029315815716,0.2944078483258974,0.35059136000652147,0.35500079166758114,177167,325611,0,86872.91496502573,43289.40253380862,2.0067940391918966,163.6926713027355,12784.826833951287,29967.728870497474,155121.7251245078,24735.827454014183,2.344007412827478,12.13326759440869,0,3887931.3544180673,0,0,3326051916656.561,2326.8460530424345,0,15647201829564.93,15647201829564.93,443325689749.5994,15647201829564.934,4160372888.3314586,15551703830886.152,91337625790.4505,0,0,0,15203876139815.334,0.3950653031161268,481.30947006616793,21,101,703789,1506519,332306,540910,0.47216708416869263,0.3590462516569655,0.7001090450605996,6835,20922,5477.294258296948,13917.420227624501,290.169092914969,3468.774532962587,8,28,3,42,0.24566253624702264,0.8932920780611627,0.3692344895844684,0.7938496205654564,0.9324087234828189,0.978017498714707,232,194447.35366678328,26.72154706282752,0.006149574000919001,5216.590048864942,7488.56680178972,12577.843509928103,5245.398494469185,0,4427.575608717549,39958.84232839165,101.4557238079044,184,0.9901076682452061,10002.934784741323,3611.7099601441278,6083.515907378438,6622.287240127552,198669.13668110003,26920.21977501545,0.5953776413165539,0.9186427116171517,0,0
2790,4528389,1055061,804390,188642,2480296,1.435336559016613,0.8144784846073118,0.9860753472535443,0.9979034234621507,0,0.5810304724262867,0.4189695275737133,271812,488405,0,122904.08902976676,53466.47243332415,2.2987132577903924,147.62039660847162,7002.499239762646,16136.77793416589,121671.17247153205,27961.894609467938,2.304431229715186,17.37539245711595,0,3691274.5986482105,0,0,2163799098293.7778,2671.6697030916557,0,15905577820476.479,15905577820476.479,556557524817.398,15905577820476.479,4040236839.7320504,15810206364310.209,91331219326.53883,0,0,1,15349020295659.064,0.3009025946257964,471.73849534703464,21,101,657916,1701615,231563,478426,0.3519643845110926,0.2811599568645081,0.5327160654523787,6835,20898,5081.86730282613,14405.454341605031,425.1690621742659,3549.8120078049583,5,29,6,42,0.19764752927052867,0.8937734068881577,0.29729264578308534,0.7690973441930887,0.9291035001694711,0.9772609462778117,241,206646.59071229465,34.92672546402178,0.006632860404287477,4553.252719177634,7164.609601332526,13547.803760979512,5692.4941750927155,11868.376588628678,5301.425244168551,6722.173323473413,109.76866604556633,184,0.9901076682452061,7833.529139365556,2704.843980665785,5274.927126945637,6258.865046466471,201442.74341246157,17513.87861595471,0.528839192516804,0.8427929165725774,0,0
2820,3756560,900266,448049,139558,2268687,1.786114520716598,0.9243409306224997,0.994334440900236,0.9982472953204984,0,0,1,264432,554521,0,177109.10782152117,46672.52943459333,3.7947184343141522,125.72854538027578,2253.8848172292737,8960.573554412154,84495.12315147721,33154.11329817726,3.9756128999650877,37.48866069178638,0,3484945.2659650412,0,0,1039538965122.5322,2451.2561502681747,0,15896243040208.88,15896243040208.88,665320990078.0076,15896243040208.883,3519632796.4200697,15800944193216.291,91779214196.17137,0,0,0,15230922050130.875,0.2103207391602349,456.3501579303202,21,101,617120,1654539,151816,325961,0.24600725952813068,0.19701016416053052,0.3956400865706021,6835,20878,4704.2612359340665,13612.608079444464,587.7144810877877,3716.7349790163776,5,40,9,42,0.12982340635718656,0.8648473137044466,0.22498842618401385,0.7599985266802867,0.9252159052257442,0.9767241542877063,243,196910.28603037642,49.456617467239255,0.007184021752953373,9744.884847137977,5175.621996248812,17813.23914530155,6695.153820149773,0,8938.558364928385,2527.3608326593594,184,184,0.98771636389738,4721.208445495582,2076.8722772959054,4780.051547198136,5515.402048089642,219861.8378816608,4385.999664731216,0.2905491782842843,0.8666732734114627,0,0
2850,2895695,546881,288237,78817,1981760,2.4674081986018743,0.9692262105031392,0.9977120031656656,0.9983272375813141,0,0,1,351029,632180,0,311700.76489733206,31499.194040583956,9.895515564485011,92.0241960437826,927.1967938250459,8134.873443554853,63869.45389594581,34439.483037926955,8.773621196418668,68.88446370965065,0,3576670.1033874815,0,0,643228882062.6913,1821.120421077638,0,15896454227446.158,15896454227446.158,902590346409.3406,15896454227446.156,3562397793.5389514,15801084956480,91806873172.61844,0,0,0,14993863881036.79,0.12179715135974845,437.6571270393479,21,101,631556,1612462,103247,170068,0.16348035645295111,0.10547101265022059,0.26296534290338813,6835,20779,4528.711720093406,12747.154658304215,768.2528920351832,3667.676667237391,5,42,9,45,0.09661552219284882,0.8114487478628619,0.14667083180180698,0.7899738264679909,0.9191975198298997,0.9765511602517836,243,173240.77909847494,76.06202913055263,0.007089599022489581,13581.535249379049,2330.4185520101887,16411.921592981966,7960.4869821124,0,12217.67358905479,0,184,184,0.9814117078314915,2566.6958027534265,1962.3221677002102,2387.4286878770895,5024.448994548817,268533.9005956127,3410.161002651544,0.1419954719383206,0.4751622895301129,0,0
2880,2107774,320295,158299,44982,1584198,3.4040961650166945,0.9880372020939625,0.9991279041173883,0.9983476812534813,0,0,1,510678,613535,0,454291.1604962781,18712.294909330118,24.27768281215814,29.267661875502704,764.3517250683166,7373.437877447724,50894.899811376345,31083.801452792184,9.64665563721819,66.58570673969164,0,3163678.803627139,0,0,669271706353.8428,1239.3918562727254,0,15285727318681.78,15285727318681.78,957543096523.8312,15285727318681.777,3115937714.3360868,14898730802177.729,383880578789.7112,0,0,0,14328184222157.904,0.06349883917604007,385.7669760143377,21,101,816226,1671662,61435,96543,0.07526714414880192,0.05775270359677973,0.10439794835163745,6835,20750,4213.583494179983,12567.200000000003,978.118424069314,3775.399859232674,5,45,9,51,0.03005139483621593,0.7519635762675804,0.0503855551123281,0.8273964217458655,0.9097246976734338,0.9773040881012339,235,136239.36275272485,103.4873433663357,0.005609204301186992,12693.460873301192,437.53144180224734,14551.976471815839,8339.201601359204,0,13374.995050081121,0,184,184,0.9848359291147714,753.1814796672935,1709.9236142385475,490.7347236902121,4724.483149588738,345769.0895562841,961.6393682090683,0.0300668051965075,0.1038705628007013,0,0
2910,1374983,29442,156204,32402,1156935,6.406477920343018,0.9951772588752341,0.999591445817949,0.9980109426680603,0,0,0.9998021793723996,520716,644331,0,762396.8642901952,11312.544680733474,67.39393176396838,27.99346951463926,781.7367072363514,6914.508987856326,44448.32912565778,27887.69784078326,8.845061161706179,56.858439311100696,0,1976791.2898608667,0,0,349781325515.26715,861.5791778298667,0,15227564892344.361,15227564892344.361,1048282727652.2623,15227564892344.36,2744091189.6238236,14840641175508.28,384179625646.455,0,0,0,14179282164692.03,0.04635379210169501,325.17801818555506,21,101,978480,1835896,24946,105511,0.025494644755130406,0.05747112036847403,0.035173890707509974,6835,20735,4121.581899705276,12606.346490161917,1173.8138820559777,3983.324594808645,5,52,12,42,0.028094463989590982,0.6847740050319011,0.032434207711950255,0.8334476543954367,0.8954132483487792,0.977221215234976,235,128350.45526755734,118.06230889953686,0.005910885079097817,14129.281965079625,1634.075778064857,14096.751401711157,7885.994600533787,0,13360.284047881714,0,184,184,0.9720639177591999,920.2793409981645,2085.6308258618214,1607.7383866022374,4673.922311530158,448596.15497771365,889.2788825631202,0.11591860645754895,0.3439805541132096,0,0
2940,412887,12810,4126,10555,385396,23.37925129900803,0.9975599081892085,0.9997514070833209,0.9985598377143936,0,0.0007871403071542577,0.9992128596928458,441631,805936,0,2649774.5725479126,7838.824466694454,338.03213527822413,29.752799939280408,866.7578135904052,7293.617165569604,42389.054199207305,24671.94680396097,8.414827130726362,48.90530380524341,0,531220.3006680505,0,0,781086271819.8569,672.0664035796507,0,13264684621753.281,13264684621753.281,1094057473935.5267,13264684621753.275,2067381077.4000096,12812752596124.209,449864644551.66785,0,0,0,12170627147817.684,0.0013485095134426002,273.4206353006547,21,101,633727,1660658,0,3094,0,0.0018631169090806174,0,6877,20636,4004.04806477115,12496.131062481574,1265.4540770173828,4109.785166290143,5,58,12,51,0,0.6120886707015394,0,0.8334476543954367,0.8727476165698571,0.9782116866345003,225,126933.99046627646,4923.102409810334,0.004470230437273133,14929.462825259508,0,11347.923341385811,7648.881891091952,0,14940.922637908792,0,184,184,0.9097139312534818,0,2319.8238506328166,0,4583.383090903533,558104.0072471951,0,0,0,0,0
2970,330,0,0,0,330,0,0.7801540139288975,0.9519525598565496,0.9985010832171557,0,0.9818181818181818,0.01818181818181818,11014,28432,0,3456316859.4867396,6356.946703877735,543707.0688949442,29.2489886512455,787.1256518183254,5598.3035192188445,40352.59038756382,24818.617186388652,7.112337790397632,51.26575445018974,0,286.0222351152477,0,0,446736164453.8043,592.4166060231821,0,9534632238267.447,9534632238267.447,1140584563630.562,9534632238267.44,1885746678.0951276,8741266970247.851,791479521341.494,0,0,0,8394047674636.814,0,221.88118548231674,21,101,630527,1570685,0,0,0,0,0,6877,20609,3863.8,12271.431062481575,1490.4463666205177,4371.270557734578,5,58,15,51,0,0.5370773423748872,0,0.8334476543954367,0.8375546460068042,0.9788676436482823,218,126537.35018761503,0,0.003941857994566067,14559.537152160634,0,9948.47744396858,7621.533014774445,0,16339.925487759603,0,184,184,0.8281523370505834,0,2404.915067473158,0,4482.008628467102,662969.1993633393,0,0,0,0,0
3000,304,0,0,0,304,0,0.9190278025502001,0.9823016638988533,0.9190278025502002,0,0,1,1,20,0,3751922989.574422,5571.867194553401,673369.0625724162,29.183849984613673,688.8566510661673,5104.872632086495,39513.15892048866,23367.890639527024,7.410645776861568,57.36049562609692,0,263.3597871116841,0,0,501398936184.61346,560.4123028771547,0,4181259354375.0073,4181259354375.0073,1140584588830.562,4181259354374.996,1421690256.6017396,3061857063705.5127,1117980600412.8816,0,0,0,3040674765544.3735,0,172.76113725516817,21,101,631218,1559323,0,0,0,0,0,6863,20492,3862.4,12035.102240390162,1623.953713487733,4361.023674539918,5,58,15,51,0,0.4609493191003374,0,0.8334476543954367,0.7863220031393732,0.9793101906863266,208,125639.48177104074,0,0.00391427033398477,14460.030553781644,0,7280.078616886486,7719.7642272398825,0,17185.936291593698,0,184,184,0.7471668298042069,0,2398.67477914929,0,4415.972844552819,773135.1874432242,0,0,0,0,0
3030,265,0,0,1,264,0,0.9707154725219933,0.9935991929799071,0.9707154725219933,0,0,1,20,39,0,4410911620.061863,5040.874364472141,875029.0725652225,29.160291835854732,629.9919408688706,4909.0412982535545,39179.31597611988,23285.42236701063,7.7922287251533975,62.19018599203769,0,229.57349863354042,0,0,359024906782.57916,547.1880344578484,0,3126758659144.5293,3126758659144.5293,1168891579316.3313,3126758659144.5186,940183632.7208816,2000677845689.973,1125140629821.8257,0,0,0,1957867079828.128,0,132.41264752732584,21,101,631198,1550842,0,0,0,0,0,6863,20463,3862.4,11872.5,1829.9115495316375,4515.399095874334,5,58,15,57,0,0.38989046053789367,0,0.8334476543954367,0.7214134178827223,0.9812039457765805,180,125639.48177104074,0,0.004000956868860925,14363.806270805444,0,5852.699512332204,7909.189859016019,0,17375.537717421605,0,184,184,0.6710899586604503,0,2373.3698232711818,0,4370.805555555554,883099.288314194,0,0,0,0,0
3060,205,0,0,2,203,0,0.9894089134712959,0.9976850744457374,0.9894089134712959,0,0,1,39,60,0,5848137837.895636,4658.916203852144,1255257.1417919484,29.15177176012022,650.3706404097628,4794.557656479449,38970.23012360944,22961.74999356894,7.372038893789335,59.92003282782944,0,177.59459328255016,0,0,353094448138.6288,539.6263473649409,0,2934540402967.9365,2934540402967.9365,1198868256768.5432,2934540402967.926,403385624.9973778,1745442737233.2683,1188694280109.6606,0,0,1,1735672146199.3228,0,99.60225483221421,21,101,631165,1550326,0,0,0,0,0,6857,20355,3861.7999999999997,11861.7,1977.8479050647588,4680.25172041279,5,58,15,57,0,0.31512422310758675,0,0.8334476543954367,0.634878938197985,0.9819610197713379,171,125386.45929966508,0,0.004085274345151063,14213.233861260653,0,5075.4702228972965,8099.339884216496,0,17119.31329663114,0,184,184,0.5891968427184218,0,2342.6218201705,0,4367.638888888886,999253.0270498192,0,0,0,0,0
3090,1,0,0,0,1,0,0.9961696116168262,0.9991627805204942,0.9961696116168262,0,0,1,59,199,0,1198868256768.6057,4395.607675271953,272742324.9151627,29.148690376635265,661.3534306875481,4726.257733043679,38830.93389569363,22833.084270049596,7.146341900926143,58.71434560386977,0,0.8663150891831715,0,0,247342562358.4034,533.9715441553031,0,2516511942361.2256,2516511942361.2256,1198868256768.5432,2516511942361.2163,282639900.1374815,1226130295357.1348,1290099007103.9424,0,0,1,1317643685592.6116,0,74.78202547042162,21,101,631141,1550628,0,0,0,0,0,6849,20319,3860.9999999999995,11858.1,2051.8479050647616,4672.773091646373,5,58,15,57,0,0.24457148802672996,0,0.8334476543954367,0.5330130042654672,0.9847133227332794,155,125219.9176329984,0,0.004154397828281716,14053.880639383704,0,4572.465895031607,8241.937912548765,0,16785.575286338066,0,184,184,0.5058635093850886,0,2318.120702032591,0,4366.416666666663,1115182.5956163001,0,0,0,0,0
3120,0,0,0,0,0,0,0,0,0,0,0,0,0,0,0,0,4395.607675271953,0,29.147575958820546,663.460198842597,4687.917189563082,38702.53021034351,18665.161139085292,7.06586046569354,58.334366217988475,0,0,0,0,168667679904.01196,348.9004368306446,0,2515319145151.2056,2515319145151.2056,1198868256768.5432,2515319145151.1953,252251235.41092718,1224949756631.495,1290117137284.2878,0,0,1,1316450888382.5906,0,56.16705384006035,21,101,559955,1543387,0,0,0,0,0,6843,20212,3368.4734400000016,11814.423546419426,2152.83473020185,4850.201685472652,5,58,15,57,0,0.1710435270600714,0,0.8376245964071914,0.40042280688951365,0.9858607027512789,149,124806.76177198115,0,0.0041728423176770005,13921.111612808758,0,4470.337518323019,8332.682893101455,0,16526.426443316566,0,184,184,0.4225301760517556,0,2301.672647042183,0,4217.471385116506,1189498.817880742,0,0,0,0,0
3150,0,0,0,0,0,0,0,0,0,0,0,0,0,0,0,0,4395.607675271953,0,29.147172916787042,663.2917255054336,4667.703341313113,38600.991619942564,16947.50228807487,7.037180115214441,58.19610005013751,0,0,0,0,93909624651.77046,281.9459152999358,0,2260291970622.2236,2260291970622.2236,1198868256768.5432,2260291970622.2134,241093434.5610733,952302947489.0789,1307747929698.5725,0,0,1,1061423713853.6093,0,42.20578522736754,21,101,481097,1533675,0,0,0,0,0,6835,20177,2842.073440000002,11774.233486137717,2226.8346513159363,4873.081724864556,5,58,15,57,0,0.10072063252956112,0,0.8416989521490702,0.24792388335003013,0.9875690353579041,136,124744.09555910145,0,0.004193645555604597,13825.710138584327,0,4353.869926578623,8384.613776961181,0,16360.978160882396,0,184,184,0.33919684271842254,0,2291.7303450679838,0,4060.085257260476,1252025.420869718,0,0,0,0,0
3180,0,0,0,0,0,0,0,0,0,0,0,0,0,0,0,0,4395.607675271953,0,29.147027151995218,662.7754185122577,4657.585421805451,38532.195987520805,16417.91021283726,7.027396146134094,58.13763593407647,0,0,0,0,49858906601.65054,257.6982775425687,0,2259373489493.184,2259373489493.184,1198868256768.5432,2259373489493.1724,229993449.88879216,951408492260.023,1307735003783.2598,0,0,1,1060505232724.5685,0,31.735606214029996,21,101,401358,1526782,0,0,0,0,0,6784,20085,2310.508540000002,11749.61967689144,2232.414327467295,4996.333333332503,5,58,15,57,0,0.05162015837539557,0,0.8416989521490702,0.13400056615633396,0.988097822549676,126,124660.7622257681,0,0.004265849566769877,13763.761969670546,0,4370.622391591848,8412.185606799341,0,16265.977386165267,0,184,184,0.2558635093850895,0,2286.14564200304,0,3905.591171358733,1304834.6957840007,0,0,0,0,0
3210,0,0,0,0,0,0,0,0,0,0,0,0,0,0,0,0,4395.607675271953,0,29.14697443448,662.3714665993012,4652.725793283657,38490.363205705784,16237.638864462733,7.024345141513023,58.109935506914525,0,0,0,0,29231408510.192127,248.9036171862885,0,2250244226572.569,2250244226572.569,1198868256768.5432,2250244226572.557,143426014.62947723,942308818022.7382,1307791982535.1887,0,0,1,1051375969803.9532,0,23.882655600236305,21,101,393851,1524448,0,0,0,0,0,6776,20041,2276.9,11744.800000000001,2276.414327467295,4987.333333332503,5,58,18,60,0,0.0171888167076013,0,0.8416989521490702,0.0461457057795721,0.9880978230028711,126,124660.7622257681,0,0.004360971709937538,13726.41821234838,0,4298.273617100266,8426.022792386342,0,16214.964461534271,0,184,184,0.17253017605175652,0,2283.176090198606,0,3894.9166666666656,1374872.957934438,0,0,0,0,0
3240,0,0,0,0,0,0,0,0,0,0,0,0,0,0,0,0,4395.607675271953,0,29.146955368583654,661.961611081423,4650.467198516249,38471.616731335496,16166.453266406095,7.025282313454622,58.11759486850875,0,0,0,0,16343859372.771128,245.70708108585097,0,1993194846025.2031,1993194846025.2031,1198868256768.5432,1993194846025.1907,12678912.005087595,658236576501.1373,1334945590612.048,0,0,1,794326589256.5872,0,17.99738775487349,21,101,393141,1523018,0,0,0,0,0,6725,19948,2271.7999999999997,11735.500000000004,2258.5,5039.333333332909,5,58,18,60,0,0.00394159591363687,0,0.8416989521490702,0.010867012251161733,0.9881761400119939,126,124660.7622257681,0,0.0043931826003102475,13705.158512226712,0,3539.9395293750003,8432.666196935525,0,16189.126625397628,0,184,184,0.08919684271842328,0,2281.6631610240283,0,3890.9166666666665,1380087.8334206578,0,0,0,0,0
3270,0,0,0,0,0,0,0,0,0,0,0,0,0,0,0,0,4395.607675271953,0,29.146948473182732,661.7642424985318,4649.444934492057,34962.35273373848,16093.5855645862,7.025832820670078,52.832036680821496,0,0,0,0,5904494196.852334,242.9480707782925,0,1979724019679.3174,1979724019679.3174,1198868256768.5432,1979724019679.3052,5882608.380313664,644685110854.3696,1335033026216.5547,0,0,1,780855762910.7018,0,13.583629901150777,21,101,393262,1519893,0,0,0,0,0,6717,19906,2271,11692.765480000005,2287.5,5038.585101367909,5,58,18,60,0,0.0006919065745671429,0,0.8417006793111576,0.0019884557940117336,0.9881761400155866,126,124660.7622257681,0,0.004440847619775253,13693.594472684068,0,3505.077279375,8314.63893367427,0,16177.765660007008,0,184,184,0.01863552074065987,0,2280.918335011497,0,3878.8237444444444,1377276.890963206,0,0,0,0,0
3300,0,0,0,0,0,0,0,0,0,0,0,0,0,0,0,0,4395.607675271953,0,29.146945979381595,661.6723387078619,4142.483337338787,27447.623711771736,15502.34264325644,6.260626438500333,41.482199128004154,0,0,0,0,6759052097.317621,222.58727965098734,0,1377870679433.981,1377870679433.981,1198868256768.5432,1377870679433.9685,0,16352434932.413858,1361518244501.554,0,0,1,179002422665.36475,0,10.274861969117314,21,101,392592,1501091,0,0,0,0,0,6668,19814,2266.1000000000004,11412.019991751218,2255.5,5165.922822590778,5,58,18,60,0,0.000008333333333333334,0,0.8417163963151734,0.000024975008333333325,0.9882092891871014,126,124660.7622257681,0,0.004472051014989618,13687.534036572366,0,2183.4797001041666,6801.461732711141,0,16172.956526399188,0,184,184,0,0,2280.561820497343,0,3799.4777754864485,1349155.9947249808,0,0,0,0,0
3330,0,0,0,0,0,0,0,0,0,0,0,0,0,0,0,0,4395.607675271953,0,29.14694507746971,661.6300987727413,3823.918009420959,24075.56487434531,14855.3178996155,5.779540586974429,36.388255188213336,0,0,0,0,4220730739.6070004,202.8436501287142,0,1374994440520.242,1374994440520.242,1198868256768.5432,1374994440520.2288,0,17295100668.569702,1357699339851.659,0,0,1,176126183751.62537,0,7.794103900993033,21,101,392577,1486276,0,0,0,0,0,6661,19755,2265.4,11166.580427514864,2284.5,5148.795088376464,5,58,18,60,0,0,0,0.8417617089977038,0,0.9883052043057035,124,124660.7622257681,0,0.004502396083139179,13684.454817684185,0,2409.2869834375,5313.914692189066,0,16170.935417039189,0,184,184,0,0,2280.395133295401,0,3731.1056743096838,1324583.305913644,0,0,0,0,0
3360,0,0,0,0,0,0,0,0,0,0,0,0,0,0,0,0,4395.607675271953,0,29.146944751282888,661.610967938074,3844.4152527070837,22653.146782893295,14428.956523658217,5.810688514865909,34.23937612989149,0,0,0,0,1444901225.2309132,190.21145138995647,0,1373136299362.3967,1373136299362.3967,1198868256768.5432,1373136299362.3835,0,17321661223.2258,1355814638139.1575,0,0,1,174268042593.78018,0,5.9397801028264,21,101,391913,1482095,0,0,0,0,0,6613,19666,2260.6,11136.700000000003,2252.5,5228.382375426215,5,58,18,63,0,0,0,0.8419985734951144,0,0.9883052043057035,124,124660.7622257681,0,0.00454058991348369,13682.930802724828,0,2274.3963667708335,4358.8191789825,0,16170.092204686494,0,184,184,0,0,2280.3187343305262,0,3721.4722222222217,1321151.0087786987,0,0,0,0,0
3390,0,0,0,0,0,0,0,0,0,0,0,0,0,0,0,0,4395.607675271953,0,29.146944633313662,661.6024095213058,4312.328713147,22586.16606527399,14296.046654072801,6.518006360144805,34.13857891118614,0,0,0,0,825241339.5435505,184.04899802598064,0,1370971300714.4248,1370971300714.4248,1198868256768.5432,1370971300714.4119,0,15764833423.995054,1355206467290.416,0,0,1,172103043945.80826,0,4.552073767491952,21,101,391893,1481189,0,0,0,0,0,6606,19608,2259.9,11130.9,2281.5,5127.882375426825,5,58,18,63,0,0,0,0.8420081477305504,0,0.9884448541137072,121,124660.7622257681,0,0.004548787790019084,13682.193283081804,0,2212.4797001041666,3892.359497534964,0,16169.742913893047,0,184,184,0,0,2280.2843103594187,0,3719.666666666666,1320504.5449132775,0,0,0,0,0
3420,0,0,0,0,0,0,0,0,0,0,0,0,0,0,0,0,4395.607675271953,0,29.14694459064874,661.5986247795332,4527.01431717843,23030.17300829462,14185.528768259943,6.842538886302829,34.80988645641312,0,0,0,0,283531070.60730493,182.62478800765393,0,1372748946949.5044,1372748946949.5044,1198868256768.5432,1372748946949.4917,0,17542479659.074913,1355206467290.416,0,0,1,173880690180.88812,0,3.5193214776775674,21,101,391256,1480976,0,0,0,0,0,6560,19574,2255.3,11127.500000000002,2249.5,5310.833333332909,5,58,18,63,0,0,0,0.8420081477305504,0,0.9884448541137072,121,124660.7622257681,0,0.004580297155912826,13681.84326355868,0,2308.5630334375,3784.808202853975,0,16169.599204364005,0,184,184,0,0,2280.2690273789876,0,3717.444444444444,1319704.5449132775,0,0,0,0,0
3450,0,0,0,0,0,0,0,0,0,0,0,0,0,0,0,0,4395.607675271953,0,29.146944575218473,661.5969689166494,4604.657026632809,23365.990130330432,14163.523122089986,6.959912519207629,35.31755922127596,0,0,0,0,97087459.94942705,183.1177890700513,0,1374393465614.6492,1374393465614.6492,1198868256768.5432,1374393465614.6362,0,19186998324.49236,1355206467290.1436,0,0,1,175525208846.0329,0,2.7607197834565547,21,101,391240,1480084,0,0,0,0,0,6553,19464,2254.6,11116.500000000002,2278.5,5150.333333333333,5,58,18,63,0,0,0,0.8420182907324478,0,0.9884448541137072,121,124660.7622257681,0,0.0046942593296189754,13681.679958071823,0,2298.8130334375,3822.512406311455,0,16169.540454313314,0,184,184,0,0,2280.262329595166,0,3714.1944444444453,1318534.9427402315,0,0,0,0,0
3480,0,0,0,0,0,0,0,0,0,0,0,0,0,0,0,0,4395.607675271953,0,29.14694456963795,661.5962515877089,4632.737093539749,23550.817362473776,14175.415532801208,7.002362970500566,35.596963111499136,0,0,0,0,33834770.2104658,183.9211096961756,0,1376064212028.201,1376064212028.201,1198868256768.5432,1376064212028.1885,0,20857744738.044537,1355206467290.1436,0,0,1,177195955259.58508,0,2.1995891424002476,21,101,390615,1479881,0,0,0,0,0,6508,19432,2250.1,11113.300000000003,2246.5,5310,5,58,18,63,0,0,0,0.8420182907324478,0,0.9884448541137072,121,124660.7622257681,0,0.004768547979597625,13681.604904918657,0,2292.396366770833,3883.6400648666704,0,16169.516579431449,0,184,184,0,0,2280.2594276305936,0,3712.0555555555557,1317764.9427402315,0,0,0,0,0
3510,0,0,0,0,0,0,0,0,0,0,0,0,0,0,0,0,4395.607675271953,0,29.146944567619684,661.5959436505558,4642.892452785435,23640.58205568005,14197.230045611266,7.01771602039588,35.73265870591042,0,0,0,0,12130048.035869125,184.53187503811,0,1377676347075.6443,1377676347075.6443,1198868256768.5432,1377676347075.6318,0,22469879785.487858,1355206467290.1436,0,0,1,178808090307.02838,0,1.7857209933953333,21,101,390600,1479004,0,0,0,0,0,6501,19324,2249.3999999999996,11102.500000000002,2275.5,5133,5,58,18,63,0,0,0,0.8420290547344617,0,0.9884448541137072,121,124660.7622257681,0,0.0047998532602234675,13681.570870198333,0,2282.8130334374996,3930.0798858898415,0,16169.506930729478,0,184,184,0,0,2280.258182991863,0,3708.861111111111,1316615.3405671858,0,0,0,0,0
3540,0,0,0,0,0,0,0,0,0,0,0,0,0,0,0,0,4395.607675271953,0,29.146944566889754,661.5958125587389,4646.565209327887,23681.335482785456,14206.461262047716,7.023268770939127,35.79426446367198,0,0,0,0,4379663.698958449,184.9026464024502,0,1379306064878.236,1379306064878.236,1198868256768.5432,1379306064878.2236,0,24099597588.079792,1355206467290.1436,0,0,1,180437808109.6203,0,1.4871387037839614,21,101,390014,1478812,0,0,0,0,0,6457,19292,2244.9999999999995,11099.300000000003,2243.5,5291.5,5,58,18,63,0,0,0,0.8420290547344617,0,0.9884448541137072,121,124660.7622257681,0,0.00482279785116139,13681.555620127372,0,2276.896366770833,3958.2636476248076,0,16169.503051302512,0,184,184,0,0,2280.257653998445,0,3706.749999999999,1315855.3405671858,0,0,0,0,0
3570,0,0,0,0,0,0,0,0,0,0,0,0,0,0,0,0,4395.607675271953,0,29.146944566625763,661.5957571788211,4647.893486435655,23699.07215223809,14217.69782482419,7.025277045692098,35.8210763824964,0,0,0,0,1624502.38508707,185.10326598059197,0,1380880457210.217,1380880457210.217,1198868256768.5432,1380880457210.2046,0,25673989920.060658,1355206467290.1436,0,0,1,182012200441.60114,0,1.277864754793725,21,101,389969,1477978,0,0,0,0,0,6451,19186,2244.4,11088.700000000003,2272.5,5114.5,5,58,18,63,0,0,0,0.842038541333095,0,0.9884448541137072,121,124660.7622257681,0,0.004828135555543552,13681.548860262528,0,2267.5630334374996,3973.5113812564923,0,16169.50149890652,0,184,184,0,0,2280.257430996362,0,3703.638888888888,1314735.73839414,0,0,0,0,0
3600,0,0,0,0,0,0,0,0,0,0,0,0,0,0,0,0,4395.607675271953,0,29.146944566530294,661.5957339482902,4648.373866450884,23706.57094988819,14215.165193642153,7.026003385345584,35.832412050802425,0,0,0,0,626869.2956267918,185.20433769508895,0,1379050505156.366,1379050505156.366,1198868256768.5432,1379050505156.3533,0,23970121007.464733,1355080384148.8877,0,0,1,180182248387.7496,0,1.1367726668341307,21,101,389397,1477830,0,0,0,0,0,6413,19154,2240.6000000000004,11085.500000000004,2271,5273,5,58,18,63,0,0,0,0.842038541333095,0,0.9884448541137072,121,124660.7622257681,0,0.004835766541429728,13681.545892926937,0,2198.646366770833,3981.192543040493,0,16169.50088042528,0,184,184,0,0,2280.2573376797923,0,3701.694444444444,1314035.73839414,0,0,0,0,0