tick,totalPopulation,employable,employed,unableToWork,inEducation,dependencyRatio,avgGroceryStarvation,avgHealthcareStarvation,maxGroceryStarvation,starvationMildFraction,starvationSevereFraction,starvationFatalFraction,deathsLastMonth,deathsThisMonth,birthsThisMonth,meanWealth,foodPrice,wealthToFoodPrice,waterPrice,priceLevelRaw,priceLevelRefined,priceLevelManufactured,priceLevelServices,refinedToRawPriceRatio,manufacturedToRawPriceRatio,groceryFillRate,groceryTotalDemand,groceryTotalSupply,groceryTotalVolume,gdpAnnual,costOfLiving,bankEquity,bankDeposits,bankLoans,householdDeposits,totalLoans,loansWageCoverage,loansBufferCoverage,loansRollover,loansStarter,loansOther,agentsInDistress,totalAgentDeposits,workerUtilization,avgWage,existentialAgentCount,nonExistentialAgentCount,existentialSlotCapacity,nonExistentialSlotCapacity,existentialUsedWorkers,nonExistentialUsedWorkers,existentialFillRatio,nonExistentialFillRatio,foodChainFillRatio,existentialMaxScale,nonExistentialMaxScale,existentialOperatingScale,nonExistentialOperatingScale,existentialContractionIntegral,nonExistentialContractionIntegral,existentialNegativeProfitFacilities,nonExistentialNegativeProfitFacilities,existentialAtLowerBoundFacilities,nonExistentialAtLowerBoundFacilities,productionEfficiency,avgFacilityCondition,avgWorkerEfficiency,avgResourceEfficiency,avgConditionEfficiency,avgMaxMaintenance,facilitiesBelowFullMaintenance,avgHrBuffer,hrCoverageRatio,avgStorageStarvation,maintenanceServicePrice,maintenanceServiceVolume,maintenanceServiceDemand,adminServicePrice,adminServiceVolume,logisticsServicePrice,logisticsServiceVolume,priceCeilHits,priceFloorHits
30,9800300,1131144,3497540,1238878,3932738,1.1172972706713182,0,0.6382851458763857,0,0,0,0,0,18459,16917,9.147076240978535,5.615344730240146,1.6289429554910604,2.7922252566818853,2.484774747227317,9.122063954025432,44.01329884548852,5.145143156528876,3.671183460071968,17.71319468479048,1,374.13402387662154,3008837.859065933,374.13402387662154,1525131344.4093943,0.2525494517836284,0,8970964346.977448,8970964346.977448,89644091.2844621,8970964346.977448,414825840,8535445848.9774475,0,0,20692658,0,8881320255.692987,1,1,21,101,635701,2032863,635701,2032863,1,1,1,6359,22269,5726.7262270193805,20626.472131763985,62.27298685135683,161.16925843098406,9,9,0,0,0.9999850834205463,0.9135226412955909,1,1,0.998043190402204,1,0,285995.78700000007,12.860660055370605,0.2332937587221095,5.918966153332973,18291.312379970717,48839.02146689348,0.9490237852222017,71617.43186485015,2.494887855792822,329389.01253067114,0,0
60,9800590,1129620,3493511,1230508,3946951,1.1199031565404485,0,0.6585983276799786,0,0,0,0,18459,16647,16937,18.923980226738784,4.448345344801568,4.254161662347945,3.3465851583952313,3.175277191399215,12.739361289531372,59.25486379882486,8.080305068301318,4.012046987279764,18.66132001304543,1,574.8644832459138,2480589.732188127,574.8644832459138,3944438482.658401,0.33016963926072573,0,9337413203.61366,9337413203.61366,185466171.37037417,9337413203.61366,414825840,8901894705.61366,0,0,20692658,0,9151947032.243288,1.0000014208723305,1,21,101,500787,1610592,500787,1610595,1,1.0000018626691303,1,6305,22252,4713.867068797578,17310.221481963352,132.2887650807153,504.6540122792255,6,6,0,0,0.9999989810701175,0.869816970014503,1,1,0.9903087760028834,1,0,282838.2471013282,16.075058730328944,0.05449870993873008,12.451386733515891,20140.1689015743,40056.36071751332,1.007040283765303,44596.118006027835,3.0333128197420174,159080.904170039,0,0
90,9800996,1113449,3504142,1222341,3961064,1.1225344557367685,0,0.7467709683361182,0,0,0,0,16647,16520,16926,24.706908389627767,4.090069664641345,6.0407060063595015,2.3463605765386117,2.7244629943679386,12.821498138583058,66.8612052039177,9.663055357163646,4.706064338215604,24.541058308420578,1,774.5067728779704,1195445.764994267,774.5067728779704,4932915570.654821,0.36413378444787703,0,9602241113.684511,9602241113.684511,242152310.29910907,9602241113.684507,414825840,9166722615.68451,0,0,20692658,0,9360088803.385397,1,1,21,101,370218,1401218,370218,1401218,1,1,1,6220,22089,3446.2607074642624,14146.348579509564,107.99230069110598,991.6012090951414,6,6,0,0,0.9999999985923509,0.9825852082965987,1,1,0.9998126231602539,1,0,239814.2606862519,16.245414049590405,0.016787058732080917,21.201612830100785,16339.133599025501,21476.378243737247,1.0791858433394657,31867.495903504518,3.6695594373482314,333201.5810322069,0,0
120,9801542,820159,3792054,1214157,3975172,1.1251277857288897,0,0.7741956422135355,0,0,0,0,16520,16367,16913,29.01875578441641,3.087416728621834,9.39904079530263,1.3171418101391714,1.6845717906843776,9.503194507671285,75.58813377939104,8.434751571341268,5.641311673520603,44.87082960630752,1,977.5298560782275,550490.6859764727,977.5298560782275,4890411852.479249,0.38233279256945035,0,9602241113.684511,9602241113.684511,284428553.60870475,9602241113.684507,414825840,9166722615.68451,0,0,20692658,0,9317812560.07581,1,1.0016855771051598,21,101,335151,1230602,335151,1230602,1,1,1,6203,21935,2756.8343282746296,10735.562764180882,330.2321025288669,1289.9579422939973,6,6,9,15,1,0.999953188157409,1,1,0.9999999985710939,1,0,271389.1041187962,20.799380549968955,0.003971783298249046,12.123450457696249,8635.969646815434,11497.692989682857,0.9793666436657577,43184.47467534094,3.925481796092918,168136.41088133352,0,0
150,9802267,803965,3802957,1206128,3989217,1.1277258438497548,0,0.8121147109357514,0,0,0,0,16367,16178,16903,36.341215027311485,2.702978441208564,13.444877870007167,1.2765551983638634,1.3439239555254279,7.209349005268574,87.21776826344582,7.85896913867986,5.364402483955996,64.89784478121508,1,1186.3301036723904,510538.7440304931,1186.3301036723904,3815098146.4644876,0.4374713655822488,0,9602241113.684511,9602241113.684511,356226292.8021142,9602241113.684507,414825840,9166722615.68451,0,0,20692658,0,9246014820.88239,1,1.0196796635287335,21,101,318563,697428,318563,697428,1,1,1,6106,21655,2408.188512396994,6017.804185802611,256.79814868255255,1392.2156134222782,6,6,12,48,1,1,1,1,1,1,0,277299.42383234727,32.752190580311904,0.0008524986577853777,6.281096985247361,7139.263539539825,8942.356258452708,0.9534861045395115,15752.085905683696,3.3968757016561617,162285.65813725477,0,0
180,9803187,2816029,1785664,1198229,4003265,1.13034354964575,0,0.6077960394021309,0,0,0,0,16178,15972,16892,28.293660741864503,2.5186182257080008,11.233802905524104,1.2837876533298482,1.251325677510767,5.579523449231876,82.28353975728432,8.18708454328566,4.4588899193142835,65.75709364565189,1,1402.9675101077655,498010.06275576924,1402.9675101077655,4669026076.463005,0.5132861343422703,0,9602241113.684511,9602241113.684511,277368047.1670474,9602241113.684507,414825840,9166722615.68451,0,0,20692658,0,9324873066.517454,1,1.0513864217477096,21,101,311897,604615,311897,604615,1,1,1,5995,21321,2345.5000000000005,4516.068657654565,87.52188044523344,1493.9575533114469,6,6,15,69,0.9999999999926034,0.9997382147164952,1,1,0.9999999921400008,1,0,275702.1409760537,36.09800735519714,0.0001829792581700665,4.410876924648844,3160.5698325630024,6506.403740011756,0.9643407058896115,26937.75536552331,2.449401230034518,70850.09957279154,0,0
210,9803972,2721215,1874986,1190495,4017276,1.133059890113596,0,0.27077433700616577,0,0,0,0,15972,16097,16882,21.874102774302226,2.5409903554086095,8.608495001857145,1.299823327604756,1.2888232142056988,5.924078290859099,87.5250110204539,9.003613799498519,4.596501851892935,67.9107964969389,1,1609.1246711293572,491734.7131527671,1609.1246711293572,5761496299.620407,0.5330568774841281,0,9602718784.622934,9602718784.622934,214453091.12437364,9602718784.62293,415303510.9384225,9166722615.68451,0,0,20692658,0,9388265693.498552,1,1.0887426144454901,21,101,307182,882625,307182,882625,1,1,1,5946,21141,2340.6000000000004,6459.89069346796,275.409642494055,1433.2663751978107,5,6,15,69,0.9999999534677204,0.9975934766011901,1,1,0.9999996172504424,0.9998630955479336,0,256915.1766291276,25.911615241375547,0.002142017781187386,4.897128102053969,4032.206540065675,11728.90975749456,1.1617338897669705,22684.62000891764,2.6763694960772644,115861.16717164291,0,0
240,9804901,2327225,2263617,1182810,4031249,1.13575222148791,0,0.11321271240294911,0,0,0,0,16097,15939,16868,9.113283425002361,2.5914432058331505,3.516682674923773,1.3008743263624933,1.340535529462168,6.111564461903022,95.30109643709947,9.041365917920107,4.559046983525326,71.09180946165219,1,1744.0328704631838,477289.90235089674,1744.0328704631838,6796555746.38788,0.5482142095216203,0,9602718784.622934,9602718784.622934,89354841.76707293,9602718784.62293,415303510.9384225,9166722615.68451,0,0,20692658,0,9513363942.85585,1,1.1241270665484755,21,101,301458,1267936,301458,1267936,1,1,1,5886,21011,2334.6000000000004,10072.72521172825,185.24539537017307,1590.5817922203285,3,6,15,69,0.9999999984982126,0.9984663179471408,1,1,0.9999999003888703,0.9998248488195444,0,245013.36568878207,18.734367458174205,0.002169282350639463,4.705581682435865,10328.552935141284,16844.553305593665,1.1068906095430484,14201.986380621875,2.90760539874759,192181.38881395388,0,0
270,9805975,2621136,1964335,1175342,4045162,1.138488063712539,0,0.04128827057210969,0,0,0,0,15939,15780,16854,0.9674101317744362,2.6242677401516974,0.36864002745334,1.31439794221036,1.3769648852522154,5.829441648792117,88.02597862434915,7.744957044625219,4.23354416022334,63.927540612791766,1,1902.9152589916037,465015.9821832295,1902.9152589916037,5586338163.836996,0.4568839298720253,0,9602718784.622934,9602718784.622934,9486399.566909134,9602718784.62293,415303510.9384225,9166722615.68451,0,0,20692658,0,9593232385.056004,0.9999812285811991,1.1669500613384558,21,101,266058,959209,266058,959186,1,0.9999760219097193,1,5810,20820,2086.123232920551,8155.425147081882,201.2126710069005,1404.9983353815066,0,5,15,63,0.9996551751543593,0.999901037935284,0.9996551752375233,1,0.999999997138081,1,0,281244.94149892364,27.54503835960089,0.0014585798371059134,4.757885088301371,10368.241239410834,11081.56107581389,1.0740001049647137,37521.56252167102,3.2292692890462775,156698.79842084023,0,0
300,9806947,2616286,1963711,1167865,4059085,1.1412562060630171,0,0.015056485211543309,0,0,0,0,15780,15875,16847,0.842894108312001,2.6370257421335594,0.31963817980405224,1.3501442907909111,1.404501026944156,5.163157622280985,56.177694679557014,6.594082525322372,3.6761508345171725,39.998329372379075,1,2064.312929906931,455297.26691777696,2064.312929906931,4325513476.198063,0.3553567076447244,0,9602718784.622934,9602718784.622934,8266217.846809805,9602718784.62293,415303510.9384225,9166722615.68451,0,0,20692658,0,9594452566.776102,1.000003895374146,1.1926044787783043,21,101,214020,812839,214020,812843,1,1.0000049210237205,1,5751,20674,1795.2089434842278,6807.1370921196485,312.50801419114134,1768.1147959001512,0,2,12,60,0.9999999992524319,0.9995659512938075,1,1,0.9999999847541603,1,0,273550.40774881584,31.967311053040085,0.003084617556354346,4.7331928455708665,7996.073683740835,10168.905754463072,1.2062555265795334,26372.617743820858,3.15776451202902,168133.55244803292,0,0
330,9808295,1927821,2647042,1160474,4072958,1.1439538189449607,0,0.0054900826557818215,0,0,0,0,15875,15487,16835,3.6566358041568083,3.2029111785639586,1.1416600711969414,1.3853771517338307,1.3483376575669077,4.814388492366922,45.985535169109625,5.946325568984152,3.570610421913563,34.10535551761649,0.9999993473745066,361854.2606704419,855080.5207781036,361854.0245151265,4636957410.90523,0.30037340980345345,0,9602718784.622934,9602718784.622934,35865362.67470963,9602718784.62293,415303510.9384225,9166722615.68451,0,0,20692658,0,9566853421.948195,0.9990988086084447,1.1990006894559728,21,101,610193,962170,610193,960753,1,0.998527287277716,1,5722,20325,3887.6634529380403,7920.061458834304,260.9756436597073,1416.6478052097943,0,4,9,54,0.9995970198166542,0.999030691328684,0.9995970203282539,1,0.9999999436510657,1,0,229933.2344971062,17.563931630783454,0.0053098127743961086,4.395256549421131,6705.072285096174,15408.111663893724,1.1725506321675405,21496.887368135634,2.7787615814675513,356974.49104368256,0,0
360,9809722,2673348,2451548,1153153,3531673,0.9141309404132298,0,0.002001704524028865,0,0,0,0,15249,15129,16556,10.139706044019103,3.1039231649680663,3.2667387384002535,1.5397312107249657,1.353870917454922,6.518077184452948,41.879514355309965,6.192021866283807,4.814400767767413,30.93316638637699,0.9433358462061159,277896.78291678656,1057772.0603080927,262149.9968707641,4442067875.3518305,0.2646756533285061,0,9607485758.174795,9607485758.174795,99467697.45352696,9607485758.174791,415303510.9384225,9171489589.23637,0,0,20692658,0,9508018060.721247,0.983198623184504,1.2065762190359344,21,101,429962,1074379,428716,1050350,0.9971020694852103,0.9776345218959045,0.9946891968313767,5688,20191,2971.396211682947,8877.704623322274,332.70440884526596,1512.8281561407389,0,6,0,51,0.9690308233851951,0.9992763206534991,0.9763067266996157,0.9903420849823843,0.999999967298225,1,0,271800.13739047555,22.05176542957317,0.0016199364884339799,5.121509992699673,7620.040112845084,13684.34191438311,1.165255082474778,41301.95255555034,3.1230455594424895,221898.83525037463,0,0
390,9810651,2477486,2641577,1145351,3546237,0.9164935067218356,0,0.0007228187694454472,0,0,0,0,15361,16138,17067,5.036503188304953,4.365347416830971,1.1537462445454587,2.4930178836079473,1.978467150782069,10.4916659917024,46.35256651787668,6.95581043716067,5.302926554810448,23.428524703861754,0.8030449185041464,576921.4525932998,660887.2681906909,463293.8408810802,4818902053.211452,0.30856959156282443,0,5655325897.710622,5655325897.710622,49411375.040829636,5655325897.710623,208052198.3911193,4930610072.357758,516663626.96174365,0,0,0,5605914522.669767,0.9615329968379955,1.2102043523707628,21,101,547069,1303972,516473,1263364,0.9440728683219118,0.9688582270171445,0.9179307812711357,5624,19993,5010.120980709926,11414.060947423064,116.80191981758624,1172.7959871182363,6,3,0,48,0.9566079797787556,0.9984996741685788,0.9566079814198687,0.9995485113243275,0.9999999244782086,0.9998756906077547,0,261772.66209673596,17.649211389362236,0.0018537263280768404,6.578591610721146,10160.406455238928,20258.02538855759,1.3086670069335753,46329.91981951322,3.353322864234417,199786.64569666045,0,0
420,9811819,2424953,2688461,1137641,3560764,0.9188391552101981,0,0.00026100983299607184,0,0,0,0,16138,15883,17051,1.7832257457972926,6.374758569064547,0.27973227950167984,3.150682119627537,2.642884476101246,14.966367921687464,50.343659162003426,7.087605913613751,5.662891457051383,19.04875510724927,0.17062874018977492,1036234.1101140598,1791811.4127143403,176811.32075043456,5309214626.298612,0.3597948973951348,0,5603929092.932705,5603929092.932705,17496688.25388614,5603929092.932706,248959983.0454156,4791522491.519514,563446618.3677741,0,0,0,5586432404.678795,0.9738032330937083,1.197682271550744,21,101,441675,1239563,433581,1203614,0.9816743080319239,0.970998650330802,0.9755989246173133,5590,19910,4181.59391373813,10842.282299684028,69.71563862480365,1298.2221982715532,3,3,0,33,0.9443111876800592,0.9990673918562554,0.9493197386412717,0.9944422077356571,0.9999999762493263,0.9994658080342346,0,276488.0648027211,20.26549542133132,0.0018238302559137965,6.683484320609217,7628.656526154745,14580.731782972367,1.243536068199696,54426.98649253765,3.0386894018625212,218292.41221217817,0,0
450,9813005,2400112,2707543,1130037,3575313,0.9212348915500361,0,0.00009425086085222626,0,0,0,0,15883,15855,17041,1.5889206730778571,8.028679368932695,0.19790560814101646,2.9920390108989756,3.8288115243857663,18.094811346646235,47.99310690629108,6.685575652125269,4.725960322517855,12.534726925214825,0.07709519999399517,1477371.31284961,2294871.425304311,113898.23682953173,4761370482.362373,0.38396952105984267,0,7184954097.877068,7184954097.877068,15592086.50950151,7184954097.877066,284109127.4192649,6311584156.156867,589260814.3009336,0,0,0,7169362011.36754,0.9797665450109077,1.1915882730849283,21,101,394569,959525,389068,937628,0.9860582052822193,0.9771793335244001,0.9857289682305884,5590,19711,3809.213684914607,8546.45938278406,179.0740282119486,1208.3317756749993,3,0,3,30,0.9382118979433322,0.9994496741730504,0.962893933289239,0.9753179646865727,0.9999999855235205,0.9999989016730375,0,272233.36949198163,24.6235794326943,0.0013792065441756952,6.839106124988565,10495.421024662708,13489.683746492134,1.145859521715057,13133.3227321411,2.891660243387509,171045.59615274303,0,0
480,9814125,2275603,2826347,1122477,3589698,0.9236027401287743,0.04519725329127744,0.00003403421631207192,0.4537527680402326,0.1968658438729892,0.07398744157018583,0,15855,15908,17028,4.493197406331702,10.301459026934735,0.4361709729256363,1.874345700721829,4.351947627073614,13.424026325909985,57.39237068482461,7.205761598023829,3.0846019934611943,13.18774387995497,0.060859605367884706,2944585.9714199263,2480689.970339837,179206.34019242585,5481686319.351153,0.47671582328567785,0,7670985216.33157,7670985216.33157,44096800.99539761,7670985216.331568,284330656.6868515,6797393745.343783,589260814.3009336,0,0,0,7626888415.336144,0.9940307137211695,1.2019132809029747,21,101,642578,969340,642578,959718,1,0.9900736583654858,1,5573,19582,5438.928691730797,7743.638960447655,57.6726161639423,1462.6422869772257,3,0,0,33,0.9615376097265115,0.9999494834129836,0.9742981683833148,0.9872394413960367,0.9999999985667724,1,0,242333.26229613926,18.148950927629297,0.004548971143382831,6.334504941638506,10543.680205208248,12417.184023111407,1.1979479310863936,34948.72966823326,2.934840862888383,214336.2366813677,0,0
510,9803056,2651235,2442042,1113171,3596608,0.9247050572745209,0.16577944231261577,0.002571150567668897,0.7897528166903455,0.28594858582874566,0.26230004194610335,0,15908,28080,17011,3.4992239054188046,15.529383224801924,0.2253292262007036,1.4524258790603164,3.703105594158099,13.64233490465039,83.61123623533477,8.186035767196783,3.6840253559531497,22.57868000503069,0.1352805885431636,1237146.0232948624,2037715.3548895936,167361.8421451634,5402231689.773253,0.7390942281578514,0,9452816667.886818,9452816667.886818,34303087.90134564,9452816667.886814,284425147.40613717,8579130706.179745,589260814.3009336,0,0,0,9418513579.985453,0.9931308791398232,1.2346174594644201,21,101,625247,656722,618195,654968,0.9887212573590917,0.9973291590657843,0.9959368599162882,5573,19308,5300.6432832937535,5495.02789189265,65.85928689743884,1361.4303129349291,3,0,0,42,0.9548070072879101,1,0.9902676670583233,0.9637363712097333,1,1,0,282460.09900439664,26.622837673202568,0.000976385543427782,4.500374229242984,7936.904850447113,10017.665557350841,1.1244873602160421,22534.825205884248,2.648874632186317,168432.46917155982,0,0
540,9715145,2880131,2194342,1078303,3562369,0.9145130932808195,0.2475985561584369,0.11542805533537238,0.9239616854831898,0.2105581543044391,0.23438281157924046,0.13702101203842043,27385,94400,6489,4.281540553258025,24.158808494180047,0.17722482275106677,1.516096875886366,2.9933366486244184,18.0174837633029,144.40855174507348,11.74273421068668,6.019197263222229,48.243338019275626,0.12351307405740697,1066260.0279446596,2133951.0857278774,131697.05379598157,6179963305.374914,1.2606050020928237,0,9469023810.585161,9469023810.585161,41595787.29827041,9469023810.585157,286961657.14053386,8592801339.14369,589260814.3009336,0,0,0,9427428023.286863,0.9825280876156868,1.3028696139018452,21,101,602447,732839,583056,728900,0.9678129362416943,0.9946250131338534,1,5573,19088,5128.47218063444,6467.985017242293,106.0302910772996,1337.437629005294,2,0,0,54,0.9355233026681228,0.9991937823542137,0.9937714090337677,0.9417518983111527,0.9999999780477639,1,0,267505.3304536358,24.467771521633573,0.00035368558950888166,5.022121275644523,6019.728569189254,10540.69785279862,1.1904659485578808,38274.54046673979,2.835295144662951,140651.39423810694,0,0
570,9601417,2980988,2078278,1031532,3510619,0.8977885329611054,0.21226176984152467,0.2965013360292758,0.8066296402244679,0.3458807173982757,0.3375756932544436,0.005327859419083663,90775,127715,13987,2.2707281697850026,25.68814556733394,0.08839595539635021,1.6641949603370256,3.089125200879564,18.824128331175917,157.48142332413644,13.294029345509811,6.093676075613943,50.979294487415686,0.5337761712854427,312810.57968485815,1923743.7876031846,166970.8335617635,7371296046.672971,1.4548278981826328,0,9475182736.66916,9475182736.66916,21802208.05173981,9475182736.669157,291610707.8078094,8593901839.991922,589670188.8694234,0,0,0,9453380528.617397,0.9619532951941134,1.3716802407675415,21,101,476862,740957,476862,694623,1,0.9374673564052974,1,5573,18837,4637.10576615054,6827.107400139607,149.40946799193193,1254.5297182894856,3,0,0,69,0.9851743834468893,0.9977032082212378,0.9957860781193496,0.9893883403765735,0.9999997465298208,0.9998501356960371,0,281500.72301573656,28.835270414805468,0.00007591463775661537,5.327507460567662,6941.275202375639,14124.310383909127,1.1324637231710297,41940.221911421846,2.6631331947069388,28245.43036894768,0,0
600,9572341,3017649,2031369,1018973,3504350,0.8958817338341832,0.20132339870379554,0.5038859839825978,0.7550666598240893,0.36239996046944,0.3570470379189375,0,127715,45628,16552,0.7127505224350723,21.09383569619758,0.03378951712246219,1.4620516710547142,3.355047082285969,20.879084929329753,121.61012685044493,12.269144145382816,6.22318686362629,36.246921091666344,0.35522422055392344,329858.16626137355,1130605.3295371444,117173.6100035429,7936145132.489897,1.2571631390247404,0,9476314532.319439,9476314532.319439,6822691.048664154,9476314532.319433,291610707.8078094,8595033635.6422,589670188.8694234,0,0,0,9469491841.270746,0.9538356426078882,1.3976964424348437,21,101,327185,871532,327185,816194,1,0.9365049131873528,1,5573,18681,3319.579885594099,7385.005068273667,324.6468176310868,1261.5822031772368,3,0,0,72,0.9913016496276984,0.9998233985913891,0.9941015063176784,0.9972001701231286,0.9999999944870808,0.9997415636783782,0,275572.87248094095,28.921945127305044,0.0026055352979116944,5.711395652236745,10710.675681876504,13093.589603379583,1.1929282585645125,10884.80350506604,3.363319725366617,81156.53082118148,0,0
630,9535034,3412723,1618097,1007314,3496900,0.8953240227239297,0.3240418536445477,0.6527386183616002,0.8063985650828804,0.22063382259570338,0.5626813706170319,0.007726558709701507,45628,53771,16464,0.7540223716590599,13.432805155963285,0.056132904698935754,1.3492225320648525,2.641255678296304,14.43102735750041,70.543305589935,8.201143826427128,5.463699510836032,26.708245691472676,0.37115169438988493,305332.2550063512,924301.7869912453,113324.58379749168,4596824555.207408,0.7289988355607534,0,9476314532.319439,9476314532.319439,7189628.950517581,9476314532.319433,291610707.8078094,8595033635.6422,589670188.8694234,0,0,0,9469124903.3689,0.977118716298576,1.4404165625907341,21,101,204215,769594,204216,747311,1.0000048967999413,0.9710457721863736,1,5531,18462,1980.4934787411146,6672.960809121193,474.4448148359089,1232.386296394166,3,0,0,75,0.9929117402824487,0.9994025037748557,0.9929117402893254,1,0.9999999835817452,0.9998532062756272,0,283587.34531720285,35.764073366351504,0.0009105313339413646,6.031546448923598,5736.116601985941,8516.31088945731,1.2571968920931003,27008.78325849434,3.9835879896163178,66348.67315194674,0,0
660,9446240,3126975,1871889,978899,3468477,0.8896773346904416,0.40161661072292126,0.5653006962248098,0.884736170937687,0.2868234345093921,0.42456988177306526,0.13987046697945427,53770,104991,16197,5.754099800520709,8.81401463830134,0.6528352897800105,1.2849146238048539,1.7089558994469796,7.792559508925411,46.48288144936259,6.133993470738181,4.559836512719312,27.199579266149883,0.036267361702037704,4735562.3427074365,2788616.919716582,171746.35234551932,4862016745.160626,0.43563647924270893,0,9476356012.024887,9476356012.024887,54354607.69966077,9476356012.024881,291652187.5132577,8595033635.6422,589670188.8694234,0,0,0,9422001404.325209,0.9933294409455719,1.4550434595071704,21,101,572270,648917,572271,640770,1.0000017474269138,0.98744523567729,1,5511,18258,3678.6703227438907,5763.891770147386,451.98990188658235,1408.295362165964,3,0,0,66,0.988627722390691,1,0.988627722390691,1,1,1,0,241721.93595985675,23.91232638895372,0.0029161962899056934,5.91756127125528,4639.698710436597,7568.794193799487,1.3536378317533886,30145.16712161621,4.685839635346193,492226.68917746254,0,0
690,9398018,2485377,2494191,957982,3460468,0.8873159278073921,0.15381189360099787,0.26850467058210586,0.345347233409151,0.7103661644402043,0.1385197389492125,0,104987,64326,16104,30.674350084534233,12.682168428702141,2.41869915677136,1.4501381236545008,1.7564132883688222,5.228588757277045,66.98045667766698,11.956609671246337,2.9768556135969715,38.13479271719221,0.10501033870218035,4006432.296987027,420716.8124939625,420716.8124939624,6991943749.678847,0.841268611105513,0,9476604033.378475,9476604033.378475,288278094.23276967,9476604033.37847,291900208.866845,8595033635.6422,589670188.8694234,0,0,0,9188325939.145706,0.9260679091452004,1.4801812383505868,21,101,669276,1236270,648484,1116181,0.9689335939134228,0.902861834388928,0.9672875965470241,5493,18064,5053.638913950895,9248.801668034248,197.29606543284535,878.4972236545863,0,0,0,54,0.9247160910459015,0.9999774860935413,0.9588231052678797,0.9549130705428172,0.9999999995445504,0.9999725952954482,0,239023.16489296654,16.253951762604224,0.034480637937400326,6.10673984393224,14814.287222278732,15952.54357842897,1.4470104864899334,41190.43844818884,8.517684923312304,341436.2206295669,0,0
720,9398707,2723165,2447182,951731,3276629,0.8178097137387491,0.05548581685393017,0.09697162821163022,0.12489880310453363,0.85635321965032,0,0,63633,15085,15774,13.854865606297048,11.975902639809426,1.1568953107752988,2.088948398540224,2.6545449638224756,7.400492719806123,94.18266773389878,13.061173143890517,2.787857361869511,35.47977865037863,0.3800578324492766,856332.3320658524,815820.957551847,325455.80998118204,8327279782.370123,0.8159865028221511,0,9492273582.08404,9492273582.08404,130217822.35798001,9492273582.084036,297508673.9863844,8604445039.85157,590319868.2460812,0,0,0,9362055759.72606,0.9350686348827413,1.4786099853575994,21,101,678943,1132308,620076,1073568,0.913296108804421,0.9481236554011806,0.9384505969011938,5496,17963,5496,9250.842336987658,57.48878091471682,1113.0450215437781,3,0,0,36,0.9257238941156718,0.9989936320288479,0.9364542757430157,0.9832379736058992,0.9999999500496088,1,0,282109.16479303985,19.98832090756073,0.009441337952401959,5.394551428841005,9971.640244306729,17046.35850563387,2.0743361423226987,26749.439206578994,4.663422263941806,183458.05625962958,0,0
750,9400668,2483109,2681311,945605,3290643,0.8202756553494874,0.020017472596274007,0.035098215191070606,0.045171090160329316,0.8547334083067288,0,0,15314,14367,16328,3.8767908623561924,8.33242967992292,0.4652653561178395,2.7059586634813244,4.422371364555016,13.285579119633683,118.63785604698552,13.633272885418446,3.004175367567869,26.826751140317906,0.5355997672636694,325129.41686830565,1527430.731534069,174139.24000523705,9463839451.2517,0.5591183048482212,0,12617029233.080755,12617029233.080755,36444423.80245272,12617029233.080746,194143193.58611593,12002625353.511223,420260685.9834077,0,0,0,12580584809.278294,0.9431100217562478,1.4958265961314037,21,101,548794,1252068,534238,1164173,0.9734763864036414,0.9298001386506164,0.9747482338794529,5496,17862,5059.65820679709,10972.460608357145,82.40443399321452,962.390225041516,6,1,0,24,0.8568002701258876,0.9939905577263353,0.9203096624346389,0.9300645968559872,0.9999994303588513,0.9963959274914457,0,260747.1022080085,18.42289779385615,0.0020696742923896933,7.3062664750067965,13707.975165585656,19679.751148793763,2.5255319952916473,7640.63624253423,4.099009022341082,106739.25377239633,0,0
780,9402978,2265824,2892706,939805,3304643,0.8228018447115748,0.007222024013157995,0.034769090734145726,0.016336644832095563,0.8531252545736042,0,0,14367,14010,16320,7.040276460905703,11.182217203345862,0.6295957530496871,2.0613518065322207,6.285791215255057,22.722638082414946,110.1830798567582,15.192849030796031,3.6149209072151685,17.528911808167226,0.6818822122531609,381271.82053612696,286017.3220071074,259982.4724569644,10333903229.972462,0.7283730267131922,0,12373203466.357216,12373203466.357216,66199564.67582192,12373203466.357208,190892928.69408557,11780692839.06469,401617698.5984332,0,0,0,12307003901.68138,0.954779561057104,1.4758157661829665,21,101,505404,1329231,504949,1246723,0.9990997301168966,0.9379280200356447,1,5496,17727,4700.298986584519,12383.688448217255,152.1126575000029,947.1416507493719,3,0,0,18,0.9129085476542101,0.9982705128556797,0.9520028105174999,0.956166295366846,0.9999998781391825,0.9999613259668508,0,264076.7762629952,18.090837298055472,0.001907673317147797,9.133894809474212,17350.723171994654,24898.038487103262,3.0170870257882303,56940.20763876361,4.101413459435882,158641.4623085842,0,0
810,9405489,2286285,2866400,934200,3318604,0.8253568770456567,0.0029598290631793825,0.044964222208439285,0.23523210606649853,0.8515226587368291,0,0,14010,13796,16307,1.31784585857769,11.618196016876608,0.11342947361736583,1.4742163106427641,6.446371082562067,34.32237373347513,102.01805522295605,13.35096397745567,5.324293822662461,15.825656623914004,0.4312270372932192,297435.29664134706,2327834.4389168336,128262.14175707789,10244083230.947706,0.7569428549471547,0,13709796152.364965,13709796152.364965,12394984.726553593,13709796152.364956,293531038.9127866,12802018347.554886,614246765.8972855,0,0,0,13697401167.6384,0.9514024165256149,1.4964064838957853,21,101,499754,1207656,499754,1124680,1,0.9312916923362282,1,5461,17689,4277.122908086229,11716.421577067482,182.9813063440814,1015.7525733453024,3,3,0,15,0.9122588945414751,0.9987936925158594,0.9622929007593547,0.946775884800491,0.999999930224036,0.9994197070458111,0,273631.53001793294,20.213676641926945,0.0005020571759932004,9.471446158613826,6780.511814241619,17924.88798007197,2.539361423495626,57727.58468291641,3.4555363873661746,128843.30148484967,0,0
840,9408157,2641139,2505824,928670,3332524,0.827904533216967,0.002966750769681733,0.19757715414548246,0.5533628287439912,0.8462526720164215,0.0036720263065337876,0,13796,13631,16299,0.9054497288869731,8.789605558799245,0.1030136930297777,1.4412557777534356,4.96678314201202,38.85971010502855,97.23842824251847,12.892208875839584,7.823919223758713,19.57774790286649,0.6881461080602287,306891.6501020322,868322.274875637,211186.29461389492,8821020432.23642,0.6405207628924211,0,15738008904.977562,15738008904.977562,8518613.20498176,15738008904.97755,305477689.6452,14806966234.563854,625564980.7684968,0,0,0,15729490291.772556,0.9699082592499338,1.5428778687483877,21,101,327214,1221716,327214,1175106,1,0.9618487438979272,1,5470,17571,2773.919808739932,11123.227110180615,456.4012715542006,1194.308754102648,3,4,0,18,0.9615079625926463,0.9988987442349196,0.9766618286924946,0.984846136786813,0.9999999404183318,0.9998125237135645,0,271429.40578952467,21.680819462393472,0.0003080646743752224,12.122389718688947,11832.660623166372,18536.474042056387,2.245090803338713,36285.53057051742,4.121178905302593,126493.79501596029,0,0
870,9410520,2695520,2445666,922972,3346362,0.8304181175316357,0.007890883729720556,0.3949208585933521,0.5775476382221527,0.8404378291529054,0.007888405741659334,0,13631,13925,16288,1.0673071995949968,9.248232109286041,0.11540661901460346,1.4773520583602722,4.691963778915973,31.085399126361718,84.90375864831573,10.938450519927343,6.625242774901315,18.09556992529295,0.4784335456780927,376790.4936961057,2383352.0480863815,180269.2118768269,6886820264.0321,0.6028181022713142,0,16358193385.539127,16358193385.539127,10043915.74793955,16358193385.539114,340209030.1536186,14837774677.469769,1180209677.915728,0,0,0,16348149469.791157,0.9967328100434661,1.5758138513973516,21,101,377584,1006480,377584,1001958,1,0.9955071139019156,1,5442,17467,3089.014329182134,9567.980786852586,416.0507258951078,1411.1891557786103,0,3,0,27,0.9916418193873482,0.999825667761538,0.9916418193873482,1,0.9999999949890582,0.9999944751381216,0,273777.48297671665,23.814641349959626,0.00006612262092238121,9.87491279800755,10616.95154811787,13014.51135510553,1.81381424877466,30331.526744089555,5.0071666768296,126467.00002828191,0,0
900,9403338,2541780,2592045,911525,3357988,0.8316436575068297,0.1936612696238091,0.37503302823715096,0.8321639279744005,0.5372787833426811,0.3109370310840682,0.003142288408648078,13925,23457,16275,5.88080649075705,11.690220676950247,0.5030535054271738,1.667847012614142,3.2663377258681816,14.693742955700818,73.70388703360007,9.621503437608759,4.498537563746648,22.5646865753938,0.04711826778880346,3123314.720642134,2950350.5707612056,147165.1793959279,8676743306.525242,0.6379372468185529,0,16351501515.126904,16351501515.126904,55299211.14518799,16351501515.126892,340677744.61083525,14824104044.505825,1186719726.0102327,0,0,0,16296202303.981686,0.9984333564522051,1.6058645252817105,21,101,582464,1010751,582465,1008254,1.0000017168443027,0.9975295597036263,1,5421,17401,4465.176935268111,8510.27655545666,269.0827300065653,1996.465546688508,3,0,0,27,0.9944134953112986,0.9997365766899245,0.9944134953112986,1,0.9999999932995818,0.9999964680079609,0,251158.1286427404,18.94676271367152,0.0030567261063467613,7.780527739120144,6602.861238430974,12046.474813741108,1.558665262817154,17715.237855391762,5.724666945396226,199678.89352966248,0,0
930,9381536,2737883,2387155,896415,3360083,0.8305300370455789,0.13619667491609638,0.1515295811217749,0.7559489673513565,0.6942726649452712,0.15510402560945244,0,23457,38038,16236,5.218932715654384,15.726753095811883,0.3318506168348388,1.542774733695786,3.4016606255767345,7.115236558504102,81.05437817962802,9.157596018961305,2.091695010667841,23.82788499540152,0.1587496222994631,1223829.502344046,1982434.6203849902,194282.47125605718,8774962607.483297,0.7324191517081908,0,16352558289.576025,16352558289.576025,48961605.15350297,16352558289.576015,340104094.8251462,14823003543.65759,1189450651.0932782,0,0,0,16303596684.422503,0.9963232962656584,1.6405918597814502,21,101,661619,757587,659363,754625,0.9965901825673084,0.9960902180211646,0.9950420121453533,5541,17140,5469.508859529345,5835.100693802053,120.16177031307923,1868.5540039595353,5,3,0,48,0.9871412913477573,0.9969610924206721,0.9891367187200206,0.99800465057818,0.9999997993958786,0.9982111491477249,0,264110.6432599825,22.414106195524926,0.0006560919131783762,5.8323314527895915,10121.01786802858,13178.370533041541,1.3850410873769305,21299.893018747764,5.298924492476585,214419.1147373255,0,0
960,9361648,2700838,2413851,892026,3354933,0.8303455009678985,0.1168310827726245,0.07557929699754513,0.9117361341704229,0.7120499510342624,0.09877363472756079,0.036599432065807215,38038,36102,16214,16.27309444213968,20.098143470426585,0.8096814746140472,1.6508575301342638,4.265954455915716,8.698661483581175,105.49676598422592,10.086223363062691,2.0390891589380433,24.729932556577268,0.10588797913205561,2038788.5652720127,2368362.6019227025,215883.2010541965,8974264026.764133,0.9215604296221411,0,16351788924.71455,16351788924.71455,152342982.03808305,16351788924.71454,340466525.61394835,14821871748.007313,1189450651.0932782,0,0,0,16199445942.676445,0.9342885421248813,1.6515491105133984,21,101,640108,1087612,613992,1000197,0.9592006348928618,0.9196266683339279,0.9962474662020673,5541,17003,5541,8440.167963674052,35.521411244458626,1896.8311225499317,5,2,0,42,0.9638780729713673,0.9991542002116274,0.9657255860173113,0.9969322452606502,0.9999999797067178,1,0,245811.3588850995,18.273797595084552,0.003007404198259202,5.7038809979483895,3667.0656232680567,12766.803875431942,1.6125892154424317,34956.93517867969,4.631520851619287,208694.85737543824,0,0
990,9314391,2599160,2497948,889047,3328236,0.827387412626925,0.1097290839344101,0.1677562249403705,0.9680783567001026,0.7144302832037006,0.08434904654528676,0.04623254488672421,36102,63423,16166,17.124058353855734,23.408057393273424,0.731545470269418,1.6634597820666126,4.615796549693877,14.590846549423686,136.36289596981558,13.797202638340348,3.16106795270068,29.542657372725685,0.1817651391844307,1197744.92151565,2435403.3174892636,217708.2723667373,10800455149.866669,1.1321268918034586,0,16351788924.71455,16351788924.71455,159500175.01464644,16351788924.71454,340466525.61394835,14821871748.007313,1189450651.0932782,0,0,0,16192288749.699888,0.9649954212454213,1.670819896453432,21,101,610944,1223616,598386,1171956,0.9794449245757385,0.9577808724305664,0.986772479353907,5541,16907,5541,10102.439992471134,0,1630.784870108586,5,0,0,42,0.932030816669412,0.9973777004851396,0.9555062112240476,0.9754400107736784,0.9999995838858654,0.9998329701522379,0,264064.22127666714,17.899200580000958,0.0007719189673737453,6.710891354608436,7438.1990915798615,18805.60369283667,1.9719761700324536,32933.56927080621,4.303109922357518,208530.898718669,0,0
1020,9240522,2390574,2680621,886015,3283312,0.8221586825196033,0.12193925096569941,0.2749501906934093,0.9884551701719776,0.6898445780444005,0.10729761803499846,0.04499204698609018,63423,89954,16085,13.041984518047878,26.804087374110026,0.4865670050995687,1.5038525161761502,4.033990888721946,25.446319674593738,183.7888862448313,18.056621813779984,6.3079764869413655,45.56006478811347,0.12426752201021296,1038847.8686355938,2805120.875361116,129095.05038093649,12866885075.678745,1.4200714824666902,0,16351747445.009102,16351747445.009102,120514744.86269042,16351747445.009092,340425045.9085001,14821871748.007313,1189450651.0932782,0,0,0,16231232700.146395,0.9629907674141635,1.7381059080803114,21,101,560997,1403783,560997,1331068,1,0.9482006834389646,1,5541,16915,5195.662557378633,12355.842597915129,44.26908754659634,1335.1147036638097,5,3,0,21,0.9406809140964761,0.9982879901597629,0.9514713498361009,0.9892096729103471,0.9999996877728317,0.9994486417782854,0,255496.65996320386,16.204305452288615,0.0009893442120053873,8.903954489744947,7282.964892825679,21877.01198520487,2.178788936982501,21800.400378311893,3.672110871969771,216080.6192842425,0,0
1050,9212248,2444796,2608254,881775,3277423,0.8231064406645492,0.08438921957753213,0.36007086305023667,0.8783850160535914,0.7109535045083458,0.1242799803044816,0.0047863453089843,89954,44249,15975,8.937993880503672,21.63913511520084,0.4130476487586142,1.5356252890906517,4.295775765789643,32.958795239529216,229.5269370717676,19.773664903869076,7.672373288662747,53.43084685649934,0.5292218056501594,301343.9766723125,1644672.9853911132,159477.80345632072,13002947905.993412,1.4895703943398677,0,16420777567.399178,16420777567.399178,82339016.2496872,16420777567.399168,340177024.5549128,14891149891.750977,1189450651.0932782,0,0,0,16338438551.149467,0.9555888648198806,1.8501689735514857,21,101,467304,1236593,467304,1160921,1,0.9388060582584569,1,5541,16821,4306.338212937017,11512.217995390552,166.96528883898912,1291.8733748640311,5,6,0,18,0.9505430782331321,0.9991193588812409,0.9540510932869749,0.9964919929276832,0.9999999486572902,0.9999350004766848,0,273834.60939386004,20.18158001950787,0.0008560339296127347,12.494894493645646,9812.500225121621,16024.32760674044,1.802542531653748,27226.922790581626,4.355432976065461,165441.27958833834,0,0
1080,9211838,2437625,2752811,877238,3144164,0.7747715220840793,0.03054362788393589,0.4330657359409017,0.3290278463577401,0.8379675152776243,0.0019804950977209976,0,43972,16049,15639,15.19730604280795,17.2813455214675,0.8794052537129888,1.5569797603512017,5.470276807466302,33.85517694601085,259.27152983441607,21.457769531739302,6.1889330535892455,47.396418674927034,0.39282008579541805,1631160.1222143245,753982.3764756402,640752.4591542956,14602493234.085384,1.5877025203815087,0,16419771764.795614,16419771764.795614,139995121.30277655,16419771764.795603,342555567.73892194,14876971513.989748,1200244683.0669324,0,0,0,16279776643.492811,0.9734556108373627,2.000048126337851,21,101,568777,1185266,568777,1138706,1,0.9607176785632929,1,5541,16755,4611.921751005948,11594.219590301354,266.75668305789935,1398.5570729630517,5,8,0,18,0.9443996935268497,0.9997138102321631,0.9604856993792108,0.9839139941476388,0.9999999926510533,0.9999881777786895,0,259958.15575253425,18.269569120339185,0.002026765094904359,12.976312871450283,11736.753711813604,14670.349463104345,1.8049422911441366,22565.91327177619,4.757109930487712,144468.63103996063,0,0
1110,9214499,2698940,2485193,872388,3157978,0.7774426311979264,0.011029780135903926,0.5287307762299546,0.11899670888475453,0.8383467185790567,0,0,16248,13405,16066,38.49411724780486,15.338682039067834,2.5096104834665596,1.9542235877754495,6.43585366227384,26.16417813570715,340.7045620925697,25.15225240011581,4.065378038204668,52.938519110485174,0.9999999999999984,262890.5027010574,1468117.1227789833,262890.502701057,15908811250.525932,1.8265338923156933,0,13461243285.853937,13461243285.853937,354704004.8857697,13461243285.853933,317872577.5998317,11221846456.333496,1921524251.9206026,0,0,0,13106539280.968124,0.9949652146859126,2.1208394177486496,21,101,575473,954483,575473,946780,1,0.9919296624455334,1,5541,16688,5298.258011058669,9748.789853897415,143.08614585062486,1677.3256812073635,5,2,0,18,0.9810050267471364,0.9973455820861822,0.9810052800368132,1,0.9999998209228499,0.9989329711731977,0,269353.3570064227,21.233265981916755,0.0005116543841865139,15.883067829279234,7456.505447868076,15577.219779607904,2.054071129333329,30167.826762838526,6.3642211125848815,139218.11880384252,0,0
1140,9217208,2809123,2368643,867650,3171792,0.78015151708285,0.003983286130677173,0.6517485144875957,0.04303652983221098,0.8367498053640539,0,0,13405,13348,16057,40.839913327353585,11.253117146443163,3.629208937921889,2.305871437268206,5.472420138359314,25.5874497535135,372.3219972240106,28.27302224991586,4.675710034424527,68.03607687468902,0.9999999999999996,264372.11110227223,505326.40172524174,264372.1111022721,18019042792.09822,1.9922245460082408,0,31895864253.053055,31895864253.053055,376429975.84018815,31895864253.05304,312232383.13093626,29665416380.537033,1918215489.3850734,0,0,0,31519434277.21283,0.9966975708799138,2.269089096024515,21,101,489330,859677,489328,855224,0.9999959127786974,0.9948201475670514,0.9999918434596782,5498,16559,4454.94783527435,8516.765044556658,160.97845605622513,1680.7730899261685,5,3,0,27,0.9876947164838715,0.9995382612652188,0.9876947195174466,1,0.9999999885263663,0.9999025540743532,0,254650.2001761976,22.727290592809883,0.0004870007560221064,13.805878468923273,10589.458122670281,13670.74689633755,2.187410001724914,27363.740836171237,7.5298086979663275,173181.1652873564,0,0
1170,9219938,2987360,2183782,863226,3185570,0.7829597408077364,0.0014385235457228254,0.3228058288502886,0.01556465651325317,0.8351574598440901,0,0,13348,13319,16049,4.63119320218675,9.061376588433284,0.5110915716822101,1.4992244479364116,3.6365533264869287,23.642115200845577,344.03316247781163,27.456086068462938,6.5012425443200925,94.60418467454811,1,368021.7363347188,516943.2925320142,368021.7363347188,20186425331.813972,1.9673992029128868,0,29339604886.621704,29339604886.621704,42699314.19019339,29339604886.62169,248611404.94205663,26859201297.33864,2231792184.341002,0,0,0,29296905572.43148,0.9995183044315993,2.2668880166070964,21,101,486110,813466,486110,812840,1,0.999230453393258,1,5469,16420,4069.334185305721,7739.9591648549695,173.5750184892124,1483.3330888041698,5,2,0,45,0.9953277686048164,0.9997327844231643,0.9956211522850429,0.9997066254807953,0.9999999913958152,0.9998201747402663,0,269681.4031826103,24.913790663161194,0.00024001563636084062,11.9754049575704,6560.982031974229,11431.329545103206,1.9336618659795006,28653.950057455484,8.25207496789926,208633.5225784317,0,0
1200,9222834,2865168,2299485,858819,3199362,0.7857606309659139,0.0005195232424841217,0.1572157167792295,0.005629137231093256,0.8335703537546052,0,0,13319,13138,16034,4.666420966986908,8.102001264516769,0.5759590519226152,1.3379949465369465,2.6573655879175258,18.87517264944923,316.5073812663822,25.229414567617162,7.102964204575619,119.10569727608188,1,258868.11007591317,382652.84361464693,258868.1100759138,19125788037.123547,1.7927020414684958,0,27172368797.255306,27172368797.255306,43037625.95265237,27172368797.255295,246185461.3503012,24693505891.640686,2232677444.2643123,0,0,0,27129331171.302635,0.9995308120373708,2.2930352213916723,21,101,463583,851455,463583,850838,1,0.9992753580635501,1,5469,16431,3393.3542587075967,7293.072518272786,346.790816311636,1669.022415416081,5,8,0,51,0.9914154574850087,0.9997583237855376,0.9957677576257568,0.9956476998693348,0.9999999843273195,0.9995317177343963,0,274780.95178175723,25.08611336383919,0.00013815841751019435,12.997985858550605,8318.556465320618,12344.770805927124,1.9394509195589382,27420.789909783227,7.463600316240911,88786.1845512958,0,0
1230,9225802,3104731,2053389,854544,3213138,0.7885977836886308,0.00018762826398883978,0.06281462813384771,0.0020358422904802865,0.8319904329184606,0,0,13138,13059,16027,4.830176537311223,7.252958109115603,0.6659595250165032,1.4019758332531114,2.62882525486579,16.00822114937399,270.33625351166984,23.348389310201068,6.089496104674048,102.83538360387189,1,258682.75799133332,594677.8033204884,258682.75799133352,19521550406.889904,1.588300664784187,0,24789049531.06662,24789049531.06662,44562252.35827449,24789049531.066612,213475338.9207245,22880960487.898815,1694613704.2470772,0,0,0,24744487278.70829,0.9987274640707164,2.2938337595760188,21,101,451435,706882,451435,705408,1,0.9979147863434067,1,5416,16270,3772.381670607759,6209.312134351995,212.3588422268608,1442.7481239653137,5,5,3,62,0.9959083293186998,0.9990223398738186,0.9959083294898812,1,0.9999999347043786,0.9996393557286605,0,271329.11556911527,28.145127617398238,0.0006671228202665186,12.975049204835305,7568.234237425306,13327.209198354114,2.1835500877751817,18302.614038688796,8.314944403144802,142587.03484156943,0,0
1260,9228751,2968720,2182805,850365,3226861,0.791460004561756,0.00006776267371560893,0.02305723476993427,0.0007362858039442523,0.8304126961492405,0,0,13059,13066,16015,14.762834130226354,6.905317073197365,2.137893738077219,1.5170841924008998,2.6809660399400843,15.355244979638927,252.73058442307226,22.917764384051328,5.727504470732533,94.26847660805149,0.9628702668597966,263192.9000699677,1283466.4107618066,253420.6179259736,20298976960.96809,1.4754661459553913,0,24784071519.941505,24784071519.941505,136242520.24216738,24784071519.941505,211672097.9177804,22880960487.898815,1691438934.1249058,0,0,0,24647828999.699276,0.9916500684992205,2.269960792440347,21,101,573070,803588,572502,792661,0.9990088470867433,0.9864022359716671,0.9982893369674883,5450,16151,4886.273676581833,6526.735465259583,239.13898312809332,1417.5932395903794,2,3,0,60,0.9828797628378434,0.9985790802085185,0.9829935676345773,0.9997563276128941,0.9999999101577903,0.9999992349194695,0,253406.33137598392,22.274819757873654,0.0011310523618899575,12.82065570753093,6143.994569349488,13698.436362016513,2.37897383164139,12001.920970832914,8.507447903652336,151678.8417096225,0,0
1290,9231700,2674837,2470287,846064,3240512,0.7942619070016582,0.000024472503516874112,0.008313155700765382,0.0002662862381947769,0.8288409502041878,0,0,13066,13056,16005,21.304974590315165,7.954184270308628,2.6784612810445387,2.18854718320034,2.9904662933032142,17.536766384087432,264.48981829166297,23.193638088388475,5.864224727547971,88.44434023013594,1,260685.71169315188,447200.2752656435,260685.71169315223,19572264399.615803,1.487843666042707,0,24781955593.24164,24781955593.24164,196681133.92542025,24781955593.241627,208392166.0977714,22880960487.898815,1692602939.2450473,0,0,0,24585274459.316196,0.9711563228844264,2.2348255582577474,21,101,484221,1220104,482308,1172858,0.9960493245852617,0.9612770714627605,0.9921119582383235,5451,16319,4489.115336615233,10410.685287060354,151.25463537583292,1518.4135793258017,3,2,0,39,0.9555524566738696,0.9973937933644558,0.9555527991717715,1,0.999999778438399,0.9992972670468804,0,262749.3226604924,19.049399709309572,0.001631697543870367,12.697274223454293,12353.04668214261,20879.762162707986,2.580795962645233,49347.89931774325,8.899018882014479,322255.10147729324,0,0
1320,9234914,2549806,2589105,841788,3254215,0.7970566137455971,0.000008838457049518218,0.002997351070321586,0.00009630548391952193,0.8272752729478585,0,0,13056,12780,15994,16.70790699966872,8.57963731682181,1.9473908258231476,2.7087506094741216,3.5462090259223484,26.27415744448746,232.8652251876835,22.453537234223887,7.40908312297065,65.66596144938653,0.9999999999999969,259936.68749760467,1054127.2595877454,259936.68749760385,18498306152.196556,1.2685770293658658,0,24904350205.24362,24904350205.24362,154296084.2619492,24904350205.24361,208168335.30896923,23003532196.723515,1692649673.2111323,0,0,0,24750054120.981644,0.9633742224592002,2.1708718140155354,21,101,444552,1475926,443437,1406702,0.9974918569706132,0.9530979195433917,1.0000112841769508,5451,16268,3987.903682803083,13246.087986306886,294.70561758746214,860.5739440405536,3,1,0,24,0.8990534316329545,0.9984452555971413,0.9309488904626433,0.9645145165075423,0.9999999343297097,0.9996633067867223,0,247419.1196464752,16.04760202210592,0.00075764883910278,13.23755400724205,10778.628291941179,22806.57775223431,2.5942706134644897,33295.05347986063,8.627596207053077,285259.17109927884,0,0
1350,9237919,2704472,2428035,837582,3267830,0.7998843450189157,0.0000031920020617861523,0.0010807275454630247,0.000034829987068987094,0.8257093399498306,0,0,12780,12977,15982,3.3308651125640676,8.89141169073308,0.37461600344471785,1.6795638877780643,3.9713471441407733,32.361902085944166,152.2254685661893,19.45541752072249,8.148847459404326,38.33093986527442,0.5974771329714703,347960.1922520656,231189.25960218708,207898.25805496576,13884956314.680622,0.7425060366927305,0,29265779731.855354,29265779731.855354,30770262.109802518,29265779731.855343,208168335.30896923,27364961723.335247,1692649673.2111323,0,0,0,29235009469.745544,0.9684363360898933,2.1494403805047932,21,101,303864,1280236,303715,1230385,0.9995096490535239,0.9610610856123403,1,5360,16189,2634.6615080473407,11907.69563694063,319.8307138352782,829.4325781550821,3,3,0,15,0.8993682089915764,0.9979506946545965,0.9363481179048638,0.963020107945615,0.9999998497641047,0.9999751381215469,0,275964.38557921996,21.586419574673357,0.000841292739404493,20.44519277466925,13478.679618589187,22398.373660209192,2.6809870500154194,39586.14842742231,7.410279883528481,208495.7335111822,0,0
1380,9241046,2530688,2595528,833366,3281464,0.8027032025181927,0.0000011528067844620608,0.00038967231221581026,0.000012596665837218195,0.8241511837512766,0,0,12977,12847,15974,2.0660167224315775,9.254652979221905,0.22324086349537872,1.4574098445866581,3.519498270073966,28.260215601219212,149.12217842099406,19.735500214803782,8.029614857752238,42.37029456413403,0.08552482902306069,1100548.6289434943,2030679.6578002628,94124.23332195621,11590692370.344925,0.5159091356911643,0,29386325362.565002,29386325362.565002,19092155.56876924,29386325362.564987,208168335.30896923,27485507354.044895,1692649673.2111323,0,0,0,29367233206.996178,0.9756035641573279,2.071694843925195,21,101,420791,981504,420791,947293,1,0.9651443091418883,1,5343,16101,3389.398905314598,9760.327984467853,372.0954905197341,851.0756219436711,6,2,0,9,0.8942446193138783,0.9983131579910722,0.9516310232747419,0.9379836337749928,0.9999997472765342,0.9996201505557527,0,256000.90218178488,22.454840683623363,0.0012222459287041661,32.673196001260884,7091.120264277188,16808.880778676605,2.858383851708446,22934.38802032703,7.715679069610114,173601.2431246008,0,0
1410,9244312,2317598,2802445,829225,3295044,0.8055145239991148,4.1634854579047895e-7,0.00014050530565372038,0.000004555729231258497,0.8225997781122056,0,0,12847,12699,15965,5.270401623698141,10.496154836180132,0.5021268937012174,1.4974482672322116,3.786199793779896,27.585677968625205,153.71265703919232,21.415273823819554,7.285848468415201,40.598136762808174,0.9909598267147652,268418.69255206006,959051.1200385183,265992.1410583933,15991677676.903479,0.5575340637885541,0,29628549885.317005,29628549885.317005,48721236.974809386,29628549885.316994,210819735.30896923,27707824372.71211,1709905777.2959175,0,0,0,29579828648.342186,0.9919223437898618,1.998046952549676,21,101,530909,1131083,530909,1117658,1,0.9881308445092005,1,5331,16046,3976.717615564408,9412.014529613365,328.4561939544305,926.6121184831549,6,0,3,3,0.9571958062588429,0.9998489871551907,0.97426556600436,0.982930240409816,0.9999999960493811,0.99910997655174,0,246509.4141586308,17.943541086917122,0.004679991707923716,36.63019607564162,8425.391510155661,13137.034268987518,2.735679549744285,23345.31892711499,10.590872217177072,334731.23338496184,0,0
1440,9247623,2742393,2510963,825151,3169116,0.7603267320927803,1.5036924168063053e-7,0.000050664054895816965,0.0000016466083589505193,0.8300576267003964,0,0,12450,12383,15694,5.849395327767973,9.601489294478466,0.6092175024484784,1.936036988660791,4.45857060264263,23.287531365595495,136.4620791238706,17.909186546922605,5.22309355195425,30.606687946802605,0.8724340950065832,274452.3736544056,565037.974508904,239441.60823158995,14361247039.828295,0.5267209452212529,0,29620564814.64236,29620564814.64236,54093002.7692123,29620564814.64234,207746519.9869109,27707824372.71211,1704993921.9433305,0,0,0,29566471811.873158,0.994315688573962,1.9936157155571932,21,101,569142,864277,569143,856128,1.0000017570307587,0.990571309892546,1,5293,15972,4686.586894087984,7463.314807021935,294.75379351745164,1202.5924862184154,7,3,0,9,0.9133091059230524,0.9999758272490584,0.9808241431994632,0.9324849627235892,0.999999999285489,0.9998950472476253,0,265516.0474308319,22.35499472851116,0.0011255550963674818,25.829809546898332,7419.817072730281,9879.422307906805,2.5469927285713196,30638.049897501103,9.139807381936777,239688.76593246686,0,0
1470,9250643,2707465,2539026,821119,3183033,0.7632057312211152,5.430813851466695e-8,0.00006399948066884858,5.955148711765836e-7,0.8284684643002654,0,0,12570,13115,16135,18.051376504447248,6.898442778351099,2.6167320777229057,2.0656020500560848,4.378288074318163,18.476212235366223,133.21082861717167,15.631998131816612,4.219962670739419,30.425322947238183,1,263055.1195260858,720021.557688029,263055.1195260859,11931448082.120056,0.5365002587959505,0,29936472406.650368,29936472406.650368,166986839.7012716,29936472406.65035,207877025.39674202,27618597589.11092,2109997792.14269,0,0,0,29769485566.94911,0.9907869096239706,1.974429210031055,21,101,525813,1176873,520800,1166199,0.9904661923535554,0.990930202324295,0.9999738543538104,5260,15932,4485.451542757579,9864.593965282273,294.3990860147651,1444.7819319924101,6,5,0,12,0.9427518316690512,0.9992389953136277,0.9923944387507606,0.9487689391447639,0.9999999577068083,0.9995043313824625,0,256881.4940453816,18.272553383520556,0.0006272550292956848,19.727798468496623,12793.5883800962,14662.903447379507,2.5879296698567007,33336.86275740747,8.210312642405874,290676.97755653097,0,0
1500,9253532,2423596,2815793,817233,3196910,0.7661471595256623,1.9613552784173612e-8,0.00003963168846769774,2.1537480959861923e-7,0.8268809142282104,0,0,13115,13237,16126,5.6382721105234115,6.344133587319684,0.8887379234562288,1.4773930978547343,3.786060004592058,17.956252819964305,162.56710668529865,15.979406704469405,4.742728007000793,42.93833338302176,0.9529362155122729,287133.36226196843,1016628.0465079381,273619.7795812347,12321743259.48053,0.594444725500459,0,15953100309.96098,15953100309.96098,52173931.399486,15953100309.960962,292873873.54538447,12476384248.909298,3183842187.5062838,0,0,0,15900926378.561483,0.9662891099510817,2.0131099468418303,21,101,530008,1449827,529965,1383128,0.999918869149145,0.953995200806717,1,5239,15977,4360.255984304937,12676.2131121108,204.17090554019111,1340.8220400368866,3,0,0,3,0.976183435969137,0.9976501339814965,0.9885348837054427,0.9876486246270857,0.9999997866153113,0.9997608480557849,0,246386.58054649935,15.454758166790596,0.001800256457518342,13.238224277110096,11695.817629345305,22591.630010643446,2.5537542520145036,46188.556790232586,8.09096605497528,249335.15597515146,0,0
1530,9256609,2525255,2707005,813582,3210767,0.7691416328699262,7.083493776853459e-9,0.00002027921374666149,7.789277960094282e-8,0.8253006041413221,0,0,13237,13034,16111,2.360899622212028,5.476195151023589,0.4311204325453482,1.4784238295607008,2.874179886782625,18.299581550597697,151.0310653457469,15.406713613946533,6.366888041611885,52.54753400797471,0.7107707933841076,302910.5321834977,909355.3909071378,215299.9592844669,10478188824.298935,0.6273700306642517,0,15879511397.54947,15879511397.54947,21853924.691109125,15879511397.549458,308477067.4277877,12476384248.909298,3094650081.2123723,0,0,0,15857657472.858345,0.949778869425779,2.003872855484641,21,101,401212,1268842,401212,1184970,1,0.9338987833000484,1,5201,15867,3360.4091068163116,11490.914767345892,286.9146115210807,1218.8308060307827,3,0,0,0,0.9501381509058525,0.9994368857855884,0.9855019802631172,0.9646285991786933,0.9999999796499572,0.9999773876307926,0,279197.42502852436,21.122223681407885,0.001000723126436315,16.214473049738103,9841.533369768731,15782.827825164777,2.0528740520352855,40924.8740889105,6.899196751674758,222284.39196014145,0,0
1560,9259691,2465355,2759545,810217,3224574,0.7722235832264732,2.5582547672708965e-9,0.000009480814219291603,2.8170820558208652e-8,0.8237251113455082,0,0,13034,13025,16107,2.443612993277577,5.607045632431492,0.4358111478785853,1.455138400318603,3.125771579578915,21.144219547109426,107.99621560982376,12.857139211892774,6.764480067976639,34.5502583475317,0.19064276640540778,695902.3054519565,1893798.9350623526,132668.74065926205,8634597259.67071,0.5039409746854109,0,15614899569.225555,15614899569.225555,22627101.241380103,15614899569.22554,301781151.0195431,12229687645.776258,3083430772.429738,0,0,0,15592272467.984156,0.9755903629195928,2.025073396287522,21,101,384036,1234587,384036,1195077,1,0.9679973950802981,1,5159,15861,3032.217248188077,11367.476500071332,188.5727010071792,1245.3320662952294,0,3,0,3,0.9617335664759943,0.9993590574320803,0.9863973899926699,0.9721167220197112,0.9999999841930294,0.9999305432965355,0,244345.60363052928,18.5683180593558,0.0018159379594994431,16.898560973688486,10284.609802831646,15532.17519102468,1.7972042639487944,31009.31646066417,6.88535595844785,186323.94301593653,0,0
1590,9262890,2442560,2775230,806725,3238375,0.7752515911909065,9.239410131963174e-10,0.003222666056038249,1.018830159853719e-8,0.8221557202989563,0,0,13025,12894,16093,2.302397018650616,6.003145920836771,0.38353174302477855,1.7329783773294283,3.140782393277354,20.735152992300957,96.29603112932934,12.460863035318464,6.601906912329628,30.659886318595294,0.6269732228178169,288248.3517761368,1249221.3260199947,180723.99808500826,10072386115.294235,0.5302459355779293,0,15654010987.245407,15654010987.245407,21326850.32013353,15654010987.245392,307910390.4604956,12270370134.18308,3075730462.6018147,0,0,0,15632684136.925257,0.9974457231835384,2.066739276951896,21,101,513673,1082865,513673,1078787,1,0.9962340642647052,1,5159,15795,4249.46460706974,9933.196093982464,212.58305799728757,1375.9618797225137,3,6,0,12,0.9744504612238619,0.9997002616769504,0.9904756066867645,0.983974854913589,0.999999992047091,0.9996242687956625,0,268083.2134347563,20.201440294996896,0.0005382597651889822,14.9544000374897,8232.4696225653,14992.789304451246,1.6785829364204548,51006.79232153159,7.806447322484159,220129.54814734752,0,0
1620,9266072,2584269,2626332,803341,3252130,0.7783115613726709,3.336827457619011e-10,0.0013175650945409503,3.6847165757303064e-9,0.8205912926210804,0,0,12894,12899,16081,7.584947807609497,6.545341390813754,1.1588315039235093,2.042410542986334,3.161800659933311,17.246241420925177,94.12846431849721,11.4163494236956,5.45456316695466,29.770524597361103,0.9469515457224598,268809.23949887574,361767.2569063789,254549.32484793928,9422308140.311762,0.5592202996468792,0,15732489666.594448,15732489666.594448,70282672.50160573,15732489666.594435,310604962.107912,12346595155.799593,3075289548.6869287,0,0,0,15662206994.092833,0.999966425534858,2.081808160998289,21,101,573620,915607,573623,915554,1.0000052299431679,0.9999421149030097,1.000009636201281,5122,15779,4518.944747715093,7913.882766851993,181.56886146977766,1903.8418723224015,3,6,0,22,0.9994350486713447,1,0.9994350490182676,1,1,0.9998104967005154,0,261455.79040122993,21.068479333314702,0.00048097271677882344,9.840938337692394,9759.761308531477,12658.890571919033,1.756722517952397,37761.14476099404,8.154521137338726,205325.38811571515,0,0
1650,9269307,2778183,2425262,799975,3265887,0.7813788749568795,1.2050928078142096e-10,0.0004723481083161787,1.3326201734557056e-9,0.8190297289754239,0,0,12899,12839,16074,7.4373665755094605,6.56733020498965,1.13247946172385,1.5268784735566698,2.3318361166509525,13.049627274567476,112.61195136731207,11.41572403419794,5.5962883417852325,48.29325292767507,0.9976972274607746,279688.43261356035,652527.9961330728,279044.37377139885,9168942628.076784,0.6005621858019246,0,15731644086.270687,15731644086.270687,68939234.05997369,15731644086.270676,311890505.3380069,12346595155.799593,3073158425.133075,0,0,0,15662704852.2107,0.9878315505089598,2.095004278286729,21,101,495545,1045736,482251,1040275,0.9731729711731528,0.9947778406787181,1,5122,15640,3916.1395243366674,9096.982016999127,233.51205769053738,1524.4475278842854,3,4,0,24,0.9675653224564034,0.9992281899239485,0.9905655970375683,0.9767034356070908,0.9999999672407792,0.9996035279279193,0,264026.2331113107,20.809594038694435,0.0006127725831159838,8.842227516351052,11089.84496470893,13905.802036450232,1.8250785478635392,36744.26648257873,7.558639552022201,291349.0836291761,0,0
1680,9272435,2631630,2564635,796587,3279583,0.7844422869118491,4.35214010834299e-11,0.00016934183244399616,4.819574288014644e-10,0.8174713546118145,0,0,12839,12933,16061,11.312651474676665,5.940430300784712,1.9043488269161748,1.4631194930783091,2.0557845119487053,14.858543732521808,125.29844173896207,12.25998558006172,7.227675685929357,60.94920990536602,0.9999999999999973,260291.29083219866,924905.2534530349,260291.29083219796,9532642686.27372,0.6086470306149728,0,15663444885.253994,15663444885.253994,104895825.47662626,15663444885.253983,313783025.3380069,12224023446.974894,3125638412.9410825,0,0,0,15558549059.777348,0.9795121413827492,2.080199303931392,21,101,513326,1211354,511044,1178301,0.9955544819471447,0.9727140043290401,1,5105,15580,4072.859621108807,10680.738466779707,259.93701681126487,1397.0726987087837,3,0,0,27,0.9582797435540864,0.9966463834309719,0.9749266523304659,0.9792413999518156,0.999999547761841,0.999245492504374,0,260639.71365312458,18.514137513873692,0.0007721777743535773,9.292166452734001,13156.51177169068,19936.173448453115,1.9216733149283682,26344.549399976062,7.151624121649252,285543.9809416609,0,0
1710,9275732,2737193,2451997,793252,3293290,0.7875105748681394,1.571823870962765e-11,0.000060707759438838564,1.7430545312440393e-10,0.8159182477458383,0,0,12933,12757,16054,10.21209451779816,6.145938427520102,1.6616005250021288,1.66387728484798,2.7063740855314666,19.547700300566625,130.16053607826603,13.736090918948044,7.222837524594435,48.094066808471396,0.8577793550506551,261995.5762727374,224734.39644135116,224734.3964413534,10614713348.881853,0.5998437410464733,0,12313127929.047285,12313127929.047285,94724651.90579379,12313127929.047276,313935273.6755045,8873554242.430687,3125638412.9410825,0,0,0,12218403277.141468,0.9718242146975709,2.005571096820876,21,101,410547,1209816,410547,1164161,1,0.9622628565004926,1,5070,15602,3861.705739676344,10824.828251053686,282.72984762510714,1335.3928427869746,3,3,0,27,0.9358333824125037,0.9994324254828993,0.9660409122267598,0.9665595488422123,0.9999999455189397,0.9999605580931312,0,272256.6928315193,20.74721354040388,0.0010369049483510454,10.299898506364086,8403.838720705939,14039.472443340821,2.1922946147978797,28766.218610251322,7.369994341462915,270049.5000181135,0,0
1740,9279075,2818685,2363353,790072,3306965,0.7906227241097036,5.6766237595812995e-12,0.000021765895820632835,6.303957398158371e-11,0.8143703979114297,0,0,12757,12706,16049,3.8503170001191425,5.918127566466728,0.6505971621726767,1.8553431569342707,2.9014275966999405,22.948560080019075,111.86272505891651,12.409655715893736,7.909402980146937,38.55437412470614,0.8275234427464144,297448.9716972818,855676.3968375627,246145.99710031544,9176671634.010904,0.40137145460030244,0,12282296787.508177,12282296787.508177,35727380.21791438,12282296787.508163,315078453.6755045,8833628911.454678,3133589422.377983,0,0,0,12246569407.290249,0.981884816831423,1.953155729117998,21,101,364437,986750,364437,962273,1,0.9751943248036483,1,5030,15565,3338.376308759776,9115.888188657766,239.71932621003015,1345.1153626564278,3,6,0,24,0.9625191133825309,0.9990189533622561,0.970274172531123,0.9922449412832848,0.9999999330532302,0.9999108071061947,0,267570.4323428917,24.201560160959822,0.0020477488073522452,14.327224604949762,9530.438282631638,16566.781376719973,2.0926489944364204,28237.562927551517,6.839447696271986,207259.1209819422,0,0
1770,9282577,2567931,2607143,786906,3320597,0.7937090368176378,2.050134276430725e-12,0.00000780404979966794,2.279898773415473e-11,0.8128304241376075,0,0,12706,12533,16035,10.658607396045786,5.5595414370022205,1.9171738383144512,1.45167506685687,3.1349017311843737,29.71449216135593,129.7796909027717,14.055773147494172,9.478604023141013,41.39832825118273,0.9976915124902331,269311.0159399465,555494.1443736273,268689.3148234065,11219160410.114145,0.357004354583774,0,12621421252.044954,12621421252.044954,98939343.86663021,12621421252.044945,314993970.4579888,9166735276.382545,3139692005.2044077,0,0,0,12522481908.178345,0.9855254498934012,1.9002639748500068,21,101,480315,1066607,480315,1044216,1,0.9790072632187863,1,4997,15508,3657.561655349984,9318.596918620797,226.05682828580876,1089.4393997780437,3,3,0,21,0.9683416532079774,0.9996073427727983,0.9683416575925387,1,0.9999999885820186,0.9997426745067943,0,254272.57215422703,20.01448882214087,0.0014328516207995432,15.879242643034335,10678.736509431012,14573.783497689677,2.227405774210501,43017.795036763986,9.169186072856693,305103.5657388101,0,0
1800,9286050,2957438,2357657,783767,3187188,0.7471089416087577,7.404065479738763e-13,0.0000027978719508710714,8.242350808085686e-12,0.8140939366038304,0,0,12318,12320,15793,22.609251605715823,5.705375247595484,3.962798347969213,1.4609928885203043,2.695417301013507,29.071647993301543,138.47435937542738,14.714960819507008,10.78558336119987,51.37399664362156,0.9917505560662665,264782.2355696973,412030.3481588459,262597.92936271644,11896739237.216225,0.3785371123546324,0,12618391993.6546,12618391993.6546,209950640.87334508,12618391993.65459,314305982.3230812,9166735276.382545,3137350734.9489613,0,0,0,12408441352.78129,0.9914276683011071,1.9504012432500326,21,101,360889,936191,360889,925072,1,0.9881231500836902,1,4946,15393,2726.480820608307,8328.78414642746,253.68393505840243,1082.8316399578955,6,4,0,18,0.9575792308890043,0.9992756022560465,0.9739716027018585,0.9836076282594298,0.9999999726615988,0.9997166468989144,0,273422.13622925227,25.514503431682822,0.0003075455008020483,15.002862998736882,7096.654690499279,12392.295424460783,2.3925748280521795,27155.059111249,9.583216473469447,281213.88196757867,0,0
1830,9289109,2913928,2393269,780788,3201124,0.7502853201040022,2.6740236927245034e-13,0.0008191638757193251,2.9809410677337977e-12,0.8125234616151021,0,0,12512,13121,16180,6.676698610142035,5.557849889411801,1.2013096328603152,1.4799866028195117,2.243458797329578,25.36393632594461,152.29289289853688,16.16650531365802,11.3057286169622,67.88307994771883,0.9817884620075337,264120.92926102236,787291.9109759199,259310.88092317973,12098456696.304596,0.43777313498290793,0,15115350564.437294,15115350564.437294,62020581.14984656,15115350564.43728,307808609.5403286,11842501568.946497,2965040385.950454,0,0,0,15053329983.287485,0.990424987459929,2.0536974140095747,21,101,470973,1099991,470448,1085474,0.9988852864176927,0.9868026192941579,0.9980196752417991,4903,15296,3637.896263524967,9097.348264425304,187.22732933152682,1068.3259838782246,0,7,3,18,0.9863011900010642,0.9988630067076023,0.9863012642830296,1,0.9999999337362008,0.9994742360782118,0,252107.59198692677,19.44371956848172,0.0005543663442345485,21.071358370416984,8344.25990533623,12977.82576660486,2.4599503388963617,33067.16678939709,9.939738851067865,301110.6771328809,0,0
1860,9292270,2888270,2411013,777940,3215047,0.7534957087590907,9.657174189557352e-14,0.0005914955895295291,1.0780916580964746e-12,0.8109586785575538,0,0,13121,13010,16171,4.79783919983121,5.672527085810699,0.8458027837068527,1.8320718656063173,2.552849277680571,20.089084336593764,140.93074911149955,14.131726977531908,7.86927944091004,55.20527605904891,0.951738687850977,270449.8411997622,436977.68100425,257397.57699296676,9888045779.218287,0.5080686350154551,0,13824683097.006733,13824683097.006733,44582817.26150196,13824683097.006721,251197747.85019484,10696856968.290289,2876628380.8662376,0,0,0,13780100279.745272,0.9540324786529957,2.169984539986493,21,101,496739,1086270,491534,1018708,0.9895216602682697,0.9378036768022683,1,4903,15255,4212.507749899687,9051.620074739467,228.13939727194347,1056.9568881459847,3,4,0,21,0.9805859984101857,0.9969437292591133,0.9889194083608427,0.9916666666666667,0.999999803817078,0.9981479199596447,0,264252.44552438497,20.996829291548107,0.0001189885068980684,15.87826848411806,13531.863003877032,16862.33850420121,2.2290232915420876,20380.829112575862,8.017990003732944,211083.96822530683,0,0
1890,9295443,2865592,2425578,775321,3228952,0.7567840383128873,3.487673612919543e-14,0.0003204647931909017,3.8990426071750815e-13,0.8093960664381461,0,0,13010,12993,16166,4.837181031446783,5.949166837404224,0.8130854561068875,2.0481075560527007,2.8045363488063013,16.802275828930945,110.19184514211938,11.980361349242036,5.9911064572518455,39.29057478218119,0.2067857708781472,840937.8672028139,1045341.6268226369,173893.98513015878,8008520329.947438,0.5610728266370394,0,13774078206.361898,13774078206.361898,44963740.55858285,13774078206.361887,250945039.25085884,10696856968.290289,2826276198.8207393,0,0,0,13729114465.803349,0.9658701907141405,2.195434971595026,21,101,494816,941260,488334,898729,0.9869001810774106,0.9548148226844867,0.9934490014690118,4868,15138,4220.869780261806,7702.970578853772,185.97135599857003,1349.0666020275446,3,3,0,38,0.9761856550074088,0.9991659624894554,0.9918701990308512,0.9843154642273549,0.9999999765765994,0.9998872305517982,0,265000.6682511856,22.926197433095883,0.00014937874472339277,10.376383302224209,5172.141989430974,12265.523718958411,1.9508659705756846,20891.813090687057,7.5874396495962015,186167.99639513058,0,0
1920,9298541,2777911,2505109,772737,3242784,0.7600805978398719,1.2595677999709382e-14,0.009280472566473907,1.4101336503622436e-13,0.807837380079305,0,0,12993,13053,16151,30.50100787210527,6.309675717469041,4.834005618967046,1.4872893695164375,2.855478248863262,19.231678905000546,129.76852519489935,13.112471982762509,6.735011521329741,45.44546092990165,0.9999999999999989,263591.0901614472,700684.3593490277,263591.0901614469,8703969302.613619,0.6784611671659615,0,13701771576.866022,13701771576.866022,283614872.24017817,13701771576.866013,251842687.9474153,10618491500.925392,2831437387.9932027,0,0,0,13418156704.625881,0.9822637961432231,2.2166393040569727,21,101,490473,1111279,490355,1082988,0.9997594159107637,0.9745419467118518,1,4859,14990,4097.841841527904,9046.460308779304,146.10263406607982,1313.5112425933419,3,6,0,27,0.9927787895919618,0.999646892862448,0.992778793523447,1,0.9999999906698389,0.9999628167608966,0,259990.62920743614,19.829671918260885,0.0012452547414088205,11.102040067181774,7632.2238535157785,12536.478692863466,2.0100718943944913,22252.919611231915,7.8198370498217065,166383.61272603928,0,0
1950,9301816,2720033,2554890,770255,3256638,0.763403181430326,4.548915873386547e-15,0.12282801956483044,5.0999107017315434e-14,0.8062853533116544,0,0,13053,12869,16144,54.218309117776464,7.040071486405828,7.701386160988625,1.465750976214993,2.713381041329769,20.429509441551527,168.01243898973027,16.654772393766642,7.529170850084317,61.919957584501674,1,265705.4802745008,607501.2141189254,265705.48027450114,10362469343.675014,0.8429171750974652,0,13723327351.017345,13723327351.017345,504328735.24475217,13723327351.017336,248055259.7083353,10640927655.434565,2834344435.874433,0,0,0,13218998615.772615,0.9856598171399219,2.2067184955589556,21,101,488805,1247714,486102,1225515,0.994470187498082,0.9822082624704058,1,4859,14926,3934.5384955410013,10683.74425713551,276.03467031062456,1000.4547338449563,3,9,0,24,0.9561873394502177,0.9963781853923415,0.9808796843799936,0.9753077175724046,0.9999996126089353,0.9999597813536812,0,261048.51985958216,18.301887854087603,0.001483754359324913,13.95016925909713,9586.781315220098,23636.048141865944,2.2726936864598155,24273.16796755089,8.208826052460958,233707.73330086813,0,0
1980,9305182,2712244,2554589,767874,3270475,0.7667509108414867,1.642812288084504e-15,0.3571606882158081,1.8444414229072937e-14,0.804738263045258,0,0,12869,12768,16134,56.56135512606935,7.823024485409495,7.230113523428229,1.667355471830344,3.058241802280055,25.589219085423654,212.4076867088459,21.802639727176413,8.367297532309497,69.45418329920365,0.6961385521543166,329744.3528134493,229547.7563486117,229547.75634861676,12873000946.573807,0.9912277263431722,0,16132558325.319803,16132558325.319803,526313703.6147946,16132558325.319796,246442004.87224966,13049781584.513216,2836334735.934326,0,0,0,15606244621.705046,0.9838774252008999,2.1764343575927354,21,101,459882,1418416,459568,1388447,0.9993172161554486,0.9788715017315089,0.9986154226047693,4826,14899,4058.9334790476064,12684.793976525163,239.67893357893809,740.4496163246799,3,7,0,12,0.9295590590362651,0.9989208467185781,0.9707291731856539,0.9583333336005401,0.9999999549270144,0.9998094988150856,0,257638.73833382048,16.729652410861632,0.0018153526194425948,19.886438822183614,7483.637513875651,18006.39824406998,2.5663330438355993,32376.192204900617,7.4856530374730585,197476.9628273121,0,0
2010,9308462,2762337,2496404,765471,3284250,0.770093259964695,5.933002045591375e-16,0.4995893143437428,6.670634764999386e-15,0.803194663092571,0,0,12768,12845,16125,48.27458145601363,7.344844326174452,6.572580617397149,2.160621571290476,4.572822237100062,41.39519354347045,246.4768075422188,24.765635836834807,9.052438821615327,53.90036934795142,0.9999999999999998,263624.4373712474,502758.1041575906,263624.43737124733,15121132074.616484,1.054561750784153,0,18801653121.299805,18801653121.299805,449362107.04928696,18801653121.299797,245404993.98250127,15720223746.342094,2836024380.9751954,0,0,0,18352291014.250546,0.9835733413402348,2.134258837137467,21,101,494963,1263520,494963,1234634,1,0.9771384703051792,1,4826,14879,4483.399788036872,12270.781176764951,180.14552550836203,579.1793903147894,3,1,0,9,0.9441382788063142,0.9989561408916023,0.9619453264478661,0.9821930923144001,0.9999999180677825,0.9992413532888208,0,263166.3150526806,18.258564166289418,0.0005534197739221488,27.128937619795686,18292.412370544032,19865.914481847616,2.57163633571699,19927.510947767125,7.104692433323233,220121.53333652864,0,0
2040,9311893,2772893,2477938,763062,3298000,0.7734131987870111,2.142670703224251e-16,0.4069383483749141,2.4125118648593125e-15,0.8016582664770739,0,0,12845,12683,16114,22.98818162260353,8.09819416354301,2.8386799770859112,2.46002558700807,6.154302487255237,60.198860440284356,279.38026587139126,29.545891781737836,9.781589475809549,45.39592690641248,0.2695215210733445,526872.1907521305,1207875.683816988,142003.3942627595,18307498608.00602,1.1480394628546042,0,22956245180.428627,22956245180.428627,214063487.53431633,22956245180.428616,247675153.98250127,19883951469.98391,2824618556.4622035,0,0,0,22742181692.89431,0.9886124917337895,2.0788724234623697,21,101,503904,1207884,503907,1188388,1.0000059535149552,0.9838593772249653,1,4810,14875,4353.377031861285,11751.125602770942,109.18679653393865,841.3911339769227,3,0,0,9,0.9344129992507657,0.9962805251970451,0.9676971703562391,0.9662816920030924,0.9999995921582275,0.9979278840865046,0,253989.5063983356,18.01030007640528,0.00043007410105928693,37.89604708666931,14342.49618757641,19890.066719157523,2.897501528238409,24547.732476658708,8.112225529320801,208457.81956353903,0,0
2070,9315220,2954685,2288043,760765,3311727,0.7767887252590636,7.738276629436887e-17,0.32720517471180155,8.725126922891113e-16,0.8001220583088752,0,0,12683,12773,16100,0.9035768991566521,7.892404898351219,0.11448689097861868,1.7524388256663062,5.91005428620301,56.420256426479455,259.63406484512444,29.90094577667048,9.546487002360069,43.93091032196418,0.43351678098448565,292088.65660687804,713407.2437448435,126625.3341742966,17754344788.59482,1.0705202711614616,0,21970944406.631844,21970944406.631844,8417017.602621011,21970944406.631832,257252524.24622992,18872991147.916378,2840700734.4692235,0,0,0,21962527389.02924,0.9943165022419047,2.0875452328021877,21,101,419508,1028368,419509,1020138,1.0000023837447676,0.9919970283011529,1,4794,14744,3406.888802157666,10364.527540076217,194.0342114897872,783.1683872135496,3,3,0,9,0.9452369729165644,0.9995029674059295,0.9825659786503114,0.9626710124768227,0.9999999827258907,0.9998014614024232,0,274136.5833582047,22.85031678111687,0.00023991381704295818,38.3098136444315,8118.285978287915,13558.944999566498,2.8243018523364936,33357.66266393273,8.067205253881442,188005.1476666066,0,0
2100,9318706,2820435,2414250,758562,3325459,0.7801846720480793,2.794649216819192e-17,0.3566916394777765,3.155542608077445e-16,0.798593281084305,0,0,12773,12605,16091,1.0280157675395363,7.864044446819217,0.13072354492545366,1.4299292524858813,4.758156689816365,43.0994937395908,170.3111261195928,23.366399534256345,9.058023211348713,35.79350938234145,0.24419576287900424,465539.8079410279,1685374.8701980996,113682.84855070442,13376549119.396345,0.7497677533160022,0,21881664334.34722,21881664334.34722,9579776.701124478,21881664334.347214,256543761.13214982,18792370848.18274,2832749725.032323,0,0,0,21872084557.646103,0.998123401726913,2.1368029790992984,21,101,396614,1049087,396614,1046374,1,0.997413941837045,1,4794,14706,3149.308474099142,9554.069647480215,408.705983077767,1093.3666678418565,3,0,0,12,0.9747346907816412,0.9993617622579583,0.9913562183133341,0.9833784743037874,0.9999999841272206,0.9999861879909246,0,256002.87040254506,21.28939703469842,0.000107023342716032,34.326795532084766,7082.788412010024,12950.676780404654,2.5861636943154376,19994.66965422069,8.42939788149188,184962.95579739695,0,0
2130,9322194,3080879,2145740,756412,3339163,0.7835993019579196,0.0000031504329255018707,0.37039161876522586,0.041770731588624654,0.797067192551453,0,0,12605,12593,16081,0.41053308953501866,8.455202832555678,0.04855390197788201,1.3904022343944222,2.7196747789052584,22.748711647189015,94.95613902979908,15.520683605951362,8.364497043409719,34.914519841236846,0.32047414666473406,296303.5297795555,1132301.1642615418,94957.62085985168,8897373482.590305,0.5355296264307947,0,21323040844.250023,21323040844.250023,3827069.1041234187,21323040844.25002,256210555.46108288,18228642952.76335,2838187336.025584,0,0,0,21319213775.145916,0.9985280388927332,2.178320060981168,21,101,341982,725981,341982,724409,1,0.9978346540749689,1,4742,14627,2685.4359316248624,6536.765477858633,309.4040979654646,1665.251308290158,3,0,0,12,0.9899727240042462,0.9999166928739601,0.9899727240042462,1,0.999999991674524,0.9998647558798819,0,271768.5173946015,30.58186170677751,0.00018546597066094715,26.35761116976728,5167.460800725012,7630.381580439083,2.234330380311639,20896.39226119476,7.238389525586376,182620.39678385528,0,0
2160,9325632,3107633,2269906,754334,3193759,0.7341821230864155,0.00022294101481329061,0.2327933469127015,0.35004699753277607,0.796532288642743,0.000044715468077659506,0,12377,12417,15855,51.22159071601097,13.493152476813815,3.796117386506115,1.4757697164042278,2.460516341501844,8.780419475602471,65.80661245146396,17.50758430978413,3.5685271938665934,26.745041819676388,0.1067781460346956,3097364.1278466964,330730.7991658423,330730.79916584224,11280995226.89743,0.8670076955615198,0,21320635206.05289,21320635206.05289,477673705.4721949,21320635206.05289,254836810.76798916,18230501970.367287,2835296424.917611,0,0,0,20842961500.580696,0.9661890473384671,2.181368050539815,21,101,493256,974789,492381,926028,0.9982260732763514,0.9499778926516405,0.9970587741534742,4744,14443,3900.262005774242,7344.416979140837,227.35573095199723,1420.5255272213199,3,7,3,19,0.9858565052677107,0.9999750039466447,0.985856508124884,1,0.9999999991004261,0.99980949235612,0,229678.20028742132,19.431196526876633,0.0029529497786219814,20.054983461555405,10106.636641512308,10314.747124899135,2.219843109937032,44555.62633403116,10.375276300627577,221639.43395314369,0,0
2190,9328789,3260846,2107610,752542,3207791,0.7377042859250407,0.00010133184457328838,0.08519252562699299,0.7443971263453384,0.7950092986345816,0.000012220235659741045,0,12604,13127,16284,106.97994571623511,15.652603150323822,6.8346424354355335,2.2090854620785416,2.414944988633682,9.474396926110884,88.56333460881872,17.585992998322045,3.923235092601953,36.67302361985717,0.02776015148428046,2109274.532345499,441790.7851405415,58553.78053984584,12421351126.874344,1.0289812190067722,0,19295902414.950073,19295902414.950073,997993340.8182982,19295902414.950073,240162565.98255256,16209641922.891447,2846097926.0760674,0,0,0,18297909074.131786,0.9713961237756712,2.1485067733863543,21,101,538193,946396,535962,906162,0.9958546469389234,0.9574871406895211,0.9919092208046536,4747,14296,4546.194971004119,7157.456434332877,140.8791055115046,1432.3426393336988,3,4,0,21,0.98027933605861,0.9995296931811709,0.9802793975168325,1,0.9999999653960415,0.9993971144362869,0,276115.7759498872,22.975758751665225,0.0012434371937893323,8.874109349885503,6340.700801440129,9594.915464238631,2.0784996824857043,41926.09187869335,10.791136664521186,124342.45823325223,0,0
2220,9332018,3230199,2129311,750737,3221771,0.741207311862465,0.00003637473600427448,0.030783151687637934,0.13248385070748284,0.7934714656572672,0,0,13127,13041,16270,85.49963080811364,12.46541644283335,6.85894700752411,3.2088133270515873,2.4563825927070067,13.691044914940399,114.09499782794087,18.83843783357153,5.573661430262971,46.44838233534492,0.3374069458638116,1665360.2167369737,686443.6188349036,561904.1044923177,13222121271.168243,0.9500892140514312,0,19630642239.54232,19630642239.54232,797884093.6948547,19630642239.542316,220268793.9774777,16013507367.21326,3396866078.351576,0,0,0,18832758145.84758,0.959102852745148,2.091049762095624,21,101,515050,1053299,493494,1010714,0.9581477526453742,0.9595698847145967,1.0000038965846436,4747,14367,4225.106921747803,8731.956349701191,157.14929038098882,1150.2489828903388,3,5,0,18,0.848569332767526,0.9971062395363136,0.9625113291240953,0.8793564505420246,0.9999997416736479,0.999318559896351,0,260517.20211837767,20.783072722791875,0.0012030545267685498,9.86094480107452,9584.524466137542,18581.82963940491,2.3990031729878996,35877.79287994854,8.69443006763149,264248.2924632409,0,0
2250,9335378,3051022,2299329,749260,3235767,0.7448159943151393,0.00001311460958577264,0.011514529628712796,0.0479143099560903,0.7919266900601133,0,0,13041,12902,16262,64.15964859879954,11.067329098503844,5.79721159710278,2.8343769731222386,2.684051650594882,20.602528343715843,140.2459327407648,19.280930487411553,7.675906065052654,52.251577464867815,0.883044020019474,285108.3061558083,650083.6934595746,251763.18480876795,13856157527.985296,0.8200227341763735,0,19376671340.277912,19376671340.277912,598954572.0172611,19376671340.277897,201149936.24357474,16013507367.21326,3162014036.821064,0,0,0,18777716768.260845,0.9609345034858943,2.0697697181388266,21,101,488649,1265994,478822,1207275,0.9798894503007272,0.9536182635936663,1,4747,14353,4369.224537789301,10897.144356392202,138.13149449783168,842.2016135502614,2,3,0,9,0.8964537265287915,0.9985126207033616,0.9593104225960309,0.9329241736581027,0.9999999131043021,0.9991801863112527,0,266543.7288887732,18.969992513273425,0.00047492493964681695,13.892639529660734,13663.001304531314,17741.386888341418,2.489808027020511,31677.43635321549,7.7104506174237954,378763.1726051993,0,0
2280,9338856,2755914,2585451,747758,3249733,0.7484025150874355,0.0000047343796166975245,0.04664112320799511,0.017328761855188328,0.790388672873851,0,0,12902,12773,16251,34.42802109014355,9.235459650996596,3.727808077904215,1.9865472353663862,2.9758028982331366,30.467586260212553,225.6127612216915,22.239845993779042,10.2384422968008,75.81576096845916,0.8131672497979391,360469.93576432037,293122.34630031,293122.34630031214,14606724034.622314,0.8787933106232368,0,19373631298.091354,19373631298.091354,321518331.3260826,19373631298.09134,201141606.52362242,16013507367.21326,3158982324.3544564,0,0,0,19052112966.765438,0.944029618740607,2.075083114921037,21,101,477198,1501009,477198,1390288,1,0.9262356188403934,1,4747,14350,4256.401771929474,13545.569458843098,152.94984535468163,632.3474491101962,3,5,0,3,0.860120263301042,0.9932092509121044,0.9485287017205922,0.9088751600987524,0.999996730932791,0.9993348159132475,0,256552.31456164643,16.485412874526272,0.00010421439855234919,20.078426840381834,10025.879897777242,27366.216537560416,2.457712886848432,31447.01660683164,7.212503354198029,318333.81332005,0,0
2310,9342339,2850485,2482015,746168,3263671,0.7519623066104079,0.0000017073562713135996,0.23672585883728758,0.006267146238963238,0.7888541616826364,0,0,12773,12757,16240,22.271767693245547,7.568492645771217,2.942695294245885,1.5903744609953339,3.717052063402875,38.31210790180487,341.551556265163,30.091440507196516,10.307121678228802,91.88775148671995,0.8939182308501651,275994.47700498835,488684.7209910009,246716.49460871576,15803090278.726885,1.0113350487711503,0,19305836403.47881,19305836403.47881,208070403.91981268,19305836403.478794,202854765.3551374,15950388724.29726,3152592913.8263993,0,0,0,19097765999.559177,0.9696128450133793,2.1030043928891295,21,101,461727,1343674,461726,1288814,0.9999978342180552,0.9591716443125341,0.9999957334607606,4747,14366,4303.365687185565,12859.436663409824,163.04025023680597,571.6693078166982,3,3,0,0,0.9014052793161629,0.9953337955217217,0.9694466687443016,0.9302645265240996,0.999999058771644,0.9992788681048005,0,263890.0330343787,18.089734575688325,0.0004716837157044094,36.22195095473804,12207.798099556587,27196.895701966343,2.413967539693018,37143.710911252994,8.101898838557252,226236.9633466462,0,0
2340,9345868,2890304,2433307,744665,3277592,0.7555505088557372,6.149386532066899e-7,0.38297424576190675,0.002266585593868684,0.7873261210194709,0,0,12757,12703,16232,21.39438056702773,7.834900286511433,2.730651289061113,1.645118094338116,4.375349266160639,51.87319298650015,452.4769653516458,38.60812518143032,11.855783351444028,103.41505050834341,0.565152130160383,397012.7206814498,629104.435347013,224372.58479389054,17859792768.53634,1.1908448328668184,0,23526245734.232143,23526245734.232143,199949056.72146896,23526245734.23214,204324645.3551374,20169811012.421616,3152110076.4553823,0,0,0,23326296677.510845,0.9831051492393795,2.0977348733985,21,101,473800,1158946,473800,1131361,1,0.9761982007789837,1,4753,14343,4230.36724901506,11605.740808142398,168.30389676105298,772.3371086571927,3,8,0,3,0.9144935004396278,0.9975245659309775,0.9846845358656675,0.9257297331661116,0.9999996494132222,0.9997281115722731,0,267289.08396762284,19.982226129413025,0.001137432309768248,66.14932901815774,8193.967763162185,20388.345108725855,2.7348026622096024,28206.940974599947,11.364421320080856,499902.21861289407,0,0
2370,9349389,3032315,2282337,743239,3291498,0.7591723785489624,2.217944959387935e-7,0.45247380236192636,0.0008197367762688315,0.7857989436528954,0,0,12703,12701,16222,20.14086536936112,7.519158230388194,2.6786064014404043,1.469212982877818,3.9934830308942755,53.178130840873024,510.8943329815538,50.690512769471816,13.316228071955685,127.93201549353957,0.7210840662994527,324952.3707054492,491953.79111442796,234317.97682193242,19181861128.962254,1.2731910315304036,0,25381352915.658993,25381352915.658993,188304785.1350591,25381352915.65898,216950314.51344115,21985477001.632557,3178925599.5129848,0,0,0,25193048130.524113,0.999199215592119,2.0638107745902063,21,101,430241,1010846,430241,1009692,1,0.9988583819889478,1,4753,14324,3571.902110913915,10287.426374749723,323.841408137462,1138.9864161880841,3,7,0,9,0.9381202698942591,0.9984981175317316,0.9950589604589827,0.9418724466633159,0.9999998942030858,0.9984384813862549,0,267614.7403470232,22.30226603713005,0.0002622625165402616,98.20533915223406,9565.660696244888,15298.86341303423,2.947437359950977,10906.13307247978,12.423132474870117,127308.60948801257,0,0
2400,9352942,3111880,2193643,742070,3305349,0.762868995196138,7.997969943058214e-8,0.35400778578894165,0.00029646724314552717,0.7842758994977196,0,0,12701,12661,16214,1.0075353606965551,7.603155261473878,0.1325154262996391,1.4078793171551574,3.5063613554751467,42.208014512511525,363.97203477320903,50.55645198404801,12.037554100521941,103.80334422887432,0.35346189201697853,360890.21879434783,1784054.3528685882,127560.9395454715,19336350007.936836,1.2932940312183265,0,21928467813.146072,21928467813.146072,9423419.791808058,21928467813.146065,212649034.51344115,18578014076.380737,3137804702.251884,0,0,0,21919044393.35444,0.9999552342209511,2.110433427372362,21,101,460441,946884,460441,946821,1,0.9999334659789372,1,4737,14263,3623.4876715033333,9127.203927617978,348.56133798731395,1586.689627654916,3,6,0,15,0.9326203407467692,0.997789811406487,0.999291564129565,0.9333289899124987,0.9999998442074731,0.9972146944976359,0,270876.2360707327,23.098149689601456,0.00021354329875517773,63.87948030645026,6945.036777866158,13497.33978882195,2.5038565246991387,38566.77570082508,11.316059282723652,330589.96733280533,0,0
2430,9356598,3097557,2199072,740785,3319184,0.7665194220701507,0.000043746169450968906,0.42487894853442737,0.11232135731332753,0.7827609992435285,0,0,12661,12549,16205,0.3631469356535683,7.735790797937953,0.04694373789818211,1.426057546268987,3.51696914955961,37.16527419792351,258.8536477248837,36.80350501100537,10.567415469816472,73.60134158620555,0.3103357193381916,297341.27017533523,1677736.2138275485,92275.61696879423,22046038874.33993,0.9258669469111838,0,22973526011.85992,22973526011.85992,3397819.8921061307,22973526011.85991,202919415.91221502,19648884071.702827,3121722524.244865,0,0,0,22970128191.968002,1,2.0787586225799832,21,101,425281,1014764,425281,1014764,1,1,1,4737,14166,3479.5846800093545,9026.679256127038,325.5464930217851,1976.8345539618324,0,5,0,24,0.9089041707907765,0.9972996780354222,1,0.9089043215336613,0.9999881934781378,0.9983525054424323,0,257699.4734287018,21.474285047650746,0.000964282865964013,47.852503664562505,9910.438460090172,10578.869402198352,2.270148390252175,34286.05125606408,10.111902467019787,300050.59722509363,0,0
2460,9360063,3293299,1994485,739322,3332957,0.7701296043862609,0.0012364972059352565,0.4285728219449827,0.09387139739781712,0.7812463441752475,0,0,12549,12731,16196,5.419167235913193,7.69627032145537,0.7041290143884167,1.6744196882465432,3.632019432167382,25.58652317820086,160.7658831685871,54.178285597908655,7.044709880016331,44.263497531083196,0.6651868366446054,904318.6344650218,601540.8517785557,601540.8517785571,15595244757.962696,0.610281553039317,0,23091191398.534645,23091191398.534645,50723746.73593925,23091191398.534626,202678439.4947856,19766790434.794975,3121722524.244865,0,0,0,23040467651.798874,0.9989812547386034,2.0067825467652414,21,101,392620,754870,391452,754869,0.9970251133411441,0.9999986752685893,0.9962374891682854,4737,14144,3383.047577786162,7126.73021010825,353.24675042316346,2621.0121537634086,0,8,0,28,0.9359597785255721,0.9953860975881207,0.9989085189424425,0.9370514969837541,0.9999390877759006,0.9976826950294158,0,272942.02291990287,28.572313296527188,0.0005460152541797066,32.576376885288454,8800.574363780564,11253.425297801372,2.0280687103454085,19109.109338368315,10.05431979437572,168091.12006588155,0,0
2490,9363640,3084855,2194163,737927,3346695,0.773746556651256,0.00708285168731065,0.34093017295972416,0.25907531879201307,0.7797354447629341,0,0,12731,12614,16191,26.772805763586568,9.84828741144867,2.7185240077846515,1.658658923945702,3.089668247682091,19.613389605138625,114.7101686558337,34.34956909682098,6.348056824499797,37.12701800327292,0.8626249605643052,374230.91220477736,530990.92588259,322820.92588259,19949848558.22152,0.6144901232497282,0,23207145399.80719,23207145399.80719,250690914.9604504,23207145399.807175,258591635.96354237,19811013375.694942,3137540388.148684,0,0,0,22956454484.84695,0.9706152524451493,1.9144050286405672,21,101,481844,1031356,481847,986888,1.0000062260814704,0.9568839469591489,1.00000370001739,4737,14011,3766.5048097175786,8432.565495621953,395.2480777587837,2617.035648400821,3,5,0,21,0.8936478981965775,0.9952011482030071,0.9809346593963758,0.909754180420349,0.9998499048321754,0.9989549164503932,0,227692.54736997047,18.60315556202886,0.0008734691946165488,26.808996764782535,10360.049134349554,10838.420981794647,2.1401371039478967,26903.51800183441,10.328910338486141,235305.16532325975,0,0
2520,9367325,3285810,2135550,736503,3209462,0.7278551876281966,0.002558963679464153,0.12990665398844137,0.09231295714675918,0.7786671221506674,0,0,12396,12261,15946,127.71181408277533,8.66939083903565,14.731348079005457,1.4668527859325997,2.2462822044880912,13.404869789742312,140.0172915541202,43.55344834874377,5.967580459373834,62.33290335219877,0.728307517232952,431152.23014757555,341462.72942661593,314011.41028823104,18923094319.459064,0.8567237820608966,0,23358053155.11967,23358053155.11967,1196318068.8532853,23358053155.119656,392798080.67292213,19829013997.572277,3136240713.514378,0,363.3600747800948,0,22161735086.266655,0.9757435370730535,1.8228068359554177,21,101,465735,1044378,465738,1007745,1.0000064414312861,0.9649236196089922,1,4728,13999,3517.942754629387,8351.885621392055,414.28988578587615,2826.9592929437886,3,1,0,15,0.9256912402716985,0.9980055569430373,0.9757795962994735,0.9498872876956825,0.9999913587982168,0.9988129064165233,0,267833.771685615,21.81229956658733,0.0026763682911617815,11.729987281084814,6983.680673055642,9457.957296581648,2.352361068416236,33565.23214605619,16.579329702537095,325805.92464733,0,0
2550,9370423,3163646,2248233,735217,3223327,0.7314546389525708,0.0009245877324250664,0.04690717189301733,0.03338604379381371,0.777146773416739,0,0,12446,13072,16170,123.26127606595685,8.043218590623779,15.324869600043721,1.512841610845993,1.9912513410538113,12.476347843415253,160.4373229869567,51.95618908504544,6.265581640142179,80.57110605738498,1,274343.81576954207,371031.6269536108,274343.81576954224,21081518246.114456,0.991276282022979,0,26560042470.037495,26560042470.037495,1155010296.2582576,26560042470.03748,505175370.2785062,22747767371.642967,3307099364.7559257,0,363.3600747800948,0,25405032173.779617,0.9568180790415407,1.7814294379503417,21,101,470461,1188034,449536,1137342,0.955522349355207,0.9573311874912671,1,4713,13978,3611.3373615058326,10260.419976008925,308.5146821186923,2230.26657580237,3,4,0,6,0.8483956397251737,0.9956160610689367,0.9511828667319064,0.8937581337279586,0.9999817913631499,0.9980870800855666,0,255857.01628561615,19.34795362609724,0.0025178498534326006,11.59359449410351,9989.760631002562,16475.4003412507,2.630589460673525,36354.435659790164,18.48163527667728,288341.6459049742,0,0
2580,9373669,3012856,2389668,733889,3237256,0.7350536527001084,0.0003340677481593357,0.017079570072120357,0.01207444712696628,0.7756295853843357,0,0,13072,12913,16159,86.31447494347893,7.487079563363989,11.528457018920383,1.9087338686307385,2.6682217746944006,20.585003042527006,182.05993614671505,55.9901177391095,7.714877090711347,68.2326851063821,0.9999999999999954,271182.6952784474,544795.3077783015,271182.6952784462,21446052297.165047,1.0269188962637417,0,27866253321.183487,27866253321.183487,809083318.0294187,27866253321.18347,537501554.1754104,23507360114.304657,3821391289.343324,0,363.3600747800948,0,27057170003.154427,0.9689650193534772,1.758954388623442,21,101,503076,1297634,494981,1249844,0.9839089918819423,0.963171433547518,1,4713,13973,4514.156024712468,11154.089081711025,215.34740010990149,1797.951028083529,3,1,0,0,0.8664986845506922,0.9916368334056708,0.9583684245046223,0.9053539163398784,0.9998148484232471,0.9965449441681736,5,258525.81310398274,17.780062511987122,0.002892542517595479,14.180688445491679,14003.625717303945,17844.67716242127,3.0538597345244387,21950.15635800431,14.652070203030222,439151.68197688623,0,0
2610,9376966,2716761,2675900,733193,3251112,0.7388383953673335,0.00012070341642545335,0.006245298076291323,0.00436686282215082,0.7741193686742599,0,0,12913,12849,16146,76.0535765542828,7.306908327502906,10.4084481624082,2.513639919217727,3.3860142450539272,34.53385952057488,218.1565210779643,60.0261340419003,10.198970536234373,64.42870740920047,1,271676.64602224884,615663.8125042625,271676.64602224884,20811395779.6295,0.9047839212897002,0,29665631543.26792,29665631543.26792,713151801.5283083,29665631543.267902,528088042.7828175,25458931228.30469,3678611908.820313,0,363.3600747800948,0,28952479741.739914,0.9706137885725562,1.7872458469384331,21,101,527262,1474323,525363,1417403,0.9963983750014225,0.9613924492801103,0.9935716461866558,4720,13973,4622.004724014928,13591.70654185479,144.73279084711598,1379.2854624428353,3,4,0,0,0.8378421471368424,0.9582499579679488,0.9669624150662497,0.8679592758720385,0.9993763434513014,0.9926777439848855,23,245525.11164472916,15.165497747730555,0.0033790012836015294,24.359490239808633,6437.988475493042,29220.296194097205,3.6608919045264097,36451.1851531979,13.843994649608566,279116.30990137043,0,0
2640,9380356,2673620,2709302,732486,3264948,0.7426141415387405,0.00004361006325015048,0.002259600204130175,0.0015793262173383054,0.7726159860030899,0,0,12849,12747,16137,51.3974310406837,8.091330550565386,6.3521605895945354,3.022137554304322,4.051756517861647,42.464074735918835,341.3730101490201,74.90697954667809,10.480411285505786,84.2530908864146,0.995841296431742,271345.57151237945,435106.06918751413,270217.1257158999,22890936216.817966,0.7941946876061383,0,30435217105.260235,30435217105.260235,482126200.64745235,30435217105.260212,553390419.6065552,26202426465.70363,3679399856.58995,0,363.3600747800948,0,29953090904.613064,0.9840686274509803,1.8815719162263607,21,101,550502,1500922,548711,1470031,0.9967466058252286,0.9794186506693886,0.9943250950570343,4720,13973,4586.812730504218,13847.980790535663,183.44168691441078,997.268229361597,3,4,0,0,0.8726621524856273,0.8613194190319817,0.9879050725216942,0.8864029770714245,0.9942825279270502,0.9925237597580953,30,265381.0294824633,15.775033926027001,0.003937376833249014,65.05588346520885,3347.28606150145,30271.50536742811,4.908280822882844,40175.7860404756,19.761979608382944,373196.0229972391,0,0
2670,9383830,2734999,2638298,731798,3278735,0.7463821560580032,0.00001575662274752326,0.0008155084555201383,0.000571181510012172,0.7711184026138581,0,0,12747,12657,16131,20.191545045272033,7.915364585891024,2.550930513202519,2.9737320650000276,4.635022493169013,47.061615128076674,557.9558410675705,97.89781668080873,10.153481498187974,120.3782380538331,0.9553577666389556,265109.2089835012,253274.1418098991,253274.14180989782,29206152064.01345,0.820525821084762,0,30460355631.501507,30460355631.501507,189474026.14256543,30460355631.501484,573301230.7079968,26210248298.65863,3676805738.774777,0,363.3600747800948,0,30270881605.359234,0.9854108705978151,2.023090727367433,21,101,447423,1424176,447423,1396871,1,0.9808275100830235,1,4720,13976,3965.0681607625506,13471.436393356844,299.1766084115491,736.8675285250287,3,3,0,0,0.8239400151585413,0.7565778430364624,0.9902220482083571,0.8379892593626921,0.9731392688632565,0.992470765400396,33,264211.2530559065,17.191049998920334,0.0024144336976721,142.7077020483297,0,27893.935732598537,5.338203454292958,26865.5648377239,28.10707567406122,228092.97260535776,0,0
2700,9387251,2751421,2612255,731068,3292507,0.7501525073475728,0.000005692982461798514,0.00029433436482598,0.00020657436937229014,0.7696220118115517,0,0,12657,12697,16118,8.058320630463225,7.302355624152862,1.1035234443814232,1.6476472056916354,3.8179446050411268,41.12079569299835,774.199850625678,123.97411847024267,10.770401340737996,202.7792256606977,0.9599541427973896,268685.48170707584,529211.3058326778,257925.74127421968,36326057039.26595,0.8215567129106083,0,24541275470.442696,24541275470.442696,75645478.39703102,24541275470.442677,620436762.5596344,20242942585.794315,3677895758.728643,0,363.3600747800948,0,24465629992.045963,0.9999888968818353,2.1866729351849337,21,101,410638,1300593,410638,1300574,1,0.9999853912792088,1,4720,14028,3196.5907380028057,12540.575830302449,514.2935873938434,693.7979300946873,3,2,0,0,0.8502510949353724,0.6711026205756974,0.9992215977664665,0.8590452986050984,0.9271521308502088,0.9928120635824803,39,245140.78110002133,17.190677561869926,0.0016506302848376569,259.6142816914897,0,25453.23574547661,5.980049275619626,35183.55639423819,22.57665682119478,208403.3252906754,0,0
2730,9390740,2791487,2562211,730782,3306260,0.7540660679776857,0.0000020568638124115464,0.00010623752796050484,0.00007470999906956017,0.7681329692867654,0,0,12697,12621,16110,3.9888065907078407,6.8055549143055885,0.5861104114115936,1.3425243366884636,3.273201617682854,32.607348166917255,843.1725623999967,165.8602289850383,9.961912517323166,257.598724699669,0.9999999999999998,269028.39314109803,662916.9988056715,269028.393141098,36625952135.93061,0.7714308010122566,0,20692090514.47631,20692090514.47631,37457845.60401997,20692090514.476295,684114700.5323322,16185848604.038801,3822126846.545084,0,363.3600747800948,0,20654632668.872593,0.9999953471801253,2.3457625158977335,21,101,371894,1132570,371894,1132563,1,0.9999938193665734,1,4689,14019,2471.4667820621944,11049.042497421293,569.7176560128202,1024.8899609846778,3,4,3,0,0.8678910845045956,0.5866146361671962,0.9991158011118196,0.8822381645028784,0.8509077426975663,0.9929786904957367,46,255715.98605332134,20.396673568203383,0.0006289332620637667,415.24409100380217,1305.1345804074833,21641.990523963574,7.490536083992868,33487.187589123154,19.651047823374782,172415.52876357298,0,0
2760,9394294,2920629,2423252,730396,3320017,0.7579534424512822,7.431626258431927e-7,0.000038347843403680375,0.00002701973133421264,0.7666480312410917,0,0,12621,12544,16098,3.0669477772531524,6.014311767601089,0.5099416019260433,1.3742493977191272,2.853158679752522,21.009183063865525,486.3583599707787,102.41353856851148,7.363482169063175,170.46313036222878,0.6355626278001851,284019.566570737,362550.3170218817,180512.2220763672,31934496808.741974,0.5423526075050994,0,20595627640.680504,20595627640.680504,28811809.102559276,20595627640.680485,835282979.3574847,15938217451.417835,3822126846.545084,0,363.3600747800948,0,20566815831.57824,1.0000013852324523,2.516542855603818,21,101,419673,1024128,419673,1024130,1,1.0000019528808899,1,4680,13945,3151.0141246292997,9395.919346428827,590.5833437827811,1243.2220144392486,1,4,0,9,0.8914183850218936,0.5309382553450095,1,0.9100124498983476,0.7470471726619211,0.9946028346648095,50,231488.5769846508,19.239902700131594,0.0033582653131971263,257.22982270746576,5748.839816735471,19209.41109090041,3.8098931937010017,27846.698388146357,29.022973298270326,207473.51625689375,0,0
2790,9397870,2668391,2666298,729480,3333701,0.7616528348700364,2.685119146910663e-7,0.000015931307661367208,0.000009771996927657446,0.7651699800061078,0,0,12544,12514,16090,56.81738320764525,7.483405483274845,7.592450166522468,1.637888670231794,3.6109784370746785,15.178219044812591,444.4362416774074,94.73722522529475,4.203353553423252,123.07917353210604,1,269453.32375628536,483323.7877042778,269453.32375628536,44306186601.54429,0.6465120165528782,0,20750081721.336483,20750081721.336483,533962381.12604934,20750081721.33647,1029548433.1394897,15650074433.40865,4070458491.4282465,0,363.3600747800948,0,20216119340.210754,0.9980453183886231,2.6189017119457385,21,101,521894,1291189,518355,1291184,0.9932189295144225,0.9999961276002196,0.9877101740911055,4671,13883,4046.8780131845556,10024.753949481425,476.2400140052279,1435.9479743842924,0,4,0,3,0.8071671292949735,0.49502817650505393,0.9979909615622251,0.8318341872689068,0.6284820232406797,0.9946371899084056,53,161355.97088225285,10.700358768653421,0.005244840086835454,201.09248738685096,10657.934348905923,25322.226640628156,3.266664279922695,47650.717804364496,48.62125523890617,153046.41215521895,0,0
2820,9401559,1845973,3479659,728537,3347390,0.7653414655762921,9.701101809783889e-8,0.000005731741489952079,0.0000035341551983988,0.7636957870497861,0,0,12514,12391,16080,130.4200008306772,10.27862287570843,12.688470275419876,2.4985832692677215,5.361079643358498,19.38516829814154,550.926830234156,111.46200784919013,3.6159075387280613,102.76415701390751,0.7705106832909155,279086.75350082794,562860.8397464865,215039.32513736625,41882891480.843094,0.7617924268548026,0,21046328200.904057,21046328200.904057,1226151332.5900633,21046328200.904045,1194265721.0515351,15754060931.537197,4098001184.9552336,0,363.3600747800948,0,19820176868.31431,0.8974993045582851,2.6924189261582177,21,101,665909,2166823,608851,1933524,0.9143156197017911,0.8923313071718364,0.9346118085264763,4671,13900,4019.275627821481,11240.5883501745,517.5917532825946,1015.0103024743614,3,2,0,0,0.7797637017711633,0.4557364818810797,0.9390161334687149,0.8626452642042237,0.5135715833757375,0.9943666298266416,57,31511.653068726762,1.487348785386582,0.02421736001730506,204.63597165956855,3304.01757760107,25095.408980767606,4.047550808411927,21443.742629030436,46.59970309544045,433253.2587869077,0,0
2850,9405559,701456,4616485,726614,3361004,0.768646737524918,3.504869201470337e-8,0.0000020645514876415313,0.0000012781679178611277,0.7622361414138171,0,0,12391,12074,16074,125.37414787588789,15.74080829294428,7.9649116832257,3.408970768647453,7.821964924352108,28.79568437218853,631.2501244740521,128.03160219328967,3.6813875606292967,80.7022443310609,0.9999985566735377,292875.53181672905,399507.4084497716,292875.1091017238,42494203410.588394,0.9971132067801691,0,21342970664.343105,21342970664.343105,1179213944.9217796,21342970664.343094,1260476437.039755,15987997795.893618,4094496068.0496397,0,363.3600747800948,0,20163756719.42163,0.8933043406828757,2.908566002421941,21,101,1022871,3067361,956860,2696962,0.9354649804325277,0.8792450578852636,0.9220859340336884,4671,13897,4207.621861803764,13457.48905328997,541.4902224691195,582.3718729822489,1,6,0,0,0.7294071833887811,0.4426081235590266,0.8656799818506248,0.8888005883003096,0.4934849756676635,0.9940488696881505,63,1806.2628763180767,0.05932186766573993,0.08689320991994076,233.4605539331933,23239.072849474127,26852.357155995156,6.3443660815590945,35701.62445714166,51.976380051588265,134953.17729425197,0,0
2880,9409768,731581,4718868,724325,3234994,0.7264207040557576,1.2662333083770205e-8,7.41481391288831e-7,4.262826182558976e-7,0.7609853930511358,0,0,11895,11660,15869,118.96357774512057,20.643202526591455,5.762845062042972,4.348154871848177,8.505468232087834,53.618893068298284,815.4534112492208,163.8628036125397,6.304049536745666,95.87401763171971,0.545073968914007,580920.1638362446,345421.78030097275,316644.459324397,42981566702.92837,1.4485907358086156,0,21531875377.1315,21531875377.1315,1119419667.0319407,21531875377.131496,1328113238.0331457,16018475519.312683,4185286619.785655,0,0,0,20412455710.099873,0.9224260401295701,3.257850037286498,21,101,1019622,2983461,935872,2756676,0.9178617173815394,0.9239859344566596,0.8770855667178733,4671,13897,4059.572364273454,13737.289459912896,652.3056701963474,417.4146487286025,1,2,0,0,0.6911458032603729,0.43365964761356157,0.9185358490681406,0.8008237253326578,0.48976574633801334,0.9938699211643591,64,1857.7958437499997,0.060374435552361126,0.15272925955159716,301.7145805465273,5908.747246416678,26580.78581207827,6.262173663136153,19483.411865285598,70.57009361590015,205693.59805888517,0,0
2910,9413377,582475,4860207,721918,3248777,0.72954749147571,4.5749532401442774e-9,0.001065572047745184,1.5417001688080583e-7,0.7595129781798817,0,0,11850,12418,16027,124.8038857325754,28.150187386736224,4.433501064059715,3.2171940599280306,12.273836004290002,108.08978417465073,1276.2543595706359,254.0769700245295,8.80652015693144,103.98170214467214,1,283227.37750560965,294296.670461533,283227.37750560965,52385778232.953186,2.171290234551098,0,92435517385.84058,92435517385.84058,1174826027.4660413,92435517385.84058,1391425137.4478319,83762274178.6907,7281818069.702038,0,0,0,91260691358.37483,0.9688398498492239,3.817082846172588,21,101,1012654,2920992,982733,2828340,0.9704528891408122,0.9682806389062346,0.9456982867179816,4671,13897,4299.865492536229,13600.24641392662,584.6200815595126,393.32279132722783,1,6,0,0,0.5427470455473736,0.4300049338707043,0.9803895954628312,0.6056846285260747,0.4854875166000986,0.9935108052364418,65,1588.9776098163425,0.05003244838867193,0.17200568175314562,473.60305251484886,0,24071.02168031008,9.0279378583308,66718.39785827165,101.66475979357462,180813.42990074842,0,0
2940,9417001,780375,4653935,720196,3262495,0.7328788751469828,1.6529470822968303e-9,0.000901274522728215,5.5757361635514295e-8,0.7580468558939306,0,0,12418,12393,16017,161.38297239987736,64.59434778004884,2.498407027026651,1.4997881282462195,21.087189549848052,194.70600892038863,1832.0084157198778,327.70834209064424,9.23337879901552,86.87778954085793,0.028351659973858356,2678573.4732107506,75942.00440605923,75942.0043274681,58749602326.07064,3.6531934665004107,0,104363009635.54878,104363009635.54878,1519743612.4728649,104363009635.54878,1546856388.795741,96016594455.45409,6799558791.298948,0,0,0,102843266023.07605,0.9901923969759195,4.698519875728554,21,101,1000364,2717262,996270,2684895,0.9959074896737588,0.9880883771973406,0.9925633287542215,4671,13897,4220.1564514653255,12834.951453528842,560.3140735741342,687.4012720550829,4,10,0,0,0.5513766947029182,0.4299631934863099,0.9957469037924878,0.6123010447272538,0.48267148200810767,0.9929238610716963,67,1789.9721952289842,0.058350186266434165,0.16072202986129402,711.868905253587,5893.815948849312,21969.33830997262,10.693339697839717,13021.038040950702,55.274061650683976,303408.62225581246,0,0
2970,9420775,879100,4545983,719456,3276236,0.7365218191131823,5.972311640351559e-10,0.0004883361948447357,2.016529179572644e-8,0.7565864804116434,0,0,12393,12236,16010,381.61654751647086,194.78284447445222,1.9591897250813781,1.4586569548852069,25.615202391667744,275.3423580330594,3202.0583201612144,492.79527062664533,10.749177532269833,125.00616903978857,0.0044252548011958215,9937010.678815933,43973.804215963486,43973.804215963486,81905804046.47636,8.369181787147557,0,131021456437.17981,131021456437.17981,3595123630.4295673,131021456437.1798,1656852054.939885,122592843673.74658,6771760708.4933405,0,0,0,127426332806.75026,0.9808145127029676,5.55566790720699,21,101,949292,2313174,949248,2250626,0.999953649667331,0.9729600972516551,0.9999139174842946,4646,13884,3769.92732548611,11663.416905860706,435.1189994122326,916.7432495181877,9,21,0,6,0.4455869110687091,0.4410368809042371,0.994975317123284,0.5096919313184639,0.4856950149202354,0.9929263259765609,68,1396.534614352127,0.052372110190043494,0.11755587024147265,1218.5187537554311,0,18590.955492726116,14.450005085898848,22789.03721289468,64.31492653035491,89853.98541374726,0,0
3000,9424021,1331214,4083126,719768,3289913,0.7405669019677376,0.1349052984582173,0.28885137514316245,0.3353645452743005,0.6168752170649875,0.13851539592282316,0,12236,12754,16000,586.440693197262,270.8776661512672,2.1649650985614066,1.4598610396608465,27.158145480251367,332.9663200023138,4599.436443008272,743.2695700483596,12.260274555360839,169.35753018750313,0.0008086307135873883,13317381.384542983,10768.843612098983,10768.843612098983,111024811428.22336,10.876592942444596,0,136433256025.57826,136433256025.57826,5526629407.946118,136433256025.57826,1858767568.4520192,127781005523.45552,6793482933.670729,0,0,0,130906626617.63263,0.9640211026499517,6.100189890338075,21,101,903463,2165725,901170,2057592,0.99746198792867,0.9500707615232774,0.9955652345304946,4705,13808,3437.8740265017373,10390.578019911229,393.4946219010031,1075.2795837387905,8,24,6,12,0.4708006396769741,0.4477542758559118,0.9909093162059898,0.539831837101571,0.4825064788187152,0.9933583736317675,68,1979.6580510844792,0.08028998822147151,0.07200462233119367,2100.46694988978,3304.482997762452,16516.96878349193,23.607985639720447,37653.868273454544,91.07760486322049,51267.32480898566,0,0
3030,9367661,1832610,3516762,720068,3298221,0.7511702308233564,0.5372882488886332,0.6805927576047787,0.7596269355436579,0.26038015252686875,0.7216223985902137,0,12754,72053,15693,637.8664113990377,275.51642111670634,2.3151665835875646,1.4617399561294244,23.622923229763774,246.08474914517902,3151.9027932495915,789.3403367834616,10.41720140863531,133.42560370675642,0.00023721643438290307,12504589.578102073,2966.2942238560963,2966.29415313878,135171696016.51222,11.758113009236387,0,143927355995.3036,143927355995.3036,5975316305.272897,143927355995.30362,1998147592.1157405,135116513198.09506,6812695205.092827,0,0,0,137952039690.0308,0.9414885641293496,6.032379868347419,21,101,778091,2036299,778110,1871606,1.0000244187376541,0.9191214060410579,1.0000193822865284,4682,13764,3345.4999999999995,10687.262490785364,404.49592475061337,1155.7209263505883,11,29,9,18,0.4550224135852002,0.46730652024148356,0.9631204402851475,0.5401817102571094,0.4976941880825327,0.994521139483477,60,3441.8353143924924,0.15587339840462114,0.04554101989501018,3366.5916784103047,8882.996301158933,16176.07422132129,15.53842923904346,23730.496805829986,119.75404202916111,26085.36996389249,0,0
3060,8967421,1908861,3133727,669608,3255225,0.7783370364582631,0.8148011491364878,0.8650304314807628,0.913066313713314,0.005003445249197065,0.29739854970565116,0.6974191353344512,70519,387702,0,689.4730578727621,189.06954261288593,3.6466638060495917,1.4731129104947827,12.246548204991592,194.5359687006287,4092.7024858281206,974.258158580375,15.8849632928679,334.1923305507399,3.745093124507548e-11,15983178.406522147,0.0005985856425532133,0.0005985848480178741,104748035066.60829,8.59102473198051,0,144797859472.26956,144797859472.26956,6182795178.102613,144797859472.26962,2058267269.7211175,135895448820.03394,6844143382.514547,0,0,0,138615064294.1671,0.8243402215949094,5.737476657353904,21,101,780063,2348980,749141,1830255,0.960359611980058,0.7791701078766102,0.9650560094997092,4658,13754,3343.1,11450.542762496676,370.684094940185,1472.352533874111,14,32,9,15,0.4072453899665117,0.4565720240659851,0.8930464732464845,0.5192635488316103,0.48575996849021813,0.9944301054724201,61,12437.985784805405,0.5786464327992478,0.03254718270929312,3813.82637739351,0,15699.134535272518,19.738716219798466,18235.985182958444,140.02713516965747,25452.018889408675,0,0
3090,7996224,1663070,2757365,497497,3078292,0.8089224250554526,0.9188347044024932,0.9422751062220498,0.9685060013679601,0.0016927990011285326,0.03103589894430171,0.9672713020545698,367930,892782,0,976.5023715462027,186.2821062540979,5.2420621131167895,1.4781836816470078,12.960984044258572,119.07058869179559,6175.155175458552,1335.905419370185,9.186847872445396,476.44184688229814,0.00019130502796405047,15350871.676173573,2936.6989353396534,2936.6989352834157,76665066179.85745,8.11342616055679,0,148861737669.45056,148861737669.45056,7808331699.414545,148861737669.45068,2166754423.8786077,139788398829.83328,6906584415.738763,0,0,0,141053405970.03586,0.6865356565837896,5.5481907409858255,21,101,885148,2679972,704937,1742645,0.7964057988042678,0.6502474652720253,0.7662601587268301,4666,13712,3367.2999999999993,11391.996218989667,395.2105911197584,1506.8665837957587,17,38,9,27,0.37172371148756705,0.41544471316799814,0.8611011972447279,0.49479578446131744,0.47416946727629866,0.9945611719164354,61,2347.7124534920713,0.11510359792605458,0.026530510990650534,3783.1872575765256,0,15321.466176687367,46.32114510029154,16317.093644081797,173.6441313947646,0,0,0
3120,6496856,1033153,2504502,232638,2726563,0.8364865991737465,0.9656890800959218,0.9762700267141052,0.9875726606551373,0.00004771538725808299,0.007343705940227088,0.9926085786725148,843675,1503635,4267,3017.2017541828313,110.10377144872308,27.403255260769935,1.4871383209610811,14.066651079552797,181.10841978948747,4454.50289726094,1581.5500942636306,12.87502041283626,316.67117297989853,0,13442573.41931084,0.00003438324192840165,0,39344173989.354836,6.531477565248526,0,180361981151.4314,180361981151.4314,19602325319.871513,180361981151.43143,2158790295.0761747,171162575036.0003,7040615820.354995,0,0,0,160759655831.55807,0.6302643724082825,5.329915679888599,21,101,881754,2675009,580651,1661050,0.6585181354436725,0.620951181846491,0.6241200316960851,4644,13680,3365.1,11291.401283271587,433.37086170640276,1654.922843581589,18,44,9,27,0.37525024235198284,0.3670433109041662,0.8645202105260928,0.5031751811044305,0.46338047968390594,0.994615946399069,61,0,0,0.03214776523586599,2550.9635224001527,1573.1737259582153,14895.009385565894,53.93866454180265,40249.92463332726,182.80916152485622,0,0,0
3150,4517517,249641,1864451,174985,2228440,1.136859228453634,0.985888160035449,0.990633211640075,0.9954355836426503,0.0000011068026971453567,0.00015893686731007322,0.9998399563299928,1248362,1455767,0,4837.031356960112,191.41755385215518,25.269528627954784,1.48654847204004,15.14567304986218,131.57287390750005,3009.26272346684,1495.0571105775127,8.687159261548784,198.68794959192803,0,8888238.045506485,0.0000028168329751534736,0,18133350540.71104,7.8352308770752215,0,234187474782.73813,234187474782.73813,21851371384.598133,234187474782.7382,2080023036.1912417,225169476634.6979,6937975111.849075,0,0,0,212336103398.13766,0.4577806278665426,4.572515279589304,21,101,874995,2619633,371164,1228609,0.42418985251344293,0.46900042868600295,0.3866587203609893,4656,13660,3366.3,11176.793515697938,237.12909593115643,2000.1197690709148,18,53,9,30,0.285096535964959,0.3156429593593874,0.7354147368560459,0.47505379783213164,0.445481910652908,0.9946289858964978,61,0,0,0.031123352671881294,1863.755817067376,0,14779.351297791103,92.12639196496264,0,166.92608134532566,0,0,0
3180,2045365,39999,223914,124746,1656706,6.7501487232534965,0.9924463104265672,0.9950353830506325,0.9982852504482451,4.889102922950182e-7,0.00000831147496901531,0.9999911996147387,787107,1235153,0,11103.120378537662,290.1435933225616,38.26767377969976,1.4720879413019925,12.666926550681616,46.50156412278442,672.9128494354553,1010.873349099641,3.6711007943976863,53.123608694111,0,3164518.19706684,1.1940346166866917e-7,0,10121971406.05479,10.45655604907096,0,235111359232.34363,235111359232.34363,22709933813.047085,235111359232.34366,1971145268.5203915,226076674139.23788,7063539824.585434,0,0,0,212401425419.29584,0.04856350437366476,3.9913794177788526,21,101,985922,2953909,32155,159177,0.03261414188952067,0.05388690037506233,0.032261789023294414,4671,13805,3393,11274.193587256375,317.9775637966764,2330.1116406149704,15,43,9,33,0.003129581011154026,0.2735989848340056,0.01596114817184122,0.5023771509614104,0.4236002295761443,0.9946906758521022,61,0,0,0.01679899792723815,1072.2345059549496,0,14289.561773312971,54.80120433630947,356.10936191350174,160.40563456217214,0,0,0
3210,1036438,26923,26309,65109,918097,18.470205891193267,0.9964729244619127,0.998011630581498,0.9984390170857361,0,0.0000019296860979624444,0.9999980703139021,455467,490545,0,23596.375320634797,199.04526805268856,118.54778338357025,1.354335252862812,9.766270299999556,122.12036103734489,995.1977467310637,562.1819017977128,12.504298702171948,101.90151574353916,0,1326795.3678639233,5.9260994754238766e-9,0,8219706443.61435,8.488704053951494,0,235403141694.83408,235403141694.83408,24456180044.566967,235403141694.8342,1849286788.4283376,226400873742.20837,7152981164.1974535,0,0,0,210946961650.26587,0.006500003264051244,3.734510800655811,21,101,921985,2601244,3482,19419,0.003776634110099405,0.007465274307216086,0.004666473257372781,4647,13761,3390.5999999999995,11232.078260341897,342.80693706392435,2458.6212457589204,15,46,9,39,0,0.24071700626256387,0,0.5316380547652914,0.4048288629602418,0.9948123591030147,60,0,0,0.005110426237666183,677.270840491103,0,14088.81628161187,42.58681949004263,0,163.54626748079292,0,0,0
3240,103725,15159,2086,33339,53141,5.014786894752102,0.9964611151600294,0.997369195216756,0.9986387516452757,0,0,1,362377,298429,0,267641.5892508963,221.45686796309104,1208.5495099456684,1.2405880871382964,11.265947145978005,176.81384892238293,1579.6160953308165,524.4460487187215,15.69453918355247,140.21156631244685,0,132419.92351015488,2.9659933567137157e-9,0,6828311313.383088,9.993961349028982,0,249441805914.32788,249441805914.32788,27761123845.048367,249441805914.328,1644913715.4773521,240433540096.4024,7363352102.44826,0,0,0,221680682069.27856,0.0006030657535612895,3.447166976202083,21,101,821535,2426867,180,1779,0.000219102046778287,0.0007330438792072248,0.0002124140547987016,4612,13750,3387.1000000000004,11201.299999999997,278.99999836710936,2638.252406351588,15,46,9,42,0,0.2008896091437108,0,0.5350755943726836,0.3662430972890421,0.9949254055628312,59,0,0,0.002434599451844699,784.0478591276134,0,13792.647831348944,42.13598574448497,0,161.06078807753633,0,0,0
3270,4610,648,96,2063,1803,5.196236559139785,0.9979783364123112,0.996047903014095,0.9986197243250308,0,0,1,98681,43882,0,6060910.457828738,297.18439410615065,20394.44391438621,1.3082259274369865,15.245525994834054,214.52436770482902,2263.582920622399,683.6042798387834,14.071299853971624,148.47522620009397,0,6967.64243210657,2.9659933567137157e-9,0,5611712825.31986,13.111063534551283,0,256606675341.9323,256606675341.9323,27940797210.58965,256606675341.9324,1410771302.1901934,234989271280.6771,20206632759.06513,0,0,0,228665878131.3417,0.000040282316376417657,3.2355441112675174,21,101,510602,1723629,5,85,0.000009792362740451466,0.0000493145566708381,0,4592,13715,3385.1,11205.800000000001,274.2648093294612,2823.250863347873,15,47,9,45,0,0.16039374837347428,0,0.5359173898014458,0.31422468490069394,0.9949952684408857,57,0,0,0.002277245790006448,1102.4932728047297,0,12597.14068834036,60.856732614239,0,178.881580316035,0,0,0
3300,91,16,3,4,68,3.789473684210526,0.9976798235439645,0.970184433068187,0.9982550775192811,0,0,1,50,49,0,307348346.9280057,383.3209334536929,801804.2327060517,1.4423957069552342,18.317113440412648,258.01728703022144,2934.5225285619545,912.8944295582223,14.086132504970108,160.20660340987905,0,132.4708654243044,2.9659933567137157e-9,0,5390863021.803607,16.713838333312758,0,253016597396.49838,253016597396.49838,27968699570.447666,253016597396.4986,1182515285.454465,229189381792.37762,22644700318.66641,0,0,0,225047897826.04984,0.0000010378380173557653,2.7389622886240774,21,101,477345,1449738,0,2,0,0.000001379559616979068,0,4580,13674,3383.8999999999996,11212.5,390.63015940346696,2856.2508656853383,15,47,9,45,0,0.12243907244987903,0,0.5359264760482247,0.25545389779742256,0.99548763322159,50,0,0,0.002831344693924902,1440.1665210231313,0,12373.018336808296,80.84211699395598,0,199.49167399317213,0,0,0
3330,2,1,0,0,1,1,0.9962526800749729,0.8860748063734325,0.9978838483842589,0,0,1,0,0,0,13984349959.668304,408.69260149672664,34217281.909323506,1.3479759103408804,20.842792321268185,298.98642618859077,3585.8895936681092,1157.6308979323308,14.344835451030338,172.04458684784922,0,2.234760153079737,2.9659933567137157e-9,0,6167235844.119737,18.380360708477113,0,226146880920.08752,226146880920.08752,27968699919.33574,226146880920.08762,1011535226.7500789,200661561460.0851,24473784233.25244,0,0,0,198178181000.75095,0,2.35525045207735,21,101,478146,1426592,0,0,0,0,0,4549,13644,3364.7179349749376,11209.5,337.96706406182625,3043.921331312503,15,47,9,45,0,0.08467787883131037,0,0.5364030252864871,0.18492893880902883,0.9956346667570767,48,0,0,0.0031013254346976167,1798.854461688891,0,10399.206486619922,99.103128831225,0,220.77435213404087,0,0,0
3360,1,0,0,0,1,0,0.9980548078050427,0.9587471230763542,0.9980548078050427,0,0,1,0,0,0,29155179551.074837,307.64765214908147,94768087.28235206,1.3127719176550745,22.911207582381568,322.98440756109034,4149.724872545344,1381.0976707498305,14.097223221418556,181.12204944345362,0,1.049445900417675,2.9659933567137157e-9,0,6690381134.851182,15.675433912708595,0,221436425149.9308,221436425149.9308,29155179551.07397,221436425149.93085,780381697.4376025,194731388139.14813,25924655313.345123,0,0,0,192281245598.8559,0,2.1305739487202646,21,101,469437,1428435,0,0,0,0,0,4518,13625,3166.2417779400344,11221.1,316.960811268401,3207.699904770031,15,47,9,45,0,0.05708749397004573,0,0.5383032288377448,0.13162232735515625,0.9957413242729924,47,0,0,0.0031600147046627895,2134.8001288949035,0,9063.20619629424,114.97472097541868,0,237.97291098209692,0,0,0
3390,0,0,0,0,0,0,0,0,0,0,0,0,0,0,0,0,149.34035758790216,0,1.3000399883804348,24.330305088545195,335.08333372206556,4584.307040485066,1017.9333968934593,13.772261897357962,188.4196282702339,0,0,2.9659933567137157e-9,0,5857243644.441027,8.163655400181089,0,215614275973.5093,215614275973.5093,29155179551.07397,215614275973.5094,614920183.8409246,187388058631.55362,27611297158.11486,0,0,0,186459096422.4344,0,1.805716387885282,21,101,441126,1417295,0,0,0,0,0,4500,13583,2779.5875887660077,11133.802177336933,381.1709074472114,3394.35215905696,15,47,9,45,0,0.03380700411782427,0,0.543317924075595,0.0816034367104141,0.9957888341643639,46,0,0,0.003158199323978908,2404.73727056911,0,7270.808156949379,128.69901339741682,0,249.17639973356242,0,0,0
3420,0,0,0,0,0,0,0,0,0,0,0,0,0,0,0,0,80.94971422200777,0,1.295435339569682,25.184877355829034,340.9328445633893,4870.934451828292,866.4067843668672,13.537204876817894,193.40711423797805,0,0,2.9659933567137157e-9,0,4988611946.479091,4.871341015341662,0,214232175632.57047,214232175632.57047,29155179551.07397,214232175632.5706,503911794.3839101,185871927483.65955,27856336354.52713,0,0,0,185076996081.4956,0,1.54631105315051,21,101,335925,1352836,0,0,0,0,0,4488,13542,1907.915379676418,10691.546611770711,589.67563166143,3407.101677686225,15,47,9,45,0,0.013539998334428177,0,0.5525658924878921,0.030903460509266643,0.9960870816385321,41,0,0,0.003196131929816258,2590.416548305298,0,6475.232288479399,139.47071147544065,0,255.202971630157,0,0,0
3450,0,0,0,0,0,0,0,0,0,0,0,0,0,0,0,0,55.572083122686934,0,1.2937700153118263,25.6562913545244,343.6304278121742,5044.596248639329,815.5185125852554,13.393612625605616,196.6221921528706,0,0,2.9659933567137157e-9,0,6424918894.176589,3.675943140507413,0,211057001073.32953,211057001073.32953,29155179551.07397,211057001073.32962,317599360.7550717,181549963304.57587,29189438407.998672,0,0,0,181901821522.25467,0,1.3582899778700754,21,101,221311,1273942,0,0,0,0,0,4440,13504,1139.273601736385,10155.380433928558,462.66078646899257,3490.2141470626816,15,47,15,45,0,0.007515057618721438,0,0.565709115536788,0.01691174419414198,0.9977344407412356,30,0,0,0.00320974019681479,2706.443318811421,0,5052.195983086409,147.12623654326813,0,257.85721515603404,0,0,0
3480,0,0,0,0,0,0,0,0,0,0,0,0,0,0,0,0,46.40477809637668,0,1.2931677316203254,25.90073138208734,344.83427203516084,5143.667687164355,811.583143119928,13.313688596208692,198.59160003186855,0,0,2.9659933567137157e-9,0,4456322544.158506,3.2528026342571668,0,179220268320.98315,179220268320.98315,29155179551.07397,179220268320.98325,174395210.73235282,149678198114.49756,29367674995.753326,0,0,0,150065088769.90833,0,1.228950915557816,21,101,110749,1199023,0,0,0,0,0,4410,13472,441,9661.400000000003,486.66649634643466,3599.1017009389734,15,47,21,48,0,0.005824293032935723,0,0.5956564635459732,0.014412430245058864,0.9985130574823693,20,0,0,0.0032361463192535343,2774.0942686415488,0,4276.24550097507,152.1477944254193,0,258.79750209983627,0,0,0
3510,0,0,0,0,0,0,0,0,0,0,0,0,0,0,0,0,40.98284803510594,0,1.2929499087889238,26.02181019212823,345.3586114328075,5190.82405938449,809.6878631636978,13.271890344403511,199.4797449162376,0,0,2.9659933567137157e-9,0,3652589952.4125133,3.0346671743718687,0,124582098145.8503,124582098145.8503,29155179551.07397,124582098145.85046,58897015.83528036,94888569538.48715,29634631591.528015,0,0,0,95426918594.77545,0,1.1412887055420278,21,101,128126,1193430,0,0,0,0,0,4377,13391,924.4940688218513,9619.745459614987,571.8441937592867,3744.2812237569306,15,47,18,48,0,0.0030379523859933115,0,0.5894971531947052,0.008043582067125165,0.9987692669464467,15,0,0,0.0032459346389535275,2811.473377464644,0,4305.562861124607,155.23650724662104,0,259.02439024346006,0,0,0
3540,0,0,0,0,0,0,0,0,0,0,0,0,0,0,0,0,30.79792983972831,0,1.2928711306540526,26.079713800947967,345.58662551228923,5212.500614965658,814.9485122076754,13.251166333724397,199.86801445559536,0,0,2.9659933567137157e-9,0,2542205742.741081,2.6860592669758283,0,123493131809.18803,123493131809.18803,29155179551.07397,123493131809.1882,2864055.125594578,93759479172.72649,29730788581.336098,0,0,0,94337952258.11319,0,1.0879093517309983,21,101,131295,1202380,0,0,0,0,0,4359,13388,955.2,9680.9,638.0412597878087,3750.7584717111317,15,47,18,48,0,0.0018112879516386908,0,0.5893561375769729,0.004796545858725676,0.9987692669464467,15,0,0,0.0032743205580794666,2831.2440396332704,0,4196.479543299296,157.0394152205959,0,259.0138949652732,0,0,0
3570,0,0,0,0,0,0,0,0,0,0,0,0,0,0,0,0,23.521104070567517,0,1.2928426396345678,26.002239844645967,345.82100530666344,5229.207439009203,817.0456766835546,13.299662158830147,201.10603818178114,0,0,2.9659933567137157e-9,0,2446641327.265244,2.442339628689532,0,122879916332.5071,122879916332.5071,29155179551.07397,122879916332.50723,364911.64925430145,93096146132.58025,29783405288.277725,0,0,0,93724736781.43225,0,1.0706314897229596,21,101,131080,1208046,0,0,0,0,0,4321,13417,951.4,9711.541911397766,534.5359539153523,3919.362833896974,15,47,18,48,0,0.0023244801069388717,0,0.5899240327371068,0.0057255048349775664,0.9987692669464467,15,0,0,0.0033793885354066267,2842.2978161167675,0,4256.36689688512,158.05285281175506,0,259.30019413236846,0,0,0
3600,0,0,0,0,0,0,0,0,0,0,0,0,0,0,0,0,19.740008354594565,0,1.2928323355293407,25.978431019128507,345.71768215770453,5039.655844577152,814.177753442788,13.30787382437164,193.99384977739183,0,0,2.9659933567137157e-9,0,1342494418.6348715,2.316764440871565,0,109897806239.09937,109897806239.09937,29155179551.07397,109897806239.09946,42678.74398057927,79013142415.48587,30884621144.869587,0,0,0,80742626688.02448,0,1.0546292360701515,21,101,130980,1207760,0,0,0,0,0,4300,13379,949.3000000000001,9700.489421995231,560.3045090433825,4014.133045785328,15,47,18,48,0,0.001386844101043474,0,0.5904618795923818,0.003727063067758031,0.9987692669464467,15,0,0,0.003374886166387267,2847.1091838978723,0,2622.8013553217734,158.5992012001095,0,235.9680956513833,0,0,0
3630,0,0,0,0,0,0,0,0,0,0,0,0,0,0,0,0,18.59783966564497,0,1.2928286089310492,25.987303783319884,345.6748732932456,4962.889224554554,809.787976056224,13.301682859270656,190.97361026502548,0,0,2.9659933567137157e-9,0,622691102.9679703,2.279013757270048,0,40070807102.87938,40070807102.87938,29155179551.07397,40070807102.87947,10958.255889212456,9191558148.17326,30879237996.45032,0,0,0,10915627551.804504,0,1.0264777110817067,21,101,132404,1188569,0,0,0,0,0,4388,13303,958.1000000000001,9552.186537938922,564.6057106020526,4059.997179971615,15,47,18,48,0,0.0011671069943128799,0,0.5911619625947203,0.0030336036238733407,0.9987692669464467,15,0,0,0.0033868441184391087,2848.825142532909,0,2575.8668526461006,158.87644470154925,0,204.18651455413172,0,0,0
3660,0,0,0,0,0,0,0,0,0,0,0,0,0,0,0,0,21.032782176897204,0,1.2928272611638711,26.062027657594385,345.67489515752004,4941.4253929262495,806.9921828047205,13.263545710987364,189.60249209490556,0,0,2.9659933567137157e-9,0,211175073.9497025,2.3596369498541274,0,32150650986.88397,32150650986.88397,29155179551.07397,32150650986.884045,0,12528428.028630955,32138122558.855434,0,0,0,2995471435.809092,0,1.0098167444935133,21,101,132297,1168917,0,0,0,0,0,4371,13257,956.4,9400.16574723393,658.357479520713,3931.1356012919405,15,47,18,48,0,0.0004339791472144428,0,0.5911739875528726,0.0011710420734353869,0.9987692669464467,15,0,0,0.0034163161327408174,2849.448355406256,0,2647.571575863185,159.00995258002018,0,184.16254869170203,0,0,0
3690,0,0,0,0,0,0,0,0,0,0,0,0,0,0,0,0,29.501571769114125,0,1.292826773728354,26.21183708824485,345.73899051819336,4934.898213338163,801.8801791206758,13.19018538663381,188.26983384355398,0,0,2.9659933567137157e-9,0,133188773.80597976,2.639822041429703,0,31950377559.10885,31950377559.10885,29155179551.07397,31950377559.10893,0,12528428.028630955,31937849131.08031,0,0,0,2795198008.033975,0,1.0025857395100717,21,101,131559,1152241,0,0,0,0,0,4336,13236,938.3103227164992,9276.9,577.9582430435385,4166.619248945421,15,47,18,54,0,0.00009925692499222049,0,0.5917821398413626,0.0002923516301089034,0.9988079409795958,15,0,0,0.003438283988045772,2849.866847768335,0,2369.880829457968,159.07327476892485,0,173.79120030147422,0,0,0
3720,0,0,0,0,0,0,0,0,0,0,0,0,0,0,0,0,35.70656009375446,0,1.292826597441687,26.158637952314564,345.762012964749,4934.3782168217995,801.9897357635602,13.217890533713943,188.63284188637186,0,0,2.9659933567137157e-9,0,79799392.83541091,2.8451179413399013,0,31837198799.40535,31837198799.40535,29155179551.07397,31837198799.405434,0,11044661.857705867,31826154137.54774,0,0,0,2682019248.330476,0,1,21,101,125717,1151962,0,0,0,0,0,4320,13189,804.7703735597908,9272.199999999999,663.4610204501722,4194.8281314669475,15,47,18,54,0,4.589348675066948e-9,0,0.5927111339037516,1.37680324488465e-8,0.998878455917974,14,0,0,0.003443294413647757,2850.3937247864237,0,1879.5578991562704,159.10804798070086,0,168.90442896439282,0,0,0
3750,0,0,0,0,0,0,0,0,0,0,0,0,0,0,0,0,36.939117178681634,0,1.292826533685584,26.13942575962866,345.757501845336,4928.303761550396,802.0320891323815,13.227432959883348,188.53909825218778,0,0,2.9659933567137157e-9,0,113150149.70957477,2.88592518525863,0,31832363770.233784,31832363770.233784,29155179551.07397,31832363770.233864,0,11044661.857705867,31821319108.37617,0,0,0,2677184219.158909,0,1,21,101,131410,1152978,0,0,0,0,0,4275,13116,946.8000000000002,9264.900000000001,749.7898513470228,4155.283887649122,15,47,18,54,0,0.00011639026011188334,0,0.5925535469578552,0.0003443077831976791,0.9989301651169076,14,0,0,0.0034638531197909513,2850.7581898075655,0,2357.687216795206,159.13100350781437,0,166.73770637712857,0,0,0
3780,0,0,0,0,0,0,0,0,0,0,0,0,0,0,0,0,31.11089748669437,0,1.2928265106274552,26.1324885637042,345.7512282134491,4924.806874962536,801.2804132631666,13.230704277191117,188.45533455251075,0,0,2.9659933567137157e-9,0,88480158.0507562,2.6931651346679826,0,31831000327.562313,31831000327.562313,29155179551.07397,31831000327.562393,0,11044661.857705867,31819955665.7047,0,0,0,2675820776.4874353,0,1,21,101,131256,1154990,0,0,0,0,0,4249,13078,944.2,9261.1,730.3574799931824,4177.726290758237,15,47,18,54,0,0.00013484844789595003,0,0.593020434369691,0.0003979776673936004,0.998931622309617,14,0,0,0.003539899193178607,2850.9213342747785,0,2375.15300428704,159.1454146941432,0,165.81377834497792,0,0,0
3810,0,0,0,0,0,0,0,0,0,0,0,0,0,0,0,0,32.27495860976689,0,1.2928265022882182,26.1299840549753,345.7472806466764,4934.678735344147,801.4336294829325,13.231821340543227,188.85119581251928,0,0,2.9659933567137157e-9,0,86401067.10120453,2.731676584669465,0,31831000327.562313,31831000327.562313,29155179551.07397,31831000327.562393,0,11044661.857705867,31819955665.7047,0,0,0,2675820776.487436,0,1,21,101,131080,1157764,0,0,0,0,0,4216,13055,940.9000000000002,9258.8,641.8521741207267,4413.753186141227,15,47,18,54,0,0.000024705552650002406,0,0.5934832781579114,0.00007367806420390949,0.9989316393180767,14,0,0,0.003672656169974437,2850.965039762115,0,2277.4165017773894,159.15311473911282,0,165.4276842126451,0,0,0
3840,0,0,0,0,0,0,0,0,0,0,0,0,0,0,0,0,59.36218405985628,0,1.292826499272237,26.12908001103199,345.7452459546098,4977.312940956305,804.8026397879967,13.232201279518156,190.48940639528172,0,0,2.9659933567137157e-9,0,72626732.90353997,3.627642025643361,0,31819955665.70461,31819955665.70461,29155179551.07397,31819955665.70469,0,0,31819955665.7047,0,0,0,2664776114.62973,0,1,21,101,131017,1158339,0,0,0,0,0,4201,13017,939.4,9254.999999999998,704.8539430393872,4530.714610409733,15,47,18,54,0,1.1422555279469508e-12,0,0.5935993155180774,3.4267672033294617e-12,0.9989316395687152,14,0,0,0.003720022570423971,2850.960182049369,0,2127.2497643168595,159.15646524580913,0,165.2668750418599,0,0,0
3870,0,0,0,0,0,0,0,0,0,0,0,0,0,0,0,0,106.28179691234433,0,1.292826498181472,26.128753737596558,345.7442905850812,5004.311031355567,810.6423263970689,13.232329947968056,191.52505632730904,0,0,2.9659933567137157e-9,0,51718529.534045644,5.179600647404371,0,31819955665.70461,31819955665.70461,29155179551.07397,31819955665.70469,0,0,31819955665.7047,0,0,0,2664776114.6297293,0,1,21,101,130394,1160273,0,0,0,0,0,4157,12935,934.9999999999999,9246.800000000003,800.8557115469914,4372.684875987143,15,47,18,54,0,0,0,0.5937957125512161,0,0.9989372296487845,14,0,0,0.003730645002815799,2850.9434898819854,0,2108.4773938683684,159.15752112359723,0,165.19913512053327,0,0,0
3900,0,0,0,0,0,0,0,0,0,0,0,0,0,0,0,0,138.5244864460348,0,1.2928264977869848,26.128636005252016,345.7438656917052,5014.0580899048455,814.6657584424314,13.232373309582963,191.8989605464667,0,0,2.9659933567137157e-9,0,24744820.871210646,6.246090593075116,0,31819955665.704605,31819955665.704605,29155179551.07397,31819955665.70469,0,0,31819955665.7047,0,0,0,2664776114.629731,0,1,21,101,130257,1160155,0,0,0,0,0,4133,12911,932.6,9244.400000000003,802.3574804656512,4517.45821404588,15,47,18,54,0,0,0,0.5939341023059784,0,0.9989375584101234,14,0,0,0.0037326553695659443,2850.9286334354542,0,2078.8026911570228,159.15759982837702,0,165.16996374672578,0,0,0
3930,0,0,0,0,0,0,0,0,0,0,0,0,0,0,0,0,155.7093316546966,0,1.2928264976443138,26.128593530737668,345.7436833221694,5017.574192903413,816.8090901155479,13.232387840372526,192.03384166088927,0,0,2.9659933567137157e-9,0,11347915.19460597,6.814512707414723,0,31816923951.42467,31816923951.42467,29155179551.07397,31816923951.42476,0,0,31816923951.42477,0,0,0,2661744400.3497977,0,1,21,101,130072,1159942,0,0,0,0,0,4100,12880,929.3000000000001,9241.300000000003,713.8521745931943,4624.292909765407,15,47,18,54,0,1.649264787661454e-11,0,0.5940814383713302,4.9477943964149064e-11,0.998937561855117,14,0,0,0.0037330868302205148,2850.9185744617757,0,2069.1946393553126,159.1573765222824,0,165.1570558468587,0,0,0
3960,0,0,0,0,0,0,0,0,0,0,0,0,0,0,0,0,163.92221527001274,0,1.2928264975927153,26.12857821012344,345.7436069872538,5018.841358198287,817.8323845315722,13.232392677734623,192.08245155313318,0,0,2.9659933567137157e-9,0,4119178.8763321326,7.086169674662725,0,31816796227.067223,31816796227.067223,29155179551.07397,31816796227.067307,0,0,31816796227.067318,0,0,0,2661616675.9923453,0,1,21,101,130025,1159637,0,0,0,0,0,4091,12845,928.4000000000001,9237.800000000003,869.1039435118536,4742.459620498031,15,47,18,54,0,2.0103987309158447e-13,0,0.5942193217801808,6.031189436761509e-13,0.998937561899555,14,0,0,0.003744469252718266,2850.912606571304,0,2064.6866110909946,159.15713028911804,0,165.1511929102352,0,0,0
3990,0,0,0,0,0,0,0,0,0,0,0,0,0,0,0,0,167.6150226991526,0,1.292826497574054,26.12857268508186,345.7435756267632,5018.39999438134,818.2577773968194,13.232394275565074,192.0656001713634,0,0,2.9659933567137157e-9,0,2427205.1237906576,7.208316355251375,0,31802054567.851788,31802054567.851788,29155179551.07397,31802054567.851868,0,0,31802054567.85188,0,0,0,2646875016.776909,0,1,21,101,129416,1158894,0,0,0,0,0,4043,12778,923.6000000000001,9231.099999999999,872.8557120194563,4663.076664961817,15,47,18,54,0,3.717966227775169e-8,0,0.5944130462190877,1.1153799155995865e-7,0.9989379715953737,14,0,0,0.0037565302246034033,2850.909341816254,0,1730.205833198144,159.1569447467743,0,165.14847442204666,0,0,0
4020,0,0,0,0,0,0,0,0,0,0,0,0,0,0,0,0,169.21187838312926,0,1.292826497567305,26.128570693019423,345.74356292773126,5019.136928942779,818.4473044516112,13.23239479839213,192.09381898121603,0,0,2.9659933567137157e-9,0,1148707.345885034,7.2611353939362235,0,31791665042.01681,31791665042.01681,29155179551.07397,31791665042.01689,0,0,31791665042.01691,0,0,0,2636485490.941934,0,1,21,101,129298,1158702,0,0,0,0,0,4022,12755,921.5000000000002,9228.799999999997,874.3574809381155,4834.503959869511,15,47,18,54,0,0,0,0.594537998333705,0,0.9989380391903491,14,0,0,0.0038087330568905443,2850.907653250939,0,1508.3599293514044,159.1568254655767,0,165.14719738420433,0,0,0
4050,0,0,0,0,0,0,0,0,0,0,0,0,0,0,0,0,150.09315903237,0,1.2928264975648642,26.128569974936386,345.74355784422346,4976.019269593493,816.0738967644481,13.232394967496312,190.443613039929,0,0,2.9659933567137157e-9,0,514864.4460334637,6.628746005045134,0,31776377655.54642,31776377655.54642,29155179551.07397,31776377655.5465,0,0,31776377655.54652,0,0,0,2621198104.4715433,0,1,21,101,128657,1158485,0,0,0,0,0,3999,12721,904.6103226597678,9225.399999999998,824.7082444622985,4850.717149073299,15,47,18,54,0,3.3625101253793468e-12,0,0.5946765531933579,1.0087530810665157e-11,0.9989380400240832,14,0,0,0.003903306711949806,2850.90681550539,0,1295.1583782544344,159.15675556459948,0,165.1465940733034,0,0,0
4080,0,0,0,0,0,0,0,0,0,0,0,0,0,0,0,0,104.55280105301905,0,1.2928264975639814,26.128569716146714,345.7435558282523,4949.433722194101,810.394541360439,13.232395021400372,189.4261253472092,0,0,2.9659933567137157e-9,0,249175.50647238703,5.1224088614162255,0,31773258970.498425,31773258970.498425,29155179551.07397,31773258970.498505,0,0,31773258970.498524,0,0,0,2618079419.423548,0,1,21,101,122810,1158318,0,0,0,0,0,3987,12693,771.4703734250105,9222.6,971.7110218689586,4867.73504870104,15,47,18,54,0,0,0,0.5950115011771608,0,0.9989380400332148,14,0,0,0.003936912804597865,2850.9064131050372,0,1209.0812429695357,159.1567170916152,0,165.1463091347777,0,0,0
4110,0,0,0,0,0,0,0,0,0,0,0,0,0,0,0,0,71.47539343454706,0,1.2928264975636623,26.12856962290381,345.74355503498145,4935.386922666064,806.2672252654381,13.232395038261458,188.88852294232734,0,0,2.9659933567137157e-9,0,171740.4305613371,4.0283083843168,0,31773258970.49842,31773258970.49842,29155179551.07397,31773258970.498505,0,0,31773258970.498524,0,0,0,2618079419.4235477,0,1,21,101,128518,1157512,0,0,0,0,0,3942,12621,913.5,9215.400000000001,953.9381507738535,4700.845216445275,15,47,18,54,0,2.738970876813936e-10,0,0.5949919765459275,8.216912095182494e-10,0.9989380795502707,14,0,0,0.003957656537903546,2850.906224776662,0,1281.1786573910813,159.1566968725952,0,165.14617516888018,0,0,0
4140,0,0,0,0,0,0,0,0,0,0,0,0,0,0,0,0,52.226058741948805,0,1.2928264975635468,26.12856958931634,345.74355472488077,4936.646256443112,803.8646685209424,13.232395043403034,188.9367207633765,0,0,2.9659933567137157e-9,0,76900.37906310547,3.391598686197524,0,31773089700.47581,31773089700.47581,29155179551.07397,31773089700.475895,0,0,31773089700.475914,0,0,0,2617910149.40094,0,1,21,101,128410,1157306,0,0,0,0,0,3923,12598,911.6000000000003,9213.1,912.0057779002244,4869.8245394638525,15,47,18,54,0,4.89289298879619e-13,0,0.5951383677454708,1.467867494220343e-12,0.9989380799003168,14,0,0,0.003969194032548121,2850.9061385041764,0,1245.4492284613889,159.15668662155647,0,165.1461126379197,0,0,0
4170,0,0,0,0,0,0,0,0,0,0,0,0,0,0,0,0,65.08154059807936,0,1.2928264975635047,26.128569577220752,345.74355460433816,4974.663338156263,805.4732492069132,13.23239504491521,190.39172134754915,0,0,2.9659933567137157e-9,0,35397.12916907008,3.8168190882719557,0,31773089700.47581,31773089700.47581,29155179551.07397,31773089700.475895,0,0,31773089700.475914,0,0,0,2617910149.4009404,0,1,21,101,128332,1157210,0,0,0,0,0,3905,12578,909.8000000000002,9211.100000000002,862.5004719096514,5078.2551597069505,15,47,18,54,0,0,0,0.5952740625279328,0,0.9989380799014005,14,0,0,0.003985481194035336,2850.9060996877834,0,1236.3257744815767,159.15668157259384,0,165.1460837055046,0,0,0
4200,0,0,0,0,0,0,0,0,0,0,0,0,0,0,0,0,106.93669496126475,0,1.2928264975634898,26.128569572866027,345.74355455770836,5003.318303838133,810.7058592762869,13.232395045335961,191.48841232525697,0,0,2.9659933567137157e-9,0,16444.657126072787,5.201260828252643,0,31773089700.47581,31773089700.47581,29155179551.07397,31773089700.475895,0,0,31773089700.475914,0,0,0,2617910149.40094,0,1,21,101,128265,1156926,0,0,0,0,0,3898,12540,909.1,9207.3,1026.0022407101947,4888.572673969754,15,47,18,54,0,0,0,0.5952931441128055,0,0.9989380799014782,14,0,0,0.003992929561361216,2850.9060824893013,0,1232.7683994006056,159.1566791447201,0,165.14607044540284,0,0,0
4230,0,0,0,0,0,0,0,0,0,0,0,0,0,0,0,0,138.2501133513403,0,1.2928264975634844,26.128569571298634,345.74355453974675,5013.6816996223515,814.620338825928,13.23239504544231,191.88504314946175,0,0,2.9659933567137157e-9,0,7393.933616201353,6.23701387029827,0,31773089700.47581,31773089700.47581,29155179551.07397,31773089700.475895,0,0,31773089700.475914,0,0,0,2617910149.400941,0,1,21,101,127666,1156237,0,0,0,0,0,3849,12480,904.2,9201.3,915.0040090996813,4877.495870422993,15,47,18,54,0,0,0,0.5956509204448328,0,0.9989380799014782,14,0,0,0.003995659333690014,2850.906074969592,0,1230.33830516968,159.15667800064563,0,165.1460644267878,0,0,0
4260,0,0,0,0,0,0,0,0,0,0,0,0,0,0,0,0,155.4252154831444,0,1.2928264975634844,26.12856957073466,345.7435545328539,5017.429740017646,816.7673558345839,13.232395045464122,192.02848921501715,0,0,2.9659933567137157e-9,0,13576.435110838564,6.8051142310073995,0,31773089700.475807,31773089700.475807,29155179551.07397,31773089700.475895,0,0,31773089700.475914,0,0,0,2617910149.4009404,0,1,21,101,127563,1156019,0,0,0,0,0,3832,12452,902.5000000000001,9198.499999999998,894.0057779002244,4900.108383874087,15,47,18,54,0,0,0,0.5958247826293025,0,0.9989380853194032,14,0,0,0.003996245206668458,2850.9060717196535,0,1227.73257890425,159.156677470822,0,165.14606172100798,0,0,0
4290,0,0,0,0,0,0,0,0,0,0,0,0,0,0,0,0,163.75259695726243,0,1.2928264975634844,26.12856957053178,345.7435545302175,5018.78526157089,817.8083281792522,13.232395045465966,192.08036812054021,0,0,2.9659933567137157e-9,0,9460.432383151614,7.080558789248251,0,31773089700.475807,31773089700.475807,29155179551.07397,31773089700.475895,0,0,31773089700.475914,0,0,0,2617910149.4009404,0,1,21,101,127500,1155840,0,0,0,0,0,3814,12426,900.7,9195.9,844.5004719096514,5017.0591168983465,15,47,18,54,0,0,0,0.5959866911869198,0,0.9989380853194032,14,0,0,0.003996370915740316,2850.9060703293585,0,1224.9842886380136,159.15667722914148,0,165.14606051575674,0,0,0
4320,0,0,0,0,0,0,0,0,0,0,0,0,0,0,0,0,167.52949668352727,0,1.2928264975634844,26.12856957045881,345.74355452921185,5019.275501382829,817.8623791818252,13.23239504546443,192.09913071772846,0,0,2.9659933567137157e-9,0,3463.090751496084,7.2054871931983175,0,31773089238.927055,31773089238.927055,29155179551.07397,31773089238.92715,0,0,31773089238.92717,0,0,0,2617909687.852192,0,1,21,101,127428,1155696,0,0,0,0,0,3807,12399,900,9193.2,1008.0022407101947,4909.248932574972,15,47,18,54,0,0,0,0.5960095397107394,0,0.9989380853194397,14,0,0,0.003996397855800077,2850.906069739987,0,1222.562228697713,159.1566771203538,0,165.14605998359855,0,0,0
4350,0,0,0,0,0,0,0,0,0,0,0,0,0,0,0,0,169.1722016374684,0,1.2928264975634844,26.12856957043257,345.7435545288293,5018.555278854188,816.305471005512,13.232395045463077,192.0715661577299,0,0,2.9659933567137157e-9,0,1104.2843950143144,7.259822897858874,0,31772937809.460617,31772937809.460617,29155179551.07397,31772937809.460712,0,0,31772937809.460724,0,0,0,2617758258.385753,0,1,21,101,126857,1154970,0,0,0,0,0,3760,12339,895.3000000000002,9187.200000000003,897.0040090996813,4945.531388119062,15,47,18,54,0,0,0,0.5963919874959039,0,0.9989380853194397,14,0,0,0.003996403596201161,2850.9060694921673,0,1214.656873073925,159.15667707195905,0,165.14605975057944,0,0,0
4380,0,0,0,0,0,0,0,0,0,0,0,0,0,0,0,0,169.86639305975402,0,1.2928264975634844,26.128569570423135,345.7435545286837,5019.192325393292,818.5282200588748,13.232395045462285,192.09594738300896,0,0,2.9659933567137157e-9,0,4291.565598979612,7.28278464762947,0,31772926650.638752,31772926650.638752,29155179551.07397,31772926650.638844,0,0,31772926650.638855,0,0,0,2617747099.5638876,0,1,21,101,126789,1154851,0,0,0,0,0,3743,12322,893.5999999999999,9185.5,876.0057779002244,5136.905584754669,15,47,18,54,0,0,0,0.5966018477094219,0,0.9989380891392399,14,0,0,0.003996404786333747,2850.9060693887236,0,1211.310458883861,159.15667705065601,0,165.14605964934094,0,0,0
4410,0,0,0,0,0,0,0,0,0,0,0,0,0,0,0,0,150.36290713160088,0,1.2928264975634844,26.128569570419724,345.74355452862847,4976.038973854738,816.1071537983993,13.232395045461898,190.44437011539029,0,0,2.9659933567137157e-9,0,7841.1740120153545,6.6376684025775115,0,31772913814.117733,31772913814.117733,29155179551.07397,31772913814.117825,0,0,31772913814.117836,0,0,0,2617734263.04287,0,1,21,101,126138,1154652,0,0,0,0,0,3729,12295,877.610036499589,9182.8,926.8565481603754,5154.065035065104,15,47,18,54,0,0,0,0.596821558561516,0,0.9989380891392399,14,0,0,0.003996404999802322,2850.906069345828,0,1204.6286029953721,159.15667704136698,0,165.14605960567766,0,0,0
4440,0,0,0,0,0,0,0,0,0,0,0,0,0,0,0,0,104.6623061765764,0,1.2928264975634844,26.128569570418495,345.74355452860755,4949.440707612618,810.4079882307899,13.23239504546172,189.42639375161724,0,0,2.8659917939859967e-9,0,6273.213493246405,5.126030934629128,0,31772911095.542435,31772911095.542435,29155179551.07397,31772911095.54253,0,0,31772911095.54254,0,0,0,2617731544.467573,0,1,21,101,120287,1154441,0,0,0,0,0,3718,12267,744.5696935752984,9180,1020.6093255870248,5141.891087424658,15,47,18,54,0,0,0,0.5971681853153175,0,0.9989380891392399,14,0,0,0.004001201685888059,2850.9060693281467,0,1165.308944245125,159.1566770373512,0,165.14605958697496,0,0,0
4470,0,0,0,0,0,0,0,0,0,0,0,0,0,0,0,0,71.51931822074971,0,1.2928264975634844,26.12856957041804,345.74355452859965,4935.3893897493435,806.2726098378482,13.232395045461647,188.88861774266582,0,0,2.8659917939859967e-9,0,12121.779022053273,4.029761271937483,0,31772911095.542435,31772911095.542435,29155179551.07397,31772911095.54253,0,0,31772911095.542534,0,0,0,2617731544.467572,0,1,21,101,126051,1153836,0,0,0,0,0,3671,12222,886.4000000000002,9175.499999999998,899.9381673863966,5432.24805622687,15,47,18,54,0,3.2927873053380786e-12,0,0.5972621882510242,9.878362017268216e-12,0.9989380949513903,14,0,0,0.004003097118352103,2850.9060693208994,0,1209.170530274634,159.15667703562852,0,165.1460595790151,0,0,0
4500,0,0,0,0,0,0,0,0,0,0,0,0,0,0,0,0,52.243507395432225,0,1.2928264975634844,26.128569570417866,345.7435545285968,4936.64712403167,803.8667998295153,13.232395045461628,188.9367541046266,0,0,2.8659917939859967e-9,0,7712.919134120497,3.3921758297395774,0,31772910945.50796,31772910945.50796,29155179551.07397,31772910945.508057,0,0,31772910945.508068,0,0,0,2617731394.4330993,0,1,21,101,126012,1153663,0,0,0,0,0,3661,12196,885.4000000000001,9172.9,919.5057778979744,5480.821078814705,15,47,18,54,0,0,0,0.5974883462575517,0,0.9989380949516002,14,0,0,0.004003503909653354,2850.9060693179435,0,1203.2596943732556,159.15667703489484,0,165.14605957564774,0,0,0
4530,0,0,0,0,0,0,0,0,0,0,0,0,0,0,0,0,65.08841632927137,0,1.2928264975634844,26.128569570417792,345.74355452859555,4974.663641792333,805.4740841457615,13.232395045461617,190.39173301796592,0,0,2.8659917939859967e-9,0,4644.916526661704,3.817046514391259,0,31772910945.50796,31772910945.50796,29155179551.07397,31772910945.508057,0,0,31772910945.50806,0,0,0,2617731394.4330993,0,1,21,101,125923,1153500,0,0,0,0,0,3647,12171,884.0000000000001,9170.400000000001,993.0004719059015,5528.1743707776595,15,47,18,54,0,0,0,0.597520506335012,0,0.9989380949516002,14,0,0,0.004003591180855483,2850.906069316743,0,1200.398656627047,159.1566770345843,0,165.14605957423112,0,0,0
4560,0,0,0,0,0,0,0,0,0,0,0,0,0,0,0,0,106.93938608139095,0,1.2928264975634844,26.12856957041777,345.7435545285952,5003.318409488056,810.7061850849011,13.232395045461615,191.48841638666323,0,0,2.8659917939859967e-9,0,3251.978731413424,5.201349841375512,0,31772910945.50796,31772910945.50796,29155179551.07397,31772910945.508057,0,0,31772910945.508068,0,0,0,2617731394.4330993,0,1,21,101,125840,1153374,0,0,0,0,0,3632,12155,882.5000000000002,9168.800000000001,972.0022407049446,5665.932660706071,15,47,18,54,0,0,0,0.5977868934162633,0,0.9989380949516002,14,0,0,0.00400360987065849,2850.9060693162587,0,1197.9909103663197,159.1566770344538,0,165.14605957363835,0,0,0
4590,0,0,0,0,0,0,0,0,0,0,0,0,0,0,0,0,138.25116056180514,0,1.2928264975634844,26.128569570417763,345.74355452859504,5013.681736140745,814.6204654650098,13.232395045461612,191.885044553573,0,0,2.8659917939859967e-9,0,3655.3490463854714,6.237048508425475,0,31772910945.50796,31772910945.50796,29155179551.07397,31772910945.508057,0,0,31772910945.50806,0,0,0,2617731394.433099,0,1,21,101,125298,1152707,0,0,0,0,0,3588,12103,878.1,9163.600000000002,861.0040090989312,5749.763565115633,15,47,18,54,0,0,0,0.5981900779776997,0,0.9989380949516002,14,0,0,0.00400361384023478,2850.906069316064,0,1196.6335453561085,159.15667703439917,0,165.14605957339154,0,0,0
4620,0,0,0,0,0,0,0,0,0,0,0,0,0,0,0,0,155.4256209587948,0,1.2928264975634844,26.128569570417763,345.743554528595,5017.42975254244,816.7674015834705,13.23239504546161,192.02848969669859,0,0,2.8659917939859967e-9,0,6369.570342249865,6.805127642732951,0,31772910945.507957,31772910945.507957,29155179551.07397,31772910945.508057,0,0,31772910945.50806,0,0,0,2617731394.4330993,0,1,21,101,125262,1152580,0,0,0,0,0,3580,12083,877.3,9161.600000000002,901.5057778979744,5820.182878521948,15,47,18,54,0,0,0,0.5983724842115642,0,0.9989381014740423,14,0,0,0.004003614650279799,2850.9060693159854,0,1194.4837902063327,159.15667703437646,0,165.1460595732892,0,0,0
4650,0,0,0,0,0,0,0,0,0,0,0,0,0,0,0,0,163.7527532730668,0,1.2928264975634844,26.128569570417763,345.743554528595,5018.785265826752,817.8083472431956,13.23239504546161,192.08036828425995,0,0,2.8659917939859967e-9,0,6328.287878436934,7.080563959625017,0,31772910945.507957,31772910945.507957,29155179551.07397,31772910945.508057,0,0,31772910945.50806,0,0,0,2617731394.433099,0,1,21,101,125179,1152473,0,0,0,0,0,3567,12064,875.9999999999999,9159.7,975.0004719059013,5817.563974692851,15,47,18,54,0,0,0,0.5983978519910169,0,0.9989381014740423,14,0,0,0.004003614782166962,2850.9060693159563,0,1192.4014627497925,159.15667703436702,0,165.14605957324702,0,0,0
4680,0,0,0,0,0,0,0,0,0,0,0,0,0,0,0,0,167.5295567145427,0,1.2928264975634844,26.128569570417763,345.743554528595,5019.275502812674,817.0812759527813,13.23239504546161,192.09913077275365,0,0,2.8659917939859967e-9,0,2171.59190723331,7.205489178810316,0,31772910734.55864,31772910734.55864,29155179551.07397,31772910734.55873,0,0,31772910734.558743,0,0,0,2617731183.483776,0,1,21,101,125100,1152307,0,0,0,0,0,3554,12044,874.7000000000002,9157.7,954.0022407049446,5806.7699814851385,15,47,18,54,0,0,0,0.5986171889143044,0,0.9989381014740423,14,0,0,0.004003614768495159,2850.9060693159454,0,1190.6628464165526,159.1566770343632,0,165.14605957322965,0,0,0
4710,0,0,0,0,0,0,0,0,0,0,0,0,0,0,0,0,169.17222461333478,0,1.2928264975634844,26.128569570417763,345.743554528595,5018.5552793279085,818.4507019434709,13.23239504546161,192.0715661759691,0,0,2.8659917939859967e-9,0,2437.340952909865,7.259823657817531,0,31772906662.39017,31772906662.39017,29155179551.07397,31772906662.39026,0,0,31772906662.390278,0,0,0,2617727111.3153057,0,1,21,101,124570,1151739,0,0,0,0,0,3512,11999,870.5000000000001,9153.2,843.0040090989312,5888.980822763995,15,47,18,54,0,0,0,0.599066613070107,0,0.9989381014740423,14,0,0,0.004003614723580791,2850.9060693159454,0,1189.2736196468074,159.15667703436182,0,165.14605957322254,0,0,0
4740,0,0,0,0,0,0,0,0,0,0,0,0,0,0,0,0,169.86640182673088,0,1.2928264975634844,26.128569570417763,345.743554528595,5019.192325547431,818.528132748422,13.23239504546161,192.09594738894774,0,0,2.8659917939859967e-9,0,12550.418092693257,7.282784937608957,0,31772902740.669823,31772902740.669823,29155179551.07397,31772902740.669907,0,0,31772902740.669926,0,0,0,2617723189.5949535,0,1,21,101,124549,1151597,0,0,0,0,0,3507,11979,870.0000000000001,9151.200000000003,975.7557778979744,5914.932295889439,15,47,18,54,0,0,0,0.5992821283443918,0,0.9989381081780615,14,0,0,0.0040036146719605445,2850.9060693159454,0,1187.3199721349845,159.15667703436134,0,165.14605957321965,0,0,0
4770,0,0,0,0,0,0,0,0,0,0,0,0,0,0,0,0,150.36291046773655,0,1.2928264975634844,26.128569570417763,345.743554528595,4976.038973903715,816.1071536220363,13.23239504546161,190.44437011727902,0,0,2.8659917939859967e-9,0,9171.353986352824,6.637668512924488,0,31772898187.98042,31772898187.98042,29155179551.07397,31772898187.980507,0,0,31772898187.98052,0,0,0,2617718636.9055476,0,1,21,101,123880,1151444,0,0,0,0,0,3492,11959,853.2114794935812,9149.2,965.1205964838158,5911.416096321874,15,47,18,54,0,0,0,0.599336613040291,0,0.9989381081780615,14,0,0,0.00400361461890099,2850.9060693159454,0,1181.459462885748,159.15667703436134,0,165.14605957321848,0,0,0
4800,0,0,0,0,0,0,0,0,0,0,0,0,0,0,0,0,104.66230744296794,0,1.2928264975634844,26.128569570417763,345.743554528595,4949.4407076276775,810.4079894513673,13.23239504546161,189.4263937521989,0,0,2.8659917939859967e-9,0,7472.54736981047,5.12603097651659,0,31772896494.309864,31772896494.309864,29155179551.07397,31772896494.30995,0,0,31772896494.309963,0,0,0,2617716943.2349935,0,1,21,101,117981,1151382,0,0,0,0,0,3479,11951,718.9197794291821,9148.400000000003,966.6236572875043,6143.587203789931,15,47,18,54,0,0,0,0.5999202476601508,0,0.9989381081780615,14,0,0,0.004003614565532505,2850.9060693159454,0,1142.5814454083868,159.15667703436134,0,165.1460595732181,0,0,0
4830,0,0,0,0,0,0,0,0,0,0,0,0,0,0,0,0,71.51931870039654,0,1.2928264975634844,26.128569570417763,345.743554528595,4935.38938975376,806.2726080886447,13.23239504546161,188.88861774283686,0,0,2.8659917939859967e-9,0,6093.594312446757,4.029761287802367,0,31772896494.30986,31772896494.30986,29155179551.07397,31772896494.30995,0,0,31772896494.309963,0,0,0,2617716943.234993,0,1,21,101,123920,1150706,0,0,0,0,0,3442,11895,863.5,9142.8,876.7024979394259,5991.108914527923,15,47,18,54,0,0,0,0.6000557955439149,0,0.9989381081780615,14,0,0,0.004003614512097732,2850.9060693159454,0,1188.1791885903417,159.15667703436134,0,165.1460595732181,0,0,0
4860,0,0,0,0,0,0,0,0,0,0,0,0,0,0,0,0,52.24350757672911,0,1.2928264975634844,26.128569570417763,345.743554528595,4936.647124032872,803.8667987746369,13.23239504546161,188.93675410467335,0,0,2.8659917939859967e-9,0,3667.1300657955244,3.392175835736176,0,31772896355.41342,31772896355.41342,29155179551.07397,31772896355.413513,0,0,31772896355.413525,0,0,0,2617716804.338552,0,1,21,101,123866,1150642,0,0,0,0,0,3434,11881,862.6999999999999,9141.399999999998,957.7557778979744,6042.177532935912,15,47,18,54,0,0,0,0.600314326982442,0,0.9989381081780615,14,0,0,0.0040087778531668556,2850.9060693159454,0,1181.9205991545196,159.15667703436134,0,165.1460595732181,0,0,0
4890,0,0,0,0,0,0,0,0,0,0,0,0,0,0,0,0,65.08841639767064,0,1.2928264975634844,26.128569570417763,345.743554528595,4974.663641792621,805.4741196283426,13.23239504546161,190.39173301797717,0,0,2.8659917939859967e-9,0,53879.22164541786,3.8170465166536403,0,31772896355.41342,31772896355.41342,29155179551.07397,31772896355.413513,0,0,31772896355.413525,0,0,0,2617716804.338553,0,1,21,101,123777,1150503,0,0,0,0,0,3419,11863,861.2000000000003,9139.599999999999,939.0004719059013,6015.104516224358,15,47,18,54,0,0,0,0.6003504676746196,0,0.9989381155648398,14,0,0,0.0040201601201950215,2850.9060693159454,0,1179.2164085915053,159.15667703436134,0,165.1460595732181,0,0,0
4920,0,0,0,0,0,0,0,0,0,0,0,0,0,0,0,0,106.93938610715236,0,1.2928264975634844,26.128569570417763,345.743554528595,5003.318409488111,810.7062047675324,13.23239504546161,191.48841638666536,0,0,2.8659917939859967e-9,0,45453.7037561604,5.2013498422276,0,31772896355.41342,31772896355.41342,29155179551.07397,31772896355.413513,0,0,31772896355.413525,0,0,0,2617716804.3385525,0,1,21,101,123700,1150389,0,0,0,0,0,3406,11851,859.9000000000002,9138.399999999998,918.0022407049446,6175.257612899894,15,47,18,54,0,0,0,0.6004493841709646,0,0.9989381155648398,14,0,0,0.004036195246761817,2850.9060693159454,0,1178.0257144831594,159.15667703436134,0,165.1460595732181,0,0,0
4950,0,0,0,0,0,0,0,0,0,0,0,0,0,0,0,0,138.2511605714924,0,1.2928264975634844,26.128569570417763,345.743554528595,5013.681736140752,814.620472422354,13.23239504546161,191.8850445535733,0,0,2.8659917939859967e-9,0,33249.10040307747,6.237048508745893,0,31772896355.41342,31772896355.41342,29155179551.07397,31772896355.413513,0,0,31772896355.413525,0,0,0,2617716804.3385525,0,1,21,101,123259,1149842,0,0,0,0,0,3372,11804,856.5000000000001,9133.7,868.5040090989312,6093.3043419205915,15,47,18,54,0,0,0,0.6005276759562764,0,0.9989381155648398,14,0,0,0.004040142749605335,2850.9060693159454,0,1179.8778084116325,159.15667703436134,0,165.1460595732181,0,0,0
4980,0,0,0,0,0,0,0,0,0,0,0,0,0,0,0,0,155.42562096243225,0,1.2928264975634844,26.128569570417763,345.743554528595,5017.429752542444,816.7675648437335,13.23239504546161,192.02848969669873,0,0,2.8659917939859967e-9,0,144668.27542091467,6.805127642853266,0,31772896355.41342,31772896355.41342,29155179551.07397,31772896355.413513,0,0,31772896355.413525,0,0,0,2617716804.3385525,0,1,21,101,123211,1149712,0,0,0,0,0,3367,11789,856.0000000000001,9132.199999999999,1032.0057778979744,6094.223076906737,15,47,18,54,0,1.841721240468854e-11,0,0.600568975006465,5.525163613665877e-11,0.9989381505579668,14,0,0,0.004045894454828305,2850.9060693159454,0,1176.8525977634022,159.15667703436134,0,165.1460595732181,0,0,0
5010,0,0,0,0,0,0,0,0,0,0,0,0,0,0,0,0,163.75275327443075,0,1.2928264975634844,26.128569570417763,345.743554528595,5018.785265826758,817.8084285442017,13.23239504546161,192.0803682842602,0,0,2.8659917939859967e-9,0,147067.492361881,7.080563959670133,0,31772896355.41342,31772896355.41342,29155179551.07397,31772896355.413513,0,0,31772896355.413525,0,0,0,2617716804.3385525,0,1,21,101,123115,1149654,0,0,0,0,0,3349,11779,854.2,9131.2,921.0004719059013,6229.609063342324,15,47,18,54,0,0,0,0.6006132776278406,0,0.9989381505592336,14,0,0,0.004047876087191984,2850.9060693159454,0,1174.9837406860906,159.15667703436134,0,165.1460595732181,0,0,0
5040,0,0,0,0,0,0,0,0,0,0,0,0,0,0,0,0,167.52955671505347,0,1.2928264975634844,26.128569570417763,345.743554528595,5019.275502812681,818.280531882601,13.23239504546161,192.09913077275394,0,0,2.8659917939859967e-9,0,109387.69267780246,7.205489178827211,0,31772891623.75698,31772891623.75698,29155179551.07397,31772891623.757072,0,0,31772891623.757084,0,0,0,2617712072.682115,0,1,21,101,123045,1149512,0,0,0,0,0,3337,11764,852.9999999999999,9129.7,900.0022407049446,6270.68944723056,15,47,18,54,0,0,0,0.6006609238473305,0,0.9989381505592336,14,0,0,0.0040483013803333774,2850.9060693159454,0,1173.9235951031649,159.15667703436134,0,165.1460595732181,0,0,0
5070,0,0,0,0,0,0,0,0,0,0,0,0,0,0,0,0,169.1722246135259,0,1.2928264975634844,26.128569570417763,345.743554528595,5018.555279327912,818.4507244377805,13.23239504546161,192.07156617596925,0,0,2.8659917939859967e-9,0,139939.93469046944,7.259823657823853,0,31772880268.951424,31772880268.951424,29155179551.07397,31772880268.951523,0,0,31772880268.951527,0,0,0,2617700717.876563,0,1,21,101,122616,1148955,0,0,0,0,0,3304,11716,849.7,9124.9,850.5040090989312,6157.776163659475,15,47,18,54,0,0,0,0.6006609237936946,0,0.9989381505592336,14,0,0,0.004061417470916195,2850.9060693159454,0,1188.3495185104546,159.15667703436134,0,165.1460595732181,0,0,0
5100,0,0,0,0,0,0,0,0,0,0,0,0,0,0,0,0,169.86640182680227,0,1.2928264975634844,26.128569570417763,345.743554528595,5019.192325547432,818.5285659351969,13.23239504546161,192.09594738894776,0,0,2.8659917939859967e-9,0,460152.44604071893,7.282784937611318,0,31772851434.579994,31772851434.579994,29155179551.07397,31772851434.580093,0,0,31772851434.580097,0,0,0,2617671883.505132,0,1,21,101,122579,1148870,0,0,0,0,0,3300,11704,849.3000000000002,9123.7,1014.0057778979744,6187.397803015221,15,47,18,54,0,0,0,0.6007123069757827,0,0.9989381505592336,14,0,0,0.004074639891485688,2850.9060693159454,0,1176.814663482832,159.15667703436134,0,165.1460595732181,0,0,0
5130,0,0,0,0,0,0,0,0,0,0,0,0,0,0,0,0,150.36291046776321,0,1.2928264975634844,26.128569570417763,345.743554528595,4976.0389739037155,816.1074910598991,13.23239504546161,190.44437011727905,0,0,2.8659917939859967e-9,0,632574.359196117,6.637668512925371,0,31772773812.1292,31772773812.1292,29155179551.07397,31772773812.129295,0,0,31772773812.129307,0,0,0,2617594261.054337,0,1,21,101,121929,1148758,0,0,0,0,0,3283,11689,833.0102094405297,9122.200000000003,911.1065440143587,6216.081850725136,15,47,18,54,0,0,0,0.6007910717458912,0,0.9989382623780033,14,0,0,0.004090893262408596,2850.9060693159454,0,1169.9057491645337,159.15667703436134,0,165.1460595732181,0,0,0
5160,0,0,0,0,0,0,0,0,0,0,0,0,0,0,0,0,104.66230744297792,0,1.2928264975634844,26.128569570417763,345.743554528595,4949.4407076276775,810.408415888426,13.23239504546161,189.4263937521989,0,0,2.8659917939859967e-9,0,623384.5301156557,5.12603097651692,0,31772674228.758877,31772674228.758877,29155179551.07397,31772674228.758972,0,0,31772674228.758984,0,0,0,2617494677.684013,0,1,21,101,116094,1148674,0,0,0,0,0,3272,11679,699.9701044425586,9121.200000000003,912.6093213561046,6330.667649766711,15,47,18,54,0,0,0,0.6011701532518193,0,0.9989382623780033,14,0,0,0.004095564662633799,2850.9060693159454,0,1128.085953353311,159.15667703436134,0,165.1460595732181,0,0,0
5190,0,0,0,0,0,0,0,0,0,0,0,0,0,0,0,0,71.51931870040028,0,1.2928264975634844,26.128569570417763,345.743554528595,4935.38938975376,806.2727039189733,13.23239504546161,188.88861774283686,0,0,2.8659917939859967e-9,0,513064.06942861015,4.02976128780249,0,31772674228.758873,31772674228.758873,29155179551.07397,31772674228.758972,0,0,31772674228.758984,0,0,0,2617494677.684014,0,1,21,101,121995,1148096,0,0,0,0,0,3242,11632,843.5000000000002,9116.499999999998,945.6881522576505,6224.687602046295,15,47,18,54,0,0,0,0.6008281924103376,0,0.9989382623780033,14,0,0,0.004096567284224339,2850.9060693159454,0,1415.4313409651052,159.15667703436134,0,165.1460595732181,0,0,0
5220,0,0,0,0,0,0,0,0,0,0,0,0,0,0,0,0,52.24350757673051,0,1.2928264975634844,26.128569570417763,345.743554528595,4936.647124032872,803.8652658696572,13.23239504546161,188.93675410467335,0,0,2.8659917939859967e-9,0,649451.809362639,3.3921758357362224,0,31772663051.60843,31772663051.60843,29155179551.07397,31772663051.60853,0,0,31772663051.60854,0,0,0,2617483500.533573,0,1,21,101,121954,1148025,0,0,0,0,0,3235,11621,842.8000000000001,9115.400000000001,996.0057778979744,6301.796862300149,15,47,18,54,0,0,0,0.6008938608607971,0,0.9989387882868195,14,0,0,0.004096782443703569,2850.9060693159454,0,1261.396238770979,159.15667703436134,0,165.1460595732181,0,0,0
5250,0,0,0,0,0,0,0,0,0,0,0,0,0,0,0,0,65.08841639767115,0,1.2928264975634844,26.128569570417763,345.743554528595,4974.663641792621,805.4747552406966,13.23239504546161,190.39173301797717,0,0,2.8659917939859967e-9,0,997755.7327184542,3.817046516653657,0,31772663051.60843,31772663051.60843,29155179551.07397,31772663051.60853,0,0,31772663051.60854,0,0,0,2617483500.533573,0,1,21,101,121861,1147972,0,0,0,0,0,3218,11615,841.0999999999999,9114.8,885.0004719059013,6538.369792523262,15,47,18,54,0,0,0,0.6009656380093121,0,0.9989387882868195,14,0,0,0.004097142583115055,2850.9060693159454,0,1194.4391896390798,159.15667703436134,0,165.1460595732181,0,0,0
5280,0,0,0,0,0,0,0,0,0,0,0,0,0,0,0,0,106.93938610715256,0,1.2928264975634844,26.128569570417763,345.743554528595,5003.318409488111,810.706706152735,13.23239504546161,191.48841638666536,0,0,2.8659917939859967e-9,0,801906.0357885881,5.201349842227606,0,31772663051.60843,31772663051.60843,29155179551.07397,31772663051.60853,0,0,31772663051.60854,0,0,0,2617483500.533574,0,1,21,101,121836,1147828,0,0,0,0,0,3209,11599,840.2,9113.199999999999,894.7522407049446,6468.885085250469,15,47,18,54,0,0,0,0.6009656379556764,0,0.9989387882868195,14,0,0,0.004134976040000841,2850.9060693159454,0,1181.9245946478386,159.15667703436134,0,165.1460595732181,0,0,0
5310,0,0,0,0,0,0,0,0,0,0,0,0,0,0,0,0,138.25116057149248,0,1.2928264975634844,26.128569570417763,345.743554528595,5013.681736140752,814.620582047568,13.23239504546161,191.8850445535733,0,0,2.8659917939859967e-9,0,487843.3967570912,6.237048508745895,0,31772663051.60843,31772663051.60843,29155179551.07397,31772663051.60853,0,0,31772663051.60854,0,0,0,2617483500.5335736,0,1,21,101,121397,1147338,0,0,0,0,0,3177,11561,837.0000000000001,9109.4,906.7540090989312,6516.029453703768,15,47,18,54,0,0,0,0.6010444177580596,0,0.9989387882868195,14,0,0,0.004172260969686211,2850.9060693159454,0,1297.1872141221331,159.15667703436134,0,165.1460595732181,0,0,0
5340,0,0,0,0,0,0,0,0,0,0,0,0,0,0,0,0,155.42562096243228,0,1.2928264975634844,26.128569570417763,345.743554528595,5017.429752542444,816.7709520292556,13.23239504546161,192.02848969669873,0,0,2.8659917939859967e-9,0,3379840.283107918,6.805127642853268,0,31772663051.60843,31772663051.60843,29155179551.07397,31772663051.60853,0,0,31772663051.60854,0,0,0,2617483500.533573,0,1,21,101,121329,1147256,0,0,0,0,0,3170,11550,836.3,9108.3,978.0057778979744,6585.656981720899,15,47,18,54,0,0,0,0.6011312775456759,0,0.9989387882868195,14,0,0,0.0041829395583092245,2850.9060693159454,0,1234.4238610249217,159.15667703436134,0,165.1460595732181,0,0,0
5370,0,0,0,0,0,0,0,0,0,0,0,0,0,0,0,0,163.75275327443077,0,1.2928264975634844,26.128569570417763,345.743554528595,5018.785265826758,817.8107734737592,13.23239504546161,192.0803682842602,0,0,2.8659917939859967e-9,0,2839181.5334780654,7.080563959670133,0,31772663051.60843,31772663051.60843,29155179551.07397,31772663051.60853,0,0,31772663051.60854,0,0,0,2617483500.5335727,0,1,21,101,121252,1148497,0,0,0,0,0,3155,11543,834.8000000000001,9107.6,867.0004719059013,6785.398977760169,15,47,18,54,0,0,0,0.6011781360906102,0,0.9989394338063267,14,0,0,0.004189632955636529,2850.9060693159454,0,1213.947942089899,159.15667703436134,0,165.1460595732181,0,0,0
5400,0,0,0,0,0,0,0,0,0,0,0,0,0,0,0,0,167.5295567150535,0,1.2928264975634844,26.128569570417763,345.743554528595,5019.275502812681,818.2730001990172,13.23239504546161,192.09913077275394,0,0,2.8659917939859967e-9,0,1735619.8989595193,7.205489178827211,0,31772198079.798225,31772198079.798225,29155179551.07397,31772198079.798317,0,0,31772198079.79833,0,0,0,2617018528.72336,0,1,21,101,121230,1148377,0,0,0,0,0,3149,11533,834.2,9106.6,907.5022407049446,6845.703510004486,15,47,18,54,0,0,0,0.6011781360369745,0,0.9989394338063267,14,0,0,0.004193223060168883,2850.9060693159454,0,1215.479867707585,159.15667703436134,0,165.1460595732181,0,0,0
5430,0,0,0,0,0,0,0,0,0,0,0,0,0,0,0,0,169.17222461352594,0,1.2928264975634844,26.128569570417763,345.743554528595,5018.555279327912,818.4509559784763,13.23239504546161,192.07156617596925,0,0,2.8659917939859967e-9,0,1210563.1030819437,7.259823657823855,0,31771917216.287197,31771917216.287197,29155179551.07397,31771917216.287292,0,0,31771917216.287304,0,0,0,2616737665.212334,0,1,21,101,120835,1147857,0,0,0,0,0,3122,11492,831.5000000000002,9102.500000000002,981.0040090989312,6755.22523577568,15,47,18,54,0,0,0,0.6012275274791288,0,0.9989394338063267,14,0,0,0.004193993593788551,2850.9060693159454,0,1505.4270112498364,159.15667703436134,0,165.1460595732181,0,0,0
5460,0,0,0,0,0,0,0,0,0,0,0,0,0,0,0,0,169.86640182680227,0,1.2928264975634844,26.128569570417763,345.743554528595,5019.192325547432,818.5286986452143,13.23239504546161,192.09594738894776,0,0,2.8659917939859967e-9,0,866548.7825927285,7.282784937611318,0,31770915459.162025,31770915459.162025,29155179551.07397,31770915459.162117,0,0,31770915459.16213,0,0,0,2615735908.0871625,0,1,21,101,120786,1147816,0,0,0,0,0,3113,11486,830.6,9101.900000000001,960.0057778979744,6873.815930604486,15,47,18,54,0,0,0,0.6012796628932715,0,0.9989394338063267,14,0,0,0.004194158938192689,2850.9060693159454,0,1459.5009357881597,159.15667703436134,0,165.1460595732181,0,0,0
5490,0,0,0,0,0,0,0,0,0,0,0,0,0,0,0,0,150.36291046776321,0,1.2928264975634844,26.128569570417763,345.743554528595,4976.0389739037155,816.1267288726019,13.23239504546161,190.44437011727905,0,0,2.8659917939859967e-9,0,9127419.096520275,6.637668512925371,0,31769080435.955723,31769080435.955723,29155179551.07397,31769080435.95581,0,0,31769080435.95583,0,0,0,2613900884.880858,0,1,21,101,120156,1147750,0,0,0,0,0,3098,11478,814.510319578618,9101.1,857.1065413763407,6933.637817004315,15,47,18,54,0,0,0,0.6013579643165732,0,0.9989434756647723,13,0,0,0.0041941943855316605,2850.9060693159454,0,1294.3224313626035,159.15667703436134,0,165.1460595732181,0,0,0
5520,0,0,0,0,0,0,0,0,0,0,0,0,0,0,0,0,104.66230744297792,0,1.2928264975634844,26.128569570417763,345.743554528595,4949.4407076276775,810.4194971166703,13.23239504546161,189.4263937521989,0,0,2.8659917939859967e-9,0,10028553.75141211,5.12603097651692,0,31767871098.39716,31767871098.39716,29155179551.07397,31767871098.397247,0,0,31767871098.39726,0,0,0,2612691547.322291,0,1,21,101,114367,1147691,0,0,0,0,0,3092,11469,681.9703661049183,9100.199999999999,920.1093186648733,6980.540472724263,15,47,18,54,0,0,0,0.6016767373704196,0,0.9989434756647723,13,0,0,0.004194201951925143,2850.9060693159454,0,1188.3878232841726,159.15667703436134,0,165.1460595732181,0,0,0
5550,0,0,0,0,0,0,0,0,0,0,0,0,0,0,0,0,71.51931870040028,0,1.2928264975634844,26.128569570417763,345.743554528595,4935.38938975376,806.2779112363266,13.23239504546161,188.88861774283686,0,0,2.8659917939859967e-9,0,18555932.65875138,4.02976128780249,0,31767871098.397156,31767871098.397156,29155179551.07397,31767871098.397247,0,0,31767871098.39726,0,0,0,2612691547.322291,0,1,21,101,120288,1148455,0,0,0,0,0,3065,11430,825.8000000000001,9096.3,983.9381494581454,6890.58571682287,15,47,18,54,0,0,0,0.6013931340445883,0,0.9989523020769032,13,0,0,0.004194160718271556,2850.9060693159454,0,1721.492978299864,159.15667703436134,0,165.1460595732181,0,0,0
5580,0,0,0,0,0,0,0,0,0,0,0,0,0,0,0,0,52.24350757673051,0,1.2928264975634844,26.128569570417763,345.743554528595,4936.647124032872,803.8694069433537,13.23239504546161,188.93675410467335,0,0,2.8659917939859967e-9,0,9193192.50337871,3.3921758357362224,0,31767455914.97327,31767455914.97327,29155179551.07397,31767455914.973362,0,0,31767455914.973373,0,0,0,2612276363.898403,0,1,21,101,120241,1148413,0,0,0,0,0,3057,11423,825.0000000000001,9095.599999999999,972.7557778979744,6976.543485989931,15,47,18,54,0,0,0,0.6014550274339837,0,0.9989523020769032,13,0,0,0.00419384976163455,2850.9060693159454,0,1710.778138148603,159.15667703436134,0,165.1460595732181,0,0,0
5610,0,0,0,0,0,0,0,0,0,0,0,0,0,0,0,0,65.08841639767115,0,1.2928264975634844,26.128569570417763,345.743554528595,4974.663641792621,805.4766762254337,13.23239504546161,190.39173301797717,0,0,2.8659917939859967e-9,0,5031100.935664212,3.817046516653657,0,31767455914.97327,31767455914.97327,29155179551.07397,31767455914.973362,0,0,31767455914.973373,0,0,0,2612276363.898403,0,1,21,101,120189,1148365,0,0,0,0,0,3043,11417,823.6000000000001,9094.999999999998,892.5004719059013,7091.731851038282,15,47,18,54,0,0,0,0.6015207891635687,0,0.9989523020769032,13,0,0,0.004193782976306832,2850.9060693159454,0,1591.7248084631815,159.15667703436134,0,165.1460595732181,0,0,0
5640,0,0,0,0,0,0,0,0,0,0,0,0,0,0,0,0,106.93938610715256,0,1.2928264975634844,26.128569570417763,345.743554528595,5003.318409488111,810.7078456541841,13.23239504546161,191.48841638666536,0,0,2.8659917939859967e-9,0,2812209.5969920354,5.201349842227606,0,31767455914.97327,31767455914.97327,29155179551.07397,31767455914.973362,0,0,31767455914.973373,0,0,0,2612276363.898402,0,1,21,101,120159,1148262,0,0,0,0,0,3041,11405,823.4000000000001,9093.800000000001,1056.0022407049446,7024.71967726566,15,47,18,54,0,0,0,0.601520789109933,0,0.9989523020769032,13,0,0,0.0041937685996071535,2850.9060693159454,0,1539.8967356051587,159.15667703436134,0,165.1460595732181,0,0,0
5670,0,0,0,0,0,0,0,0,0,0,0,0,0,0,0,0,138.25116057149248,0,1.2928264975634844,26.128569570417763,345.743554528595,5013.681736140752,814.6207487870322,13.23239504546161,191.8850445535733,0,0,2.8659917939859967e-9,0,1420880.3112700644,6.237048508745895,0,31767455914.97327,31767455914.97327,29155179551.07397,31767455914.973362,0,0,31767455914.973373,0,0,0,2612276363.898402,0,1,21,101,119772,1147824,0,0,0,0,0,3013,11372,820.6,9090.500000000004,1068.0040090989312,7043.511940728265,15,47,18,54,0,0,0,0.6015907935352095,0,0.9989523020769032,13,0,0,0.004193765471830619,2850.9060693159454,0,1618.810591024505,159.15667703436134,0,165.1460595732181,0,0,0
5700,0,0,0,0,0,0,0,0,0,0,0,0,0,0,0,0,155.42562096243228,0,1.2928264975634844,26.128569570417763,345.743554528595,5017.429752542444,816.7694184929761,13.23239504546161,192.02848969669873,0,0,2.8659917939859967e-9,0,3122744.9679532284,6.805127642853268,0,31767455914.973267,31767455914.973267,29155179551.07397,31767455914.973362,0,0,31767455914.973373,0,0,0,2612276363.898402,0,1,21,101,119731,1147774,0,0,0,0,0,3006,11366,819.9000000000002,9089.900000000003,1108.5057778979742,7142.272625610291,15,47,18,54,0,0,0,0.601665464925747,0,0.9989540550271788,13,0,0,0.004193764758509061,2850.9060693159454,0,1565.366418104804,159.15667703436134,0,165.1460595732181,0,0,0
5730,0,0,0,0,0,0,0,0,0,0,0,0,0,0,0,0,163.75275327443077,0,1.2928264975634844,26.128569570417763,345.743554528595,5018.785265826758,817.8100670106244,13.23239504546161,192.0803682842602,0,0,2.8659917939859967e-9,0,2303505.683362417,7.080563959670133,0,31767455914.973267,31767455914.973267,29155179551.07397,31767455914.973362,0,0,31767455914.973373,0,0,0,2612276363.898402,0,1,21,101,119690,1147694,0,0,0,0,0,2997,11355,819.0000000000002,9088.800000000003,1120.5004719059011,7081.947350375661,15,47,18,54,0,0,0,0.6016654648721115,0,0.9989540550271788,13,0,0,0.004193764563423148,2850.9060693159454,0,1565.5889181350267,159.15667703436134,0,165.1460595732181,0,0,0
5760,0,0,0,0,0,0,0,0,0,0,0,0,0,0,0,0,167.5295567150535,0,1.2928264975634844,26.128569570417763,345.743554528595,5019.275502812681,816.7485527011694,13.23239504546161,192.09913077275394,0,0,2.8659917939859967e-9,0,745283.2468702202,7.205489178827211,0,31767297161.663467,31767297161.663467,29155179551.07397,31767297161.663563,0,0,31767297161.663574,0,0,0,2612117610.588601,0,1,21,101,119664,1147635,0,0,0,0,0,2994,11346,818.7000000000002,9087.900000000003,1280.2522407049446,7072.339746298145,15,47,18,54,0,0,0,0.6017452860174195,0,0.9989540550271788,13,0,0,0.004193764479570704,2850.9060693159454,0,1565.171156481287,159.15667703436134,0,165.1460595732181,0,0,0
5790,0,0,0,0,0,0,0,0,0,0,0,0,0,0,0,0,169.17222461352594,0,1.2928264975634844,26.128569570417763,345.743554528595,5018.555279327912,816.4961406990114,13.23239504546161,192.07156617596925,0,0,2.8659917939859967e-9,0,226381.28719290803,7.259823657823855,0,31763453771.265408,31763453771.265408,29155179551.07397,31763453771.26549,0,0,31763453771.26551,0,0,0,2608274220.190534,0,1,21,101,119268,1147169,0,0,0,0,0,2965,11312,815.8000000000001,9084.500000000002,1239.0040090989312,7032.435383870703,15,47,18,54,0,0,0,0.6018308086769378,0,0.9989540550271788,13,0,0,0.004193764419593295,2850.9060693159454,0,1456.780241735983,159.15667703436134,0,165.1460595732181,0,0,0
5820,0,0,0,0,0,0,0,0,0,0,0,0,0,0,0,0,169.86640182680227,0,1.2928264975634844,26.128569570417763,345.743554528595,5019.192325547432,818.5283541438538,13.23239504546161,192.09594738894776,0,0,2.8659917939859967e-9,0,610276.4731383789,7.282784937611318,0,31760213016.22856,31760213016.22856,29155179551.07397,31760213016.22865,0,0,31760213016.22867,0,0,0,2605033465.153694,0,1,21,101,119226,1147149,0,0,0,0,0,2959,11307,815.2000000000002,9084.000000000002,1287.7557778979744,7142.485494895143,15,47,18,54,0,0,0,0.6019226663522452,0,0.9989552555026358,13,0,0,0.004201488593828605,2850.9060693159454,0,1269.8439913007314,159.15667703436134,0,165.1460595732181,0,0,0
5850,0,0,0,0,0,0,0,0,0,0,0,0,0,0,0,0,150.36291046776321,0,1.2928264975634844,26.128569570417763,345.743554528595,4976.0389739037155,816.1082106295796,13.23239504546161,190.44437011727905,0,0,2.8659917939859967e-9,0,926949.7033350754,6.637668512925371,0,31756470666.08639,31756470666.08639,29155179551.07397,31756470666.086483,0,0,31756470666.086502,0,0,0,2601291115.011526,0,1,21,101,118639,1147074,0,0,0,0,0,2951,11298,799.8103219810578,9083.100000000002,1310.1065413187976,7142.206322067682,15,47,18,54,0,0,0,0.6019458531338493,0,0.9989552555026358,13,0,0,0.004210660728585033,2850.9060693159454,0,1166.5754539896504,159.15667703436134,0,165.1460595732181,0,0,0
5880,0,0,0,0,0,0,0,0,0,0,0,0,0,0,0,0,104.66230744297792,0,1.2928264975634844,26.128569570417763,345.743554528595,4949.4407076276775,810.4085776462443,13.23239504546161,189.4263937521989,0,0,2.8659917939859967e-9,0,671963.5623339468,5.12603097651692,0,31755944061.433414,31755944061.433414,29155179551.07397,31755944061.433506,0,0,31755944061.433525,0,0,0,2600764510.358548,0,1,21,101,112846,1146990,0,0,0,0,0,2949,11287,667.6703718125543,9082.000000000002,1451.1093186061694,7083.34551049452,15,47,18,54,0,0,0,0.6023635498817803,0,0.9989552555026358,13,0,0,0.004212629382272473,2850.9060693159454,0,1115.9464166139928,159.15667703436134,0,165.1460595732181,0,0,0
5910,0,0,0,0,0,0,0,0,0,0,0,0,0,0,0,0,71.51931870040028,0,1.2928264975634844,26.128569570417763,345.743554528595,4935.38938975376,806.2728674842404,13.23239504546161,188.88861774283686,0,0,2.8659917939859967e-9,0,1179735.6614358786,4.02976128780249,0,31755944061.43341,31755944061.43341,29155179551.07397,31755944061.433506,0,0,31755944061.433517,0,0,0,2600764510.3585477,0,1,21,101,118800,1146552,0,0,0,0,0,2922,11256,811.5000000000001,9078.9,1377.688149464901,7147.139537702649,15,47,18,54,0,0,0,0.6021284275041712,0,0.9989562009513293,13,0,0,0.004213051889687201,2850.9060693159454,0,1390.5136242715869,159.15667703436134,0,165.1460595732181,0,0,0
5940,0,0,0,0,0,0,0,0,0,0,0,0,0,0,0,0,52.24350757673051,0,1.2928264975634844,26.128569570417763,345.743554528595,4936.647124032872,803.8669269495863,13.23239504546161,188.93675410467335,0,0,2.8659917939859967e-9,0,532462.0419721907,3.3921758357362224,0,31755875405.514755,31755875405.514755,29155179551.07397,31755875405.51485,0,0,31755875405.51487,0,0,0,2600695854.439895,0,1,21,101,118774,1146501,0,0,0,0,0,2917,11249,811.0000000000002,9078.199999999999,1383.0057778979744,7210.017118106537,15,47,18,54,0,0,0,0.602244168189004,0,0.9989562009513293,13,0,0,0.004226043150301066,2850.9060693159454,0,1279.4193955664002,159.15667703436134,0,165.1460595732181,0,0,0
5970,0,0,0,0,0,0,0,0,0,0,0,0,0,0,0,0,65.08841639767115,0,1.2928264975634844,26.128569570417763,345.743554528595,4974.663641792621,805.4741812567686,13.23239504546161,190.39173301797717,0,0,2.8659917939859967e-9,0,234054.2775389087,3.817046516653657,0,31755875405.514755,31755875405.514755,29155179551.07397,31755875405.51485,0,0,31755875405.514862,0,0,0,2600695854.4398937,0,1,21,101,118745,1146440,0,0,0,0,0,2910,11242,810.3000000000002,9077.499999999998,1407.7504719059013,7272.63822069525,15,47,18,54,0,0,0,0.6022441681353684,0,0.9989562009513293,13,0,0,0.004237470765695308,2850.9060693159454,0,1186.905768282637,159.15667703436134,0,165.1460595732181,0,0,0
6000,0,0,0,0,0,0,0,0,0,0,0,0,0,0,0,0,106.93938610715256,0,1.2928264975634844,26.128569570417763,345.743554528595,5003.318409488111,810.7062390233918,13.23239504546161,191.48841638666536,0,0,2.8659917939859967e-9,0,114066.14119910853,5.201349842227606,0,31755875405.514755,31755875405.514755,29155179551.07397,31755875405.51485,0,0,31755875405.51487,0,0,0,2600695854.4398947,0,1,21,101,118722,1146378,0,0,0,0,0,2907,11234,810.0000000000001,9076.7,1473.0022407049446,7305.785200023843,15,47,18,54,0,0,0,0.6023699732322421,0,0.9989562009513293,13,0,0,0.004256360134643889,2850.9060693159454,0,1167.5848144699003,159.15667703436134,0,165.1460595732181,0,0,0
6030,0,0,0,0,0,0,0,0,0,0,0,0,0,0,0,0,138.25116057149248,0,1.2928264975634844,26.128569570417763,345.743554528595,5013.681736140752,814.620483933544,13.23239504546161,191.8850445535733,0,0,2.8659917939859967e-9,0,76752.83057245793,6.237048508745895,0,31755875405.514755,31755875405.514755,29155179551.07397,31755875405.51485,0,0,31755875405.514862,0,0,0,2600695854.439894,0,1,21,101,118363,1145924,0,0,0,0,0,2881,11202,807.4000000000002,9073.500000000002,1386.7540090989312,7333.671243378389,15,47,18,54,0,0,0,0.6025072151609798,0,0.9989562009513293,13,0,0,0.004260414483467349,2850.9060693159454,0,1174.8529212431881,159.15667703436134,0,165.1460595732181,0,0,0
6060,0,0,0,0,0,0,0,0,0,0,0,0,0,0,0,0,155.42562096243228,0,1.2928264975634844,26.128569570417763,345.743554528595,5017.429752542444,816.7674371621265,13.23239504546161,192.02848969669873,0,0,2.8659917939859967e-9,0,52647.59887459704,6.805127642853268,0,31755875405.514755,31755875405.514755,29155179551.07397,31755875405.51485,0,0,31755875405.514862,0,0,0,2600695854.4398947,0,1,21,101,118344,1145893,0,0,0,0,0,2877,11196,807.0000000000001,9072.900000000001,1421.2557778979744,7393.769082823208,15,47,18,54,0,0,0,0.6026575277547058,0,0.9989562009513293,13,0,0,0.004280858812496188,2850.9060693159454,0,1169.064992354273,159.15667703436134,0,165.1460595732181,0,0,0
6090,0,0,0,0,0,0,0,0,0,0,0,0,0,0,0,0,163.75275327443077,0,1.2928264975634844,26.128569570417763,345.743554528595,5018.785265826758,817.8069562848345,13.23239504546161,192.0803682842602,0,0,2.8659917939859967e-9,0,261579.40501888,7.080563959670133,0,31755875405.514755,31755875405.514755,29155179551.07397,31755875405.51485,0,0,31755875405.514862,0,0,0,2600695854.439894,0,1,21,101,118300,1145824,0,0,0,0,0,2869,11188,806.2,9072.1,1396.5004719059013,7401.866447819556,15,47,18,54,0,0,0,0.6026575277010705,0,0.998956263553376,13,0,0,0.004285954934311586,2850.9060693159454,0,1167.3581653884146,159.15667703436134,0,165.1460595732181,0,0,0
6120,0,0,0,0,0,0,0,0,0,0,0,0,0,0,0,0,167.5295567150535,0,1.2928264975634844,26.128569570417763,345.743554528595,5019.275502812681,816.7270254093676,13.23239504546161,192.09913077275394,0,0,2.8659917939859967e-9,0,88273.49560320844,7.205489178827211,0,31755854182.566566,31755854182.566566,29155179551.07397,31755854182.566654,0,0,31755854182.566673,0,0,0,2600674631.4917026,0,1,21,101,118275,1145771,0,0,0,0,0,2866,11181,805.9000000000001,9071.4,1461.7522407049446,7426.001304757857,15,47,18,54,0,0,0,0.6028228715595325,0,0.998956263553376,13,0,0,0.004287048717619657,2850.9060693159454,0,1166.7717066430118,159.15667703436134,0,165.1460595732181,0,0,0
6150,0,0,0,0,0,0,0,0,0,0,0,0,0,0,0,0,169.17222461352594,0,1.2928264975634844,26.128569570417763,345.743554528595,5018.555279327912,816.0810127234781,13.23239504546161,192.07156617596925,0,0,2.8659917939859967e-9,0,25918.428510321097,7.259823657823855,0,31755435018.777817,31755435018.777817,29155179551.07397,31755435018.777905,0,0,31755435018.777916,0,0,0,2600255467.7029457,0,1,21,101,117919,1145341,0,0,0,0,0,2840,11151,803.3000000000002,9068.4,1375.5040090989312,7401.412331206864,15,47,18,54,0,0,0,0.6030056200403207,0,0.998956263553376,13,0,0,0.004287283443937638,2850.9060693159454,0,1173.4859330264105,159.15667703436134,0,165.1460595732181,0,0,0
6180,0,0,0,0,0,0,0,0,0,0,0,0,0,0,0,0,169.86640182680227,0,1.2928264975634844,26.128569570417763,345.743554528595,5019.192325547432,818.528813093387,13.23239504546161,192.09594738894776,0,0,2.8659917939859967e-9,0,271140.7265334621,7.282784937611318,0,31755231352.74935,31755231352.74935,29155179551.07397,31755231352.74944,0,0,31755231352.74946,0,0,0,2600051801.6744833,0,1,21,101,117911,1145307,0,0,0,0,0,2838,11145,803.1000000000001,9067.800000000001,1471.5057778979744,7440.877121226278,15,47,18,54,0,0,0,0.6030056199866853,0,0.9989566251579125,13,0,0,0.004287333783325135,2850.9060693159454,0,1146.4479756887836,159.15667703436134,0,165.1460595732181,0,0,0
6210,0,0,0,0,0,0,0,0,0,0,0,0,0,0,0,0,150.36291046776321,0,1.2928264975634844,26.128569570417763,345.743554528595,4976.0389739037155,816.10821977543,13.23239504546161,190.44437011727905,0,0,2.8659917939859967e-9,0,620511.8578647538,6.637668512925371,0,31755035958.41202,31755035958.41202,29155179551.07397,31755035958.412106,0,0,31755035958.412125,0,0,0,2599856407.3371515,0,1,21,101,117325,1145277,0,0,0,0,0,2831,11141,787.8103060900131,9067.4,1485.6065416994186,7550.7601323556355,15,47,18,54,0,0,0,0.6032318607240803,0,0.9989566251579125,13,0,0,0.004287344546129777,2850.9060693159454,0,1137.1959968837382,159.15667703436134,0,165.1460595732181,0,0,0
6240,0,0,0,0,0,0,0,0,0,0,0,0,0,0,0,0,104.66230744297792,0,1.2928264975634844,26.128569570417763,345.743554528595,4949.4407076276775,810.4086489460675,13.23239504546161,189.4263937521989,0,0,2.8659917939859967e-9,0,586452.844335256,5.12603097651692,0,31754955460.01357,31754955460.01357,29155179551.07397,31754955460.013653,0,0,31754955460.01367,0,0,0,2599775908.9386997,0,1,21,101,111520,1145190,0,0,0,0,0,2827,11133,655.4703340591457,9066.600000000002,1542.6093189944681,7539.704286608668,15,47,18,54,0,0,0,0.6037775764810246,0,0.9989566251579125,13,0,0,0.004287346814265628,2850.9060693159454,0,1099.2573573228055,159.15667703436134,0,165.1460595732181,0,0,0
6270,0,0,0,0,0,0,0,0,0,0,0,0,0,0,0,0,71.51931870040028,0,1.2928264975634844,26.128569570417763,345.743554528595,4935.38938975376,806.2728209999066,13.23239504546161,188.88861774283686,0,0,2.8659917939859967e-9,0,384002.21035738965,4.02976128780249,0,31754955460.013565,31754955460.013565,29155179551.07397,31754955460.013653,0,0,31754955460.01367,0,0,0,2599775908.938699,0,1,21,101,117497,1144800,0,0,0,0,0,2802,11106,799.5000000000001,9063.900000000001,1477.4381498747734,7613.919421383177,15,47,18,54,0,0,0,0.6036909268298675,0,0.9989566251579125,13,0,0,0.0042873472591162635,2850.9060693159454,0,1465.5973473805784,159.15667703436134,0,165.1460595732181,0,0,0
6300,0,0,0,0,0,0,0,0,0,0,0,0,0,0,0,0,52.24350757673051,0,1.2928264975634844,26.128569570417763,345.743554528595,4936.647124032872,803.8710803106658,13.23239504546161,188.93675410467335,0,0,2.8659917939859967e-9,0,2447855.7806601,3.3921758357362224,0,31754935706.73155,31754935706.73155,29155179551.07397,31754935706.731636,0,0,31754935706.731655,0,0,0,2599756155.656682,0,1,21,101,117487,1144750,0,0,0,0,0,2800,11100,799.3000000000001,9063.300000000001,1552.5057778979744,7648.721840567081,15,47,18,54,0,0,0,0.6036909267762323,0,0.9989566251579125,13,0,0,0.004287347312619243,2850.9060693159454,0,1289.2554983210969,159.15667703436134,0,165.1460595732181,0,0,0
6330,0,0,0,0,0,0,0,0,0,0,0,0,0,0,0,0,65.08841639767115,0,1.2928264975634844,26.128569570417763,345.743554528595,4974.663641792621,805.4770835759334,13.23239504546161,190.39173301797717,0,0,2.8659917939859967e-9,0,2509558.7128843823,3.817046516653657,0,31754935706.73155,31754935706.73155,29155179551.07397,31754935706.731636,0,0,31754935706.731655,0,0,0,2599756155.6566825,0,1,21,101,117446,1144709,0,0,0,0,0,2793,11095,798.6,9062.800000000001,1558.5004719059013,7727.424080908807,15,47,18,54,0,0,0,0.6039802785687675,0,0.9989575014008425,13,0,0,0.0042955428260977434,2850.9060693159454,0,1191.8972925691037,159.15667703436134,0,165.1460595732181,0,0,0
6360,0,0,0,0,0,0,0,0,0,0,0,0,0,0,0,0,106.93938610715256,0,1.2928264975634844,26.128569570417763,345.743554528595,5003.318409488111,810.7104324322577,13.23239504546161,191.48841638666536,0,0,2.8659917939859967e-9,0,3126011.8042110195,5.201349842227606,0,31754935706.73155,31754935706.73155,29155179551.07397,31754935706.731636,0,0,31754935706.731655,0,0,0,2599756155.656683,0,1,21,101,117417,1144658,0,0,0,0,0,2789,11091,798.2000000000002,9062.400000000001,1593.0022407049446,7837.373051792888,15,47,18,54,0,0,0,0.6043109663393271,0,0.9989575014008425,13,0,0,0.004300538202553404,2850.9060693159454,0,1179.9399149798896,159.15667703436134,0,165.1460595732181,0,0,0
6390,0,0,0,0,0,0,0,0,0,0,0,0,0,0,0,0,138.25116057149248,0,1.2928264975634844,26.128569570417763,345.743554528595,5013.681736140752,814.6219039661066,13.23239504546161,191.8850445535733,0,0,2.8659917939859967e-9,0,2607785.9107758063,6.237048508745895,0,31754935706.73155,31754935706.73155,29155179551.07397,31754935706.731636,0,0,31754935706.731655,0,0,0,2599756155.656683,0,1,21,101,117062,1144245,0,0,0,0,0,2764,11062,795.7000000000002,9059.500000000002,1526.2540090989312,7789.910925712911,15,47,18,54,0,0,0,0.6046925291597629,0,0.9989575014008425,13,0,0,0.004301610362002089,2850.9060693159454,0,1451.4871815501738,159.15667703436134,0,165.1460595732181,0,0,0
6420,0,0,0,0,0,0,0,0,0,0,0,0,0,0,0,0,155.42562096243228,0,1.2928264975634844,26.128569570417763,345.743554528595,5017.429752542444,816.7689354651354,13.23239504546161,192.02848969669873,0,0,2.8659917939859967e-9,0,1630735.534890778,6.805127642853268,0,31754935706.731544,31754935706.731544,29155179551.07397,31754935706.731636,0,0,31754935706.731655,0,0,0,2599756155.6566825,0,1,21,101,117053,1144232,0,0,0,0,0,2762,11060,795.5000000000002,9059.300000000001,1599.7557778979744,7895.427784440007,15,47,18,54,0,0,0,0.6046925291061277,0,0.9989575014008425,13,0,0,0.004301840447001743,2850.9060693159454,0,1362.191500805055,159.15667703436134,0,165.1460595732181,0,0,0
6450,0,0,0,0,0,0,0,0,0,0,0,0,0,0,0,0,163.75275327443077,0,1.2928264975634844,26.128569570417763,345.743554528595,5018.785265826758,817.8213859330344,13.23239504546161,192.0803682842602,0,0,2.8659917939859967e-9,0,8664367.473722992,7.080563959670133,0,31754935706.731544,31754935706.731544,29155179551.07397,31754935706.731636,0,0,31754935706.731655,0,0,0,2599756155.6566825,0,1,21,101,117013,1144187,0,0,0,0,0,2755,11056,794.8000000000003,9058.900000000001,1583.2504719059013,7959.791171681519,15,47,18,54,0,0,0,0.6051376857389087,0,0.9989616896380085,13,0,0,0.004302642291964665,2850.9060693159454,0,1301.5798419673677,159.15667703436134,0,165.1460595732181,0,0,0
6480,0,0,0,0,0,0,0,0,0,0,0,0,0,0,0,0,167.5295567150535,0,1.2928264975634844,26.128569570417763,345.743554528595,5019.275502812681,817.2753921202689,13.23239504546161,192.09913077275394,0,0,2.8659917939859967e-9,0,3043624.1965747597,7.205489178827211,0,31754306969.065582,31754306969.065582,29155179551.07397,31754306969.06568,0,0,31754306969.065693,0,0,0,2599127417.990721,0,1,21,101,116986,1144150,0,0,0,0,0,2751,11053,794.4000000000002,9058.6,1595.2522407049446,8044.659540658239,15,47,18,54,0,0,0,0.6056637799510382,0,0.9989616896380085,13,0,0,0.004313747911311297,2850.9060693159454,0,1296.6976757111215,159.15667703436134,0,165.1460595732181,0,0,0
6510,0,0,0,0,0,0,0,0,0,0,0,0,0,0,0,0,169.17222461352594,0,1.2928264975634844,26.128569570417763,345.743554528595,5018.555279327912,818.4534986538528,13.23239504546161,192.07156617596925,0,0,2.8659917939859967e-9,0,5958367.751599728,7.259823657823855,0,31753298014.72322,31753298014.72322,29155179551.07397,31753298014.72332,0,0,31753298014.72333,0,0,0,2598118463.6483603,0,1,21,101,116663,1143747,0,0,0,0,0,2728,11025,792.1000000000001,9055.800000000001,1548.0040090989312,7982.446731525402,15,47,18,54,0,0.0000011431190826452188,0,0.605663779897403,0.000003428416494684801,0.9989679723688919,13,0,0,0.00431613156574155,2850.9060693159454,0,1435.9912327095892,159.15667703436134,0,165.1460595732181,0,0,0
6540,0,0,0,0,0,0,0,0,0,0,0,0,0,0,0,0,169.86640182680227,0,1.2928264975634844,26.128569570417763,345.743554528595,5019.192325547432,818.5378641573006,13.23239504546161,192.09594738894776,0,0,2.8659917939859967e-9,0,4762026.556351963,7.282784937611318,0,31750903238.271515,31750903238.271515,29155179551.07397,31750903238.271614,0,0,31750903238.271626,0,0,0,2595723687.1966534,0,1,21,101,116644,1143721,0,0,0,0,0,2726,11022,791.9000000000002,9055.5,1621.5057778979744,8049.126175828504,15,47,18,54,0,0,0,0.6062950929626855,0,0.9989679732997353,13,0,0,0.004316643148403006,2850.9060693159454,0,1316.6059956884965,159.15667703436134,0,165.1460595732181,0,0,0
6570,0,0,0,0,0,0,0,0,0,0,0,0,0,0,0,0,150.36291046776321,0,1.2928264975634844,26.128569570417763,345.743554528595,4976.0389739037155,816.1128635035654,13.23239504546161,190.44437011727905,0,0,2.8659917939859967e-9,0,4782180.6650650315,6.637668512925371,0,31748131548.896236,31748131548.896236,29155179551.07397,31748131548.896324,0,0,31748131548.896343,0,0,0,2592951997.821368,0,1,21,101,116045,1143711,0,0,0,0,0,2719,11021,776.6103216325231,9055.400000000001,1613.1065413271458,8183.333829917049,15,47,18,54,0,0,0,0.6070898846680398,0,0.9989679732997353,13,0,0,0.004316752911894017,2850.9060693159454,0,1232.4851225092932,159.15667703436134,0,165.1460595732181,0,0,0
6600,0,0,0,0,0,0,0,0,0,0,0,0,0,0,0,0,104.66230744297792,0,1.2928264975634844,26.128569570417763,345.743554528595,4949.4407076276775,810.4114600293749,13.23239504546161,189.4263937521989,0,0,2.8659917939859967e-9,0,3594678.26776515,5.12603097651692,0,31746878619.49936,31746878619.49936,29155179551.07397,31746878619.49945,0,0,31746878619.499462,0,0,0,2591699068.424491,0,1,21,101,110245,1143636,0,0,0,0,0,2716,11015,644.3703709845169,9054.800000000001,1678.359318614686,8166.06162329895,15,47,18,54,0,0,0,0.6080259418120294,0,0.9989679732997353,13,0,0,0.0043167764294149555,2850.9060693159454,0,1168.2953867044894,159.15667703436134,0,165.1460595732181,0,0,0
6630,0,0,0,0,0,0,0,0,0,0,0,0,0,0,0,0,71.51931870040028,0,1.2928264975634844,26.128569570417763,345.743554528595,4935.38938975376,806.2742087081817,13.23239504546161,188.88861774283686,0,0,2.8659917939859967e-9,0,2131180.1929012765,4.02976128780249,0,31746878619.49936,31746878619.49936,29155179551.07397,31746878619.49945,0,0,31746878619.499462,0,0,0,2591699068.424491,0,1,21,101,116286,1143285,0,0,0,0,0,2697,10991,789.0000000000001,9052.400000000001,1682.938149416595,8184.655059358902,15,47,18,54,0,0,0,0.6076839818270201,0,0.9989679732997353,13,0,0,0.004316781435207502,2850.9060693159454,0,1718.340384774024,159.15667703436134,0,165.1460595732181,0,0,0
6660,0,0,0,0,0,0,0,0,0,0,0,0,0,0,0,0,52.24350757673051,0,1.2928264975634844,26.128569570417763,345.743554528595,4936.647124032872,803.8743711594196,13.23239504546161,188.93675410467335,0,0,2.8659917939859967e-9,0,3648526.1078415415,3.3921758357362224,0,31746554252.71546,31746554252.71546,29155179551.07397,31746554252.715553,0,0,31746554252.715565,0,0,0,2591374701.6405945,0,1,21,101,116270,1143246,0,0,0,0,0,2695,10988,788.8000000000002,9052.1,1735.5057778979744,8218.99161307567,15,47,18,54,0,0,0,0.6076839817733851,0,0.9989679732997353,13,0,0,0.004316782467665551,2850.9060693159454,0,1630.5932713438417,159.15667703436134,0,165.1460595732181,0,0,0
6690,0,0,0,0,0,0,0,0,0,0,0,0,0,0,0,0,65.08841639767115,0,1.2928264975634844,26.128569570417763,345.743554528595,4974.663641792621,805.4839955962119,13.23239504546161,190.39173301797717,0,0,2.8659917939859967e-9,0,5259041.997967701,3.817046516653657,0,31746554252.71546,31746554252.71546,29155179551.07397,31746554252.715553,0,0,31746554252.715565,0,0,0,2591374701.6405945,0,1,21,101,116226,1143242,0,0,0,0,0,2687,10987,788.0000000000001,9052,1688.2504719059011,8301.261713459362,15,47,18,54,0,0,0,0.60768398171975,0,0.9989697055238409,13,0,0,0.004316782647292025,2850.9060693159454,0,1539.3065693728945,159.15667703436134,0,165.1460595732181,0,0,0
6720,0,0,0,0,0,0,0,0,0,0,0,0,0,0,0,0,106.93938610715256,0,1.2928264975634844,26.128569570417763,345.743554528595,5003.318409488111,810.7223215407803,13.23239504546161,191.48841638666536,0,0,2.8659917939859967e-9,0,9275640.66989627,5.201349842227606,0,31746554252.71546,31746554252.71546,29155179551.07397,31746554252.715553,0,0,31746554252.715565,0,0,0,2591374701.6405945,0,1,21,101,116200,1143163,0,0,0,0,0,2684,10981,787.7,9051.4,1731.0022407049446,8238.364259069445,15,47,18,54,0,0,0,0.6076839816661149,0,0.9989697055238409,13,0,0,0.00433008046559041,2850.9060693159454,0,1372.1125972656175,159.15667703436134,0,165.1460595732181,0,0,0
6750,0,0,0,0,0,0,0,0,0,0,0,0,0,0,0,0,138.25116057149248,0,1.2928264975634844,26.128569570417763,345.743554528595,5013.681736140752,814.6265887697043,13.23239504546161,191.8850445535733,0,0,2.8659917939859967e-9,0,6871299.200325644,6.237048508745895,0,31746554252.71546,31746554252.71546,29155179551.07397,31746554252.715553,0,0,31746554252.715565,0,0,0,2591374701.6405945,0,1,21,101,115911,1142787,0,0,0,0,0,2665,10955,785.8000000000001,9048.800000000001,1737.004009098931,8145.823027891531,15,47,18,54,0,0,0,0.6076839816124799,0,0.9989697055238409,13,0,0,0.004333043588832967,2850.9060693159454,0,1734.2679928046698,159.15667703436134,0,165.1460595732181,0,0,0
6780,0,0,0,0,0,0,0,0,0,0,0,0,0,0,0,0,155.42562096243228,0,1.2928264975634844,26.128569570417763,345.743554528595,5017.429752542444,816.77124113644,13.23239504546161,192.02848969669873,0,0,2.8659917939859967e-9,0,3949188.542183095,6.805127642853268,0,31746554252.71546,31746554252.71546,29155179551.07397,31746554252.715553,0,0,31746554252.715565,0,0,0,2591374701.640594,0,1,21,101,115895,1142787,0,0,0,0,0,2663,10955,785.6000000000001,9048.800000000001,1788.0057778979744,8265.671935872795,15,47,18,54,0,0,0,0.6076839815588448,0,0.9989697055238409,13,0,0,0.004333679547964135,2850.9060693159454,0,1614.1910396675569,159.15667703436134,0,165.1460595732181,0,0,0
6810,0,0,0,0,0,0,0,0,0,0,0,0,0,0,0,0,163.75275327443077,0,1.2928264975634844,26.128569570417763,345.743554528595,5018.785265826758,817.8103573394607,13.23239504546161,192.0803682842602,0,0,2.8659917939859967e-9,0,2251219.2748290575,7.080563959670133,0,31746554252.71546,31746554252.71546,29155179551.07397,31746554252.715553,0,0,31746554252.715565,0,0,0,2591374701.640594,0,1,21,101,115856,1142748,0,0,0,0,0,2655,10952,784.8000000000001,9048.500000000002,1718.2504719059011,8293.632770191281,15,47,18,54,0,0,0,0.6076839815052099,0,0.9989697055238409,13,0,0,0.004333816007466963,2850.9060693159454,0,1602.6788841245777,159.15667703436134,0,165.1460595732181,0,0,0
6840,0,0,0,0,0,0,0,0,0,0,0,0,0,0,0,0,167.5295567150535,0,1.2928264975634844,26.128569570417763,345.743554528595,5019.275502812681,816.4495367624995,13.23239504546161,192.09913077275394,0,0,2.8659917939859967e-9,0,735406.2266105233,7.205489178827211,0,31746492872.283966,31746492872.283966,29155179551.07397,31746492872.284058,0,0,31746492872.28407,0,0,0,2591313321.2091,0,1,21,101,115841,1142724,0,0,0,0,0,2652,10950,784.5000000000001,9048.300000000003,1738.5022407049446,8344.90039025101,15,47,18,54,0,0,0,0.6076839814515748,0,0.9989697055238409,13,0,0,0.004333845254986987,2850.9060693159454,0,1592.1800157469606,159.15667703436134,0,165.1460595732181,0,0,0
6870,0,0,0,0,0,0,0,0,0,0,0,0,0,0,0,0,169.17222461352594,0,1.2928264975634844,26.110478197875157,334.0022537484428,5018.555279327912,816.0330264386901,12.791885740936891,192.2046483138067,0,0,2.8659917939859967e-9,0,211179.81027672952,7.259823657823855,0,31741918171.541836,31741918171.541836,29155179551.07397,31741918171.54193,0,0,31741918171.541943,0,0,0,2586738620.4669766,0,1,21,101,115550,1142356,0,0,0,0,0,2633,10925,782.6000000000001,9045.800000000003,1730.254009098931,8269.726155470124,15,47,18,54,0,0,0,0.6076839813979399,0,0.9989697055238409,13,0,0,0.004333851490659553,2850.9060693159454,0,1391.3351350831128,159.15667703436134,0,165.1460595732181,0,0,0
6900,0,0,0,0,0,0,0,0,0,0,0,0,0,0,0,0,167.4657548164418,0,1.2928264975634844,21.42081844750905,227.16782617276053,5007.931488664541,818.1799114839098,10.60500217250929,233.78805534140994,0,0,2.8659917939859967e-9,0,204036.4478602166,7.199287057065595,0,31739047045.923912,31739047045.923912,29155179551.07397,31739047045.924004,0,0,31739047045.924023,0,0,0,2583867494.849049,0,1,21,101,115534,1141877,0,0,0,0,0,2631,10923,782.4000000000001,9032.899271930248,1781.2557778979744,8340.526814499088,15,47,18,54,0,0,0,0.6077309916981358,0,0.9989697055238409,13,0,0,0.0043338527870976345,2850.9060693159454,0,1257.0609165375379,159.15667703436134,0,165.1460595732181,0,0,0
6930,0,0,0,0,0,0,0,0,0,0,0,0,0,0,0,0,139.8320747544668,0,1.2928264975634844,16.09109062524631,188.5299254059345,4949.395305373368,814.4407734215772,11.71641685431429,307.5860686290558,0,0,2.8659917939859967e-9,0,144311.84682249767,6.259827236061097,0,31736174016.0068,31736174016.0068,29155179551.07397,31736174016.006897,0,0,31736174016.006916,0,0,0,2580994464.9319425,0,1,21,101,114947,1140212,0,0,0,0,0,2624,10923,767.1103219342742,8991.009051440413,1750.3565413199228,8482.783847153201,15,47,18,54,0,0,0,0.6080115253285189,0,0.9989697055238409,13,0,0,0.004333853023384544,2850.9060693159454,0,1166.8588220260683,159.15667703436134,0,165.1460595732181,0,0,0
6960,0,0,0,0,0,0,0,0,0,0,0,0,0,0,0,0,91.42576206656463,0,1.2928264975634844,12.849378805839052,174.55608373762468,4909.449235728424,807.9060690825196,13.584787745404656,382.0767766218751,0,0,2.8659917939859967e-9,0,85644.89639613914,4.616818323424935,0,31735283736.95675,31735283736.95675,29155179551.07397,31735283736.95685,0,0,31735283736.95686,0,0,0,2580104185.8818903,0,1,21,101,109170,1138360,0,0,0,0,0,2624,10919,635.1703717011354,8945.609051440411,1885.3593186073174,8504.062194061395,15,47,18,54,0,0,0,0.6090757573968023,0,0.9989697055238409,13,0,0,0.004333853032121935,2850.9060693159454,0,1093.950564450599,159.15667703436134,0,165.1460595732181,0,0,0
6990,0,0,0,0,0,0,0,0,0,0,0,0,0,0,0,0,57.23555774541562,0,1.2928264975634844,11.201697337825152,169.50228301099082,4888.478279919226,803.1445210271186,15.131839211422603,436.40513865806173,0,0,2.8659917939859967e-9,0,44567.8002978097,3.444197370755977,0,31735283736.95675,31735283736.95675,29155179551.07397,31735283736.95685,0,0,31735283736.95686,0,0,0,2580104185.8818893,0,1,21,101,115209,1136533,0,0,0,0,0,2605,10896,779.8000000000002,8907.9,1867.4381505226409,8521.324077122872,15,47,18,57,0,0,0,0.6126839805686796,0,0.9989697055238409,13,0,0,0.004333852992018384,2850.9060693159454,0,1176.6885408970627,159.15667703436134,0,165.1460595732181,0,0,0
7020,0,0,0,0,0,0,0,0,0,0,0,0,0,0,0,0,39.83988687923957,0,1.2928264975634844,10.433904218363505,167.67451779146305,4884.230108926147,800.5912106567018,16.0701607262561,468.111457294191,0,0,2.8659917939859967e-9,0,20916.24381588747,2.836580770690153,0,31734934005.40407,31734934005.40407,29155179551.07397,31734934005.40417,0,0,31734934005.404182,0,0,0,2579754454.3292084,0,1,21,101,115198,1136499,0,0,0,0,0,2604,10890,779.7000000000002,8907.3,1928.2557778979744,8520.502284769793,15,47,18,57,0,0,0,0.6129154619680668,0,0.9989697055238409,13,0,0,0.004333852941431692,2850.9060693159454,0,1153.2368071616638,159.15667703436134,0,165.1460595732181,0,0,0
7050,0,0,0,0,0,0,0,0,0,0,0,0,0,0,0,0,41.968998488946994,0,1.2928264975634844,10.094056946388678,167.01348545591614,4892.08190659141,800.6053973110426,16.545724513241236,484.64972335445725,0,0,2.8659917939859967e-9,0,9970.221511869044,2.8856408437831855,0,31734934005.40407,31734934005.40407,29155179551.07397,31734934005.40417,0,0,31734934005.404182,0,0,0,2579754454.3292084,0,1,21,101,115161,1136476,0,0,0,0,0,2598,10888,779.1000000000001,8907.1,1920.0004719059011,8579.326190786544,15,47,18,57,0,0,0,0.6129154619144319,0,0.9989697055238409,13,0,0,0.004333852888594914,2850.9060693159454,0,1132.399243409663,159.15667703436134,0,165.1460595732181,0,0,0
7080,0,0,0,0,0,0,0,0,0,0,0,0,0,0,0,0,48.82554215482648,0,1.2928264975634844,9.94866419979956,166.77441550099516,4894.183914519257,801.3112773016464,16.763498310090235,491.94382444005515,0,0,2.8659917939859967e-9,0,4636.619026202411,3.0996377096931473,0,31734934005.40407,31734934005.40407,29155179551.07397,31734934005.40417,0,0,31734934005.404182,0,0,0,2579754454.329208,0,1,21,101,115161,1136447,0,0,0,0,0,2598,10886,779.1000000000001,8906.9,2032.5022407049444,8639.018088040544,15,47,18,57,0,0,0,0.6129154618607972,0,0.9989697055238409,13,0,0,0.004333852835275205,2850.9060693159454,0,1124.081144715001,159.15667703436134,0,165.1460595732181,0,0,0
7110,0,0,0,0,0,0,0,0,0,0,0,0,0,0,0,0,53.13111604371052,0,1.2928264975634844,9.887949978671962,166.68795309927523,4894.493974054725,801.7651517578186,16.85768571431051,494.9958266993679,0,0,2.8659917939859967e-9,0,4349.41334057518,3.2349241722249165,0,31734934005.40407,31734934005.40407,29155179551.07397,31734934005.40417,0,0,31734934005.404182,0,0,0,2579754454.3292084,0,1,21,101,114889,1136110,0,0,0,0,0,2580,10863,777.3000000000001,8904.6,2024.2540090989314,8607.728779211557,15,47,18,57,0,0,0,0.6129154618071623,0,0.9989697055238409,13,0,0,0.00433385278185185,2850.9060693159454,0,1122.959092866378,159.15667703436134,0,165.1460595732181,0,0,0
7140,0,0,0,0,0,0,0,0,0,0,0,0,0,0,0,0,55.18505577678192,0,1.2928264975634844,9.863051217645841,166.6566829762117,4894.419881909977,801.9773690344564,16.89707163621422,496.2379058879307,0,0,2.8659917939859967e-9,0,2807.350862256477,3.2991008440495975,0,31734933856.20228,31734933856.20228,29155179551.07397,31734933856.202374,0,0,31734933856.202393,0,0,0,2579754305.1274147,0,1,21,101,114880,1136056,0,0,0,0,0,2579,10856,777.2,8903.9,2090.2557778979744,8564.38669788963,15,47,18,57,0,0,0,0.6131670720285516,0,0.9989697055238409,13,0,0,0.004334915421967973,2850.9060693159454,0,1122.5098014281043,159.15667703436134,0,165.1460595732181,0,0,0
7170,0,0,0,0,0,0,0,0,0,0,0,0,0,0,0,0,56.04044504934331,0,1.2928264975634844,9.852982732918157,166.64537377617842,4894.317262048254,802.0617607769029,16.913190481845398,496.73458228001016,0,0,2.8659917939859967e-9,0,1631.028051997989,3.3254918690418447,0,31734933856.20228,31734933856.20228,29155179551.07397,31734933856.202374,0,0,31734933856.202393,0,0,0,2579754305.127415,0,1,21,101,114855,1136056,0,0,0,0,0,2574,10856,776.7000000000002,8903.9,2043.7504719059016,8664.245586821657,15,47,18,57,0,0,0,0.6131670719749168,0,0.9989697055238409,13,0,0,0.0043438022527863855,2850.9060693159454,0,1122.1206182675335,159.15667703436134,0,165.1460595732181,0,0,0
7200,0,0,0,0,0,0,0,0,0,0,0,0,0,0,0,0,56.36336632201601,0,1.2928264975634844,9.848956700364743,166.64128367377833,4894.249661992153,802.091102630734,16.91968893188524,496.9307725569451,0,0,2.8659917939859967e-9,0,2198.957728601261,3.335242607633381,0,31734933826.74183,31734933826.74183,29155179551.07397,31734933826.741924,0,0,31734933826.741936,0,0,0,2579754275.666964,0,1,21,101,114855,1136009,0,0,0,0,0,2574,10852,776.7000000000002,8903.5,2111.2522407049446,8641.85715401484,15,47,18,57,0,0,0,0.613167071921282,0,0.9989697055238409,13,0,0,0.0043457096691897745,2850.9060693159454,0,1122.0313606908148,159.15667703436134,0,165.1460595732181,0,0,0
7230,0,0,0,0,0,0,0,0,0,0,0,0,0,0,0,0,56.47419936830227,0,1.2928264975634844,9.847361526552254,166.6398044411541,4893.315556455063,802.0645980101933,16.922279535673535,496.91641189985893,0,0,2.8659917939859967e-9,0,1636.0114028351304,3.3384659206786567,0,31734727849.45871,31734727849.45871,29155179551.07397,31734727849.458805,0,0,31734727849.458817,0,0,0,2579548298.3838453,0,1,21,101,114585,1135704,0,0,0,0,0,2556,10831,774.9000000000002,8901.4,2058.0040090989314,8621.314536947215,15,47,18,57,0,0,0,0.6131670718676471,0,0.9989697055238409,13,0,0,0.004346119032710094,2850.9060693159454,0,1113.185502492939,159.15667703436134,0,165.1460595732181,0,0,0
7260,0,0,0,0,0,0,0,0,0,0,0,0,0,0,0,0,56.50782587565332,0,1.2928264975634844,9.846734301836277,166.63926945964445,4893.870460657387,802.0571018802951,16.92330313295532,497.00441899247244,0,0,2.8659917939859967e-9,0,1011.366086976618,3.3393723379603606,0,31734709095.99144,31734709095.99144,29155179551.07397,31734709095.991535,0,0,31734709095.991554,0,0,0,2579529544.916577,0,1,21,101,114573,1135681,0,0,0,0,0,2555,10826,774.8000000000002,8900.900000000001,2094.7557778979744,8631.119379231895,15,47,18,57,0,0,0,0.6134415557504023,0,0.9989697055238409,13,0,0,0.004346206856011281,2850.9060693159454,0,1112.2027057977177,159.15667703436134,0,165.1460595732181,0,0,0
7290,0,0,0,0,0,0,0,0,0,0,0,0,0,0,0,0,50.910949376828654,0,1.2928264975634844,9.846489262975922,166.63907597742204,4881.782455045447,801.3732484098864,16.923704634910496,495.7891411512104,0,0,2.8659917939859967e-9,0,1002.1381126121427,3.1541507422875146,0,31734695862.001755,31734695862.001755,29155179551.07397,31734695862.00185,0,0,31734695862.00186,0,0,0,2579516310.92689,0,1,21,101,114003,1135664,0,0,0,0,0,2551,10825,759.8101747584188,8900.800000000001,2080.3565448450618,8700.232414731821,15,47,18,57,0,0,0,0.6134647427974697,0,0.9989697055238409,13,0,0,0.004346225664317287,2850.9060693159454,0,1107.7510008364914,159.15667703436134,0,165.1460595732181,0,0,0
7320,0,0,0,0,0,0,0,0,0,0,0,0,0,0,0,0,37.935833377176365,0,1.2928264975634844,9.846394061122924,166.63900600234862,4874.297357907745,799.7642709012919,16.923861158502568,495.03374815692274,0,0,2.8659917939859967e-9,0,1266.8368110905085,2.7249310994828555,0,31734695862.001755,31734695862.001755,29155179551.07397,31734695862.00185,0,0,31734695862.00186,0,0,0,2579516310.9268904,0,1,21,101,108217,1135619,0,0,0,0,0,2550,10822,627.7700220459641,8900.500000000002,2139.6093222035643,8709.579064837408,15,47,18,57,0,0,0,0.6137835166957414,0,0.9989697055238409,13,0,0,0.004346229659330043,2850.9060693159454,0,1070.4057197020893,159.15667703436134,0,165.1460595732181,0,0,0
7350,0,0,0,0,0,0,0,0,0,0,0,0,0,0,0,0,28.535628291987155,0,1.2928264975634844,9.84635725028067,166.63898069505765,4870.335080723886,798.5965172655881,16.92392185854394,494.6331883890417,0,0,2.8659917939859967e-9,0,1352.8050803964777,2.413982171728768,0,31734695862.001755,31734695862.001755,29155179551.07397,31734695862.00185,0,0,31734695862.00186,0,0,0,2579516310.9268904,0,1,21,101,114271,1135330,0,0,0,0,0,2532,10803,772.5,8898.6,2076.6881561316864,8719.473718984755,15,47,18,57,0,0,0,0.6134415555894981,0,0.9989697055238409,13,0,0,0.0043462304748358655,2850.9060693159454,0,1125.2580164689637,159.15667703436134,0,165.1460595732181,0,0,0
7380,0,0,0,0,0,0,0,0,0,0,0,0,0,0,0,0,23.07084901745095,0,1.2928264975634844,9.846343076462786,166.63897154238452,4870.697549644413,797.9149131763374,16.923945290991032,494.6707129561211,0,0,2.8659917939859967e-9,0,764.5041111122861,2.233215698263198,0,31734695480.376507,31734695480.376507,29155179551.07397,31734695480.376602,0,0,31734695480.376614,0,0,0,2579515929.3016458,0,1,21,101,114259,1135314,0,0,0,0,0,2531,10799,772.4000000000001,8898.2,2092.5057778979744,8729.189904993202,15,47,18,57,0,0,0,0.6137421807995286,0,0.9989697055238409,13,0,0,0.004346230607896258,2850.9060693159454,0,1114.6446152539781,159.15667703436134,0,165.1460595732181,0,0,0
7410,0,0,0,0,0,0,0,0,0,0,0,0,0,0,0,0,26.706469180448554,0,1.2928264975634844,9.846337639037143,166.63896823221492,4881.466418065843,798.3730714799993,16.923954300688624,495.76467891092886,0,0,2.8659917939859967e-9,0,394.7800613193406,2.353467493848944,0,31734695480.376507,31734695480.376507,29155179551.07397,31734695480.376602,0,0,31734695480.376614,0,0,0,2579515929.3016458,0,1,21,101,114245,1135318,0,0,0,0,0,2527,10799,772.0000000000001,8898.2,2070.0004719059016,8828.874304895095,15,47,18,57,0,0,0,0.6137421807458938,0,0.9989697055238409,13,0,0,0.004346230594477423,2850.9060693159454,0,1111.9632114795509,159.15667703436134,0,165.1460595732181,0,0,0
7440,0,0,0,0,0,0,0,0,0,0,0,0,0,0,0,0,38.55777899155012,0,1.2928264975634844,9.846335559943885,166.63896703505395,4889.58202419909,799.855196365497,16.923957752665057,496.5890096301934,0,0,2.8659917939859967e-9,0,214.49780380156363,2.745471428977477,0,31734695480.376507,31734695480.376507,29155179551.07397,31734695480.376602,0,0,31734695480.376614,0,0,0,2579515929.3016458,0,1,21,101,114236,1135330,0,0,0,0,0,2526,10797,771.9000000000001,8898.000000000002,2106.7522407049446,8868.199271577472,15,47,18,57,0,0,0,0.6137421806922593,0,0.9989697055238409,13,0,0,0.004346230549618479,2850.9060693159454,0,1112.1109842247538,159.15667703436134,0,165.1460595732181,0,0,0
7470,0,0,0,0,0,0,0,0,0,0,0,0,0,0,0,0,47.424791405831606,0,1.2928264975634844,9.846334767297964,166.6389666020869,4892.517120449639,800.9638744636849,16.9239590710987,496.8871398420111,0,0,2.8659917939859967e-9,0,135.53738837663312,3.038764708927281,0,31734695480.376507,31734695480.376507,29155179551.07397,31734695480.376602,0,0,31734695480.376614,0,0,0,2579515929.301646,0,1,21,101,113991,1135049,0,0,0,0,0,2510,10778,770.3000000000002,8896.100000000004,2084.2540090989314,8862.186308282562,15,47,18,57,0,0,0,0.6137421806386245,0,0.9989697055238409,13,0,0,0.004346230498011272,2850.9060693159454,0,1112.7686610704363,159.15667703436134,0,165.1460595732181,0,0,0
7500,0,0,0,0,0,0,0,0,0,0,0,0,0,0,0,0,52.28836345563594,0,1.2928264975634844,9.846334465902345,166.6389664454994,4893.578629461602,801.3896018232127,16.923959573236793,496.99496258307744,0,0,2.8659917939859967e-9,0,103.45840389199597,3.199636675049142,0,31734695264.218475,31734695264.218475,29155179551.07397,31734695264.218575,0,0,31734695264.218586,0,0,0,2579515713.1436157,0,1,21,101,113991,1135033,0,0,0,0,0,2510,10774,770.3000000000002,8895.700000000004,2151.7557778979744,8850.070319772873,15,47,18,57,0,0,0,0.6140728683750216,0,0.9989697055238409,13,0,0,0.004346230444955656,2850.9060693159454,0,1112.6955027015358,159.15667703436134,0,165.1460595732181,0,0,0
7530,0,0,0,0,0,0,0,0,0,0,0,0,0,0,0,0,54.64649949519151,0,1.2928264975634844,9.846334351573285,166.63896638886771,4893.96253552865,800.6946364290775,16.923959763994965,497.033958099003,0,0,2.8659917939859967e-9,0,90.27373178818566,3.277636561729639,0,31734695264.218475,31734695264.218475,29155179551.07397,31734695264.218575,0,0,31734695264.218586,0,0,0,2579515713.1436152,0,1,21,101,113972,1135033,0,0,0,0,0,2506,10774,769.9000000000002,8895.700000000004,2129.2504719059016,8925.957201843745,15,47,18,57,0,0,0,0.614072868321387,0,0.9989697055238409,13,0,0,0.004349932641019793,2850.9060693159454,0,1112.3621146768987,159.15667703436134,0,165.1460595732181,0,0,0
7560,0,0,0,0,0,0,0,0,0,0,0,0,0,0,0,0,55.71604267906587,0,1.2928264975634844,9.846334308298706,166.63896636838618,4894.101379241109,800.0101733851873,16.923959836295545,497.04806133956396,0,0,2.8659917939859967e-9,0,85.68190358946028,3.3130137647280318,0,31734695264.108124,31734695264.108124,29155179551.07397,31734695264.108215,0,0,31734695264.108234,0,0,0,2579515713.033261,0,1,21,101,113972,1135004,0,0,0,0,0,2506,10772,769.9000000000002,8895.500000000004,2196.7522407049446,8943.203702824241,15,47,18,57,0,0,0,0.6140728682677524,0,0.9989697055238409,13,0,0,0.004355136092245244,2850.9060693159454,0,1112.2849690335695,159.15667703436134,0,165.1460595732181,0,0,0
7590,0,0,0,0,0,0,0,0,0,0,0,0,0,0,0,0,56.181225820831465,0,1.2928264975634844,9.846334291951337,166.63896636097886,4893.25407020589,799.8189085908484,16.923959863641244,496.96200891795536,0,0,2.8659917939859967e-9,0,84.23871298364996,3.3284005951153754,0,31734674961.63421,31734674961.63421,29155179551.07397,31734674961.634308,0,0,31734674961.63432,0,0,0,2579495410.5593514,0,1,21,101,113721,1134715,0,0,0,0,0,2490,10753,768.3000000000002,8893.600000000002,2174.2540090989314,8930.261822451943,15,47,18,57,0,0,0,0.6140728682141179,0,0.9989697055238409,13,0,0,0.004356252912605823,2850.9060693159454,0,1111.8735380181515,159.15667703436134,0,165.1460595732181,0,0,0
7620,0,0,0,0,0,0,0,0,0,0,0,0,0,0,0,0,56.37780822210964,0,1.2928264975634844,9.846334285787181,166.63896635829988,4893.845154424831,799.4784028916017,16.92395987396417,497.02204011993734,0,0,2.8659917939859967e-9,0,83.80599516897672,3.3349029377544275,0,31734663261.214317,31734663261.214317,29155179551.07397,31734663261.214417,0,0,31734663261.214428,0,0,0,2579483710.1394606,0,1,21,101,113721,1134699,0,0,0,0,0,2490,10749,768.3000000000002,8893.2,2241.7557778979744,8908.506226966856,15,47,18,57,0,0,0,0.6144383651915709,0,0.9989697055238409,13,0,0,0.0043564925835689015,2850.9060693159454,0,1111.2275265217243,159.15667703436134,0,165.1460595732181,0,0,0
7650,0,0,0,0,0,0,0,0,0,0,0,0,0,0,0,0,50.85435730760033,0,1.2928264975634844,9.846334283466728,166.63896635733101,4881.772521275271,798.6469698690428,16.923959877854184,495.7959359019935,0,0,2.8659917939859967e-9,0,83.65890926029364,3.1522039069777446,0,31734657059.25698,31734657059.25698,29155179551.07397,31734657059.257088,0,0,31734657059.2571,0,0,0,2579477508.1821265,0,1,21,101,113152,1134699,0,0,0,0,0,2486,10749,753.310051852154,8893.2,2227.3565477889024,8968.511324292966,15,47,18,57,0,0,0,0.6144615524602554,0,0.9989697055238409,13,0,0,0.004356543984269515,2850.9060693159454,0,1107.0427715936228,159.15667703436134,0,165.1460595732181,0,0,0
7680,0,0,0,0,0,0,0,0,0,0,0,0,0,0,0,0,37.911809402137955,0,1.2928264975634844,9.846334282594556,166.6389663569806,4874.293528849388,797.3296773761958,16.92395987931769,495.0363646972372,0,0,2.8659917939859967e-9,0,83.61016136050456,2.724103619566028,0,31734657059.25698,31734657059.25698,29155179551.07397,31734657059.257088,0,0,31734657059.2571,0,0,0,2579477508.1821265,0,1,21,101,107375,1134670,0,0,0,0,0,2486,10747,621.3697300494043,8893,2297.8593252067867,8968.510824276189,15,47,18,57,0,0,0,0.6147803270751758,0,0.9989697055238409,13,0,0,0.004356554974873718,2850.9060693159454,0,1069.6886395323338,159.15667703436134,0,165.1460595732181,0,0,0
7710,0,0,0,0,0,0,0,0,0,0,0,0,0,0,0,0,28.52561612138844,0,1.2928264975634844,9.846334282267208,166.63896635685387,4870.333580791571,795.9908366569954,16.923959879867468,494.63418985914547,0,0,2.8659917939859967e-9,0,83.59314997448992,2.4136367729167967,0,31734657059.25698,31734657059.25698,29155179551.07397,31734657059.257088,0,0,31734657059.2571,0,0,0,2579477508.1821265,0,1,21,101,113487,1134400,0,0,0,0,0,2472,10729,766.5000000000001,8891.2,2243.1881601251102,8938.515921098777,15,47,18,57,0,0,0,0.6144383650306673,0,0.9989697055238409,13,0,0,0.004356557291904785,2850.9060693159454,0,1121.750306652654,159.15667703436134,0,165.1460595732181,0,0,0
7740,0,0,0,0,0,0,0,0,0,0,0,0,0,0,0,0,23.06664904282221,0,1.2928264975634844,9.84633428214451,166.63896635680803,4870.696800780047,795.1357086586387,16.923959880073706,494.67107871938106,0,0,2.8659917939859967e-9,0,83.58685424313995,2.2330706751099467,0,31734656652.539204,31734656652.539204,29155179551.07397,31734656652.53931,0,0,31734656652.53932,0,0,0,2579477101.4643455,0,1,21,101,113487,1134387,0,0,0,0,0,2472,10725,766.5000000000001,8890.800000000001,2267.2557778979744,8908.506226966856,15,47,18,57,0,0,0,0.6148444727893523,0,0.9989697055238409,13,0,0,0.004356557747250849,2850.9060693159454,0,1113.2616297620586,159.15667703436134,0,165.1460595732181,0,0,0
7770,0,0,0,0,0,0,0,0,0,0,0,0,0,0,0,0,26.704365143338013,0,1.2928264975634844,9.84633428209857,166.63896635679146,4881.465732185376,795.9999389976904,16.923959880150985,495.76477827492346,0,0,2.8659917939859967e-9,0,83.58475329007675,2.3533953062202375,0,31734656652.539204,31734656652.539204,29155179551.07397,31734656652.53931,0,0,31734656652.53932,0,0,0,2579477101.4643455,0,1,21,101,113469,1134387,0,0,0,0,0,2468,10725,766.1000000000001,8890.800000000001,2222.2504719059016,8968.511324292966,15,47,18,57,0,0,0,0.614844472735718,0,0.9989697055238409,13,0,0,0.004356557803007167,2850.9060693159454,0,1110.9959305915077,159.15667703436134,0,165.1460595732181,0,0,0
7800,0,0,0,0,0,0,0,0,0,0,0,0,0,0,0,0,38.55668364385194,0,1.2928264975634844,9.846334282081397,166.63896635678546,4889.581766226203,797.3795585072096,16.923959880179893,496.5890478778874,0,0,2.8659917939859967e-9,0,83.58397034140299,2.7454341055241427,0,31734656652.539204,31734656652.539204,29155179551.07397,31734656652.53931,0,0,31734656652.53932,0,0,0,2579477101.4643455,0,1,21,101,113469,1134363,0,0,0,0,0,2468,10723,766.1000000000001,8890.600000000002,2267.2522407049446,8968.510824276189,15,47,18,57,0,0,0,0.6148444726820834,0,0.9989697055238409,13,0,0,0.004356557772996037,2850.9060693159454,0,1110.552502171505,159.15667703436134,0,165.1460595732181,0,0,0
7830,0,0,0,0,0,0,0,0,0,0,0,0,0,0,0,0,47.42427086969379,0,1.2928264975634844,9.846334282074979,166.6389663567833,4892.517023380665,798.3489120378856,16.923959880190704,496.88715447000186,0,0,2.8659917939859967e-9,0,83.58367998903482,3.0387470340225593,0,31734656652.539204,31734656652.539204,29155179551.07397,31734656652.53931,0,0,31734656652.53932,0,0,0,2579477101.464346,0,1,21,101,113249,1134096,0,0,0,0,0,2454,10705,764.7,8888.800000000001,2222.2540090989314,8938.515921098777,15,47,18,57,0,0,0,0.6148444726284489,0,0.9989697055238409,13,0,0,0.004356557724575912,2850.9060693159454,0,1110.9446150298895,159.15667703436134,0,165.1460595732181,0,0,0
7860,0,0,0,0,0,0,0,0,0,0,0,0,0,0,0,0,52.28812889942847,0,1.2928264975634844,9.846334282072583,166.6389663567825,4893.578592925527,799.2851105647946,16.923959880194744,496.9949681512808,0,0,2.8659917939859967e-9,0,83.58358301236855,3.1996287266618593,0,31734656513.98145,31734656513.98145,29155179551.07397,31734656513.981556,0,0,31734656513.981567,0,0,0,2579476962.9065905,0,1,21,101,113249,1134080,0,0,0,0,0,2454,10701,764.7,8888.400000000001,2267.2557778979744,8908.506226966856,15,47,18,57,0,0,0,0.6152983577768188,0,0.9989697055238409,13,0,0,0.004356557672204496,2850.9060693159454,0,1110.8746595437776,159.15667703436134,0,165.1460595732181,0,0,0
7890,0,0,0,0,0,0,0,0,0,0,0,0,0,0,0,0,54.64639742425048,0,1.2928264975634844,9.846334282071695,166.63896635678225,4893.962521773759,799.3935315276865,16.923959880196243,497.0339602104243,0,0,2.8659917939859967e-9,0,83.58354545641134,3.2776331070640463,0,31734656513.98145,31734656513.98145,29155179551.07397,31734656513.981556,0,0,31734656513.981567,0,0,0,2579476962.9065905,0,1,21,101,113229,1134080,0,0,0,0,0,2450,10701,764.3000000000001,8888.400000000001,2222.2504719059016,8968.511324292966,15,47,18,57,0,0,0,0.6152983577231843,0,0.9989697055238409,13,0,0,0.0043680846035740895,2850.9060693159454,0,1110.541289586619,159.15667703436134,0,165.1460595732181,0,0,0
7920,0,0,0,0,0,0,0,0,0,0,0,0,0,0,0,0,55.71599934074267,0,1.2928264975634844,9.84633428207136,166.63896635678213,4894.10137406207,799.6659125940425,16.923959880196808,497.04806213754756,0,0,2.8659917939859967e-9,0,83.58353226002282,3.3130122989987543,0,31734656513.981453,31734656513.981453,29155179551.07397,31734656513.981556,0,0,31734656513.981567,0,0,0,2579476962.906591,0,1,21,101,113229,1134054,0,0,0,0,0,2450,10699,764.3000000000001,8888.2,2267.2522407049446,8968.510824276189,15,47,18,57,0,0,0,0.6152983576695499,0,0.9989697055238409,13,0,0,0.004370860672307046,2850.9060693159454,0,1110.463268027528,159.15667703436134,0,165.1460595732181,0,0,0
7950,0,0,0,0,0,0,0,0,0,0,0,0,0,0,0,0,56.18120775313705,0,1.2928264975634844,9.84633428207124,166.63896635678213,4893.254068255755,799.3224343073294,16.923959880197014,496.96200921856445,0,0,2.8659917939859967e-9,0,83.583527115037,3.3283999843216776,0,31734639902.816044,31734639902.816044,29155179551.07397,31734639902.81615,0,0,31734639902.816162,0,0,0,2579460351.741187,0,1,21,101,113018,1133782,0,0,0,0,0,2436,10681,762.9000000000002,8886.400000000001,2222.2540090989314,8938.515921098777,15,47,18,57,0,0,0,0.6152983576159154,0,0.9989697055238409,13,0,0,0.004371456482289984,2850.9060693159454,0,1110.1475697413894,159.15667703436134,0,165.1460595732181,0,0,0
7980,0,0,0,0,0,0,0,0,0,0,0,0,0,0,0,0,56.37780079524306,0,1.2928264975634844,9.846334282071195,166.63896635678213,4893.84515369053,799.5231698590786,16.923959880197092,497.0220402329364,0,0,2.8659917939859967e-9,0,83.58352530876452,3.3349026867406604,0,31734631874.073856,31734631874.073856,29155179551.07397,31734631874.073963,0,0,31734631874.073982,0,0,0,2579452322.9990034,0,1,21,101,113018,1133763,0,0,0,0,0,2436,10677,762.9000000000002,8886.000000000002,2267.2557778979744,8908.506226966856,15,47,18,57,0,0,0,0.6154617572595368,0,0.9989697055238409,13,0,0,0.004371584324229741,2850.9060693159454,0,1109.6807741032922,159.15667703436134,0,165.1460595732181,0,0,0
8010,0,0,0,0,0,0,0,0,0,0,0,0,0,0,0,0,50.85435429070803,0,1.2928264975634844,9.846334282071181,166.63896635678213,4881.772521002537,798.7875009832087,16.923959880197113,495.795935944565,0,0,2.8659917939859967e-9,0,83.58352469779892,3.152203805019706,0,31734627406.49951,31734627406.49951,29155179551.07397,31734627406.499615,0,0,31734627406.499634,0,0,0,2579447855.4246554,0,1,21,101,112459,1133763,0,0,0,0,0,2433,10677,748.0099553676013,8886.000000000002,2230.3565500998916,8968.511324292966,15,47,18,57,0,0,0,0.6154849447021963,0,0.9989697055238409,13,0,0,0.004371611722087169,2850.9060693159454,0,1105.647206366278,159.15667703436134,0,165.1460595732181,0,0,0
8040,0,0,0,0,0,0,0,0,0,0,0,0,0,0,0,0,37.91180819051019,0,1.2928264975634844,9.846334282071181,166.63896635678213,4874.293528748652,796.895066186921,16.923959880197113,495.03636471331964,0,0,2.8659917939859967e-9,0,83.58352445967745,2.724103578614682,0,31734627406.49951,31734627406.49951,29155179551.07397,31734627406.499615,0,0,31734627406.499634,0,0,0,2579447855.4246554,0,1,21,101,106682,1133735,0,0,0,0,0,2433,10675,616.0695008246543,8885.800000000003,2297.859327564393,8968.510824276189,15,47,18,57,0,0,0,0.6158037198797055,0,0.9989697055238409,13,0,0,0.004371617560750929,2850.9060693159454,0,1068.2938018535995,159.15667703436134,0,165.1460595732181,0,0,0
8070,0,0,0,0,0,0,0,0,0,0,0,0,0,0,0,0,28.525615639265276,0,1.2928264975634844,9.846334282071181,166.63896635678213,4870.333580754123,796.1253851198192,16.923959880197113,494.63418986518974,0,0,2.8659917939859967e-9,0,83.58352437746312,2.4136367566183834,0,31734627406.49951,31734627406.49951,29155179551.07397,31734627406.499615,0,0,31734627406.499634,0,0,0,2579447855.4246554,0,1,21,101,112787,1133484,0,0,0,0,0,2419,10658,761.2000000000002,8884.100000000004,2243.1881627161515,8938.515921098777,15,47,18,57,0,0,0,0.6154617570986338,0,0.9989697055238409,13,0,0,0.004371618771976021,2850.9060693159454,0,1120.5557714006075,159.15667703436134,0,165.1460595732181,0,0,0
8100,0,0,0,0,0,0,0,0,0,0,0,0,0,0,0,0,23.066648851647848,0,1.2928264975634844,9.846334282071181,166.63896635678213,4870.696800764622,795.2363334648728,16.923959880197113,494.6710787214984,0,0,2.8659917939859967e-9,0,83.58352434820506,2.233070668645886,0,31734627048.211864,31734627048.211864,29155179551.07397,31734627048.211967,0,0,31734627048.211987,0,0,0,2579447497.1370087,0,1,21,101,112787,1133468,0,0,0,0,0,2419,10654,761.2000000000002,8883.700000000004,2267.2557778979744,8908.506226966856,15,47,18,57,0,0,0,0.6154617570449994,0,0.9989697055238409,13,0,0,0.0043716189899734165,2850.9060693159454,0,1111.9109756858818,159.15667703436134,0,165.1460595732181,0,0,0
8130,0,0,0,0,0,0,0,0,0,0,0,0,0,0,0,0,26.704365064652418,0,1.2928264975634844,9.846334282071181,166.63896635678213,4881.465732175981,796.0896402039882,16.923959880197113,495.7647782753485,0,0,2.8659917939859967e-9,0,83.58352433738018,2.3533953035614696,0,31734627048.211864,31734627048.211864,29155179551.07397,31734627048.211967,0,0,31734627048.211987,0,0,0,2579447497.137008,0,1,21,101,112770,1133468,0,0,0,0,0,2416,10654,760.9000000000001,8883.700000000004,2222.2504719059016,8968.511324292966,15,47,18,57,0,0,0,0.6154617569913651,0,0.9989697055238409,13,0,0,0.004371618994785639,2850.9060693159454,0,1109.6919298547155,159.15667703436134,0,165.1460595732181,0,0,0
8160,0,0,0,0,0,0,0,0,0,0,0,0,0,0,0,0,38.556683610815966,0,1.2928264975634844,9.846334282071181,166.63896635678213,4889.581766222726,797.3557389651064,16.923959880197113,496.58904787804954,0,0,2.8659917939859967e-9,0,83.58352433336128,2.7454341044091093,0,31734627048.211864,31734627048.211864,29155179551.07397,31734627048.211967,0,0,31734627048.211987,0,0,0,2579447497.1370087,0,1,21,101,112770,1133442,0,0,0,0,0,2416,10652,760.9000000000001,8883.500000000004,2267.2522407049446,8968.510824276189,15,47,18,57,0,0,0,0.6154617569377308,0,0.9989697055238409,13,0,0,0.004371618953840099,2850.9060693159454,0,1109.246450684978,159.15667703436134,0,165.1460595732181,0,0,0
8190,0,0,0,0,0,0,0,0,0,0,0,0,0,0,0,0,47.42427085606251,0,1.2928264975634844,9.846334282071181,166.63896635678213,4892.517023379377,798.3844005375847,16.923959880197113,496.8871544700627,0,0,2.8659917939859967e-9,0,83.58352433189113,3.0387470335628373,0,31734627048.211864,31734627048.211864,29155179551.07397,31734627048.211967,0,0,31734627048.211987,0,0,0,2579447497.1370087,0,1,21,101,112551,1133201,0,0,0,0,0,2402,10636,759.5000000000001,8881.900000000003,2222.2540090989314,8938.515921098777,15,47,18,57,0,0,0,0.6154617568840965,0,0.9989697055238409,13,0,0,0.004371618903073161,2850.9060693159454,0,1109.6697873152084,159.15667703436134,0,165.1460595732181,0,0,0
8220,0,0,0,0,0,0,0,0,0,0,0,0,0,0,0,0,52.28812889387947,0,1.2928264975634844,9.846334282071181,166.63896635678213,4893.5785929250505,799.3543677285613,16.923959880197113,496.9949681513031,0,0,2.8659917939859967e-9,0,83.58352433138774,3.199628726474823,0,31734626932.19624,31734626932.19624,29155179551.07397,31734626932.196342,0,0,31734626932.196354,0,0,0,2579447381.1213827,0,1,21,101,112551,1133188,0,0,0,0,0,2402,10632,759.5000000000001,8881.500000000002,2267.2557778979744,8908.506226966856,15,47,18,57,0,0,0,0.6154617568304622,0,0.9989697055238409,13,0,0,0.004371618850198199,2850.9060693159454,0,1109.6023121560165,159.15667703436134,0,165.1460595732181,0,0,0
8250,0,0,0,0,0,0,0,0,0,0,0,0,0,0,0,0,54.6463974220159,0,1.2928264975634844,9.846334282071181,166.63896635678213,4893.962521773584,799.4263775782542,16.923959880197113,497.0339602104324,0,0,2.8659917939859967e-9,0,83.58352433119624,3.27763310698876,0,31734626932.19624,31734626932.19624,29155179551.07397,31734626932.196342,0,0,31734626932.196354,0,0,0,2579447381.1213827,0,1,21,101,112542,1133188,0,0,0,0,0,2399,10632,759.2000000000002,8881.500000000002,2222.2504719059016,8968.511324292966,15,47,18,57,0,0,0,0.615461756776828,0,0.9989697055238409,13,0,0,0.004371618796870768,2850.9060693159454,0,1109.3522708251592,159.15667703436134,0,165.1460595732181,0,0,0
8280,0,0,0,0,0,0,0,0,0,0,0,0,0,0,0,0,55.71599933985077,0,1.2928264975634844,9.846334282071181,166.63896635678213,4894.1013740620065,799.4310979194022,16.923959880197113,497.0480621375501,0,0,2.8659917939859967e-9,0,83.58352433112657,3.313012298968716,0,31734626932.196243,31734626932.196243,29155179551.07397,31734626932.196342,0,0,31734626932.19636,0,0,0,2579447381.121382,0,1,21,101,112542,1133161,0,0,0,0,0,2399,10630,759.2000000000002,8881.300000000001,2267.2522407049446,8968.510824276189,15,47,18,57,0,0,0,0.6154617567231938,0,0.9989697055238409,13,0,0,0.004371618743446247,2850.9060693159454,0,1109.2743922279794,159.15667703436134,0,165.1460595732181,0,0,0
8310,0,0,0,0,0,0,0,0,0,0,0,0,0,0,0,0,56.18120775278372,0,1.2928264975634844,9.846334282071181,166.63896635678213,4893.254068255731,799.7357086195007,16.923959880197113,496.962009218565,0,0,2.8659917939859967e-9,0,83.5835243311035,3.328399984309784,0,31734611036.002796,31734611036.002796,29155179551.07397,31734611036.0029,0,0,31734611036.00292,0,0,0,2579431484.9279413,0,1,21,101,112330,1132917,0,0,0,0,0,2385,10614,757.8000000000002,8879.7,2222.2540090989314,8938.515921098777,15,47,18,57,0,0,0,0.6154617566695595,0,0.9989697055238409,13,0,0,0.004371618690000888,2850.9060693159454,0,1109.0308229615373,159.15667703436134,0,165.1460595732181,0,0,0
8340,0,0,0,0,0,0,0,0,0,0,0,0,0,0,0,0,56.37780079510397,0,1.2928264975634844,9.846334282071181,166.63896635678213,4893.845153690522,799.6359172391975,16.923959880197113,497.02204023293626,0,0,2.8659917939859967e-9,0,83.58352433109447,3.3349026867359832,0,31734602133.052795,31734602133.052795,29155179551.07397,31734602133.052902,0,0,31734602133.052914,0,0,0,2579422581.977941,0,1,21,101,112330,1132901,0,0,0,0,0,2385,10610,757.8000000000002,8879.300000000001,2267.2557778979744,8908.506226966856,15,47,18,57,0,0,0,0.6154617566159254,0,0.9989697055238409,13,0,0,0.004371618636551082,2850.9060693159454,0,1108.5231531109528,159.15667703436134,0,165.1460595732181,0,0,0
8370,0,0,0,0,0,0,0,0,0,0,0,0,0,0,0,0,50.8543542906536,0,1.2928264975634844,9.846334282071181,166.63896635678213,4881.772521002535,798.9188087943552,16.923959880197113,495.7959359445647,0,0,2.8659917939859967e-9,0,83.58352433109133,3.1522038050178804,0,31734597177.18077,31734597177.18077,29155179551.07397,31734597177.18087,0,0,31734597177.18088,0,0,0,2579417626.1059103,0,1,21,101,111765,1132901,0,0,0,0,0,2382,10610,742.9099647225406,8879.300000000001,2230.356549875823,8968.511324292966,15,47,18,57,0,0,0,0.6154849440417167,0,0.9989697055238409,13,0,0,0.004371618583100322,2850.9060693159454,0,1104.4660797791298,159.15667703436134,0,165.1460595732181,0,0,0
8400,0,0,0,0,0,0,0,0,0,0,0,0,0,0,0,0,37.911808190489005,0,1.2928264975634844,9.846334282071181,166.63896635678213,4874.293528748651,797.1799850737757,16.923959880197113,495.03636471331953,0,0,2.8659917939859967e-9,0,83.58352433109012,2.7241035786139745,0,31734597177.18077,31734597177.18077,29155179551.07397,31734597177.18087,0,0,31734597177.18088,0,0,0,2579417626.105911,0,1,21,101,105988,1132870,0,0,0,0,0,2382,10608,610.9695230498043,8879.100000000002,2297.8593273358047,8968.510824276189,15,47,18,57,0,0,0,0.6158037191646788,0,0.9989697055238409,13,0,0,0.004371618529649372,2850.9060693159454,0,1067.1129922455514,159.15667703436134,0,165.1460595732181,0,0,0
8430,0,0,0,0,0,0,0,0,0,0,0,0,0,0,0,0,28.525615639257065,0,1.2928264975634844,9.846334282071181,166.63896635678213,4870.333580754123,796.2002226300981,16.923959880197113,494.63418986518974,0,0,2.8659917939859967e-9,0,83.58352433108969,2.4136367566181116,0,31734597177.18077,31734597177.18077,29155179551.07397,31734597177.18087,0,0,31734597177.18088,0,0,0,2579417626.10591,0,1,21,101,112108,1132645,0,0,0,0,0,2369,10593,756.2,8877.600000000002,2243.18816379161,8938.515921098777,15,47,18,57,0,0,0,0.6154617564550229,0,0.9989697055238409,13,0,0,0.004371618476198401,2850.9060693159454,0,1119.571205475008,159.15667703436134,0,165.1460595732181,0,0,0
8460,0,0,0,0,0,0,0,0,0,0,0,0,0,0,0,0,23.06664885164468,0,1.2928264975634844,9.846334282071181,166.63896635678213,4870.696800764622,795.2712146531775,16.923959880197113,494.6710787214984,0,0,2.8659917939859967e-9,0,83.58352433108954,2.233070668645781,0,31734596787.957134,31734596787.957134,29155179551.07397,31734596787.957233,0,0,31734596787.957245,0,0,0,2579417236.8822737,0,1,21,101,112108,1132632,0,0,0,0,0,2369,10589,756.2,8877.200000000003,2267.2557778979744,8908.506226966856,15,47,18,57,0,0,0,0.6154617564013888,0,0.9989697055238409,13,0,0,0.0043716184227474315,2850.9060693159454,0,1110.7616791465473,159.15667703436134,0,165.1460595732181,0,0,0
8490,0,0,0,0,0,0,0,0,0,0,0,0,0,0,0,0,26.70436506465117,0,1.2928264975634844,9.846334282071181,166.63896635678213,4881.465732175981,795.4584940507104,16.923959880197113,495.7647782753485,0,0,2.8659917939859967e-9,0,83.58352433108948,2.3533953035614283,0,31734596787.957134,31734596787.957134,29155179551.07397,31734596787.957233,0,0,31734596787.957245,0,0,0,2579417236.8822737,0,1,21,101,112091,1132632,0,0,0,0,0,2366,10589,755.9000000000001,8877.200000000003,2222.2504719059016,8968.511324292966,15,47,18,57,0,0,0,0.6154617563477546,0,0.9989697055238409,13,0,0,0.004371618369296483,2850.9060693159454,0,1108.5017829221035,159.15667703436134,0,165.1460595732181,0,0,0
8520,0,0,0,0,0,0,0,0,0,0,0,0,0,0,0,0,38.55668361081547,0,1.2928264975634844,9.846334282071181,166.63896635678213,4889.581766222726,797.4639470283865,16.923959880197113,496.58904787804954,0,0,2.8659917939859967e-9,0,83.58352433108945,2.7454341044090933,0,31734596787.957134,31734596787.957134,29155179551.07397,31734596787.957233,0,0,31734596787.957245,0,0,0,2579417236.8822737,0,1,21,101,112091,1132609,0,0,0,0,0,2366,10587,755.9000000000001,8877.000000000002,2267.2522407049446,8968.510824276189,15,47,18,57,0,0,0,0.6154617562941206,0,0.9989697055238409,13,0,0,0.0043716183158455345,2850.9060693159454,0,1108.0408565573957,159.15667703436134,0,165.1460595732181,0,0,0
8550,0,0,0,0,0,0,0,0,0,0,0,0,0,0,0,0,47.42427085606233,0,1.2928264975634844,9.846334282071181,166.63896635678213,4892.517023379377,798.3851038262194,16.923959880197113,496.8871544700627,0,0,2.8659917939859967e-9,0,83.58352433108945,3.0387470335628315,0,31734596787.957134,31734596787.957134,29155179551.07397,31734596787.957233,0,0,31734596787.957245,0,0,0,2579417236.8822737,0,1,21,101,111908,1132424,0,0,0,0,0,2354,10572,754.7000000000002,8875.500000000002,2222.2540090989314,8938.515921098777,15,47,18,57,0,0,0,0.6154617562404865,0,0.9989697055238409,13,0,0,0.004371618262394614,2850.9060693159454,0,1108.4502851618965,159.15667703436134,0,165.1460595732181,0,0,0
8580,0,0,0,0,0,0,0,0,0,0,0,0,0,0,0,0,52.2881288938794,0,1.2928264975634844,9.846334282071181,166.63896635678213,4893.5785929250505,799.2899064611985,16.923959880197113,496.9949681513031,0,0,2.8659917939859967e-9,0,83.58352433108945,3.1996287264748204,0,31734596659.45447,31734596659.45447,29155179551.07397,31734596659.45457,0,0,31734596659.45459,0,0,0,2579417108.379614,0,1,21,101,111908,1132409,0,0,0,0,0,2354,10568,754.7000000000002,8875.100000000002,2267.2557778979744,8908.506226966856,15,47,18,57,0,0,0,0.6154617561868523,0,0.9989697055238409,13,0,0,0.004371618208943702,2850.9060693159454,0,1108.3851029713237,159.15667703436134,0,165.1460595732181,0,0,0
8610,0,0,0,0,0,0,0,0,0,0,0,0,0,0,0,0,54.64639742201589,0,1.2928264975634844,9.846334282071181,166.63896635678213,4893.962521773584,799.4470305434038,16.923959880197113,497.0339602104324,0,0,2.8659917939859967e-9,0,83.58352433108945,3.27763310698876,0,31734596659.45447,31734596659.45447,29155179551.07397,31734596659.45457,0,0,31734596659.45459,0,0,0,2579417108.379614,0,1,21,101,111896,1132409,0,0,0,0,0,2351,10568,754.4000000000002,8875.100000000002,2222.2504719059016,8968.511324292966,15,47,18,57,0,0,0,0.6154617561332183,0,0.9989697055238409,13,0,0,0.004371618155492818,2850.9060693159454,0,1108.1350600681174,159.15667703436134,0,165.1460595732181,0,0,0
8640,0,0,0,0,0,0,0,0,0,0,0,0,0,0,0,0,55.71599933985077,0,1.2928264975634844,9.846334282071181,166.63896635678213,4894.1013740620065,799.5071679869143,16.923959880197113,497.0480621375501,0,0,2.8659917939859967e-9,0,83.58352433108945,3.313012298968716,0,31734596659.454475,31734596659.454475,29155179551.07397,31734596659.45457,0,0,31734596659.45459,0,0,0,2579417108.379614,0,1,21,101,111896,1132392,0,0,0,0,0,2351,10567,754.4000000000002,8875.000000000004,2267.2522407049446,8998.513622947632,15,47,18,57,0,0,0,0.6154617560795843,0,0.9989697055238409,13,0,0,0.004371618102041938,2850.9060693159454,0,1108.1412791669838,159.15667703436134,0,165.1460595732181,0,0,0
8670,0,0,0,0,0,0,0,0,0,0,0,0,0,0,0,0,56.18120775278372,0,1.2928264975634844,9.846334282071181,166.63896635678213,4893.254068255731,799.797046738456,16.923959880197113,496.962009218565,0,0,2.8659917939859967e-9,0,83.58352433108945,3.328399984309784,0,31734581000.340477,31734581000.340477,29155179551.07397,31734581000.340572,0,0,31734581000.340584,0,0,0,2579401449.2656155,0,1,21,101,111711,1132165,0,0,0,0,0,2339,10552,753.2000000000002,8873.500000000004,2222.2540090989314,8968.518719770222,15,47,18,57,0,0,0,0.6154617560259503,0,0.9989697055238409,13,0,0,0.004371618048591076,2850.9060693159454,0,1107.9655604820246,159.15667703436134,0,165.1460595732181,0,0,0
8700,0,0,0,0,0,0,0,0,0,0,0,0,0,0,0,0,56.37780079510397,0,1.2928264975634844,9.846334282071181,166.63896635678213,4893.845153690522,799.4998582081221,16.923959880197113,497.02204023293626,0,0,2.8659917939859967e-9,0,83.58352433108945,3.3349026867359832,0,31734571806.224945,31734571806.224945,29155179551.07397,31734571806.22504,0,0,31734571806.22505,0,0,0,2579392255.1500826,0,1,21,101,111711,1132149,0,0,0,0,0,2339,10548,753.2000000000002,8873.100000000004,2267.2557778979744,8938.5090256383,15,47,18,57,0,0,0,0.6154617559723162,0,0.9989697055238409,13,0,0,0.004371617995140231,2850.9060693159454,0,1107.4435225272312,159.15667703436134,0,165.1460595732181,0,0,0
8730,0,0,0,0,0,0,0,0,0,0,0,0,0,0,0,0,50.8543542906536,0,1.2928264975634844,9.846334282071181,166.63896635678213,4881.772521002535,798.8686711917765,16.923959880197113,495.7959359445647,0,0,2.8659917939859967e-9,0,83.58352433108945,3.1522038050178804,0,31734567366.37583,31734567366.37583,29155179551.07397,31734567366.37592,0,0,31734567366.37594,0,0,0,2579387815.300966,0,1,21,101,111147,1132149,0,0,0,0,0,2336,10548,738.3098944326738,8873.100000000004,2230.3565515594,8998.51412296441,15,47,18,57,0,0,0,0.6154849435248503,0,0.9989697055238409,13,0,0,0.004371617941689407,2850.9060693159454,0,1103.407887215889,159.15667703436134,0,165.1460595732181,0,0,0
8760,0,0,0,0,0,0,0,0,0,0,0,0,0,0,0,0,37.911808190489005,0,1.2928264975634844,9.846334282071181,166.63896635678213,4874.293528748651,797.2819444404158,16.923959880197113,495.03636471331953,0,0,2.8659917939859967e-9,0,83.58352433108945,2.7241035786139745,0,31734567366.37583,31734567366.37583,29155179551.07397,31734567366.37592,0,0,31734567366.37594,0,0,0,2579387815.300966,0,1,21,101,105370,1132136,0,0,0,0,0,2336,10547,606.3693560575064,8873.000000000004,2297.8593290533418,9028.516421619077,15,47,18,57,0,0,0,0.6158037190576634,0,0.9989697055238409,13,0,0,0.004371617888238596,2850.9060693159454,0,1066.1386415176928,159.15667703436134,0,165.1460595732181,0,0,0
8790,0,0,0,0,0,0,0,0,0,0,0,0,0,0,0,0,28.525615639257065,0,1.2928264975634844,9.846334282071181,166.63896635678213,4870.333580754123,795.8806097873239,16.923959880197113,494.63418986518974,0,0,2.8659917939859967e-9,0,83.58352433108945,2.4136367566181116,0,31734567366.37583,31734567366.37583,29155179551.07397,31734567366.37592,0,0,31734567366.37593,0,0,0,2579387815.3009653,0,1,21,101,111508,1131914,0,0,0,0,0,2324,10532,751.7000000000002,8871.500000000005,2243.188164736208,8998.521518441667,15,47,18,57,0,0,0,0.6154617558114144,0,0.9989697055238409,13,0,0,0.004371617834787796,2850.9060693159454,0,1120.0328607477315,159.15667703436134,0,165.1460595732181,0,0,0
8820,0,0,0,0,0,0,0,0,0,0,0,0,0,0,0,0,23.06664885164468,0,1.2928264975634844,9.846334282071181,166.63896635678213,4870.696800764622,795.4756059106293,16.923959880197113,494.6710787214984,0,0,2.8659917939859967e-9,0,83.58352433108945,2.233070668645781,0,31734566954.127922,31734566954.127922,29155179551.07397,31734566954.12801,0,0,31734566954.12803,0,0,0,2579387403.053057,0,1,21,101,111508,1131895,0,0,0,0,0,2324,10528,751.7000000000002,8871.100000000004,2267.2557778979744,8968.511824309744,15,47,18,57,0,0,0,0.6154617557577804,0,0.9989697055238409,13,0,0,0.004371617781337018,2850.9060693159454,0,1110.1662610069975,159.15667703436134,0,165.1460595732181,0,0,0
8850,0,0,0,0,0,0,0,0,0,0,0,0,0,0,0,0,26.70436506465117,0,1.2928264975634844,9.846334282071181,166.63896635678213,4881.465732175981,795.7063704153336,16.923959880197113,495.7647782753485,0,0,2.8659917939859967e-9,0,83.58352433108945,2.3533953035614283,0,31734566954.127922,31734566954.127922,29155179551.07397,31734566954.12801,0,0,31734566954.12802,0,0,0,2579387403.0530577,0,1,21,101,111498,1131895,0,0,0,0,0,2321,10528,751.4000000000002,8871.100000000004,2222.2504719059016,9028.516921635855,15,47,18,57,0,0,0,0.6154617557041465,0,0.9989697055238409,13,0,0,0.0043716177278862525,2850.9060693159454,0,1107.66439262436,159.15667703436134,0,165.1460595732181,0,0,0
8880,0,0,0,0,0,0,0,0,0,0,0,0,0,0,0,0,38.55668361081547,0,1.2928264975634844,9.846334282071181,166.63896635678213,4889.581766222726,797.4889549512442,16.923959880197113,496.58904787804954,0,0,2.8659917939859967e-9,0,83.58352433108945,2.7454341044090933,0,31734566954.127922,31734566954.127922,29155179551.07397,31734566954.12801,0,0,31734566954.12803,0,0,0,2579387403.0530577,0,1,21,101,111498,1131895,0,0,0,0,0,2321,10528,751.4000000000002,8871.100000000004,2267.2522407049446,9088.522018961965,15,47,18,57,0,0,0,0.6154617556505126,0,0.9989697055238409,13,0,0,0.004371617674435507,2850.9060693159454,0,1107.211723831453,159.15667703436134,0,165.1460595732181,0,0,0
8910,0,0,0,0,0,0,0,0,0,0,0,0,0,0,0,0,47.42427085606233,0,1.2928264975634844,9.846334282071181,166.63896635678213,4892.517023379377,798.367104967491,16.923959880197113,496.8871544700627,0,0,2.8659917939859967e-9,0,83.58352433108945,3.0387470335628315,0,31734566954.127922,31734566954.127922,29155179551.07397,31734566954.12801,0,0,31734566954.12802,0,0,0,2579387403.0530577,0,1,21,101,111314,1131666,0,0,0,0,0,2309,10513,750.2000000000002,8869.600000000002,2222.2540090989314,9058.527115784556,15,47,18,57,0,0,0,0.6154617555968788,0,0.9989697055238409,13,0,0,0.0043716176209847735,2850.9060693159454,0,1107.9044773994847,159.15667703436134,0,165.1460595732181,0,0,0
8940,0,0,0,0,0,0,0,0,0,0,0,0,0,0,0,0,52.2881288938794,0,1.2928264975634844,9.846334282071181,166.63896635678213,4893.5785929250505,798.7873609188907,16.923959880197113,496.9949681513031,0,0,2.8659917939859967e-9,0,83.58352433108945,3.1996287264748204,0,31734566819.536263,31734566819.536263,29155179551.07397,31734566819.53635,0,0,31734566819.53636,0,0,0,2579387268.4613957,0,1,21,101,111314,1131650,0,0,0,0,0,2309,10509,750.2000000000002,8869.200000000003,2267.2557778979744,9028.517421652632,15,47,18,57,0,0,0,0.6154617555432449,0,0.9989697055238409,13,0,0,0.0043779886887360805,2850.9060693159454,0,1107.8429652102316,159.15667703436134,0,165.1460595732181,0,0,0
8970,0,0,0,0,0,0,0,0,0,0,0,0,0,0,0,0,54.64639742201589,0,1.2928264975634844,9.846334282071181,166.63896635678213,4893.962521773584,799.5403464522856,16.923959880197113,497.0339602104324,0,0,2.8659917939859967e-9,0,83.58352433108945,3.27763310698876,0,31734566819.536263,31734566819.536263,29155179551.07397,31734566819.53635,0,0,31734566819.53636,0,0,0,2579387268.4613957,0,1,21,101,111301,1131650,0,0,0,0,0,2306,10509,749.9000000000001,8869.200000000003,2222.2504719059016,9088.522518978743,15,47,18,57,0,0,0,0.6154617554896109,0,0.9989697055238409,13,0,0,0.004380650844652275,2850.9060693159454,0,1107.5929330988897,159.15667703436134,0,165.1460595732181,0,0,0
9000,0,0,0,0,0,0,0,0,0,0,0,0,0,0,0,0,55.71599933985077,0,1.2928264975634844,9.846334282071181,166.63896635678213,4894.1013740620065,799.5215795056524,16.923959880197113,497.0480621375501,0,0,2.8659917939859967e-9,0,83.58352433108945,3.313012298968716,0,31734566819.536263,31734566819.536263,29155179551.07397,31734566819.53635,0,0,31734566819.53636,0,0,0,2579387268.4613957,0,1,21,101,111301,1131650,0,0,0,0,0,2306,10509,749.9000000000001,8869.200000000003,2267.2522407049446,9148.527616304855,15,47,18,57,0,0,0,0.615461755435977,0,0.9989697055238409,13,0,0,0.004381222204529463,2850.9060693159454,0,1107.592932522132,159.15667703436134,0,165.1460595732181,0,0,0
9030,0,0,0,0,0,0,0,0,0,0,0,0,0,0,0,0,56.18120775278372,0,1.2928264975634844,9.846334282071181,166.63896635678213,4893.254068255731,799.3958651960584,16.923959880197113,496.962009218565,0,0,2.8659917939859967e-9,0,83.58352433108945,3.328399984309784,0,31734546045.096302,31734546045.096302,29155179551.07397,31734546045.096394,0,0,31734546045.096405,0,0,0,2579366494.0214376,0,1,21,101,111112,1131425,0,0,0,0,0,2294,10494,748.7,8867.700000000003,2222.2540090989314,9118.532713127444,15,47,18,57,0,0,0,0.6154617553823433,0,0.9989697055238409,13,0,0,0.004381344798529188,2850.9060693159454,0,1107.2389870024701,159.15667703436134,0,165.1460595732181,0,0,0
9060,0,0,0,0,0,0,0,0,0,0,0,0,0,0,0,0,56.37780079510397,0,1.2928264975634844,9.846334282071181,166.63896635678213,4893.845153690522,799.7948147051445,16.923959880197113,497.02204023293626,0,0,2.8659917939859967e-9,0,83.58352433108945,3.3349026867359832,0,31734534493.012634,31734534493.012634,29155179551.07397,31734534493.012737,0,0,31734534493.01275,0,0,0,2579354941.937776,0,1,21,101,111112,1131412,0,0,0,0,0,2294,10490,748.7,8867.300000000003,2267.2557778979744,9088.52301899552,15,47,18,57,0,0,0,0.6154617553287095,0,0.9989697055238409,13,0,0,0.004381371069975686,2850.9060693159454,0,1106.603958968723,159.15667703436134,0,165.1460595732181,0,0,0
9090,0,0,0,0,0,0,0,0,0,0,0,0,0,0,0,0,50.8543542906536,0,1.2928264975634844,9.846334282071181,166.63896635678213,4881.772521002535,798.9410261309636,16.923959880197113,495.7959359445647,0,0,2.8659917939859967e-9,0,83.58352433108945,3.1522038050178804,0,31734528695.4522,31734528695.4522,29155179551.07397,31734528695.452297,0,0,31734528695.45231,0,0,0,2579349144.3773413,0,1,21,101,110543,1131412,0,0,0,0,0,2291,10490,733.8099686444941,8867.300000000003,2230.356549781885,9148.528116321633,15,47,18,57,0,0,0,0.6154849427474294,0,0.9989697055238409,13,0,0,0.0043813766668684365,2850.9060693159454,0,1102.5055062189592,159.15667703436134,0,165.1460595732181,0,0,0
9120,0,0,0,0,0,0,0,0,0,0,0,0,0,0,0,0,37.911808190489005,0,1.2928264975634844,9.846334282071181,166.63896635678213,4874.293528748651,797.3416482988515,16.923959880197113,495.03636471331953,0,0,2.8659917939859967e-9,0,83.58352433108945,2.7241035786139745,0,31734528695.4522,31734528695.4522,29155179551.07397,31734528695.452297,0,0,31734528695.45231,0,0,0,2579349144.3773413,0,1,21,101,104766,1131412,0,0,0,0,0,2291,10490,601.8695323674496,8867.300000000003,2297.859327239971,9208.533213647743,15,47,18,57,0,0,0,0.6158037178475234,0,0.9989697055238409,13,0,0,0.004381377826200534,2850.9060693159454,0,1065.229784168743,159.15667703436134,0,165.1460595732181,0,0,0
9150,0,0,0,0,0,0,0,0,0,0,0,0,0,0,0,0,28.525615639257065,0,1.2928264975634844,9.846334282071181,166.63896635678213,4870.333580754123,796.0284257137731,16.923959880197113,494.63418986518974,0,0,2.8659917939859967e-9,0,83.58352433108945,2.4136367566181116,0,31734528695.4522,31734528695.4522,29155179551.07397,31734528695.452297,0,0,31734528695.45231,0,0,0,2579349144.3773417,0,1,21,101,110907,1131217,0,0,0,0,0,2279,10477,747.2000000000002,8866.000000000002,2243.188162245254,9178.538310470332,15,47,18,57,0,0,0,0.615461755167808,0,0.9989697055238409,13,0,0,0.00438137803306012,2850.9060693159454,0,1122.404302524269,159.15667703436134,0,165.1460595732181,0,0,0
9180,0,0,0,0,0,0,0,0,0,0,0,0,0,0,0,0,23.06664885164468,0,1.2928264975634844,9.846334282071181,166.63896635678213,4870.696800764622,795.5032595644113,16.923959880197113,494.6710787214984,0,0,2.8659917939859967e-9,0,83.58352433108945,2.233070668645781,0,31734528695.4522,31734528695.4522,29155179551.07397,31734528695.452297,0,0,31734528695.45231,0,0,0,2579349144.3773417,0,1,21,101,110907,1131204,0,0,0,0,0,2279,10473,747.2000000000002,8865.600000000002,2267.2557778979744,9148.528616338408,15,47,18,57,0,0,0,0.6154617551141743,0,0.9989697055238409,13,0,0,0.004381378035482186,2850.9060693159454,0,1110.0600222270705,159.15667703436134,0,165.1460595732181,0,0,0
9210,0,0,0,0,0,0,0,0,0,0,0,0,0,0,0,0,26.70436506465117,0,1.2928264975634844,9.846334282071181,166.63896635678213,4881.465732175981,795.736857895997,16.923959880197113,495.7647782753485,0,0,2.8659917939859967e-9,0,83.58352433108945,2.3533953035614283,0,31734528695.4522,31734528695.4522,29155179551.07397,31734528695.452297,0,0,31734528695.45231,0,0,0,2579349144.3773417,0,1,21,101,110897,1131204,0,0,0,0,0,2276,10473,746.9000000000002,8865.600000000002,2222.2504719059016,9208.53371366452,15,47,18,57,0,0,0,0.6154617550605407,0,0.9989697055238409,13,0,0,0.004381377994024048,2850.9060693159454,0,1106.983246047876,159.15667703436134,0,165.1460595732181,0,0,0
9240,0,0,0,0,0,0,0,0,0,0,0,0,0,0,0,0,38.55668361081547,0,1.2928264975634844,9.846334282071181,166.63896635678213,4889.581766222726,796.9916532407084,16.923959880197113,496.58904787804954,0,0,2.8659917939859967e-9,0,83.58352433108945,2.7454341044090933,0,31734528695.4522,31734528695.4522,29155179551.07397,31734528695.452297,0,0,31734528695.45231,0,0,0,2579349144.3773417,0,1,21,101,110897,1131204,0,0,0,0,0,2276,10473,746.9000000000002,8865.600000000002,2267.2522407049446,9264.02159916125,15,47,18,57,0,0,0,0.6154617550069068,0,0.9989697055238409,13,0,0,0.0043813779431475346,2850.9060693159454,0,1106.4154336062763,159.15667703436134,0,165.1460595732181,0,0,0
9270,0,0,0,0,0,0,0,0,0,0,0,0,0,0,0,0,47.42427085606233,0,1.2928264975634844,9.846334282071181,166.63896635678213,4892.517023379377,798.4800680974039,16.923959880197113,496.8871544700627,0,0,2.8659917939859967e-9,0,83.58352433108945,3.0387470335628315,0,31734528695.4522,31734528695.4522,29155179551.07397,31734528695.452297,0,0,31734528695.45231,0,0,0,2579349144.3773413,0,1,21,101,110717,1131027,0,0,0,0,0,2264,10461,745.7000000000002,8864.400000000003,2222.2540090989314,9226.525996315977,15,47,18,57,0,0,0,0.6154617549532732,0,0.9989697055238409,13,0,0,0.004381377890249483,2850.9060693159454,0,1107.0011125826538,159.15667703436134,0,165.1460595732181,0,0,0
9300,0,0,0,0,0,0,0,0,0,0,0,0,0,0,0,0,52.2881288938794,0,1.2928264975634844,9.846334282071181,166.63896635678213,4893.5785929250505,798.948594511464,16.923959880197113,496.9949681513031,0,0,2.8659917939859967e-9,0,83.58352433108945,3.1996287264748204,0,31734528554.501324,31734528554.501324,29155179551.07397,31734528554.501423,0,0,31734528554.501434,0,0,0,2579349003.426466,0,1,21,101,110717,1131008,0,0,0,0,0,2264,10457,745.7000000000002,8864.000000000004,2267.2557778979744,9189.015602516192,15,47,18,57,0,0,0,0.6154617548996395,0,0.9989697055238409,13,0,0,0.004381377836917542,2850.9060693159454,0,1106.9432997288304,159.15667703436134,0,165.1460595732181,0,0,0
9330,0,0,0,0,0,0,0,0,0,0,0,0,0,0,0,0,54.64639742201589,0,1.2928264975634844,9.846334282071181,166.63896635678213,4893.962521773584,799.5740099783338,16.923959880197113,497.0339602104324,0,0,2.8659917939859967e-9,0,83.58352433108945,3.27763310698876,0,31734528554.501324,31734528554.501324,29155179551.07397,31734528554.501423,0,0,31734528554.501434,0,0,0,2579349003.426466,0,1,21,101,110704,1131008,0,0,0,0,0,2261,10457,745.4000000000001,8864.000000000004,2222.2504719059016,9241.520000174443,15,47,18,57,0,0,0,0.6154617548460058,0,0.9989697055238409,13,0,0,0.004381377783492482,2850.9060693159454,0,1106.69326275806,159.15667703436134,0,165.1460595732181,0,0,0
9360,0,0,0,0,0,0,0,0,0,0,0,0,0,0,0,0,55.71599933985077,0,1.2928264975634844,9.846334282071181,166.63896635678213,4894.1013740620065,799.4857175636573,16.923959880197113,497.0480621375501,0,0,2.8659917939859967e-9,0,83.58352433108945,3.313012298968716,0,31734528554.501328,31734528554.501328,29155179551.07397,31734528554.501423,0,0,31734528554.501434,0,0,0,2579349003.426466,0,1,21,101,110704,1131008,0,0,0,0,0,2261,10457,745.4000000000001,8864.000000000004,2267.2522407049446,9294.024397832693,15,47,18,57,0,0,0,0.6154617547923722,0,0.9989697055238409,13,0,0,0.00438137773004745,2850.9060693159454,0,1106.693262094186,159.15667703436134,0,165.1460595732181,0,0,0
9390,0,0,0,0,0,0,0,0,0,0,0,0,0,0,0,0,56.18120775278372,0,1.2928264975634844,9.846334282071181,166.63896635678213,4893.254068255731,799.4966519392513,16.923959880197113,496.962009218565,0,0,2.8659917939859967e-9,0,83.58352433108945,3.328399984309784,0,31734508474.89214,31734508474.89214,29155179551.07397,31734508474.89224,0,0,31734508474.89225,0,0,0,2579328923.8172793,0,1,21,101,110530,1130825,0,0,0,0,0,2250,10445,744.3000000000002,8862.800000000003,2222.2540090989314,9256.52879498742,15,47,18,57,0,0,0,0.6154617547387385,0,0.9989697055238409,13,0,0,0.004381377676598145,2850.9060693159454,0,1106.3465450452309,159.15667703436134,0,165.1460595732181,0,0,0
9420,0,0,0,0,0,0,0,0,0,0,0,0,0,0,0,0,56.37780079510397,0,1.2928264975634844,9.846334282071181,166.63896635678213,4893.845153690522,799.8089445384574,16.923959880197113,497.02204023293626,0,0,2.8659917939859967e-9,0,83.58352433108945,3.3349026867359832,0,31734496312.06156,31734496312.06156,29155179551.07397,31734496312.061657,0,0,31734496312.06167,0,0,0,2579316760.986701,0,1,21,101,110530,1130806,0,0,0,0,0,2250,10441,744.3000000000002,8862.400000000001,2267.2557778979744,9219.018401187635,15,47,18,57,0,0,0,0.6154617546851049,0,0.9989697055238409,13,0,0,0.004381377623147941,2850.9060693159454,0,1105.6879227636764,159.15667703436134,0,165.1460595732181,0,0,0
9450,0,0,0,0,0,0,0,0,0,0,0,0,0,0,0,0,50.8543542906536,0,1.2928264975634844,9.846334282071181,166.63896635678213,4881.772521002535,798.8437829246438,16.923959880197113,495.7959359445647,0,0,2.8659917939859967e-9,0,83.58352433108945,3.1522038050178804,0,31734489933.368225,31734489933.368225,29155179551.07397,31734489933.36832,0,0,31734489933.368332,0,0,0,2579310382.293364,0,1,21,101,109965,1130806,0,0,0,0,0,2247,10441,729.4099721867807,8862.400000000001,2230.3565496970405,9271.522798845886,15,47,18,57,0,0,0,0.6154849420974379,0,0.9989697055238409,13,0,0,0.004381377569697548,2850.9060693159454,0,1101.5610586274972,159.15667703436134,0,165.1460595732181,0,0,0
9480,0,0,0,0,0,0,0,0,0,0,0,0,0,0,0,0,37.911808190489005,0,1.2928264975634844,9.846334282071181,166.63896635678213,4874.293528748651,797.1778564457488,16.923959880197113,495.03636471331953,0,0,2.8659917939859967e-9,0,83.58352433108945,2.7241035786139745,0,31734489933.368225,31734489933.368225,29155179551.07397,31734489933.36832,0,0,31734489933.368332,0,0,0,2579310382.293364,0,1,21,101,104188,1130806,0,0,0,0,0,2247,10441,597.4695407830942,8862.400000000001,2297.859327153415,9319.509984674754,15,47,18,57,0,0,0,0.6158037171768774,0,0.9989697055238409,13,0,0,0.004381377516247131,2850.9060693159454,0,1064.2853386559134,159.15667703436134,0,165.1460595732181,0,0,0
9510,0,0,0,0,0,0,0,0,0,0,0,0,0,0,0,0,28.525615639257065,0,1.2928264975634844,9.846334282071181,166.63896635678213,4870.333580754123,796.2207632353466,16.923959880197113,494.63418986518974,0,0,2.8659917939859967e-9,0,83.58352433108945,2.4136367566181116,0,31734489933.368225,31734489933.368225,29155179551.07397,31734489933.36832,0,0,31734489933.368332,0,0,0,2579310382.293364,0,1,21,101,110356,1130631,0,0,0,0,0,2237,10429,743.0000000000001,8861.200000000003,2243.1881621370903,9274.513682161622,15,47,18,57,0,0,0,0.6154617545242042,0,0.9989697055238409,13,0,0,0.004381377462796713,2850.9060693159454,0,1119.0268230689783,159.15667703436134,0,165.1460595732181,0,0,0
9540,0,0,0,0,0,0,0,0,0,0,0,0,0,0,0,0,23.06664885164468,0,1.2928264975634844,9.846334282071181,166.63896635678213,4870.696800764622,795.5084692862756,16.923959880197113,494.6710787214984,0,0,2.8659917939859967e-9,0,83.58352433108945,2.233070668645781,0,31734489933.368225,31734489933.368225,29155179551.07397,31734489933.36832,0,0,31734489933.368332,0,0,0,2579310382.293364,0,1,21,101,110356,1130621,0,0,0,0,0,2237,10425,743.0000000000001,8860.800000000003,2267.2557778979744,9229.502588693977,15,47,18,57,0,0,0,0.6154617544705706,0,0.9989697055238409,13,0,0,0.004381377409346321,2850.9060693159454,0,1108.5614965248876,159.15667703436134,0,165.1460595732181,0,0,0
9570,0,0,0,0,0,0,0,0,0,0,0,0,0,0,0,0,26.70436506465117,0,1.2928264975634844,9.846334282071181,166.63896635678213,4881.465732175981,795.9080147966868,16.923959880197113,495.7647782753485,0,0,2.8659917939859967e-9,0,83.58352433108945,2.3533953035614283,0,31734489933.368225,31734489933.368225,29155179551.07397,31734489933.36832,0,0,31734489933.368332,0,0,0,2579310382.293364,0,1,21,101,110342,1130621,0,0,0,0,0,2234,10425,742.7,8860.800000000003,2222.2504719059016,9274.506286684365,15,47,18,57,0,0,0,0.6154617544169371,0,0.9989697055238409,13,0,0,0.004381377355895938,2850.9060693159454,0,1105.9213039512765,159.15667703436134,0,165.1460595732181,0,0,0
9600,0,0,0,0,0,0,0,0,0,0,0,0,0,0,0,0,38.55668361081547,0,1.2928264975634844,9.846334282071181,166.63896635678213,4889.581766222726,797.1969849966786,16.923959880197113,496.58904787804954,0,0,2.8659917939859967e-9,0,83.58352433108945,2.7454341044090933,0,31734489933.368225,31734489933.368225,29155179551.07397,31734489933.36832,0,0,31734489933.368332,0,0,0,2579310382.293364,0,1,21,101,110342,1130621,0,0,0,0,0,2234,10425,742.7,8860.800000000003,2267.2522407049446,9319.509984674754,15,47,18,57,0,0,0,0.6154617543633035,0,0.9989697055238409,13,0,0,0.004381377302445575,2850.9060693159454,0,1105.4541963139213,159.15667703436134,0,165.1460595732181,0,0,0
9630,0,0,0,0,0,0,0,0,0,0,0,0,0,0,0,0,47.42427085606233,0,1.2928264975634844,9.846334282071181,166.63896635678213,4892.517023379377,798.5623279286962,16.923959880197113,496.8871544700627,0,0,2.8659917939859967e-9,0,83.58352433108945,3.0387470335628315,0,31734489933.368225,31734489933.368225,29155179551.07397,31734489933.36832,0,0,31734489933.368332,0,0,0,2579310382.293364,0,1,21,101,110203,1130436,0,0,0,0,0,2225,10413,741.8000000000002,8859.600000000002,2222.2540090989314,9274.513682161622,15,47,18,57,0,0,0,0.6154617543096701,0,0.9989697055238409,13,0,0,0.00438137724899522,2850.9060693159454,0,1106.0077510338642,159.15667703436134,0,165.1460595732181,0,0,0
9660,0,0,0,0,0,0,0,0,0,0,0,0,0,0,0,0,52.2881288938794,0,1.2928264975634844,9.846334282071181,166.63896635678213,4893.5785929250505,798.8522575550643,16.923959880197113,496.9949681513031,0,0,2.8659917939859967e-9,0,83.58352433108945,3.1996287264748204,0,31734489767.0549,31734489767.0549,29155179551.07397,31734489767.054996,0,0,31734489767.055008,0,0,0,2579310215.9800377,0,1,21,101,110203,1130414,0,0,0,0,0,2225,10409,741.8000000000002,8859.200000000003,2267.2557778979744,9229.502588693977,15,47,18,57,0,0,0,0.6154617542560366,0,0.9989697055238409,13,0,0,0.004381377195544885,2850.9060693159454,0,1105.9542012551665,159.15667703436134,0,165.1460595732181,0,0,0
9690,0,0,0,0,0,0,0,0,0,0,0,0,0,0,0,0,54.64639742201589,0,1.2928264975634844,9.846334282071181,166.63896635678213,4893.962521773584,799.0161200979771,16.923959880197113,497.0339602104324,0,0,2.8659917939859967e-9,0,83.58352433108945,3.27763310698876,0,31734489767.0549,31734489767.0549,29155179551.07397,31734489767.054996,0,0,31734489767.055008,0,0,0,2579310215.9800377,0,1,21,101,110194,1130414,0,0,0,0,0,2223,10409,741.6000000000003,8859.200000000003,2252.2528301696066,9274.506286684365,15,47,18,57,0,0,0,0.6154617542024031,0,0.9989697055238409,13,0,0,0.004381377142094574,2850.9060693159454,0,1105.7874952439965,159.15667703436134,0,165.1460595732181,0,0,0
9720,0,0,0,0,0,0,0,0,0,0,0,0,0,0,0,0,55.71599933985077,0,1.2928264975634844,9.846334282071181,166.63896635678213,4894.1013740620065,799.6555843634035,16.923959880197113,497.0480621375501,0,0,2.8659917939859967e-9,0,83.58352433108945,3.313012298968716,0,31734489767.0549,31734489767.0549,29155179551.07397,31734489767.054996,0,0,31734489767.055008,0,0,0,2579310215.9800377,0,1,21,101,110194,1130414,0,0,0,0,0,2223,10409,741.6000000000003,8859.200000000003,2297.2545989686496,9319.509984674754,15,47,18,57,0,0,0,0.6154617541487696,0,0.9989697055238409,13,0,0,0.004381377088644267,2850.9060693159454,0,1105.7874945382512,159.15667703436134,0,165.1460595732181,0,0,0
9750,0,0,0,0,0,0,0,0,0,0,0,0,0,0,0,0,56.18120775278372,0,1.2928264975634844,9.846334282071181,166.63896635678213,4893.254068255731,799.4447320504688,16.923959880197113,496.962009218565,0,0,2.8659917939859967e-9,0,83.58352433108945,3.328399984309784,0,31734469788.854893,31734469788.854893,29155179551.07397,31734469788.854992,0,0,31734469788.855003,0,0,0,2579290237.780033,0,1,21,101,110060,1130234,0,0,0,0,0,2214,10397,740.7000000000003,8858.000000000002,2252.2563673626364,9274.513682161622,15,47,18,57,0,0,0,0.6154617540951363,0,0.9989697055238409,13,0,0,0.004381377035193983,2850.9060693159454,0,1105.547974758597,159.15667703436134,0,165.1460595732181,0,0,0
9780,0,0,0,0,0,0,0,0,0,0,0,0,0,0,0,0,56.37780079510397,0,1.2928264975634844,9.846334282071181,166.63896635678213,4893.845153690522,799.3674062193152,16.923959880197113,497.02204023293626,0,0,2.8659917939859967e-9,0,83.58352433108945,3.3349026867359832,0,31734458814.536304,31734458814.536304,29155179551.07397,31734458814.536404,0,0,31734458814.536415,0,0,0,2579279263.461442,0,1,21,101,110060,1130225,0,0,0,0,0,2214,10394,740.7000000000003,8857.700000000003,2297.25813616168,9229.502588693977,15,47,18,57,0,0,0,0.6154617540415027,0,0.9989697055238409,13,0,0,0.004381376981743706,2850.9060693159454,0,1104.9445083508008,159.15667703436134,0,165.1460595732181,0,0,0
9810,0,0,0,0,0,0,0,0,0,0,0,0,0,0,0,0,50.8543542906536,0,1.2928264975634844,9.846334282071181,166.63896635678213,4881.772521002535,799.11439108644,16.923959880197113,495.7959359445647,0,0,2.8659917939859967e-9,0,83.58352433108945,3.1522038050178804,0,31734452729.082314,31734452729.082314,29155179551.07397,31734452729.08241,0,0,31734452729.08242,0,0,0,2579273178.0074477,0,1,21,101,109503,1130225,0,0,0,0,0,2212,10394,725.9099248981869,8857.700000000003,2290.3612673571033,9274.506286684365,15,47,18,57,0,0,0,0.6154849415391037,0,0.9989697055238409,13,0,0,0.00438137692829346,2850.9060693159454,0,1100.9124027126625,159.15667703436134,0,165.1460595732181,0,0,0
9840,0,0,0,0,0,0,0,0,0,0,0,0,0,0,0,0,37.911808190489005,0,1.2928264975634844,9.846334282071181,166.63896635678213,4874.293528748651,797.3083784353374,16.923959880197113,495.03636471331953,0,0,2.8659917939859967e-9,0,83.58352433108945,2.7241035786139745,0,31734452729.082314,31734452729.082314,29155179551.07397,31734452729.08241,0,0,31734452729.08242,0,0,0,2579273178.0074477,0,1,21,101,103726,1130225,0,0,0,0,0,2212,10394,593.9694284364459,8857.700000000003,2357.864044836326,9319.509984674754,15,47,18,57,0,0,0,0.615803716894277,0,0.9989697055238409,13,0,0,0.004385604164925055,2850.9060693159454,0,1063.6366611791225,159.15667703436134,0,165.1460595732181,0,0,0
9870,0,0,0,0,0,0,0,0,0,0,0,0,0,0,0,0,28.525615639257065,0,1.2928264975634844,9.846334282071181,166.63896635678213,4870.333580754123,796.3736964985492,16.923959880197113,494.63418986518974,0,0,2.8659917939859967e-9,0,83.58352433108945,2.4136367566181116,0,31734452729.082314,31734452729.082314,29155179551.07397,31734452729.08241,0,0,31734452729.08242,0,0,0,2579273178.0074477,0,1,21,101,109910,1130049,0,0,0,0,0,2203,10382,739.6000000000001,8856.500000000004,2303.1928803595265,9274.513682161622,15,47,18,57,0,0,0,0.6154617538806025,0,0.9989697055238409,13,0,0,0.004386532837249595,2850.9060693159454,0,1121.6347892049525,159.15667703436134,0,165.1460595732181,0,0,0
9900,0,0,0,0,0,0,0,0,0,0,0,0,0,0,0,0,23.06664885164468,0,1.2928264975634844,9.846334282071181,166.63896635678213,4870.696800764622,795.3681205819046,16.923959880197113,494.6710787214984,0,0,2.8659917939859967e-9,0,83.58352433108945,2.233070668645781,0,31734452729.082314,31734452729.082314,29155179551.07397,31734452729.08241,0,0,31734452729.08242,0,0,0,2579273178.0074477,0,1,21,101,109910,1130038,0,0,0,0,0,2203,10380,739.6000000000001,8856.300000000003,2327.2604944253853,9259.507519179988,15,47,18,57,0,0,0,0.6154617538269691,0,0.9989697055238409,13,0,0,0.0043867321243517155,2850.9060693159454,0,1108.7040757346526,159.15667703436134,0,165.1460595732181,0,0,0
9930,0,0,0,0,0,0,0,0,0,0,0,0,0,0,0,0,26.70436506465117,0,1.2928264975634844,9.846334282071181,166.63896635678213,4881.465732175981,795.8755148999039,16.923959880197113,495.7647782753485,0,0,2.8659917939859967e-9,0,83.58352433108945,2.3533953035614283,0,31734452729.082314,31734452729.082314,29155179551.07397,31734452729.08241,0,0,31734452729.08242,0,0,0,2579273178.007448,0,1,21,101,109900,1130038,0,0,0,0,0,2201,10380,739.4000000000002,8856.300000000003,2312.2575466970184,9304.511217170377,15,47,18,57,0,0,0,0.6154617537733358,0,0.9989697055238409,13,0,0,0.004386774857111285,2850.9060693159454,0,1105.582415570431,159.15667703436134,0,165.1460595732181,0,0,0
9960,0,0,0,0,0,0,0,0,0,0,0,0,0,0,0,0,38.55668361081547,0,1.2928264975634844,9.846334282071181,166.63896635678213,4889.581766222726,797.374388947267,16.923959880197113,496.58904787804954,0,0,2.8659917939859967e-9,0,83.58352433108945,2.7454341044090933,0,31734452729.082314,31734452729.082314,29155179551.07397,31734452729.08241,0,0,31734452729.08242,0,0,0,2579273178.007448,0,1,21,101,109900,1130038,0,0,0,0,0,2201,10380,739.4000000000002,8856.300000000003,2357.2593154960614,9349.514915160766,15,47,18,57,0,0,0,0.6154617537197026,0,0.9989697055238409,13,0,0,0.004386783987240282,2850.9060693159454,0,1104.990546525942,159.15667703436134,0,165.1460595732181,0,0,0
9990,0,0,0,0,0,0,0,0,0,0,0,0,0,0,0,0,47.42427085606233,0,1.2928264975634844,9.846334282071181,166.63896635678213,4892.517023379377,798.240178169078,16.923959880197113,496.8871544700627,0,0,2.8659917939859967e-9,0,83.58352433108945,3.0387470335628315,0,31734452729.082314,31734452729.082314,29155179551.07397,31734452729.08241,0,0,31734452729.08242,0,0,0,2579273178.0074477,0,1,21,101,109762,1129854,0,0,0,0,0,2192,10368,738.5000000000002,8855.100000000002,2312.261083890048,9304.518612647633,15,47,18,57,0,0,0,0.6154617536660693,0,0.9989697055238409,13,0,0,0.00438678590494221,2850.9060693159454,0,1105.7106097646767,159.15667703436134,0,165.1460595732181,0,0,0
10020,0,0,0,0,0,0,0,0,0,0,0,0,0,0,0,0,52.2881288938794,0,1.2928264975634844,9.846334282071181,166.63896635678213,4893.5785929250505,799.1253518861515,16.923959880197113,496.9949681513031,0,0,2.8659917939859967e-9,0,83.58352433108945,3.1996287264748204,0,31734452606.566833,31734452606.566833,29155179551.07397,31734452606.56693,0,0,31734452606.56694,0,0,0,2579273055.491968,0,1,21,101,109762,1129846,0,0,0,0,0,2192,10366,738.5000000000002,8854.900000000003,2357.2628526890917,9289.512449666,15,47,18,57,0,0,0,0.6154617536124359,0,0.9989697055238409,13,0,0,0.004386786274577713,2850.9060693159454,0,1105.6244517272926,159.15667703436134,0,165.1460595732181,0,0,0
10050,0,0,0,0,0,0,0,0,0,0,0,0,0,0,0,0,54.64639742201589,0,1.2928264975634844,9.846334282071181,166.63896635678213,4893.962521773584,799.2028088420481,16.923959880197113,497.0339602104324,0,0,2.8659917939859967e-9,0,83.58352433108945,3.27763310698876,0,31734452606.566833,31734452606.566833,29155179551.07397,31734452606.56693,0,0,31734452606.56694,0,0,0,2579273055.491968,0,1,21,101,109754,1129846,0,0,0,0,0,2190,10366,738.3000000000002,8854.900000000003,2342.2599049607243,9334.516147656388,15,47,18,57,0,0,0,0.6154617535588026,0,0.9989697055238409,13,0,0,0.004386786311938161,2850.9060693159454,0,1105.4577614915888,159.15667703436134,0,165.1460595732181,0,0,0
10080,0,0,0,0,0,0,0,0,0,0,0,0,0,0,0,0,55.71599933985077,0,1.2928264975634844,9.846334282071181,166.63896635678213,4894.1013740620065,799.6276767039365,16.923959880197113,497.0480621375501,0,0,2.8659917939859967e-9,0,83.58352433108945,3.313012298968716,0,31734452606.566833,31734452606.566833,29155179551.07397,31734452606.56693,0,0,31734452606.56694,0,0,0,2579273055.491968,0,1,21,101,109754,1129887,0,0,0,0,0,2190,10366,738.3000000000002,8854.900000000003,2387.2616737597673,9379.519845646777,15,47,18,57,0,0,0,0.6154617535051693,0,0.9989697055238409,13,0,0,0.004386786277979527,2850.9060693159454,0,1106.2077610671301,159.15667703436134,0,165.1460595732181,0,0,0
10110,0,0,0,0,0,0,0,0,0,0,0,0,0,0,0,0,56.18120775278372,0,1.2928264975634844,9.846334282071181,166.63896635678213,4893.254068255731,799.4145414706621,16.923959880197113,496.962009218565,0,0,2.8659917939859967e-9,0,83.58352433108945,3.328399984309784,0,31734427073.392193,31734427073.392193,29155179551.07397,31734427073.392277,0,0,31734427073.39229,0,0,0,2579247522.3173237,0,1,21,101,109612,1129731,0,0,0,0,0,2181,10355,737.4000000000001,8853.800000000005,2342.2634421537546,9334.523543133644,15,47,18,57,0,0,0,0.6154617534515361,0,0.9989697055238409,13,0,0,0.004386786228713054,2850.9060693159454,0,1105.7342493777937,159.15667703436134,0,165.1460595732181,0,0,0
10140,0,0,0,0,0,0,0,0,0,0,0,0,0,0,0,0,56.37780079510397,0,1.2928264975634844,9.846334282071181,166.63896635678213,4893.845153690522,799.3136200419387,16.923959880197113,497.02204023293626,0,0,2.8659917939859967e-9,0,83.58352433108945,3.3349026867359832,0,31734413722.707367,31734413722.707367,29155179551.07397,31734413722.707455,0,0,31734413722.707474,0,0,0,2579234171.6325026,0,1,21,101,109612,1129723,0,0,0,0,0,2181,10353,737.4000000000001,8853.600000000004,2387.265210952798,9319.51738015201,15,47,18,57,0,0,0,0.6154617533979028,0,0.9989697055238409,13,0,0,0.004386786176160952,2850.9060693159454,0,1104.9815934377648,159.15667703436134,0,165.1460595732181,0,0,0
10170,0,0,0,0,0,0,0,0,0,0,0,0,0,0,0,0,50.8543542906536,0,1.2928264975634844,9.846334282071181,166.63896635678213,4881.772521002535,799.0302169325139,16.923959880197113,495.7959359445647,0,0,2.8659917939859967e-9,0,83.58352433108945,3.1522038050178804,0,31734407006.75728,31734407006.75728,29155179551.07397,31734407006.757366,0,0,31734407006.757385,0,0,0,2579227455.6824126,0,1,21,101,109052,1129723,0,0,0,0,0,2179,10353,722.6099325345845,8853.600000000004,2380.3683419653153,9364.5210781424,15,47,18,57,0,0,0,0.6154849408817344,0,0.9989697055238409,13,0,0,0.0043867861229036145,2850.9060693159454,0,1100.9187833110445,159.15667703436134,0,165.1460595732181,0,0,0
10200,0,0,0,0,0,0,0,0,0,0,0,0,0,0,0,0,37.911808190489005,0,1.2928264975634844,9.846334282071181,166.63896635678213,4874.293528748651,797.2645840850489,16.923959880197113,495.03636471331953,0,0,2.8659917939859967e-9,0,83.58352433108945,2.7241035786139745,0,31734407006.75728,31734407006.75728,29155179551.07397,31734407006.757366,0,0,31734407006.757385,0,0,0,2579227455.6824126,0,1,21,101,103275,1129723,0,0,0,0,0,2179,10353,590.6694465787426,8853.600000000004,2447.8711194408484,9409.524776132788,15,47,18,57,0,0,0,0.6158037161923812,0,0.9989697055238409,13,0,0,0.004386786069494944,2850.9060693159454,0,1063.6430449081197,159.15667703436134,0,165.1460595732181,0,0,0
10230,0,0,0,0,0,0,0,0,0,0,0,0,0,0,0,0,28.525615639257065,0,1.2928264975634844,9.846334282071181,166.63896635678213,4870.333580754123,796.0215328151064,16.923959880197113,494.63418986518974,0,0,2.8659917939859967e-9,0,83.58352433108945,2.4136367566181116,0,31734407006.75728,31734407006.75728,29155179551.07397,31734407006.757366,0,0,31734407006.757378,0,0,0,2579227455.682412,0,1,21,101,109461,1129553,0,0,0,0,0,2170,10342,736.3000000000002,8852.500000000004,2393.1999557865797,9364.528473619655,15,47,18,57,0,0,0,0.6154617532370031,0,0.9989697055238409,13,0,0,0.004386786016053787,2850.9060693159454,0,1120.3397001583555,159.15667703436134,0,165.1460595732181,0,0,0
10260,0,0,0,0,0,0,0,0,0,0,0,0,0,0,0,0,23.06664885164468,0,1.2928264975634844,9.846334282071181,166.63896635678213,4870.696800764622,795.6608243627663,16.923959880197113,494.6710787214984,0,0,2.8659917939859967e-9,0,83.58352433108945,2.233070668645781,0,31734407006.75728,31734407006.75728,29155179551.07397,31734407006.757366,0,0,31734407006.757385,0,0,0,2579227455.6824126,0,1,21,101,109461,1129545,0,0,0,0,0,2170,10340,736.3000000000002,8852.300000000003,2417.267569216504,9349.522310638022,15,47,18,57,0,0,0,0.61546175318337,0,0.9989697055238409,13,0,0,0.004386785962605685,2850.9060693159454,0,1108.3620772360437,159.15667703436134,0,165.1460595732181,0,0,0
10290,0,0,0,0,0,0,0,0,0,0,0,0,0,0,0,0,26.70436506465117,0,1.2928264975634844,9.846334282071181,166.63896635678213,4881.465732175981,795.9958389791202,16.923959880197113,495.7647782753485,0,0,2.8659917939859967e-9,0,83.58352433108945,2.3533953035614283,0,31734407006.75728,31734407006.75728,29155179551.07397,31734407006.757366,0,0,31734407006.757378,0,0,0,2579227455.6824126,0,1,21,101,109452,1129545,0,0,0,0,0,2168,10340,736.1000000000003,8852.300000000003,2400.250314688321,9394.52600862841,15,47,18,57,0,0,0,0.6154617531297368,0,0.9989697055238409,13,0,0,0.004386785909156086,2850.9060693159454,0,1105.459765262011,159.15667703436134,0,165.1460595732181,0,0,0
10320,0,0,0,0,0,0,0,0,0,0,0,0,0,0,0,0,38.55668361081547,0,1.2928264975634844,9.846334282071181,166.63896635678213,4889.581766222726,797.4167725422698,16.923959880197113,496.58904787804954,0,0,2.8659917939859967e-9,0,83.58352433108945,2.7454341044090933,0,31734407006.75728,31734407006.75728,29155179551.07397,31734407006.757366,0,0,31734407006.757385,0,0,0,2579227455.6824126,0,1,21,101,109452,1129545,0,0,0,0,0,2168,10340,736.1000000000003,8852.300000000003,2437.751493921438,9439.5297066188,15,47,18,57,0,0,0,0.6154617530761038,0,0.9989697055238409,13,0,0,0.0043867858557061915,2850.9060693159454,0,1104.912143783922,159.15667703436134,0,165.1460595732181,0,0,0
10350,0,0,0,0,0,0,0,0,0,0,0,0,0,0,0,0,47.42427085606233,0,1.2928264975634844,9.846334282071181,166.63896635678213,4892.517023379377,798.3967172563644,16.923959880197113,496.8871544700627,0,0,2.8659917939859967e-9,0,83.58352433108945,3.0387470335628315,0,31734407006.75728,31734407006.75728,29155179551.07397,31734407006.757366,0,0,31734407006.757378,0,0,0,2579227455.6824126,0,1,21,101,109319,1129391,0,0,0,0,0,2159,10330,735.2000000000003,8851.300000000001,2385.2526727494983,9394.533404105667,15,47,18,57,0,0,0,0.6154617530224706,0,0.9989697055238409,13,0,0,0.004391969306138479,2850.9060693159454,0,1105.5795452678735,159.15667703436134,0,165.1460595732181,0,0,0
10380,0,0,0,0,0,0,0,0,0,0,0,0,0,0,0,0,52.2881288938794,0,1.2928264975634844,9.846334282071181,166.63896635678213,4893.5785929250505,799.2057300872389,16.923959880197113,496.9949681513031,0,0,2.8659917939859967e-9,0,83.58352433108945,3.1996287264748204,0,31734406915.702778,31734406915.702778,29155179551.07397,31734406915.70287,0,0,31734406915.70288,0,0,0,2579227364.627912,0,1,21,101,109319,1129386,0,0,0,0,0,2159,10328,735.2000000000003,8851.100000000002,2422.753851982615,9379.527241124033,15,47,18,57,0,0,0,0.6154617529688374,0,0.9989697055238409,13,0,0,0.004394188024205151,2850.9060693159454,0,1105.4942431342924,159.15667703436134,0,165.1460595732181,0,0,0
10410,0,0,0,0,0,0,0,0,0,0,0,0,0,0,0,0,54.64639742201589,0,1.2928264975634844,9.846334282071181,166.63896635678213,4893.962521773584,799.2187824709804,16.923959880197113,497.0339602104324,0,0,2.8659917939859967e-9,0,83.58352433108945,3.27763310698876,0,31734406915.702778,31734406915.702778,29155179551.07397,31734406915.70287,0,0,31734406915.70288,0,0,0,2579227364.6279116,0,1,21,101,109310,1129386,0,0,0,0,0,2157,10328,735.0000000000002,8851.100000000002,2400.250314688321,9424.530939114422,15,47,18,57,0,0,0,0.6154617529152043,0,0.9989697055238409,13,0,0,0.0043946642051310185,2850.9060693159454,0,1105.3275514292277,159.15667703436134,0,165.1460595732181,0,0,0
10440,0,0,0,0,0,0,0,0,0,0,0,0,0,0,0,0,55.71599933985077,0,1.2928264975634844,9.846334282071181,166.63896635678213,4894.1013740620065,799.1452716192571,16.923959880197113,497.0480621375501,0,0,2.8659917939859967e-9,0,83.58352433108945,3.313012298968716,0,31734406915.70278,31734406915.70278,29155179551.07397,31734406915.70287,0,0,31734406915.70288,0,0,0,2579227364.6279116,0,1,21,101,109310,1129386,0,0,0,0,0,2157,10328,735.0000000000002,8851.100000000002,2437.751493921438,9469.53463710481,15,47,18,57,0,0,0,0.6154617528615713,0,0.9989697055238409,13,0,0,0.00439476637003886,2850.9060693159454,0,1105.3275509785778,159.15667703436134,0,165.1460595732181,0,0,0
10470,0,0,0,0,0,0,0,0,0,0,0,0,0,0,0,0,56.18120775278372,0,1.2928264975634844,9.846334282071181,166.63896635678213,4893.254068255731,799.5890893010883,16.923959880197113,496.962009218565,0,0,2.8659917939859967e-9,0,83.58352433108945,3.328399984309784,0,31734383894.10589,31734383894.10589,29155179551.07397,31734383894.105976,0,0,31734383894.10598,0,0,0,2579204343.0310163,0,1,21,101,109168,1129244,0,0,0,0,0,2148,10318,734.1000000000001,8850.100000000004,2385.2526727494983,9424.538334591678,15,47,18,57,0,0,0,0.6154617528079382,0,0.9989697055238409,13,0,0,0.004394788256610927,2850.9060693159454,0,1104.9239479498272,159.15667703436134,0,165.1460595732181,0,0,0
10500,0,0,0,0,0,0,0,0,0,0,0,0,0,0,0,0,56.37780079510397,0,1.2928264975634844,9.846334282071181,166.63896635678213,4893.845153690522,799.4173635291354,16.923959880197113,497.02204023293626,0,0,2.8659917939859967e-9,0,83.58352433108945,3.3349026867359832,0,31734370835.201405,31734370835.201405,29155179551.07397,31734370835.20149,0,0,31734370835.2015,0,0,0,2579191284.126531,0,1,21,101,109168,1129236,0,0,0,0,0,2148,10316,734.1000000000001,8849.900000000003,2422.753851982615,9404.251725858925,15,47,18,57,0,0,0,0.6154617527543051,0,0.9989697055238409,13,0,0,0.004394792912340232,2850.9060693159454,0,1104.1875344500095,159.15667703436134,0,165.1460595732181,0,0,0
10530,0,0,0,0,0,0,0,0,0,0,0,0,0,0,0,0,50.8543542906536,0,1.2928264975634844,9.846334282071181,166.63896635678213,4881.772521002535,799.050102506011,16.923959880197113,495.7959359445647,0,0,2.8659917939859967e-9,0,83.58352433108945,3.1522038050178804,0,31734364262.18065,31734364262.18065,29155179551.07397,31734364262.180737,0,0,31734364262.180748,0,0,0,2579184711.1057754,0,1,21,101,108607,1129236,0,0,0,0,0,2146,10316,719.30988733819,8849.900000000003,2408.3563945117457,9441.75419122781,15,47,18,57,0,0,0,0.6154849403196324,0,0.9989697055238409,13,0,0,0.004394793869662768,2850.9060693159454,0,1100.129506566588,159.15667703436134,0,165.1460595732181,0,0,0
10560,0,0,0,0,0,0,0,0,0,0,0,0,0,0,0,0,37.911808190489005,0,1.2928264975634844,9.846334282071181,166.63896635678213,4874.293528748651,797.2964547035805,16.923959880197113,495.03636471331953,0,0,2.8659917939859967e-9,0,83.58352433108945,2.7241035786139745,0,31734364262.18065,31734364262.18065,29155179551.07397,31734364262.180737,0,0,31734364262.180748,0,0,0,2579184711.1057754,0,1,21,101,102830,1129236,0,0,0,0,0,2146,10316,587.369339202671,8849.900000000003,2468.3585824431893,9479.256656596695,15,47,18,57,0,0,0,0.6158037158938137,0,0.9989697055238409,13,0,0,0.004394794033163843,2850.9060693159454,0,1062.8537501107153,159.15667703436134,0,165.1460595732181,0,0,0
10590,0,0,0,0,0,0,0,0,0,0,0,0,0,0,0,0,28.525615639257065,0,1.2928264975634844,9.846334282071181,166.63896635678213,4870.333580754123,796.0662250189552,16.923959880197113,494.63418986518974,0,0,2.8659917939859967e-9,0,83.58352433108945,2.4136367566181116,0,31734364262.18065,31734364262.18065,29155179551.07397,31734364262.180737,0,0,31734364262.18074,0,0,0,2579184711.1057754,0,1,21,101,109016,1129078,0,0,0,0,0,2137,10306,733.0000000000002,8848.900000000001,2406.186829097929,9426.75912146206,15,47,18,57,0,0,0,0.6154617525934061,0,0.9989697055238409,13,0,0,0.004394794026280087,2850.9060693159454,0,1121.440406422469,159.15667703436134,0,165.1460595732181,0,0,0
10620,0,0,0,0,0,0,0,0,0,0,0,0,0,0,0,0,23.06664885164468,0,1.2928264975634844,9.846334282071181,166.63896635678213,4870.696800764622,795.6607766781337,16.923959880197113,494.6710787214984,0,0,2.8659917939859967e-9,0,83.58352433108945,2.233070668645781,0,31734364262.18065,31734364262.18065,29155179551.07397,31734364262.180737,0,0,31734364262.180748,0,0,0,2579184711.1057754,0,1,21,101,109016,1129067,0,0,0,0,0,2137,10304,733.0000000000002,8848.700000000003,2422.753851982615,9404.251725858925,15,47,18,57,0,0,0,0.6154617525397731,0,0.9989697055238409,13,0,0,0.004394793982825146,2850.9060693159454,0,1108.0168756309204,159.15667703436134,0,165.1460595732181,0,0,0
10650,0,0,0,0,0,0,0,0,0,0,0,0,0,0,0,0,26.70436506465117,0,1.2928264975634844,9.846334282071181,166.63896635678213,4881.465732175981,795.836047284557,16.923959880197113,495.7647782753485,0,0,2.8659917939859967e-9,0,83.58352433108945,2.3533953035614283,0,31734364262.18065,31734364262.18065,29155179551.07397,31734364262.180737,0,0,31734364262.18074,0,0,0,2579184711.105776,0,1,21,101,109009,1129067,0,0,0,0,0,2135,10304,732.8000000000002,8848.700000000003,2400.250314688321,9441.75419122781,15,47,18,57,0,0,0,0.6154617524861402,0,0.9989697055238409,13,0,0,0.004394793931520632,2850.9060693159454,0,1104.7821899468872,159.15667703436134,0,165.1460595732181,0,0,0
10680,0,0,0,0,0,0,0,0,0,0,0,0,0,0,0,0,38.55668361081547,0,1.2928264975634844,9.846334282071181,166.63896635678213,4889.581766222726,797.3246385245934,16.923959880197113,496.58904787804954,0,0,2.8659917939859967e-9,0,83.58352433108945,2.7454341044090933,0,31734364262.18065,31734364262.18065,29155179551.07397,31734364262.180737,0,0,31734364262.180748,0,0,0,2579184711.105776,0,1,21,101,109009,1129067,0,0,0,0,0,2135,10304,732.8000000000002,8848.700000000003,2437.751493921438,9479.256656596695,15,47,18,57,0,0,0,0.6154617524325072,0,0.9989697055238409,13,0,0,0.004394793878531305,2850.9060693159454,0,1104.16837774402,159.15667703436134,0,165.1460595732181,0,0,0
10710,0,0,0,0,0,0,0,0,0,0,0,0,0,0,0,0,47.42427085606233,0,1.2928264975634844,9.846334282071181,166.63896635678213,4892.517023379377,798.5061246647442,16.923959880197113,496.8871544700627,0,0,2.8659917939859967e-9,0,83.58352433108945,3.0387470335628315,0,31734364262.18065,31734364262.18065,29155179551.07397,31734364262.180737,0,0,31734364262.18074,0,0,0,2579184711.1057754,0,1,21,101,108884,1128918,0,0,0,0,0,2127,10294,732.0000000000001,8847.700000000004,2385.2526727494983,9426.75912146206,15,47,18,57,0,0,0,0.6154617523788742,0,0.9989697055238409,13,0,0,0.004394793825180357,2850.9060693159454,0,1104.8392786021195,159.15667703436134,0,165.1460595732181,0,0,0
10740,0,0,0,0,0,0,0,0,0,0,0,0,0,0,0,0,52.2881288938794,0,1.2928264975634844,9.846334282071181,166.63896635678213,4893.5785929250505,798.8470648338823,16.923959880197113,496.9949681513031,0,0,2.8659917939859967e-9,0,83.58352433108945,3.1996287264748204,0,31734364161.283367,31734364161.283367,29155179551.07397,31734364161.28345,0,0,31734364161.283463,0,0,0,2579184610.208494,0,1,21,101,108884,1128910,0,0,0,0,0,2127,10292,732.0000000000001,8847.500000000004,2422.753851982615,9404.251725858925,15,47,18,57,0,0,0,0.6154617523252415,0,0.9989697055238409,13,0,0,0.00439479377175181,2850.9060693159454,0,1104.753782523447,159.15667703436134,0,165.1460595732181,0,0,0
10770,0,0,0,0,0,0,0,0,0,0,0,0,0,0,0,0,54.64639742201589,0,1.2928264975634844,9.846334282071181,166.63896635678213,4893.962521773584,799.3963243876934,16.923959880197113,497.0339602104324,0,0,2.8659917939859967e-9,0,83.58352433108945,3.27763310698876,0,31734364161.283367,31734364161.283367,29155179551.07397,31734364161.28345,0,0,31734364161.283463,0,0,0,2579184610.208494,0,1,21,101,108874,1128910,0,0,0,0,0,2125,10292,731.8000000000001,8847.500000000004,2400.250314688321,9441.75419122781,15,47,18,57,0,0,0,0.6154617522716085,0,0.9989697055238409,13,0,0,0.004401542410385355,2850.9060693159454,0,1104.5870894075974,159.15667703436134,0,165.1460595732181,0,0,0
10800,0,0,0,0,0,0,0,0,0,0,0,0,0,0,0,0,55.71599933985077,0,1.2928264975634844,9.846334282071181,166.63896635678213,4894.1013740620065,799.3437653211801,16.923959880197113,497.0480621375501,0,0,2.8659917939859967e-9,0,83.58352433108945,3.313012298968716,0,31734364161.28337,31734364161.28337,29155179551.07397,31734364161.28345,0,0,31734364161.283463,0,0,0,2579184610.208494,0,1,21,101,108874,1128910,0,0,0,0,0,2125,10292,731.8000000000001,8847.500000000004,2437.751493921438,9479.256656596695,15,47,18,57,0,0,0,0.6154617522179756,0,0.9989697055238409,13,0,0,0.004404064654869984,2850.9060693159454,0,1104.5870889317005,159.15667703436134,0,165.1460595732181,0,0,0