tick,totalPopulation,employable,employed,unableToWork,inEducation,dependencyRatio,avgGroceryStarvation,avgHealthcareStarvation,maxGroceryStarvation,starvationMildFraction,starvationSevereFraction,starvationFatalFraction,deathsLastMonth,deathsThisMonth,birthsThisMonth,meanWealth,foodPrice,wealthToFoodPrice,waterPrice,priceLevelRaw,priceLevelRefined,priceLevelManufactured,priceLevelServices,refinedToRawPriceRatio,manufacturedToRawPriceRatio,groceryFillRate,groceryTotalDemand,groceryTotalSupply,groceryTotalVolume,gdpAnnual,costOfLiving,bankEquity,bankDeposits,bankLoans,householdDeposits,totalLoans,loansWageCoverage,loansBufferCoverage,loansRollover,loansStarter,loansOther,agentsInDistress,totalAgentDeposits,workerUtilization,avgWage,existentialAgentCount,nonExistentialAgentCount,existentialSlotCapacity,nonExistentialSlotCapacity,existentialUsedWorkers,nonExistentialUsedWorkers,existentialFillRatio,nonExistentialFillRatio,foodChainFillRatio,existentialMaxScale,nonExistentialMaxScale,existentialOperatingScale,nonExistentialOperatingScale,existentialContractionIntegral,nonExistentialContractionIntegral,existentialNegativeProfitFacilities,nonExistentialNegativeProfitFacilities,existentialAtLowerBoundFacilities,nonExistentialAtLowerBoundFacilities,productionEfficiency,avgFacilityCondition,avgWorkerEfficiency,avgResourceEfficiency,avgConditionEfficiency,avgMaxMaintenance,facilitiesBelowFullMaintenance,avgHrBuffer,hrCoverageRatio,avgStorageStarvation,maintenanceServicePrice,maintenanceServiceVolume,maintenanceServiceDemand,adminServicePrice,adminServiceVolume,logisticsServicePrice,logisticsServiceVolume,maintFacilityScale,maintFacilityMaxScale,maintFacilityCondition,maintFacilityOutput,maintFacilityCostFloor,maintAggregateConsumption,maintSteadyStateDemand,maintCatchupBacklog,maintAggregateBuffer,maintFillRate,maintRepairSurgeRatio,priceCeilHits,priceFloorHits
30,9800301,1105463,3523192,1238913,3932733,1.1173107522595658,0,0.6383169733020863,0,0,0,0,0,18454,16913,9.094315110517412,5.644203850480125,1.6112662390363175,2.7952749433255284,2.48549740927892,9.126006552724155,44.88845155925722,5.125552343004861,3.671702299368618,18.06014819877846,1,373.32724965505435,3007896.8764973935,373.32724965505435,1597177468.9198134,0.24649133379953214,0,9202702740.946402,9202702740.946402,89127025.47191876,9202702740.946402,414825840,8767184242.946402,0,0,20692658,0,9113575715.474483,1.0000007079427997,1,21,101,638131,2186956,638131,2186958,1,1.0000009145131405,1,6359,22269,5774.1170639635175,21678.978668800602,38.926201982062516,60.674457421361176,9,9,0,0,0.9999802294848287,0.9111587902760357,1,1,0.9980459925895411,1,0,285995.78700000007,12.148110887833978,0.2021022472284675,5.921262837665235,22218.21764464715,51432.85664452646,0.9538871665252334,67990.38721343041,2.5533687634965667,51652.029682629116,178,178,1,17800,3.9803036419908615,21264.347470518303,15251.612700831474,52650.19245616447,16355.578025514347,0.4319849040897408,1.394235999013995,0,0
60,9800683,1095282,3527849,1230704,3946848,1.119923272777691,0,0.6594415322144508,0,0,0,0,18454,16556,16938,18.953578025883253,4.564562746469382,4.152331576675893,3.587131706810156,3.2477356297704487,13.193266578361824,63.30127774653547,8.607248245624682,4.0622969608195385,19.490896108132308,1,575.3603535210043,2567456.052403054,575.3603535210043,4621871371.513987,0.33700088153775953,0,9754101239.017483,9754101239.017483,185758009.94744805,9754101239.017487,414825840,9318582741.017487,0,0,20692658,0,9568343229.070034,1,1,21,101,508576,1967623,508576,1967623,1,1,1,6359,22269,4800.903496623521,20288.195954111794,122.81382637903567,163.0881508219093,6,6,0,0,0.9999924866928469,0.8473973219854911,1,1,0.9862915096973166,1,0,278647.25140946003,13.50362800773896,0.05534160233263799,13.12515393354138,22363.551402705292,45973.34231972477,1.0354427853091588,48866.49749015528,3.1568702927607677,120881.10416674297,178,178,1,17800,5.42346267284212,21623.76887608298,13938.337253750246,29655.01973629822,16498.265273026267,0.4864460636160938,1.551387979959008,0,0
90,9800979,1091645,3525846,1222548,3960940,1.1225767413515262,0,0.7576064428572384,0,0,0,0,16556,16631,16927,27.394105943064254,4.372864496430433,6.264567759971993,3.2505975469946065,3.6611625438417734,16.106798745266556,76.33760489269403,11.285741192115212,4.399367291779726,20.850646202828944,1,775.8627941579853,1220787.1398438425,775.8627941579853,6953396139.548356,0.3824851215036069,0,9755490083.422338,9755490083.422338,268489057.07174927,9755490083.422342,414825840,9319971585.422342,0,0,20692658,0,9487001026.350588,1,1,21,101,381248,1783958,381248,1783958,1,1,1,6305,22252,3690.5385449975593,18198.46447801558,157.81100355991194,315.80182802405574,6,6,0,0,0.9999990517462474,0.8386836357565931,1,1,0.9803105934746966,1,0,232467.4935602307,12.883808389237645,0.03438206404999977,27.145168981888677,25923.317427743634,39878.88847322773,1.185204431979677,36079.24421100039,3.581107397510858,243396.2791491299,178,178,1,17800,6.2207194420861285,18663.565840648178,12160.553048159118,6843.662964343041,20182.02705050147,0.6500511528837365,1.5347629147075261,0,0
120,9801689,923105,3689067,1214472,3975045,1.1251785492822037,0,0.7835059001477194,0,0,0,0,16631,16205,16915,33.414790679511555,3.7950695494147433,8.804790068910494,1.51676630417263,3.4148402137007654,16.025629740322206,89.93111397315712,13.882357721121814,4.692936927480641,26.33537979678881,1,981.5130866656439,565541.0840253669,981.5130866656439,7945049819.810533,0.42777839257363537,0,9755490083.422338,9755490083.422338,327521386.24066275,9755490083.422342,414825840,9319971585.422342,0,0,20692658,0,9427968697.181667,1.000000995501825,1.003348595815694,21,101,343815,1665222,343816,1665223,1.0000029085409305,1.0000006005205313,1,6272,22234,2942.220386222122,15872.056595367338,159.73023582599444,658.7108686710459,6,6,9,3,0.999999972491592,0.9004644026052084,1,1,0.9930557317975821,1,0,284541.3367397111,16.995668281584045,0.009244619417788636,40.29924970131003,14692.385211296847,32568.14623144966,1.2652486660742719,56380.59070408826,4.052199216998925,671564.2842505825,178,178,1,17800,6.449123982145807,7934.389959483111,10452.376004560028,3872.434858162379,27706.017888458897,0.45112746383793384,0.7590991709465481,0,0
150,9802601,876280,3730707,1206505,3989109,1.1277683223330128,0,0.8119667914690837,0,0,0,0,16205,15990,16902,37.59105042914989,3.2025245891040637,11.737942795832314,1.3138041108209986,2.3004142694171694,12.038372123809623,98.95101485158357,12.134072485339779,5.23313225963411,43.014432733741344,1,1192.0650237469054,524220.5449077096,1192.0650237469054,6759737674.288661,0.48456916203215855,0,9755490083.422338,9755490083.422338,368490068.5278252,9755490083.422342,414825840,9319971585.422342,0,0,20692658,0,9387000014.8945,1,1.0427264674752896,21,101,327433,1214025,327433,1214025,1,1,1,6220,22201,2593.2203862221218,11421.49569556491,219.9154709764331,998.4936190060957,6,6,9,21,1,0.9979100195140698,1,1,0.9999870697654406,1,0,271223.81107889954,21.11433287800767,0.0019842536849570282,26.05515773620707,8276.873583282317,11342.8323982247,1.2718961276227516,28805.131247944897,3.9876931062969883,156955.63084795015,171.41190449139506,178,1,17278.9896461715,5.057486129952091,7878.412004483733,7785.953378770575,0,62859.6684246145,0.7297007742596774,1.0118750551429267,0,0
180,9803712,2400372,2201644,1198527,4003169,1.1303081084463853,0,0.8266231390359429,0,0,0,0,15990,15782,16893,45.58925485011918,3.036921456744682,15.0116674070942,1.2922706114310698,1.5698011009322288,8.584684928862833,115.82205286217776,10.532062580434324,5.468644991881331,73.7813553534882,1,1410.608610840176,520344.6416479083,1410.608610840176,5012347017.964961,0.5686687121861153,0,9755490083.422338,9755490083.422338,446943924.8451591,9755490083.422342,414825840,9319971585.422342,0,0,20692658,0,9308546158.577164,1.000001785613845,1.1345378453368031,21,101,314900,805163,314902,805163,1.0000063512226103,1,1,6220,22147,2367.9999999999995,7501.181513882687,366.98161290998655,1417.8614098429923,6,6,15,39,1,1,1,1,1,1,0,273844.2472193437,29.338752363765717,0.0005201546816690243,9.435001420602635,5349.513705682187,7642.600881645456,1.1891492135244364,17010.029759331694,4.182572148535142,133390.02317454098,118.011904491395,178,1,11979.1904491395,4.422263511460623,5516.110937680085,5482.878618823714,0,53773.637427280075,0.6999598420126361,1.006061107889983,0,0
210,9804558,2713397,1883266,1190712,4017183,1.1329729849675731,0,0.523814489684955,0,0,0,0,15782,16037,16883,27.936096131330277,2.941082074491172,9.498577538392368,1.298097923658628,1.3764343925632114,6.499816154727864,100.20469737259755,10.107099249577562,4.722212834731509,72.80019877009558,1,1629.3791638296054,506107.5344534549,1629.3791638296054,6178553058.3590145,0.6280445995292411,0,9755490083.422338,9755490083.422338,273901074.81319153,9755490083.422342,414825840,9319971585.422342,0,0,20692658,0,9481589008.609135,1,1.1975246780752662,21,101,310307,572063,310307,572063,1,1,1,6106,21997,2356.6,4764.71232489551,59.94436184048543,1286.1860379762431,4,6,15,54,1,0.9990429195182031,1,1,0.9999999719831268,0.9999696132596683,0,273412.90132577356,37.18343570054832,0.0001116453579325714,5.55292683587365,3128.4939772328694,7105.7258413198315,1.2289074150305024,16360.276370382657,3.0310791599779523,110955.71678665762,83.59775636807886,178,1,8432.067216184245,4.041349485118034,4016.5995599489843,3956.2846249419495,9.198644801504145,31065.618012082803,0.4402778895634646,1.0152453477757353,0,0
240,9805437,2945721,1645555,1183024,4031137,1.1356670781717326,0,0.2494379953640033,0,0,0,0,16037,15992,16871,20.64783406332124,2.9013685624237975,7.116584335659887,1.308851267563383,1.3804218292667658,6.918275359974893,104.97845730733728,10.512026711715636,5.011711067804289,76.04809999498367,1,1751.7961847462348,503311.228768501,1751.7961847462348,7140383666.629663,0.6366732922806315,0,9755490083.422338,9755490083.422338,202461036.09431645,9755490083.422342,414825840,9319971585.422342,0,0,20692658,0,9553029047.327986,1,1.2594254015930397,21,101,303113,701163,303113,701163,1,1,1,6106,21935,2356.6,5336.175415121917,199.9440781492712,1462.6824827520024,2,9,15,69,0.9999999957815219,0.9991788779859686,1,1,0.9999999785689827,0.9996419270042063,0,264635.4515874685,31.621042612286082,0.00010222608953322652,5.663721245811773,6484.625747920241,8772.478153039117,1.2753344890278075,10784.51048100471,3.4233147458214264,172618.02980952227,68.91730268844971,178,1,6700.314889771154,4.004019758506758,4593.957010960417,4273.764075765754,45.124768701081706,14332.05248897395,0.739201128209561,1.0749205921333627,0,0
270,9806495,2549145,2036851,1175391,4045108,1.1383566405204018,0,0.11477033762726709,0,0,0,0,15992,15806,16864,25.550048145277398,3.0529725264075456,8.368908637164292,1.3322442257166995,1.4464839437738937,7.60752089595271,127.45405215370232,11.80571265739505,5.259319281557041,88.1130085835403,1,1903.8088984916994,490358.35796462133,1903.8088984916994,7701593502.614865,0.6640141041452368,0,9755490083.422338,9755490083.422338,250556419.3864132,9755490083.422342,414825840,9319971585.422342,0,0,20692658,0,9504933664.035908,1,1.3104754671428351,21,101,310220,1337864,310220,1337864,1,1,1,6057,21902,2351.7,9778.40901106132,241.75159354991976,1449.9199700873273,2,6,15,66,0.9696234222743791,0.9985563215097918,1,0.9696234279696048,0.9999999559537172,0.9999849433773035,0,271058.6096686748,19.736271428058874,0.0018192461757626345,6.161438845411953,10356.395541083877,15183.528556064415,1.567242353298343,32668.66207324312,4.009679818936742,238077.11094784384,105.82775242809525,178,1,10484.982898018236,4.317635751061918,7083.107302493439,6428.165503684238,466.14925397966545,25559.103111094624,0.6820809473136239,1.1018862688637727,0,0
300,9807684,2351325,2229456,1167861,4059042,1.1410506199706993,0,0.048060557765066673,0,0,0,0,15806,15657,16846,6.704788778196389,3.271806280705902,2.0492621515323366,1.416628742471056,1.5564364319986461,8.327355135888507,164.39151253523553,14.716152328584924,5.350269991557066,105.62044755283557,1,2048.895700370844,487507.4558843202,2048.895700370844,10264434413.167728,0.7440841305803766,0,9755490083.422338,9755490083.422338,65758449.623301744,9755490083.422342,414825840,9319971585.422342,0,0,20692658,0,9689731633.79904,1,1.370420714063385,21,101,308251,1472292,308251,1472292,1,1,1,6057,21787,2351.7,11862.923802403935,367.21239025248224,1172.7145931268944,0,6,15,48,0.9916666201815041,0.9994816992832691,1,0.9916666666666667,0.9999999772323656,0.9999723905042338,0,274337.3213200388,18.48901068853976,0.0015960293387596559,7.025725072485638,10137.829311953119,18046.914769847906,2.042408045141705,59549.27668699149,4.541278367651256,273265.69884201436,126.96946115703682,178,1,12650.683936415491,5.0307013508878,7293.9976794375825,7544.235412975555,926.497503443065,32782.36384476809,0.5617486113965039,0.9668306037868886,0,0
330,9808921,1721970,2853585,1160383,4072983,1.1437663846243789,0,0.01740045654744099,0,0,0,0,15657,15601,16838,3.331715803598605,3.985130610316845,0.8360367901050327,1.533192612318813,1.8691290337590376,11.222096079515333,211.78376725893793,18.055653829843955,6.0039172667209515,113.30612463550253,0.4278389215686681,655884.5862817899,669682.3566465891,280612.95406831306,12995204607.189531,0.7881703711430867,0,27551692686.314274,27551692686.314274,32680537.111957207,27551692686.314278,414825840,27116174188.314278,0,0,20692658,0,27519012149.202324,1,1.4203488711396128,21,101,620445,1718321,620445,1718321,1,1,1,6026,21735,4042.4175061113333,15104.346834366988,205.0505764414355,912.0448963257093,0,3,6,45,0.9942200992129477,0.999312933812174,1,0.9942201415407106,0.9999999693676298,1,0,205730.3723664669,10.555842133832982,0.003793839654542692,9.599372111431654,17403.573845261042,24416.042203005843,2.6060109571719625,41970.37643176345,5.03649195987599,195157.45696589968,171,171,1,16958.95586622955,6.8108306482935586,13548.15403122412,10628.02741569681,228.22547547280868,31771.833724741915,0.7127925853240251,1.2747571587192652,0,0
360,9810262,2127967,2997654,1152969,3531672,0.9139655468088648,0,0.006299822205860361,0,0,0,0,15362,15203,16544,11.393621588423724,4.860927812500579,2.343919109253871,2.3900738304618057,2.697580799134488,16.93961271459663,275.9680293364476,25.93554978299393,6.279557120228489,102.30204389984955,0.7351040432868576,369913.936087839,1550568.4081634895,271925.2300863267,19279690124.813026,0.9029235086876145,0,27551692686.314274,27551692686.314274,111774412.91129903,27551692686.314278,414825840,27116174188.314278,0,0,20692658,0,27439918273.402985,0.955898950345727,1.465261052575859,21,101,544458,1780498,539033,1683390,0.9900359623699165,0.9454602027073324,0.9858483785648574,6026,21676,4217.769865855952,15918.976987606757,119.30444742490681,532.7772425044861,3,6,0,33,0.9327198871388257,0.9954122812497811,0.9459412408595628,0.9863098598594505,0.9999960698883689,1,0,276024.93216953235,14.90399976077636,0.002305317280234773,17.795631007123127,18643.987240922757,32803.702976920016,3.185442706414177,67437.33418170587,6.732237659068914,190409.3284929964,171,171,1,15597.97794829935,11.91568839494277,13443.239234071803,10714.330358413958,4026.485106164899,20634.877122449932,0.5683500809052036,1.2546971004599308,0,0
390,9811218,1964741,3155138,1145093,3546246,0.916298803155309,0,0.0033630612941952095,0,0,0,0,15446,16106,17062,24.665347782349517,7.030706832718885,3.5082315859856497,3.467475601435625,3.9575230169105025,27.744887675209014,382.85427663600825,38.88727164673055,7.010669945987695,96.74088438653958,0.18856678895077716,312899.83247503464,240513.10874245135,59002.516673053375,29603052414.62494,1.0365432439670208,0,29482530771.021557,29482530771.021557,241997104.1384405,29482530771.02156,182540381.00791514,28524571223.34853,775419166.6651174,0,0,0,29240533666.883118,0.9507332671639442,1.5159379978819245,21,101,491638,1725903,480781,1627509,0.9779166785317652,0.9429898435775359,0.9553009549770815,6026,21676,4529.604350530777,16229.440319364641,83.56979520998043,733.9729965829877,3,3,0,21,0.9224201410225722,0.991464673865264,0.9380402989198362,0.9816223449458781,0.9999978638660646,0.996067787824834,0,262553.2432919464,14.944049061103344,0.005690346922252455,33.429005940116674,13873.462449932633,25410.76641462334,4.056030730698919,33045.61758826008,7.2456556589543775,308067.36301969143,171,171,0.9952685039590652,17099.99319085537,21.646142129771846,11560.481072768735,11088.455212276434,2245.4345361937367,28056.058148653432,0.5459678871373498,1.0425691272098663,0,0
420,9812464,1835584,3278779,1137316,3560785,0.9186092187824759,0,0.2480838502484072,0,0,0,0,16106,15804,17050,45.95667525650344,11.981961085772229,3.8354886088783826,4.903330077916198,6.715713136051502,52.72131073031331,520.7393280237508,54.893432060802404,7.850441146345743,77.54043650678014,0.002172040443659262,281236.3333982329,939053.3637047311,610.8566903673766,44305610673.914635,1.3506071231637198,0,32836046175.680084,32836046175.680084,450948221.5141209,32836046175.68008,200676278.61439937,31833617404.069454,801752492.9962322,0,0,0,32385097954.165962,0.972774847456076,1.6141957333122259,21,101,584330,1688458,568684,1642227,0.9732240343641435,0.9726193959221965,0.9539084644513358,6026,21676,5437.099653535235,16710.408387660587,73.14144296177062,670.4290929698077,3,3,0,15,0.9079436902346423,0.9922625595800356,0.940310499188707,0.9676334001889672,0.999980834703105,0.9997486187845841,0,268692.5712517101,14.583630254770643,0.0016879243951350572,62.967138327062564,10722.711938980943,35046.44650295153,5.126682513319637,42066.943519109635,6.927094163537069,237772.1249371673,171,171,1,17100,41.567745010389146,9618.317821851408,11811.422151387374,9032.994663452639,20127.37315003261,0.30595717994056554,0.8143234318927155,0,0
450,9813786,2011274,3097485,1129713,3575314,0.9209725884505415,0,0.42851062812641233,0,0,0,0,15804,15721,17043,44.7866061781671,17.24165156879587,2.597582139939679,6.382660245600384,9.970557019679593,88.25312929628772,625.2928762763014,68.12811895131614,8.851374012715267,62.713936146407534,0.7586793783981932,323049.7536549726,245091.1862946464,245091.18629464405,50170240777.13772,1.7235385255702704,0,33159323163.787304,33159323163.787304,439526168.6988246,33159323163.787296,200676278.61439937,32156894392.17667,801752492.9962322,0,0,0,32719796995.088486,0.9860508008320924,1.78191240740247,21,101,521334,1589970,512844,1569009,0.983714854584585,0.9868167323911772,0.9669729083821427,6026,21670,5084.7315434187385,16828.69490778832,84.1726646409728,444.57086275395824,3,3,0,6,0.8168569348291007,0.9531609104793187,0.9532470111782967,0.8554384207921245,0.9994992250342716,0.9998345666787957,0,244674.24785557922,14.103257887405839,0.002910893291107165,138.51292298542438,15233.218930237643,37089.95127393699,5.121078699573891,22527.53207486206,7.374988692933115,182984.7745818626,171,171,1,17100,85.71189465813828,14851.766821923859,11080.835587407186,23753.16345852289,15704.482397340831,0.4107101359537775,1.3403110897884043,0,0
480,9815295,2170562,2932852,1122046,3589835,0.9232801806790513,0,0.4913388795733103,0,0,0,0,15721,15524,17033,57.136312797850614,20.50400534601852,2.786592757543607,5.978560370963984,13.882241696638898,100.65536528978923,698.1035403585042,90.43887697592803,7.250656449394583,50.28752240551508,0.9999999999999988,281521.5359396015,637387.1775968375,281521.53593960113,51394690905.77365,2.1127738817435144,0,34312081580.76972,34312081580.76972,560809765.323209,34312081580.76971,200676278.61439937,33309652809.159084,801752492.9962322,0,0,0,33751271815.446514,0.9921180562521076,1.9995362884444203,21,101,555383,1538263,554244,1522900,0.9979491630100309,0.990012761146826,0.996069418418864,6026,21662,5203.393519708155,16584.994348410728,79.40592376340001,376.34887594807117,3,3,0,6,0.8645718552139843,0.8635408428148231,0.9655749401212319,0.8974476306163334,0.9925622490247906,0.9999922266277181,0,267906.8225968403,15.477414522835605,0.004007073198181163,276.37691230928596,8227.75414017422,38226.130390016086,5.152523640179865,20104.981785008917,6.572462227018554,279190.04330069665,171,171,1,9300,88.7147651165722,8300.95391359164,11353.704783931304,87063.64684160081,8516.028784868164,0.21523900159988854,0.7311229304940033,0,0
510,9816858,2166097,2931832,1114616,3604313,0.9256560850494387,0,0.5355741516325803,0,0,0,0,15524,15459,17022,89.25005846481615,31.229586859074356,2.8578686893157803,4.268666724108061,23.18394711586069,91.8008408459181,802.2488918700448,130.91660474896923,3.9596726298221654,34.60363707098034,0,283994.74672295403,738047.4469239144,0,52789182618.64279,2.875156599925366,0,34312081580.76972,34312081580.76972,876155150.4408667,34312081580.76971,200676278.61439937,33309652809.159084,801752492.9962322,0,0,0,33435926430.32893,0.9908198315807735,2.161795953544732,21,101,601647,1450494,601647,1431655,1,0.987012011080363,1,6026,21662,5610.405659617226,15909.617900536967,64.84406493720331,342.387360309467,3,3,0,0,0.9203030794485499,0.7833050534936307,0.9718475383778791,0.9473413651769957,0.9674764845263907,0.9999861878453039,0,241045.172883794,14.225835978155374,0.0016823589818832716,541.5529944039148,7896.618363850735,37648.35741016739,4.94110876530034,35162.9446107629,8.764953115696477,244239.93053487543,171,171,1,17099.999999671414,86.82510962089869,7990.7175178229845,11709.063462520902,93449.9427939231,32926.02234980653,0.2097466903487842,0.6824386547566481,0,0
540,9818614,2294932,2797662,1107252,3618768,0.9280182162567838,0,0.5780263987028372,0,0,0,0,15459,15255,17011,85.95532453495848,39.600079331465295,2.170584655032759,2.222759494189577,20.613795550862616,74.37749902253692,853.7090721365968,130.38621842167538,3.6081418795009097,41.414453249531334,0.9999934078466417,281753.1943095757,751149.6846228872,281751.3369493096,53640377957.74108,3.5881974405750148,0,44910429126.234634,44910429126.234634,843962152.8535341,44910429126.23464,202047184.3045386,43906629448.93387,801752492.9962322,0,0,0,44066466973.381134,0.9937968471325522,2.3234084057824043,21,101,560580,1367633,560580,1355672,1,0.9912542326779187,1,6026,21662,5093.389865518417,15482.899226821146,109.08704485013476,380.98964962266535,3,6,0,3,0.9497112566124718,0.7511612586025904,0.9804566108122683,0.9688675244151533,0.9331141266666327,0.99967159976904,0,272855.24157239945,17.086807470357726,0.0014767182120066775,509.4316695753438,27911.958250731397,37815.042390904804,4.82980669586872,44266.354773593615,9.531352128373753,114934.52388969639,171,171,1,17100,80.0861699683336,21269.72466719758,11186.180119696239,10917.609108975003,18852.339122755602,0.7381178622569712,1.901428766531891,0,0
570,9820320,2533257,2553844,1099982,3633237,0.9304354287441905,0,0.38612583465309513,0,0,0,0,15255,15297,17003,1.2850459878801168,29.54294223624025,0.04349756289012251,1.449456039490049,17.42403101301687,56.6186782516941,607.0281474417673,90.86991010520262,3.2494592215427254,34.83855985955709,0.3608980606910116,311929.39208639244,794189.1925556492,112574.71267650521,44599416532.6158,3.051165986241661,0,48826993929.710945,48826993929.710945,12619562.815783253,48826993929.71095,202047184.3045386,47823194252.41017,801752492.9962322,0,0,0,48814374366.89526,0.996664227059757,2.505768944364296,21,101,424305,1265858,424305,1260220,1,0.9955461039073893,1,5977,21601,4096.197020548157,14367.769575231787,104.50318104845832,478.80252138810084,3,6,0,6,0.9635456452959398,0.7546461182752708,0.9886116749324286,0.9749431849897788,0.933059013894725,0.996979394687235,0,272095.0050493708,19.383149912244992,0.0038793657070450385,306.59760509545066,16639.095682538955,34441.674395966395,3.6838486128355066,38955.40125025998,8.066367200424832,80318.53252502662,171,171,0.9992631578947369,17099.9997234,38.91733069577355,14852.95399157789,10070.486787546366,10224.128442467698,42537.9927723265,0.48310937183958824,1.4748993077420791,0,0
600,9822039,2477452,2604163,1092794,3647630,0.9328577627388144,0,0.31517158158736186,0,0,0,0,15297,15274,16993,0.7899273770828035,30.144439323639347,0.026204746042940676,1.4874867487098153,15.134897073554415,51.868199114481854,491.58479505284527,61.63539285886539,3.427059917382092,32.480220556755796,0.7970015713204411,336795.9642011114,2208127.7547635473,268426.91268266883,39712496866.02562,2.902045465691235,0,48826993929.710945,48826993929.710945,7758697.504963654,48826993929.71095,202047184.3045386,47823194252.41017,801752492.9962322,0,0,0,48819235232.206055,0.9995127782182148,2.6756719595229344,21,101,564326,1219256,564326,1218387,1,0.9992872702697383,1,5977,21601,4695.751541032827,13501.394484409644,164.47104132233068,824.6964620765502,3,6,0,12,0.979140125970215,0.7701656500467107,0.9994310565956864,0.9797105332032872,0.9407612229274951,0.9981252884863413,0,256470.21277069283,17.263813935548313,0.0034753229322442496,124.94688249358971,13967.772200002784,28252.498757615525,2.9697298945784123,38490.666723506816,6.780508335881908,113996.71453727366,171,171,1,17100,19.51757567125295,10601.741198439584,10068.888893565858,2004.5744889051216,28569.18911846576,0.4943906845137986,1.0529206658754795,0,0
630,9823866,2523732,2552345,1085763,3662026,0.9353264341734768,0,0.16719134232922991,0,0,0,0,15274,15157,16984,3.5989246393785748,29.118235472946406,0.12359693439261854,1.68505781726125,9.597497705582311,41.24921614366534,396.18171382662,61.77173064738142,4.297913623847292,41.27968830835812,0.31380581364560833,467250.6081010218,2304932.768772965,146625.95725154644,40980218586.8234,2.634531794800017,0,48827459545.20683,48827459545.20683,35355353.40146765,48827459545.20684,202047184.3045386,47823194252.41017,801752492.9962322,0,465615.4958911745,0,48792104191.80549,1,2.954438054731355,21,101,589466,1211224,589466,1211224,1,1,1,5977,21587,5069.352436575268,12516.421087791923,98.6741651856531,1163.5071435649556,0,6,0,15,0.9999996789655771,0.8715481903866275,1,0.9999999989844021,0.9799798092313344,0.9979778052351055,0,266866.6612255049,17.78429343588324,0.005161551329630787,83.96741060779672,20186.45785012014,27906.175764251468,2.4452593530065196,28592.012571827065,6.454336999346325,144065.96589703453,171,171,1,17100,12.36760264776066,9449.117347374586,9769.87330939478,2004.546955910562,34254.65613268624,0.723368834936513,0.9671688719124175,0,0
660,9825723,2017718,3052844,1078812,3676349,0.9377976247997757,0,0.07462849210856035,0,0,0,0,15157,15114,16971,64.37052809783822,33.706713721120444,1.909724235664778,3.0742539950238683,7.232305978225702,39.748225133265116,365.55750296490993,58.69772670839523,5.495926921916062,50.54508258714352,1,282025.9668245334,1559952.188740052,282025.9668245334,47421466933.96605,2.7039809823136745,0,48865322716.11327,48865322716.11327,632486978.4532418,48865322716.1133,233130888.08345097,47823194252.41017,801752492.9962322,0,7245082.623430875,0,48232835737.66021,0.9649441659219502,3.2015491602492454,21,101,632787,1656675,631002,1578201,0.9971791455892741,0.9526316266014758,0.995500645702582,5977,21534,5603.598974981726,14054.859348861477,24.702000653609744,1321.3663693228548,3,6,0,15,0.9936450487130479,0.9793665388977171,0.9946587958046094,0.9990069996957599,0.9977622504444845,0.9984645601536396,1,213334.59357335436,11.587957842173184,0.017643393185875,55.373276815874995,13028.193690232583,17554.216403427767,2.7160229018842763,33812.77809274866,10.765153430906288,388301.8100031624,171,171,1,17100,9.264523347225973,10746.346131790655,10762.475407463691,741.6301432705725,38249.21470186758,0.742168912061982,0.998501341460734,0,0
690,9827742,2150881,2914267,1071956,3690638,0.9402674907031344,0,0.026937935063221067,0,0,0,0,15114,14946,16965,52.84298281521311,25.19297296901006,2.0975286592898503,3.9421324873444634,5.963416943402726,37.81011365392167,326.2727053607186,42.577462125297096,6.3403438016774345,54.71237521328625,0.993099951207185,281183.1905225598,416140.3963387165,279243.01278823474,42537048974.057014,2.2316673984625384,0,43856404207.30961,43856404207.30961,519327201.61849296,43856404207.30964,366941189.11901563,34624013363.18662,8856775823.445906,0,8673831.558086261,0,43337077005.69131,0.9924186431428582,3.4329615007289735,21,101,499769,1444474,498678,1430825,0.9978169914500499,0.9905508856511089,1,5977,21532,4812.571135042199,12229.889076278603,91.87449220131887,1561.0360214004547,3,0,0,12,0.9843569121760012,0.9959894461412541,0.9872100009478034,0.9970721327430561,0.9989616434669505,0.9999655921390039,0,272616.2836809274,16.954601284222562,0.004644160313079838,39.3365712695621,13025.505944380453,15253.948290744298,2.5445187459457164,38091.84797789417,10.48037951318791,262168.7949395095,171,171,1,17100,8.233359617534427,9392.432780104198,9331.161016285365,206.69538142402425,49584.3785403208,0.8539104562380084,1.0065663601465988,0,0
720,9829830,2310090,2988224,1065153,3466363,0.8552750931711484,0,0.009723637605047792,0,0,0,0,14704,14612,16700,42.16986597841255,22.388972618416002,1.8835105432093753,2.94882022640523,5.579112117310947,39.997590971726645,337.15586370129427,41.3940913030676,7.169167804966952,60.43181363126981,0.9979371617659333,279795.1741433098,986481.9872237688,279218.00196037965,36525130410.533295,2.07327455179228,0,44223908491.8371,44223908491.8371,414522613.69068545,44223908491.837105,375529826.4856919,34980153518.23763,8856775823.445906,0,11449323.667883752,0,43809385878.14654,0.9779375427004188,3.692658058198327,21,101,548332,1483264,547713,1439061,0.9988711218750684,0.9701988317656196,1,5977,21532,4715.711958937706,13018.226437713296,151.73999622323893,1726.8937317334367,3,0,0,21,0.9809972709441194,0.9940535440972309,0.9813911430552272,0.9997473618015164,0.9983288738641859,0.9999806906583001,0,250407.1793253481,15.124448739032104,0.0009968168291523002,20.565613868962927,14349.722560072036,16131.763780270621,3.1186960615447434,23073.401665471716,8.933039361157206,438083.8434178549,152.79406870482566,171,1,15288.187776229606,9.593510281429204,9779.296792443902,9691.57255965342,708.522947897341,41507.85769743779,0.8895321525611448,1.0090515994437976,0,0
750,9831366,2521031,2771288,1057952,3481095,0.8576669320197818,0,0.0035083040451068036,0,0,0,0,14838,15654,17190,46.61409777839903,16.551155175908956,2.8163652194046374,1.4699278734899819,4.8364824324741384,37.63812082622842,311.27037143584374,45.786622202226866,7.782127062741002,64.35883429366889,0.8225730327254857,295619.05780780374,243168.2649124135,243168.26491241576,34308559935.647377,1.7186473455983444,0,48104918045.66903,48104918045.66903,458280256.01934147,48104918045.669044,278368956.3167988,38350893832.16736,9463175045.265274,0,12480211.919614598,0,47646637789.64985,0.9769853428523716,3.9718425943809175,21,101,388352,1539854,388352,1495477,1,0.9711810340460849,1,5977,21520,3197.119919316871,13728.678504273677,295.3130971764307,1446.8044255109871,3,0,0,15,0.965486344869083,0.9875066726643815,0.9734594612268893,0.9925340964923512,0.9973313703956517,0.998547960853897,0,264903.03935098305,16.874336642082678,0.0013070536113068652,16.269881226316244,13806.843824869977,20478.921913606566,3.3843416396385964,30832.761001274564,10.367743940457855,304170.5212237312,154.40281280603915,171,0.9991052631578947,15474.85828748202,11.920160830262107,9421.043997948653,9184.428744755203,2559.8203248097057,45395.537572412526,0.6741977865395571,1.0257626532655686,0,0
780,9833080,2209237,3077202,1050848,3495793,0.8600574034808687,0,0.0012658176844289712,0,0,0,0,15654,15464,17178,77.33650693734435,16.498793374219034,4.687403810886567,1.3976631894961808,3.4865138573664116,28.55681143964978,247.0192676215756,47.930285621763176,8.190649057457232,70.84993140057821,0.9980558802146182,288418.50575834455,995881.5875328686,287857.7856348295,34095433190.57113,1.3459427753131852,0,45894045670.28267,45894045670.28267,760456059.6355586,45894045670.28268,270658750.9872172,36127140593.33911,9483182164.253963,0,13064161.70237729,0,45133589610.6472,0.96959000686082,4.022631152238472,21,101,471959,1852836,471959,1782139,1,0.9618438976790175,1,5977,21553,3418.4519731800106,17326.771749045,352.34503520762615,1187.1249049014384,3,0,0,12,0.9520543081232745,0.9796231872835939,0.9681222676324804,0.9853378157778584,0.9956691611246405,0.9987669349677489,0,244570.6590508558,13.020054623225208,0.003805305364343614,22.02642910102705,7060.9237934746425,32386.627227033612,3.6724747583917345,33528.90272502313,12.810158087654225,361961.22363383445,171,171,1,17100,15.177857917979077,7245.320449597991,11159.81912736777,11707.14314704737,18998.85852130858,0.21801973215601722,0.6492327847706723,0,0
810,9834941,2239757,3040894,1043793,3510497,0.8624485882517137,0,0.0004567129645388272,0,0,0,0,15464,15309,17170,117.31799225246831,15.971578303732292,7.345422601412727,1.4702514842571026,3.7527107093073226,31.304679910529828,268.6688811877518,44.7551327492832,8.341884662968882,71.59328336218671,0.7681438615105574,471870.06811092637,362464.09624997457,362464.09624997666,35305679299.65315,0.9649795859141086,0,49584994588.3828,49584994588.3828,1153815532.0415688,49584994588.38281,279191626.3896769,39772385421.25255,9516111324.842688,0,17306215.89788973,0,48431179056.34136,0.9785078641953202,3.8661361610536873,21,101,430074,1971316,430074,1919705,1,0.9738190122740342,1,5960,21615,3473.7118757645667,18434.59230170808,264.32339876919093,915.4117750705511,5,0,6,6,0.9668650807710744,0.9753347731284878,0.9708766240572948,0.9988888881299608,0.9929842789726291,0.9992055598726448,0,259813.31302966064,13.268310578807316,0.0073625775803808045,43.52009702887959,6942.970647113772,30702.54033823443,3.689577595640708,34090.786996275725,16.04508565937088,414539.7971978483,171,171,1,17100,22.134004836827238,8795.335055255704,11955.754763581792,35178.68758615792,28181.862047851468,0.2261366835000153,0.7356570312103603,0,0
840,9836949,2126433,3148429,1036900,3525187,0.8648732421815016,0,0.00016478535192022075,0,0,0,0,15309,15151,17159,115.24155294941326,17.444784081047494,6.6060750545267535,1.6749593503203217,5.068539195552398,37.73488327861821,330.2306463188916,48.47421869332532,7.444922851090955,65.15302211900942,0.9996218347941946,306887.4457780962,613927.1807397419,306771.39162400446,40938206503.825165,0.9388894115457671,0,48902283780.3716,48902283780.3716,1133625279.0443184,48902283780.371605,286448628.5023724,39076004887.03359,9516111324.842688,0,23718939.992942624,0,47768658501.32743,0.9659571353752876,3.7303010287064784,21,101,430256,1933558,424651,1858692,0.9869728719645978,0.961280706345504,0.9780175389056225,5960,21640,3605.5001716688125,18575.305694015602,284.7144773779725,518.1187630843256,3,0,0,3,0.9011484531533459,0.9754519164512068,0.9557319536946156,0.9491920936140975,0.9901968166915606,0.9995108601364668,0,260445.6228779464,13.687595225664111,0.008024607294649518,55.18992768544329,22200.843599539403,23809.842924373937,4.321006937889542,35168.66084166168,19.829985658596836,357189.1313840452,184,184,1,18285.352109131367,35.44823296893937,12032.602362504289,11795.13657262729,37662.34710568794,43429.80237985828,0.9324229340804506,1.02013251719595,0,0
870,9838926,2134962,3134050,1030062,3539852,0.8673189584688742,0,0.00005945645454905439,0,0,0,0,15151,15169,17146,97.42522610159791,18.448644849908128,5.280887940237143,3.2787345259637815,7.466988586022695,51.68591108444028,443.3611054710495,52.66538820840715,6.921921801406003,59.37615952714434,0.9978419946355667,290618.0882679637,879891.1139576524,289990.9328744801,49806404580.296524,0.9794742847069269,0,49157975953.90751,49157975953.90751,958559590.147072,49157975953.90753,305224626.60644686,39303742686.24845,9516111324.842688,0,32897316.209935445,0,48199416363.76063,0.9863330223847883,3.568131535426955,21,101,479582,1801610,472124,1777891,0.9844489576339396,0.9868345535382241,0.9780279288055098,5987,21744,4324.092534611451,17993.849758227807,214.9248390844457,335.263150352917,6,1,0,0,0.911199033060954,0.9712666906510814,0.9680381382166513,0.9514232096955485,0.9865492409857552,0.9999260856049461,0,240593.68407869138,12.831577607012827,0.008828525765631798,68.32159357998793,22429.62056078997,29222.66191446384,5.1922152103108505,42087.517067265224,33.82758434832059,346872.52358705126,200,200,1,19894.9168366117,52.50023047441019,12593.413607748074,12062.717819316491,43260.07994148826,55988.05438746222,0.7675420064894349,1.0439947113395756,0,0
900,9840986,2170795,3092449,1023300,3554442,0.8697567507795573,0,0.000021452478801245644,0,0,0,0,15169,15074,17134,59.31375298593588,15.278992420701082,3.882046103090759,5.45775882701054,9.533894957133917,74.83059343398598,650.5081447726405,68.75951267703266,7.848900556429204,68.23110047860193,0.5886381615787863,459833.0202827676,270675.2636924686,270675.2636924691,64452206361.11322,0.9683942236648837,0,100230438536.28043,100230438536.28043,583705812.7422497,100230438536.28047,306113261.7514496,90372052201.77121,9516111324.842688,0,36161747.915123455,0,99646732723.53842,0.9894041672083047,3.386596964883257,21,101,494144,1659816,485937,1645200,0.9833914810257739,0.9911942046588297,0.9800299194130383,6027,21859,4505.085027605101,16919.652401732343,120.45292411624504,277.9593136786302,5,0,0,3,0.8819684069001901,0.9696910127451338,0.973145315287942,0.9217347387019476,0.9826270089366,0.9999834254143647,0,255425.16644274662,14.382472817622515,0.0042526291047629595,96.90607632949747,20454.43978025866,23076.890161959764,6.288086549662443,57648.394996363444,35.64549861798781,190206.31059062254,198.73845894377828,200,1,19951.177774003103,77.51017045003057,11816.633741014168,11269.84787212612,47223.26751986882,62813.67233406608,0.886360321373632,1.0485175909286604,0,0
930,9843189,2230449,3027163,1016584,3568993,0.8721786620998279,0,0.000007740277760898519,0,0,0,0,15074,14924,17127,45.363274713911835,13.567452475739982,3.343536658412926,6.764164358428443,10.709898282832476,104.20999849586242,860.6270100200962,93.48217713686752,9.73025100181453,80.35809372715012,0.9999999999999976,283097.4535771554,801500.1154097186,283097.4535771547,81599277460.93475,1.1523703764668438,0,96645359399.5991,96645359399.5991,446519286.6681427,96645359399.59915,309663361.2490081,86783350683.43211,9516111324.842688,0,36234030.07536347,0,96198840112.93114,0.9919320895247928,3.261971883188659,21,101,491803,1710626,480604,1704056,0.977228687096256,0.9961593007472118,0.9930911844850501,6027,21934,4374.986189512043,17391.872203497624,138.8583668092525,165.98302825515617,5,4,0,0,0.7472277330611785,0.9663897144972712,0.9816124318546764,0.7765909841360844,0.9776001294563232,0.9993242216061748,0,270112.36651033774,14.83685515423019,0.0039921599589780666,142.37521602131275,11968.98763196129,25013.162850192148,8.216916335243747,44026.549931971625,38.650537820282075,308177.5254233388,193.63177636580994,224,1,19525.449573051734,114.74329448179422,10618.915509973547,10877.4606059428,49162.2783264307,71994.77907714977,0.4785075643430413,0.9762311163114671,0,0
960,9845477,2144391,3107584,1009939,3583563,0.8746237367847334,0,0.000002792784719491957,0,0,0,0,14924,14830,17118,38.059229119866245,13.732622554272243,2.771446529565174,5.551181363712291,11.469057215684808,128.5631823898955,1114.193224874338,134.64109590723936,11.209568491303328,97.14776061545791,1,281568.3856852549,613920.2830776152,281568.3856852552,93850293248.59668,1.9159468573663994,0,96964821330.92873,96964821330.92873,374711264.9375614,96964821330.92877,311044409.8348395,87101431566.17589,9516111324.842688,0,36234030.07536347,0,96590110065.99135,0.9772190472642324,3.250124477395006,21,101,572098,1789963,560806,1747445,0.9802621229229957,0.9762464363788526,1,6027,21944,4704.172136466417,17991.45803660964,143.40164673572892,178.89918336659503,6,5,0,0,0.7063761265596032,0.9635183736243618,0.984269151509066,0.7388120121452315,0.9725328284862805,0.9983450954973765,0,235432.24053980943,12.23951332189486,0.005499627021746078,200.95777005577324,11772.448850071463,22475.1240879069,9.632210337820387,46983.72061708326,53.25756881992643,135734.98347093473,160.3734936769313,224,0.9936228662466013,16009.358343406571,146.30741442779893,11741.769190954603,11063.554377137922,47027.2369277411,36655.26197860328,0.5237990590853208,1.0613017110683856,0,0
990,9847786,2203131,3043171,1003377,3598107,0.8770909490151348,0,0.0000010076661140781587,0,0,0,0,14830,14802,17111,16.201183727883837,18.670294349272055,0.8677519178220944,2.4893768364766626,12.224001725824701,132.5539501510181,1196.7616484210837,145.19592213461513,10.84374439108444,97.90260793998237,0.6362997448505958,408704.2099392243,389952.6186021153,260058.3845036928,95937697328.7966,2.682323617004835,0,98698781887.17546,98698781887.17546,159545790.29907733,98698781887.17554,333701037.8326839,88812771565.06471,9516540869.698668,0,35768414.5794723,0,98539236096.87659,0.9762341578155074,3.338677213925857,21,101,521460,1719866,521460,1666599,1,0.9690284010498492,1,6027,22039,4574.889543954474,17624.376971511047,148.0498373566061,225.48339179175179,3,6,0,0,0.7758357206228095,0.966794519116849,0.9926395412950918,0.8052716401827865,0.9726885331197656,0.999347206399905,0,260984.416947872,14.313201807512796,0.006174957928645337,210.20711835740497,10868.14253908612,19370.87497626918,8.752809519304257,34415.53943399672,39.12080028141139,236582.5035870581,179.53210766471932,224,0.9990889799224316,18121.730421158463,148.05885030628352,10637.276595476373,11104.691832701772,44502.70979890924,49389.51563633123,0.5610558403995914,0.9579083108052646,0,0
1020,9850151,2146843,3093740,996988,3612580,0.8795906867613775,0,3.6358258014623925e-7,0,0,0,0,14802,14731,17096,5.734996697233562,27.887037019517045,0.20565098734655327,1.5390984626637756,11.649415189601973,115.03585233030181,1142.3532861157146,114.84690460417525,9.874817787675765,98.0609985585676,0.46620808117536516,645824.986303051,982419.2000668088,301088.8276394519,81646037187.72789,2.9744413550005504,0,141793095117.7056,141793095117.7056,56490583.45244356,141793095117.70572,365993243.47194105,131848570426.60805,9549542500.173788,0,28988947.451932605,0,141736604534.2534,0.9795293243123834,3.4336210268583978,21,101,538428,1657054,535694,1614845,0.9949222551576069,0.9745276858810877,0.991452736578038,6027,22063,4648.772989067488,17430.328506494207,137.15257201089884,223.43019771967352,3,5,0,3,0.9002956691662417,0.9698796575002391,0.9929352101556147,0.924966430720331,0.9766005358197216,0.9998336542019562,0,242214.07899484638,13.515537025546417,0.0022694372290894506,221.41777551783161,7746.058308990195,18608.53240181719,7.825694435312868,33244.64908788908,31.27766536431378,204655.86711354347,190.4154831663809,224,1,18997.198992192585,132.27848171052185,11408.764731834339,11727.586535423437,45328.02263368231,43624.20308414242,0.4162637945716646,0.9728143721109122,0,0
1050,9852491,2307947,2926883,990646,3627015,0.8821033347787798,0,0.002570480186250932,0,0,0,0,14731,14749,17089,12.64260863260064,27.689108431912732,0.456591394543768,1.599678570210909,12.52337195500042,91.95764229844185,928.9445215242472,100.18314727324783,7.342881983292396,74.176869046306,0.5357379816020014,383105.5200097671,257331.4871529623,205244.1780306178,66329327650.251945,3.305354762903591,0,129038789780.88022,129038789780.88022,124561187.76943229,129038789780.88036,255330711.25627542,127251548712.93968,1504350158.1671498,0,27560198.517277222,0,128914228593.11104,0.9815155156056817,3.525227133294099,21,101,496147,1568774,491623,1535129,0.9908817346471912,0.978553316156438,0.9801290469936619,6035,22148,4518.924109475883,16352.716606171183,121.17082874895519,328.09000404749804,3,5,0,6,0.8347855779417536,0.9745074633157707,0.993130485336951,0.8499167350953872,0.9813426165445172,0.9997184863950062,0,274594.52909789974,16.258202035447834,0.004117005218358704,182.72875192008112,17526.13936043974,22461.83928076722,6.607900528422295,38428.85194261964,24.190774228997846,208998.12730218397,169.15986267309344,224,1,16872.923622919123,63.98215611542735,11945.854140893569,10703.955859986336,37290.00865676086,36783.37864941493,0.7802628779134024,1.1160223656704074,0,0
1080,9854990,2476388,2931493,984386,3462723,0.8223385462808815,0,0.03209359772469002,0,0,0,0,14517,14332,16831,47.62857641422285,31.737528263884673,1.5007021346530378,1.7221157129374796,15.293971087079667,85.66704796128941,846.250132185463,90.24989103558109,5.601360658623244,55.33226964842208,0.49541290013190553,311305.95132578886,2292407.9916343177,154224.9841746309,65295395187.771484,3.543836657917141,0,129058876209.19502,129058876209.19502,469379144.2766032,129058876209.19516,253572840.87918466,127154251950.90784,1626266711.000707,0,24784706.407479733,0,128589497064.91866,0.995527139390566,3.66165565904101,21,101,639575,1408555,638872,1400097,0.9989008325841379,0.9939952646506526,0.99810585648697,6035,22170,5559.6243913314975,14814.59768209486,72.77662177794646,649.4983011110904,3,2,0,6,0.9065445215019318,0.9778795706449279,0.9964815801688632,0.9186705555767553,0.9825877076397911,0.9999329368579783,0,221219.8841498383,13.019514322179786,0.009333705120365712,159.26178332473214,14386.68267775451,18916.47627778714,5.9699502025760935,29631.087789312034,26.011022577254906,227416.6553959854,168.4026979685932,224,1,17003.86218057199,47.16956886131732,11101.866777493238,10513.76786917128,27571.594862012607,42379.42786382722,0.7605371352722925,1.0559360750246727,0,0
1110,9857198,2433635,2967910,978038,3477615,0.8248849171857311,0,0.03046956887206743,0,0,0,0,14546,15105,17313,40.92593498528558,57.342270743073,0.7137131901988634,2.1385642516970695,14.59140286972176,62.21702804510054,662.1151571067389,99.385578766041,4.263951081373093,45.37707326830629,0.43250470886279146,558368.3476406628,1808597.6143371318,241496.93963452274,68984213751.12105,4.376185616999009,0,146630110234.652,146630110234.652,403415044.4852172,146630110234.6522,255731090.79864305,143850762490.6527,2499862835.045039,0,23753818.15574889,0,146226695190.167,0.9977821610424984,3.854855175476381,21,101,599540,1503408,597206,1501078,0.9961070153784568,0.9984501878398945,0.9935336239103363,6035,22170,5485.707339732838,14821.902751587832,39.70875503349531,950.2867309825757,3,4,0,9,0.9474077659608341,0.9798405184773349,0.9975122149951903,0.9583333330098266,0.9832632190637697,0.9989192135633493,0,261013.20849259247,14.927238171339578,0.007660074179357788,154.20575897914514,12449.01939209767,17900.179704674043,4.737969330690106,26759.392842265,24.151263025278404,220632.2333006516,184.0643491650491,224,1,18413.60340567629,27.10441101908692,11479.722878875395,10980.531780997197,18123.92619560396,41194.49447477742,0.6954689616242802,1.04546146833636,0,0
1140,9859495,2202685,3192560,971789,3492461,0.827441571235412,0,0.02042889421440417,0,0,0,0,15105,15005,17302,128.91456792362004,96.13444455548664,1.3409820852422303,1.799019450430649,12.123863699044437,51.97647389879736,535.3323962192246,95.24514163194608,4.287121266704275,44.155263495862116,0.33688994177458476,1434838.2663312538,1416649.837659808,483382.5800002822,78345151448.79265,4.995237226024823,0,166080908522.9197,166080908522.9197,1271032537.8700006,166080908522.91986,260510093.4275185,163325568567.5133,2463961188.067716,0,30868673.9112933,0,164809875985.04962,0.9614083047477037,3.966873460986266,21,101,655636,1855241,654069,1759909,0.9976099543039125,0.9486147621791454,0.998303384496481,6035,22162,5844.256358044023,16774.1396710842,8.016847892002465,1008.0928894558136,3,4,0,6,0.9452041612386808,0.9784866393347544,0.9853571643417827,0.9638414582495753,0.9854573494477823,0.9975742780088341,0,258934.23423799736,12.871744526486854,0.006679108907089713,136.32224564036756,18255.23924580639,29837.22417049789,5.730139169175505,40570.60670986594,30.053608047213384,306616.7582610111,188.5730926891676,224,0.9953979095411933,18624.180390172805,22.26795333477805,13036.898357335906,11971.890988712605,12773.31379380115,34597.64857283387,0.6118276667256667,1.0889589931638548,0,0
1170,9861822,2090651,3298068,965792,3507311,0.8300865196348148,0,0.007655363591702643,0,0,0,0,15005,14966,17293,108.89303439695527,105.81847915697197,1.0290549936502345,1.6237598073639818,9.328730805493485,51.12796600643563,487.6220709644347,83.81349911975194,5.480699043896463,52.27099818094062,0.9964584685694816,365107.02554490766,590038.9060813247,363813.9875384373,79659306447.70395,5.031840125454814,0,162120036697.77872,162120036697.77872,1073883722.2624824,162120036697.7788,275937330.44348395,159379315303.5669,2432886365.22347,0,31897698.54497772,0,161046152975.516,0.981830067760171,4.114736757192148,21,101,646124,1913049,646124,1866549,1,0.9756932519762954,1,6035,22177,5768.012814580191,17516.77924395109,41.21294220845883,862.3772757642029,3,1,0,0,0.952836005548903,0.9815241034514894,0.9845050488189669,0.9704123308879814,0.9866841314387084,0.9988196204688579,0,262722.38000526896,12.547070629816247,0.005122733983610439,118.16384182112255,15782.783090905781,25056.65008716887,6.0168043519056456,52734.5968355394,28.49513410861149,335643.28067248425,181.1334440663567,224,1,18043.600265182613,23.102091927326125,12489.133378656436,12241.899611540799,7670.395266070736,38982.14651678884,0.6298840042862675,1.0201957028697215,0,0
1200,9864016,2094956,3287128,959819,3522113,0.8327502878067307,0,0.0044609690782189395,0,0,0,0,14966,15090,17284,70.23599144969322,75.81715434687085,0.9263865421320976,1.6032482727683184,7.269148058896534,51.55584044214004,509.12754922606297,86.30949789728214,7.092418537140964,70.039507394949,0.9963092288747429,296041.73212964134,1159672.7967016222,294949.10985282616,80068623267.29541,4.0032062203778995,0,161873270428.30457,161873270428.30457,692808943.4354897,161873270428.3047,302683451.8544544,159104683812.50275,2439413095.450907,0,26490068.496562425,0,161180461484.86887,0.9827363623137663,4.217327911871663,21,101,534351,1967613,534352,1924419,1.0000018714290795,0.9780475123919186,1,6035,22246,4713.80893536201,18426.69050399347,114.32826023930674,768.5422048962149,3,1,0,9,0.9405691405826719,0.9845839223199927,0.9807795871227605,0.9609549514384662,0.9913097467727668,0.9990857444053408,0,244282.8172871752,11.92219123881851,0.004963244078767205,107.43013021999394,21794.398800258336,24216.416078620736,6.5714255790116285,52963.53652270628,27.44519940713498,330607.2759172289,190.28549030791785,233,1,19179.96850899721,25.89629517744529,12446.951097970761,12194.156306210994,4835.003713767076,47208.260844210825,0.8999844869488901,1.0207308144501155,0,0
1230,9866571,2049601,3326176,953932,3536862,0.835375797768397,0,0.0016095719427276166,0,0,0,0,15090,14715,17270,88.72887063223989,68.53923405616987,1.2945705019044134,1.649783753154941,6.425007454647565,49.395387318393865,540.4126592987918,85.53217066724092,7.687989106170365,84.11082214509827,0.625248812589143,499802.53241704876,312500.93992280576,312500.9399228064,79813761811.82663,3.398523521166517,0,161795566716.84207,161795566716.84207,875449701.842619,161795566716.84222,323810400.8753383,159002017633.2389,2451596309.6777873,0,18142373.05016496,0,160920117014.99927,0.9805680214673007,4.355472278319308,21,101,439263,2075818,439263,2026945,1,0.9764560284186764,1,6035,22251,3810.8194952019107,19729.597707301647,192.60789069725675,453.1529320024165,0,1,0,5,0.9653715329601905,0.986914593165492,0.9727919606228569,0.9930572423658545,0.994956127430915,0.9994771924743263,0,273224.86443900794,13.29449248914972,0.0010720963026459986,105.4489376072426,24007.566731413943,27150.124304795798,7.567625438347088,49142.2663608188,22.642048036097357,362247.79537282384,208.7719860188167,233,1,20776.12805266389,36.11618318900637,13845.619735737633,12787.996912514267,3907.514469429592,43687.03277943395,0.8842525530232378,1.0827043383306092,0,0
1260,9869169,2126780,3242599,948184,3551606,0.8380466344432009,0,0.0005807880898230925,0,0,0,0,14715,14667,17265,71.45694574658059,57.15010463117649,1.2503379688932263,2.1469610168330204,7.673787874440415,42.56548551204845,610.209846598623,96.05507567827989,5.546867623722579,79.51872746327648,0.9989441081976669,287160.8108886595,678875.022911343,286857.6001424908,86879075458.38776,2.7470869205727126,0,215509801556.68228,215509801556.68228,705220673.7966218,215509801556.68243,461064295.5493691,193860401966.21277,21168347753.75008,0,19987541.17021574,0,214804580882.8853,0.9846632043903318,4.6031226769265,21,101,410158,1959959,410158,1923609,1,0.9814536936742044,1,6035,22357,3628.236439221848,19550.02243569131,208.05400622872753,486.17335164167616,0,3,3,3,0.973520812294153,0.9886053008234658,0.9735436000838011,0.9995390278336274,0.9947722095361351,0.9996886820017995,0,242642.07647096392,12.476416530234452,0.000976785567520816,88.1834353959804,15160.166538013002,22960.986648729708,8.500127688810288,57906.59521713111,23.97605374329391,310054.70897284296,176.59227716173294,233,1,17583.360394806263,53.15037633171371,12627.205155587344,12724.72728549264,3020.050995913029,37451.42428017614,0.6602576261178098,0.9923360141465287,0,0
1290,9871827,2085547,3277579,942409,3566292,0.8406852645266958,0,0.0002095688438242088,0,0,0,0,14667,14594,17252,198.9031965022069,38.160812737290755,5.212236905736513,4.2288574817859015,10.079308549114252,59.0041926977352,844.0457408936328,124.68757202186768,5.853992107714607,83.74044080313483,0.06612954100282453,1540700.7766671237,481492.82965421217,101885.83518369215,107006844010.95349,1.9880239839474227,0,215498034624.52423,215498034624.52423,1963537945.6167276,215498034624.5244,458934414.8124198,193820038603.8473,21197435591.55645,0,21626014.3082419,0,213534496678.9076,0.9883627962663094,4.853557051502583,21,101,476652,1992326,476648,1963598,0.9999916081333972,0.9855806730424639,1,6035,22488,4116.553506195253,19648.08225245496,261.6094084795973,289.2773528259524,3,3,3,3,0.97373481405717,0.9889185258588535,0.9758371507401306,0.9970481215281998,0.9958495501273954,0.9992135653592349,0,271116.8235853532,13.332270119587282,0.000969219230534113,107.21766219522004,22724.89420250235,28090.039913789256,11.397391166609943,27133.45783737055,31.8608212882513,369499.2903665436,204.01501009377262,233,1,20473.78959183288,76.16634003320692,15354.856654444282,13064.373645482243,5279.485131622409,47521.09365454318,0.8090018480659693,1.1753228337704582,0,0
1320,9874515,2261729,3094950,936894,3580942,0.8434024140703597,0,0.00007562240358407537,0,0,0,0,14594,14553,17241,194.91702380765196,26.293229440250773,7.413202104008755,5.040672610215037,11.60776777610593,82.77521424709361,1259.8665423283162,147.576712943444,7.131019145428002,108.53650474656247,1,299736.17853492475,1633465.8698407686,299736.17853492475,142242795953.4199,1.7231290005611202,0,226915157676.85342,226915157676.85342,1924711075.3440757,226915157676.85358,461034718.2928157,205039331376.2135,21391311047.711315,0,23480534.635904707,0,224990446601.50946,0.9916940378984955,5.1321730830247745,21,101,517015,1792892,514523,1776198,0.9951800237904123,0.9906887866084516,1,6035,22459,4365.2481524018,18199.72956390188,262.28686680975477,239.61236263776482,3,3,0,6,0.9173278187967614,0.9867465948558387,0.9783844703057932,0.9376862494011005,0.996517359677947,0.9975630489940381,0,246140.97239150613,12.894157205081166,0.003469188084181687,140.93974358481813,20750.495271589774,26522.776806224094,14.94203881925282,61098.281726663794,29.230637046413218,346198.6335546899,182.90290250038876,233,0.9910846057827345,18316.644144637263,100.20267585999842,13129.144275193685,12000.487177621739,4714.383959757286,39726.53493317182,0.7823651129439908,1.0940509398382294,0,0
1350,9877323,2248811,3101539,931390,3595583,0.8461078247217472,0,0.000027287771050612686,0,0,0,0,14553,14422,17230,429.882131710492,17.861395171284716,24.06766815179152,5.4393057841280825,13.66489498077996,96.37886687540022,1751.7668073635107,241.47446958513535,7.053026533387902,128.1946776632691,1,318067.93758280954,620166.5403283072,318067.9375828102,186159774563.287,1.9486068691803133,0,226032498327.78864,226032498327.78864,4246084666.8332257,226032498327.7888,440776924.0940555,204173156277.45978,21395084591.599033,0,23480534.635904707,0,221786413660.9556,0.9886554550876341,5.350554552159028,21,101,549239,1759624,532370,1750300,0.9692865947247009,0.9947011406982401,0.9999159534893919,6035,22468,4850.091466956608,17525.908697398485,242.66592756735184,171.13625591908874,3,3,0,0,0.8216370450273337,0.9915844733590266,0.9811744586986225,0.8367892383272751,0.9984979063678022,0.9993501085953366,0,263542.21791464835,13.854418794551032,0.00454165524136471,188.35052314640336,11765.62159807218,22910.46261770005,20.06740422327122,8541.966199213668,36.01723249989317,467387.25129147375,180.50800495031672,233,0.9993475173674107,18135.485845605966,137.27312389223798,9890.181210653187,11080.639713978735,6171.320831929092,45039.091914670804,0.5135479712654233,0.8925640997221731,0,0
1380,9880070,2114829,3229075,925963,3610203,0.8488487068629975,0,0.000009847040188403565,0,0,0,0,14422,14477,17224,971.4432514594187,20.346592249204313,47.744764310466216,5.165967366258545,14.808504887658573,119.83296151718427,2355.7108617044173,338.6615771137406,8.092171520776093,159.07823778129483,0.9999999999999986,331911.698342976,1056378.932683107,331911.6983429755,228869993560.37256,2.7926389069984223,0,183907272921.2054,183907272921.2054,9597927325.44671,183907272921.2054,423855366.66767466,162031196262.86945,21428740757.032413,0,23480534.635904707,0,174309345595.7588,0.9919464031231393,5.520918896811719,21,101,625154,1905889,607765,1902894,0.9721844537505958,0.9984285548633735,1,6038,22472,5281.996197931359,18633.657570262945,174.94826649298471,219.4177346212642,3,3,0,1,0.8415371464721313,0.9936156251368402,0.9873931368923831,0.8457065822078107,0.9987399408957671,0.9995117238012315,0,263447.30478323536,12.59178429806208,0.003348694556178376,275.5162424651929,15410.988309703112,26846.52760329907,21.737486891646675,61886.3181680554,61.314038158699155,333003.004235717,186.60742275765608,233,1,18424.257486533395,188.43726028537696,11961.745445588867,12186.627710471716,5428.293335265275,34163.51930460784,0.5740402832509823,0.9815468011146667,0,0
1410,9883007,2105519,3232054,920624,3624810,0.8515919126539346,0,0.0000035534519648886555,0,0,0,0,14477,14276,17213,1492.213966052123,23.504802263272374,63.48549327657159,2.5226266310613616,15.156584535736954,160.49097534668857,3280.159367934172,437.788756099272,10.588861558372528,216.41810925146416,0.7687563686689932,390113.4115380234,299902.16962305154,299902.1696230434,286929509140.87006,4.5057891178032845,0,184893165069.86172,184893165069.86172,14747561071.991142,184893165069.86172,426224963.47053814,163008424942.48236,21435034629.272915,0,23480534.635904707,0,170145603997.87073,0.9745038018193113,5.860116934768064,21,101,546402,1992251,539241,1934686,0.9868942646622816,0.9711055484474597,0.9974839959441258,6069,22504,4651.23151289689,18996.6940547445,218.39357778912603,342.3908233250992,3,3,0,3,0.8623549580312921,0.994012837032032,0.9883743628982574,0.8689882960487124,0.9981766178900653,0.9994227059837,0,245440.42858861538,11.905303362077316,0.0012489448154935079,346.9236822041404,15783.321547864749,27470.509315934418,22.813816872894034,19393.219479959113,127.99641529584855,101586.49862087845,177.474493567738,233,1,17860.591222057763,249.4500863467127,12931.331503404783,12063.958092016192,4990.885790718696,44317.435147163174,0.574555111677873,1.07189791317019,0,0
1440,9886110,2119156,3384799,915290,3466865,0.7961829266409337,0,0.000001282292816069924,0,0,0,0,14066,13863,16966,1894.3290949960665,34.57154189712975,54.79446362655119,1.6353029881160723,18.47001989296622,174.01300489817382,3940.8467289944438,501.6998293271814,9.421376149380418,213.36450917928912,0.008872533434427843,1028051.6741558042,1456877.8733737823,9121.42285126692,342701344330.5576,6.687729888112539,0,185859180315.82138,185859180315.82138,18727545809.330593,185859180315.8214,436803270.2625765,164030185612.385,21363936392.76177,0,28255040.41204622,0,167131634506.48984,0.9607238023872829,6.200904777443896,21,101,636868,2101559,636868,1994004,1,0.948821327405036,1,6103,22506,5473.610676969324,20211.18665272193,161.32194924747114,328.59926427772285,3,2,0,3,0.8930592408486651,0.9933767162275008,0.9842462304200483,0.906895758157466,0.9972944587529418,0.9987586617689108,0,249380.60095345674,11.374811132740327,0.00211174654626248,414.59753650407686,27880.268233374638,32551.62261139694,27.330984097205434,56858.587479310976,195.86579050555054,491339.4829119168,210.9435536039029,233,1,21101.102638366425,269.17930123380603,14748.930072127285,13307.578611328552,4483.675009614801,48460.945520459616,0.8564939624119761,1.1083105727116827,0,0
1470,9888808,2147504,3349560,909888,3481856,0.798925389990002,0,0.00010825711192948017,0,0,0,0,14073,14746,17444,2541.9758601588883,63.97199691871961,39.735759122677166,1.8076604438338266,28.59552610033659,215.12403445466188,4293.0084090925775,541.5451738391866,7.5229962092612,150.12867376628003,0.017190715628198516,352472.14676319435,767046.5744683852,6059.248441866694,409598033972.29517,8.328699694257523,0,890247972619.9609,890247972619.9609,25137111221.74658,890247972619.9609,361608759.2800667,870746641375.1272,19110174514.48079,0,29547971.073015384,0,865110861398.2146,0.9604841853213053,6.690228269338355,21,101,618967,2110649,617621,2004132,0.9978254091090478,0.9495335321031588,0.9960735580681672,6103,22500,5503.632476076738,20934.719545138458,109.21343174465346,259.56452814732484,0,2,0,3,0.9547557167522636,0.9923725028801954,0.9810368482032186,0.9745673974193453,0.9960710893725259,0.9982825394313258,0,253593.35965298704,11.607196848199829,0.0022155496822615917,430.7444528655827,14964.003587759951,24120.097827092843,26.104258992617673,55843.61710637061,214.87249931577412,416713.84467709507,208.89464895277396,233,1,20825.188501609347,287.5074741662683,13973.03116112174,14145.285167318505,5143.158055327175,45480.535245653904,0.6203956424650844,0.9878225144166946,0,0
1500,9891660,2168889,3321364,904571,3496836,0.8016765347607843,0,0.001350675187049199,0,0,0,0,14746,14577,17429,809.0468876792228,103.92796915227987,7.784688705826354,2.6053737289114474,46.8303583747874,368.20436375880337,4446.942893512874,595.4896581043389,7.8625143291031865,94.95854927958497,0.5342087569759455,412062.11921258905,434379.9406305552,220127.19250143104,642578622728.516,10.057449772908821,0,870675306912.674,870675306912.674,8002816736.982133,870675306912.6742,350251006.1678596,851203183275.9401,19100023465.031666,0,21849165.534708284,0,862672490175.6932,0.9587580496980885,7.3004511776486565,21,101,592685,2156797,586024,2050064,0.9887613150324371,0.9505131915521025,0.9896713615023475,6103,22519,5491.705933549354,21553.40304663146,81.08697168283088,286.0539744456739,2,2,0,3,0.732334378658181,0.9904839255011474,0.9679694352843569,0.7634893388483145,0.9950987625035382,0.9976428559719382,2,259739.30975023526,11.823853061820483,0.002605749254086419,400.70876635491896,15068.838149599056,23146.326358756483,32.68076443791914,52277.76791945966,268.66210778577414,506173.82827496366,197.30260086741538,233,0.992570073460822,19791.553661068952,272.31047191630745,12728.818538260299,12720.181241002578,6091.300335754443,46629.81276866334,0.6510250445811401,1.0006790231282146,0,0
1530,9894446,2385872,3096853,899947,3511774,0.8046584499496144,0,0.008357023532766933,0,0,0,0,14577,14632,17418,369.5427814649407,174.16393079819312,2.1218100657887455,4.84389688789083,85.06151981819141,464.7541529115867,4667.945313802342,608.1169566511328,5.463741465058957,54.87728556672281,0.7820520153449226,514150.4972881776,749747.2251317175,402092.43259481346,559505420401.901,13.628322285154123,0,897556070827.3375,897556070827.3375,3656421095.895607,897556070827.3379,334489560.5900404,878100959195.0968,19101051594.286705,0,19570477.3643021,0,893899649731.4436,0.9649019700932976,8.23104680214129,21,101,591798,2020058,584493,1935692,0.9876562610890879,0.9582358526339343,1,6132,22539,5621.489352427863,20818.26762778557,49.30469740793704,234.21139152321538,0,2,0,3,0.7274380613915774,0.9893384059195284,0.9558763753088609,0.7696383800210866,0.9945576782890327,0.9972271551703704,8,256356.9540543761,12.206577884768432,0.0038177131262972825,350.45873512223585,13005.354154407556,17597.072724541762,33.870750485794886,46954.54908835434,200.25199953036358,308287.82140611275,182.4055603128522,233,1,18370.50700461598,224.97971408422384,12032.542658757235,12399.78940911598,7518.6633232289005,44312.06350662754,0.739063499821174,0.970382823591443,0,0
1560,9897325,2562858,2912406,895391,3526670,0.8076434305268203,0,0.04422479728710535,0,0,0,0,14632,14527,17406,455.0822741911479,376.8149668977043,1.2077075333228235,8.95025640890428,188.8340148319617,560.5654851154874,5359.620079598957,670.8703222260812,2.968562023183797,28.38270469633524,0.6781741371217254,759708.2709119576,515214.50108995475,515214.5010899548,566697209323.9816,20.16166795515326,0,977481845796.4834,977481845796.4834,4504097169.410304,977481845796.4835,316098158.01839066,958012260142.9509,19134922112.196667,0,18565383.317664497,0,972977748627.0751,0.9365618999540246,9.777757087974072,21,101,633977,2028319,596932,1896473,0.9415672808319545,0.934997404254459,0.9173912280804336,6132,22539,5938.360689636176,20786.9809932486,19.47191821464859,203.32832519849296,0,0,0,3,0.736343042386101,0.9884675364452981,0.9095804312820818,0.8268415511315304,0.9939889996006297,0.9967603780354186,12,247927.46202204443,11.93199477928589,0.0039568528425122556,367.35425013601105,8431.588601746522,21499.641606210924,37.46762930704333,38494.265609383554,338.93885133628805,180624.5135159542,209.48571039354434,233,1,20689.562268661644,221.6230709056472,12004.848133528169,12703.83962395401,8295.914005943165,46371.4224481337,0.39217344903604173,0.9449779349301731,0,0
1590,9900226,2845318,2622389,890960,3541559,0.8106723714346801,0,0.16445981447783348,0,0,0,0,14527,14495,17396,1075.7381920290986,962.0977772833705,1.1181173238614157,9.92660471746078,251.23517333462343,713.2507845502014,6847.992225642942,895.8376958686081,2.838976625300046,27.257298947237818,0.21320757665502088,1465857.3719065846,312531.8979861005,312531.89798610064,653738011583.7434,41.043856427584316,0,1015951669829.3417,1015951669829.3417,10650051217.919481,1015951669829.3417,301849173.43500537,996424161758.3862,19203057737.85113,0,22601159.669440918,0,1005301618611.4229,0.8534091025654177,12.969033601835484,21,101,665209,2064483,558325,1771219,0.839322679037716,0.8579479705088393,0.7436674697001122,6132,22575,6121.842625778764,21318.974128530383,3.13427634114698,146.23027925184422,0,0,0,3,0.636580806554884,0.9862237681008075,0.8361421976091876,0.799754359850438,0.9934492480281426,0.9966639992446245,15,231805.82195316165,11.940834186595916,0.002718749228221961,386.2962529612247,16190.595651633903,27806.4474672086,68.42001109969226,25050.609748730294,499.23518359366483,45456.38253794586,178.81108596109794,233,1,17789.371108130115,268.77513910939865,10918.412881831671,12031.448660144628,10870.185681887573,38024.757534439545,0.5822604872746524,0.9074894628441545,0,0
1620,9903105,3138799,2321268,886630,3556408,0.813733238071987,0,0.28317726313148506,0,0,0,0,14495,14506,17385,1393.0232923897693,1980.2791090142273,0.7034479564263085,11.647380817522263,348.44785479659873,1001.9425118360674,9134.031406421303,1202.8164093034131,2.8754446269182417,26.213481531557022,0.0010977057852223915,2443038.0660884646,1263803.3675960167,2681.7370186638764,761119770144.546,76.56360968914169,0,937529190039.0262,937529190039.0262,13795255931.980785,937529190039.0264,172430081.01029992,936839478094.742,499790303.43020463,0,17491559.844202124,0,923733934107.0458,0.7617824603569707,21.238958583653215,21,101,660382,2105615,515181,1591907,0.7801257454019037,0.7560294735742289,0.6723359007998646,6132,22624,6021.743209665762,21740.550996399146,16.233043212842617,101.28858108223308,0,1,0,0,0.5335336791242625,0.984654023871419,0.7392576721035979,0.7775474875839153,0.9928150188393796,0.9965193655203326,17,235390.93200298297,13.405663095398937,0.0015436370812927324,495.7352899944801,13904.9379419236,25318.96370316503,176.68106059125955,16299.23306632403,269.8900230471694,115589.96801498372,194.84027837965687,233,1,18466.659215079922,349.4989303957998,11803.41864562811,11754.048499391134,13074.47592463203,44220.88555707372,0.549190642434761,1.004200267358054,0,0
1650,9905925,3404732,2047490,882509,3571194,0.8168601718712114,0.007650454196376366,0.3783144437327033,0.5974281974894998,0.1357309892816673,0.000028972559352104927,0,14506,14558,17378,1936.653549583284,4066.4523556664317,0.4762513808589539,15.385496362206286,542.9744590587712,1641.4250991355254,14108.597551645304,1875.1758668122377,3.0230245120201107,25.98390645501467,0.006037479303416582,2436957.731289476,1172240.3153082158,14713.081865961392,1041269061949.0048,151.60211406910926,0,1696842877197.6501,1696842877197.6501,19184344813.15452,1696842877197.6506,544004959.6981919,1695792672029.4565,490419403.949456,0,15780804.545935944,0,1677658532384.4954,0.6804989224274426,46.1925297849931,21,101,649349,2113806,465606,1414718,0.7170350612690556,0.6692752315018502,0.6070895766966873,6132,22671,5845.292702184445,21630.20788029636,28.660980359665505,77.93359863679721,1,6,0,0,0.46999547804076003,0.9809390487382597,0.640647668996814,0.7934122252262878,0.9917928741943989,0.9956412957885782,28,205111.48148124156,13.089966291845974,0.010452441177624016,704.4774353181157,9859.990807551227,25503.401079220035,574.5239055154301,18375.780113512617,267.6511914833046,438262.99589694577,184.55103417125838,233,1,17058.600035236264,517.8990972031502,9711.538235981587,11126.927706868519,17358.697668568177,37933.84004262873,0.38661474118387557,0.8727960216715321,0,0
1680,9901419,3612358,1826353,879324,3583384,0.8205451622636319,0.26061794356638096,0.4274242840254365,0.8131792688412502,0.18956525322279563,0.527808488864071,0.0000285817618666577,14558,21857,17351,2154.4406438390547,6880.985722369119,0.3131005833706747,21.383903265797574,906.996558474155,2879.096606054072,23722.34744270151,3018.9921803997586,3.1743192178122386,26.154837326626396,0.009346657535247327,2123018.3047362207,864545.8645697162,19843.12503543081,1416554454392.482,256.55482734169203,0,2215484288497.973,2215484288497.973,21332019525.278915,2215484288497.9736,1593318317.0421238,2213580499948.919,296543947.7945888,0,13926284.218273135,0,2194152268972.6938,0.617680335438993,87.83809588304977,21,101,632865,2003680,383819,1244723,0.6064784748722082,0.6212184580372115,0.5090009308587566,6132,22671,5652.152412431915,20624.526444590283,39.08834789023202,157.06424510783435,0,9,0,3,0.3911765655640521,0.9771143995261399,0.5576867545315507,0.7894943014047907,0.9909178817255676,0.9943960365821785,42,168189.60797988295,12.393142428986144,0.025389602634589267,1213.3428442825066,8999.1312276222,24209.608738760457,1060.5572631602497,15200.148258452857,368.8424784737197,49804.04298976073,229.00915255264553,233,0.9970743527506063,14909.292536059686,848.8953502591075,10075.782435860989,10191.299981781474,18231.44359978592,25520.555941840827,0.3717173344158291,0.9886650823617211,0,0
1710,9824655,3722090,1659361,878442,3564762,0.8256516690387035,0.41606327798004,0.595115557490967,0.8326471536437079,0.11377580179660253,0.6459294499399725,0.009192892778423263,21857,93875,17111,227.85889383536352,9177.718278845576,0.024827401202821064,33.917876086204224,682.2650688520266,5270.724146078279,28178.59849472025,3657.722722253205,7.725331966572397,41.30154067851271,0.2640959751693389,383128.25036603987,358710.5752749707,101182.62889534194,1486157456145.8755,350.29540412767585,0,2506685553441.991,2506685553441.991,2238635020.613757,2506685553441.9917,2085684388.2717204,2504293601910.451,292340859.0508919,0,13926284.218273135,0,2504446918421.379,0.5668815054256336,161.9185359405411,21,101,607113,1923467,295205,1139334,0.48624391175942533,0.5923335310665585,0.4055150714375688,6132,22671,5354.915072267206,19741.67855985023,66.60485399845469,309.2859188109939,0,13,0,3,0.41519734842647016,0.9721622100173996,0.5267564678835949,0.8163104839046198,0.9902392675897607,0.9937748190637286,50,163631.9382412354,13.687904329508118,0.03766574391239746,2362.4395311470944,9523.299165883784,27864.09111103826,1587.2635298037046,11812.286072854524,637.1157324329531,29035.835935319694,233,233,0.9900000267818466,13337.167281187823,1535.1546479270003,9562.104539711907,9798.015069432824,19521.787411678142,18134.734209440187,0.34177677383889843,0.975922620240002,0,0
1740,9639401,2984875,2273630,849356,3531540,0.8331067480205876,0.45557736751862926,0.7340611686699284,0.8876596053279081,0.16897263637024748,0.5466642584949003,0.11708352002370272,93875,201838,16584,504.65042766131427,6571.224568545481,0.0767970143764265,43.29590976886526,788.9546954355702,9328.854310407367,44629.770692177946,2717.184895952583,11.824321934299466,56.5682300268693,0.253512084252255,692190.5814842567,191193.7317814199,175478.67701185422,1651555038951.687,244.19062550653575,0,2909153179266.6055,2909153179266.6055,4864527837.048508,2909153179266.605,2054716435.8945334,2906858853483.3506,225683063.14238933,0,13926284.218273135,0,2904288651429.556,0.7386140153289545,225.8451291908381,21,101,607496,1900829,484597,1368087,0.7976957872973649,0.7197317591429845,0.964473031303856,6132,22657,5196.758334656272,19262.65921145792,90.82059117815587,339.87950941817786,3,19,0,3,0.4575050070016893,0.9483670910347517,0.6336110584561242,0.7769691812629931,0.988960999965957,0.9926502030843172,78,274129.7230253309,17.755627383320473,0.02505025761951807,5205.332648994499,15152.615755107556,34113.620673072175,1648.6790267540362,90961.30620248393,1276.3975307883538,43279.574270252946,233,233,0.9969873257556895,11956.973693535141,2660.9761171720193,12220.979368857934,9824.152028102484,34867.21270482072,11613.246610725495,0.44418081271180865,1.2439729489017681,0,0
1770,9363300,2950272,2160493,771349,3481186,0.8320740632762414,0.5767651346885493,0.8640741491364728,0.953632368899237,0.13299819508079416,0.3751361165401087,0.36261574444907246,201838,291932,15831,7946.748781486713,9354.373155241437,0.8495223196258741,23.02866338266541,1077.337544601129,10719.690492012536,77180.17082437473,6895.469209044697,9.950168863725409,71.63973000954844,0.013471652726319672,4078580.983814517,408547.5674473109,54945.22663012041,2024638912210.4407,361.5554872857094,0,5516637543450.266,5516637543450.266,74407792865.69408,5516637543450.266,2461652555.6357026,5513952406407.951,209558202.4588561,0,13926284.218273135,0,5442229750584.567,0.7176095715268962,258.7669940065727,21,101,662038,1832611,493925,1296259,0.7460674462795187,0.707329051282569,0.9264205399872311,6132,22645,5751.409426521332,18472.35171963572,87.85651938104665,461.9554759974011,3,21,0,6,0.41057253417213285,0.8677184416949566,0.6601873647294004,0.7102997799654759,0.9840904728180729,0.9927553974800568,90,266426.8951492737,17.85918509936009,0.017345371513324003,11221.08229353151,6481.480350311879,32528.3991773044,781.5623365644306,48653.70051018382,2417.1403685442,144333.80345192543,233,233,0.9924076134346898,7327.538310636537,2783.608700571056,6546.122664481951,9459.774871440433,120193.13789277825,6695.420669753681,0.1992560505354999,0.6919956080820745,0,0
1800,8582865,2847233,2050454,446290,3238888,0.7524323216244729,0.6383861332687752,0.9484153807725084,0.9820732523132103,0.17084120512206588,0.13671646938405765,0.5542144726731691,271086,737254,0,11479.219155379911,11353.292211145734,1.0110916676759674,15.904671922392009,1301.2351549502291,11971.294884600902,99197.36955954069,7899.901456344215,9.199947326245418,76.2332382292076,0.013218095208476388,4154656.452141276,595799.8635657212,54916.64454291399,2028139071828.8489,429.4117140907107,0,5563434130346.922,5563434130346.922,98524588316.04659,5563434130346.921,3167214688.8622856,5560099023993.4795,158739886.13644722,0,9151778.442131624,0,5464909542030.883,0.6882911200809372,284.81878188435104,21,101,660358,1734585,433234,1215184,0.6560592890523019,0.7005618058498142,0.8326343019972949,6116,22625,5427.136475530273,17070.58994831725,58.186395042060724,588.1055582177441,3,29,0,6,0.3764425844535843,0.7854569156901617,0.6753576371083991,0.6414370070178833,0.9705901503672212,0.99327359227612,92,189477.944010272,13.793439092046217,0.011635583746627102,17840.409791717677,7620.994793787253,29785.826770349613,1152.2447060833827,0,4269.819457399276,58803.89000992162,233,233,0.9945645318511047,0,2884.6881740685217,7654.9116496235065,8408.965228615356,222552.38804218033,87.51963418957673,0.2558597702372188,0.9103274233521818,0,0
1830,7672302,2460991,1945860,123878,3141573,0.7409941929055464,0.5727411927392773,0.9799251583476204,0.9748644173096883,0.19100121449859508,0.08173218416063392,0.57101245493204,524596,695777,0,12508.089769194223,11460.061298221552,1.0914505117992093,16.506952313698008,991.4420167928484,8785.143297710742,106497.71890460546,11310.448163572217,8.860975376179065,107.41699171587263,0.0031167579583747385,3580196.2805935754,17031.484713075115,11158.605250083832,1924888599905.938,446.26168074310465,0,5176780786810.631,5176780786810.631,95965842152.36995,5176780786810.63,3490904743.9018745,4967990853225.178,205291169993.7686,0,7858847.781162463,0,5080814944658.256,0.6442250207622053,296.2250766748108,21,101,614246,1913183,417933,1210300,0.6804000351650642,0.632610680734671,0.9515863715336783,6116,22625,4857.495134282826,17728.013965636008,136.37914075268222,800.0758841111467,4,37,0,15,0.3975904818858099,0.6973432085848492,0.682830616764246,0.6786015291437647,0.9484966913869293,0.9932781280345837,93,106821.66610243267,7.872706137445882,0.02043665290623946,16435.434849168738,10378.052429540536,25317.18778200157,1491.840712237936,0,6980.991219306233,18242.649725761723,233,233,0.9856794630144592,11959.523364587614,3120.6756509654456,10493.16168694486,8507.633389653125,421964.09477870626,10768.87882543256,0.4099212171155311,1.23338197667362,0,0
1860,7146689,2212353,1745759,140949,3047628,0.805580286762982,0.5827576137563784,0.9901451441669056,0.9892342746226996,0.21527297466001388,0.013839415707049796,0.6015349205765075,695777,537927,12314,16697.63889083039,10866.231185775045,1.5366541172701373,17.741764404759365,671.3938600268515,4535.327367995923,97699.32044399144,15293.024828061505,6.75509211212408,145.51714911435755,0.019228159232374087,2472205.602411818,47535.9629809934,47535.96297834154,1433192350590.4436,513.2827289967079,0,5620370265281.116,5620370265281.116,119332832187.07925,5620370265281.114,4746321615.184822,5410311950299.922,205304134518.2264,0,7858847.781162463,0,5501037433094.045,0.5964787173674415,315.27935782224546,21,101,584900,1859323,355766,1102161,0.6082509830740297,0.5927754349298104,0.874125163988868,6116,22592,4431.632188639116,16724.20259890915,236.20215350289612,996.1728599583304,3,45,6,18,0.3431593566711133,0.6116572989365365,0.672117540379085,0.628198146116156,0.9131991686040833,0.9939168168111859,92,75401.00545887162,6.206154804091422,0.039966330307580594,22992.007676163204,405.27592221017306,22617.284323338044,3582.4116732687635,0,8806.495044133811,27696.75530750417,233,233,0.9540188364853806,0.19669400042541,3237.0503483821876,470.0646929740744,7557.332202533625,575405.6522864284,0,0.017918858710724257,0.06219981871598596,0,0
1890,6381638,1767323,1523200,155997,2935118,0.9393992991387691,0.558745189102673,0.9962143655645699,0.9961064514665338,0.23611179449539443,0.009854993341834808,0.5628354350403454,537927,775736,10685,31308.264295576217,12277.200695562973,2.550114237921609,19.899412208921262,508.71439919781386,4165.595781299179,87353.88398420216,18057.631590748395,8.188476260683522,171.7149821627804,0.000007840552653681776,3981493.373752882,31.217108437533653,31.217108437533653,1009742600494.0411,629.9860172789886,0,5835533981870.489,5835533981870.489,199798009142.70685,5835533981870.489,7019268485.521385,5623129283547.517,205380563380.32693,0,4866457.122371777,0,5635735972727.798,0.5440018751888859,325.6101293931687,21,101,580153,1779076,351188,932237,0.6053368680330878,0.5240006610172921,0.886960116292121,6069,22589,4389.599999999999,15775.150073558212,109.43875072380983,1276.9269563185424,9,44,9,18,0.3080316299359523,0.5343460994371504,0.6321302401689163,0.6310740205494264,0.8633065849341386,0.994406775376978,87,64136.240549158145,5.996726622824846,0.03749091428142317,18523.60255157557,0,21321.662866391387,4276.654544762935,0,18358.28821451448,45723.31489100256,233,233,0.9568074330286237,6636.4640236889145,3312.1272795456807,167.5,7042.706109805772,695982.5369601577,5806.883969375372,0,0.023783471493547727,0,0
1920,4992660,841203,1251965,154689,2744803,1.3852170489898565,0.4744455958616614,0.9984618807852348,0.9982336002754182,0.48467129746467813,0.018860687489234196,0.4494984637447773,688891,1046183,0,53199.19473151143,10998.295581802127,4.83703991548793,23.1176886539542,486.8080134404791,4250.74640881041,76148.65632506723,20183.8319518083,8.731874355905891,156.4244100808701,0.0010697604165305075,5195423.484719665,5557.858391066099,5557.858391066101,846157360932.187,600.5705709852607,0,5774139763279.048,5774139763279.048,265605491568.24448,5774139763279.048,8213218517.988981,5549137145075.573,216784533228.36212,0,4866457.122371777,0,5508534271710.821,0.455180826333264,313.1506837848606,21,101,581852,1740625,247585,809562,0.42551198586582156,0.46509845601436267,0.6225583050476294,6069,22572,4389.599999999999,15117.453107472247,221.97124670765686,1340.8551156604933,11,49,9,27,0.1946790606416913,0.46195031745385984,0.4779403439568371,0.6194011102634136,0.7993007544193488,0.9953280615678921,81,60613.70802851973,6.880448001481693,0.030656472564991547,20594.032123168534,0,18924.62304832397,4670.787863024938,0,21079.398422302904,0,233,233,0.9551515537765595,6609.3664359894,3763.1416623240925,167.5,6265.992933754427,798987.4913838455,5782.5038947381345,0,0.02673159733355112,0,0
1950,3465522,92822,659072,144308,2569320,3.609056595743549,0.6955025185654413,0.9994318321656649,0.998288485237922,0.019508460774451872,0.7479118585886917,0.23257881496640334,475747,888301,0,89492.56959734943,11291.448799777289,7.925694141137546,26.004668135657358,490.84735454042305,4204.336670999035,74564.07999691657,20178.65447696509,8.565466701833458,151.90889653817203,0.0001989363860500637,4483221.178234582,891.8758190608635,891.8758190608633,1039637023994.4501,610.6120992229269,0,5793247363135.449,5793247363135.449,310138468776.1526,5793247363135.451,9085321406.044577,5555640233979.063,228521807750.3385,0,0,0,5483108894359.304,0.24953934740024708,293.95238389503817,21,101,600662,1635839,106966,451129,0.1780801848627015,0.2757783620515222,0.26188206278723947,6036,22502,4386.299999999999,13269.965273913973,168.4012319294777,1557.4261457423418,12,62,9,36,0.054069752602181255,0.3856430626844894,0.22002337824308824,0.6292430368119526,0.7158395070167661,0.9965845832731398,65,60282.03617027004,12.961672010020525,0.01778900806411056,21194.507636654944,0,15344.994353401678,5140.743906672026,0,18182.75044174455,2437.3584155969097,233,233,0.9162505846788136,1.3079418774514214e-62,3692.7890617447697,1.3079418774459871e-62,5160.694429753869,834608.2421327415,0,0,2.534429998228683e-66,0,0
1980,2891728,57344,250540,123478,2460366,8.392264619142274,0.870873673318883,0.9998011547201516,0.9982435840934143,0.000009682791742515202,0.04504158067425429,0.9549487365340033,578589,454612,0,131968.86395156977,11432.085949867389,11.543725662165844,25.871841092507655,484.73259250846417,4255.373497217027,48577.18819083904,21026.81890183201,8.77880621807522,100.21440468744798,0,4089197.753896262,0.000007838610420405532,0,754905825039.4603,620.0757397462329,0,5808395697584.494,5808395697584.494,381618059016.95575,5808395697584.493,9110253509.377085,5570018878270.933,229266565804.18073,0,0,0,5426777638567.547,0.09747446812942165,255.47510319697037,21,101,617197,1543338,38920,171677,0.06305928253053725,0.1112374606210694,0.09458933149280221,6022,22400,4384.9,12011.304597848506,192.06154545072087,1893.283127865081,14,74,9,39,0.010573950065949932,0.30723501865288066,0.06644600422255284,0.6378178222695414,0.609872304792605,0.9966343019284548,65,60260.44450360337,34.33692474457093,0.008299312686699688,25229.781523461097,0,13522.384676061009,5582.239561210362,0,15306.003326540898,0,233,233,0.8691547204875546,1.7737218139923147e-36,3529.9631435408764,1.7730121581582244e-36,4607.376068935717,885591.9614202544,0,0,3.8482036882389374e-40,0,0
2010,2459006,45252,107479,102559,2203716,15.100241601246637,0.9503105649716919,0.9999287228126109,0.9982460659461448,0.000003253347084147009,0.000013420056722106413,0.9999833265961937,235191,299308,0,191945.83897791558,10632.734966302005,18.05234867475241,23.36904470054864,447.2082148256875,4042.7115029832544,52838.9649283048,19774.40897192437,9.039886497968334,118.15293900381577,0,3318367.011170156,3.322877749891937e-7,0,613655719453.4763,597.7036910963997,0,5977072054685.377,5977072054685.377,471995969721.7402,5977072054685.376,9143190140.23886,5667803167116,300125697429.1351,0,0,0,5505076084963.647,0.0438155313761042,217.28303433849536,21,101,615132,1487296,17760,74359,0.02887185189520298,0.049996100305520895,0.04329207370547612,5992,22330,4381.9,11449.354253144857,157.48813042749347,2181.6378221640653,14,76,9,42,0.002579869807070053,0.22753559802010803,0.02222529263960896,0.6283764928173565,0.47712360055376474,0.9966629639451544,65,60092.711170270035,78.28054299799612,0.004770360537753338,18900.999976747724,0,13082.059008482653,5743.3168096891795,0,13545.32111732342,0,233,233,0.7961098610776496,1.66931477207722e-33,3152.108705145189,1.6693147701606696e-33,4404.472799084296,971909.5492752963,0,0,3.790044453237912e-37,0,0
2040,1999592,39000,70332,68798,1821462,17.289174258222662,0.9815246436554217,0.9999754119249517,0.9981637186548462,0,0.000004000816166497966,0.9999959991838335,279404,422291,0,282449.7129767982,9634.14618238598,29.317565628513957,19.958552246746496,391.87741663784016,3680.879007366577,64320.36030808703,19134.625408348296,9.392934757371641,164.13387854786674,0,2645078.79770661,1.4542687744261648e-8,0,611672426394.6018,561.9870678909574,0,5763960287452.828,5763960287452.828,564784186470.7125,5763960287452.825,8300519792.846509,5447357777357.718,308301990302.2597,0,0,0,5199176100982.12,0.032840216308071865,178.4912487247825,21,101,621058,1455055,12228,55952,0.019688982349474606,0.0384535292480353,0.03126804147518648,5992,22270,4381.9,11331.4,275.9569075848895,2318.5339738789335,14,78,9,45,0.0018300995890575167,0.15194771633389698,0.013906041537489526,0.6286869787415242,0.3264592151362909,0.9967422319673415,65,60009.37783693671,105.61932150824882,0.003700942460169548,17770.767878817736,0,12943.4325576903,5622.14910467287,0,14078.769501983956,0,233,233,0.7127765277443167,6.3958521899690184e-93,2662.1198957303777,6.395852188392901e-93,4366.081411518054,1091671.19232405,0,0,1.4648953112784746e-96,0,0
2070,1477144,30423,21982,50342,1374397,27.187081385363992,0.993105656417861,0.9999921266620269,0.9983832997913428,0,0,1,401572,488100,0,440410.5051757018,8568.678055606197,51.397718798357246,16.772505943913085,330.92494377312806,3204.495510428215,66692.41181561774,18904.271572892303,9.68345109888458,201.53334788005586,0,1905432.6174105173,1.9485838868370827e-9,0,446367032872.2483,515.5694620177005,0,5661359644234.286,5661359644234.286,650549735257.2632,5661359644234.282,7805777239.88709,5258055065508.778,395498801485.61487,0,0,0,5010809908977.023,0.010406881257122247,153.45524809917845,21,101,605342,1463001,4234,17291,0.00699439325207899,0.011818857266673092,0.011215143116024343,5963,22176,4379.000000000001,11321.999999999998,241.80603054167247,2704.2484520361754,14,80,9,45,0,0.09902633879975067,0,0.6310595119466648,0.2193678795461449,0.9967422365491966,65,59509.37783693671,331.7595976972081,0.003351843800777188,15654.748514430354,0,12447.577972816845,5268.376704142895,0,15230.844213160304,0,233,233,0.6294431944109835,0,2244.421483169317,0,4361.388888888889,1216267.613830585,0,0,0,0,0
2100,958168,21478,5169,34370,897151,34.95781889143243,0.9974920836674293,0.9999982915088245,0.9981767536164275,0,0,1,459452,495932,0,696226.6194921987,7535.352859693656,92.39469371318907,14.976732985604796,282.7820908621316,2751.340315629006,62468.916176999686,16454.334266206417,9.729542303194874,220.90831843893523,0,1224374.1108551535,1.9485838868370827e-9,0,468126094460.09216,463.11473252931086,0,6038171781245.217,6038171781245.217,667102067545.6084,6038171781245.215,7793957546.250629,5591739773152.0625,438638050546.8994,0,0,0,5371069713699.613,0.002527905514480513,126.8812970875265,21,101,578448,1450900,1032,4098,0.001784084308356153,0.002824453787304432,0.0029473684210526317,5950,22104,4377.700000000002,11343.599999999999,269.6980738294782,2920.550438340605,14,80,9,45,0,0.06478558116605215,0,0.6370268620838563,0.1504588572458457,0.9968079451759855,65,59509.37783693671,1392.0322301037825,0.003205197504944185,13526.508139988551,0,12206.838260438662,4806.603378077861,0,15601.95729726215,0,233,233,0.5461098610776505,0,1911.596102097293,0,4367.027777777777,1337517.5197310369,0,0,0,0,0
2130,25082,722,14,9961,14385,33.078804347826086,0.9979054253253087,0.9999952056180541,0.9986110067925895,0,0,1,18386,29665,0,28447213.43615535,6515.309924112238,4366.21032115084,12.58337544458981,233.62468056650735,2318.3908745354647,55198.63069013047,14785.188297274743,9.923570013723248,236.27054537338037,0,34746.63871390512,1.9485838868370827e-9,0,264302401999.7394,406.34260611799635,0,3608082879136.9,3608082879136.9,713513007405.6553,3608082879136.897,7361504060.886699,2986318952172.402,614402422903.6096,0,0,0,2894569871731.2476,0.000006679688879176833,100.35975647202929,21,101,608969,1486937,2,12,0.0000032842394276227524,0.000008070281390536385,0.000005296301592597889,5921,22061,4374.8,11339.3,235.46813948790287,3338.7253824159234,14,80,9,45,0,0.03656527944390752,0,0.6370268620838563,0.08785766505067526,0.9968869639647646,63,59509.37783693671,510080.38145945745,0.0031616990688338935,11436.9452897223,0,10213.081527686865,4239.775857912397,0,14871.212596159196,0,233,233,0.4627765277443175,0,1601.0366843579995,0,4365.0277777777765,1455044.5200392646,0,0,0,0,0
2160,15,3,10,0,2,0.15384615384615385,0.9969490759527059,0.9996380577687383,0.9983320904624396,0,0,1,60,9,0,47650761690.76582,5531.180468676307,8614935.267546847,10.552506287617092,190.7239837200718,1912.4329050730742,46959.99397668571,12324.375503859988,10.027228184788642,246.21965764730217,0,32.49262515814611,1.9485838868370827e-9,0,248926075780.2034,348.72768475926944,0,3579178797346.193,3579178797346.193,714761425361.4944,3579178797346.19,6638532853.878491,2940679603173.2017,631860661319.1102,0,0,0,2864417371984.699,0.000004765428910046335,81.92867800793427,21,101,608895,1489552,2,8,0.0000032846385665837296,0.0000053707423440067885,0.000005297339676014706,5921,21904,4374.8,11333.499999999998,353.65935163073624,3409.6376749746673,14,80,9,45,0,0.016356794730004485,0,0.6372099083741536,0.038069567861365096,0.9981510465765757,25,59509.37783693671,714112.5340432405,0.0032046847856490603,9476.932331481754,0,9876.325179011115,3641.5263745529483,0,13439.7732375885,0,233,233,0.3794431944109844,0,1275.9166840760674,0,4363.416666666665,1535629.3508546033,0,0,0,0,0
2190,2,1,0,0,1,1,0.9978213595737077,0.9999466214697968,0.9978735364864106,0,0,1,0,0,0,357438519951.405,4719.9061256886425,75730006.1554199,10.628087936513582,165.8813091950379,1624.46613464048,39434.287177067745,10639.734721995861,9.792942571549668,237.7259220368353,0,4.9297024219522765,1.9485838868370827e-9,0,137824306691.45197,298.2692938250657,0,3444784853872.8525,3444784853872.8525,714877039902.8171,3444784853872.8486,6302499549.062932,2795828486047.1064,642653868276.6807,0,0,0,2729907813970.0376,0,82.10670408348165,21,101,610421,1507484,0,0,0,0,0,5893,21859,4372,11328.999999999998,305.8120569512593,3633.765784016577,14,80,9,45,0,0.008982781861382082,0,0.6372099083741536,0.021047015568042074,0.9984810906965164,21,58926.04450360337,0,0.0032794854337741012,8007.531901683735,0,9563.074820570848,3154.0058616240144,0,11819.715653537516,0,233,233,0.29610986107765136,0,1137.9447534197504,0,4361.388888888887,1556431.9322337396,0,0,0,0,0
2220,0,0,0,0,0,0,0,0,0,0,0,0,0,0,0,0,2390.5045280339677,0,9.665837436615883,139.12368862164107,1216.8794110922659,32771.63449942119,8770.245083471924,8.746744879670887,235.55754468634376,0,0,1.9485838868370827e-9,0,90798583509.52234,149.6547244647512,0,3056096227455.7524,3056096227455.7524,714877039902.8171,3056096227455.749,5043235735.986415,2351939349554.725,699113642165.0388,0,0,0,2341219187552.936,0,64.50753748796258,21,101,486954,1480224,0,0,0,0,0,5879,21695,3561.399659999999,11015.333099478119,403.5349520339506,3648.797401475922,14,80,9,45,0,0.005079130245379307,0,0.6374294029198815,0.012379899018960994,0.9985742002728125,21,58926.04450360337,0,0.003311305234207856,7010.277979339858,0,8215.789460827014,2699.8704265540464,0,10351.98568845529,0,233,233,0.21277652774431832,0,1038.99596337536,0,4049.0924331883657,1449281.3797017254,0,0,0,0,0
2250,0,0,0,0,0,0,0,0,0,0,0,0,0,0,0,0,1409.5920892962442,0,9.151549619852775,131.79167091089008,996.5894575453732,27640.10269592371,7947.353166705041,7.561854635102164,209.72571714803095,0,0,1.9485838868370827e-9,0,45957339113.173195,83.99749869980442,0,2816433524788.137,2816433524788.137,714877039902.8171,2816433524788.134,2762090198.8092437,2112200582991.4917,701470851597.833,0,0,0,2101556484885.321,0,53.4599906251598,21,101,339152,1459587,0,0,0,0,0,5851,21655,2627.699659999999,10765.94536202752,462.0999999413847,3844.771927763317,14,80,9,45,0,0.0038356607263161408,0,0.6374557232334427,0.00995347004387326,0.9985742089502743,21,58926.04450360337,0,0.003319979119103791,6388.29675832866,0,7208.133788057426,2158.851589802918,0,9190.516134652778,0,233,233,0.12944319441098526,0,990.9624388653517,0,3720.456950563199,1332577.1954640073,0,0,0,0,0
2280,0,0,0,0,0,0,0,0,0,0,0,0,0,0,0,0,997.1921368495956,0,8.965551509687366,137.65645608547905,919.9209564135189,24496.02213668912,7487.533904180387,6.682730200770862,177.9504051846147,0,0,1.9485838868370827e-9,0,31753780367.202408,54.70450619209647,0,2808021755500.395,2808021755500.395,714877039902.8171,2808021755500.391,1552528445.3896332,2106099674123.8823,700369552931.1183,0,0,0,2093144715597.5786,0,40.31937487689507,21,101,189107,1429777,0,0,0,0,0,5791,21486,1658.0567999999978,10416.48382667715,501.1988662573597,3772.1518492274936,14,80,9,45,0,0.0014051051707605854,0,0.6377408622890944,0.003898513539005814,0.9985742113627277,21,58926.04450360337,0,0.0033155803660168187,6036.2901545788145,0,6907.089582026626,1690.1845629953507,0,8373.097401870604,0,233,233,0.0461098610776519,0,963.4225804595079,0,3354.0390629658737,1202820.056525524,0,0,0,0,0
2310,0,0,0,0,0,0,0,0,0,0,0,0,0,0,0,0,763.5933178858604,0,8.898283151663941,149.44242158720567,966.1755326286058,22858.03134431599,7241.8706688920365,6.465202600218864,152.955439971758,0,0,1.9485838868370827e-9,0,24799018522.596073,39.3894311650501,0,2765480785138.173,2765480785138.173,714877039902.8171,2765480785138.17,654771594.7924643,2061059611985.0034,703766401558.3728,0,0,0,2050603745235.3567,0,30.286970252046775,21,101,159918,1400026,0,0,0,0,0,5763,21442,1420.46126,10178.04044864068,603.6000022277722,3964.6839616648767,14,80,15,48,0,0.00019345238095238223,0,0.6382094484041841,0.0005538289981171072,0.9985742117232955,21,58926.04450360337,0,0.003300412666438819,5840.829966551901,0,6669.638722985933,1375.915171483088,0,7849.117870841543,0,233,233,0,0,950.7356759459525,0,3221.8060301779665,1156469.0928343516,0,0,0,0,0
2340,0,0,0,0,0,0,0,0,0,0,0,0,0,0,0,0,637.8638575679362,0,8.873954775493107,153.69532747058543,1026.8471144647556,22206.175107577143,7104.114558393251,6.681056160677858,144.48178401407168,0,0,1.9485838868370827e-9,0,22321049178.464077,31.76479690976206,0,2714357289052.541,2714357289052.541,714877039902.8171,2714357289052.538,619745148.3754892,2009741980868.5078,703995563035.6533,0,0,0,1999480249149.724,0,22.76457688183142,21,101,153759,1394394,0,0,0,0,0,5693,21277,1296.1498399999998,10135.900000000001,585.0499999994404,3862.4561764558784,14,80,15,51,0,0,0,0.6386893744439459,0,0.9985742117232955,21,58926.04450360337,0,0.0032971570840205256,5739.433029870392,0,6470.38416006203,1208.1991441999915,0,7536.7661944086285,0,233,233,0,0,945.1148763316289,0,3175.5694,1139921.4059702836,0,0,0,0,0
2370,0,0,0,0,0,0,0,0,0,0,0,0,0,0,0,0,581.9517822622535,0,8.865156138147107,155.2133070301503,1064.6776194463841,21996.71043069876,7044.972538426645,6.859448070644933,141.71923046795132,0,0,1.9485838868370827e-9,0,18315525426.398773,28.51463209368111,0,1896098430775.8965,1896098430775.8965,714877039902.8171,1896098430775.892,213813420.06521684,1152761160387.5083,743123456968.3198,0,0,0,1181221390873.0803,0,17.131793139406902,21,101,149765,1394105,0,0,0,0,0,5667,21234,1211.9999999999998,10131.600000000002,687.5499999993901,4034.159122245922,14,80,18,51,0,0,0,0.6386893744439459,0,0.9985742117232955,21,58926.04450360337,0,0.003296458306744663,5689.3598465023815,0,5911.74630550969,1136.6906456896422,0,7361.275584457735,0,233,233,0,0,942.6902981321774,0,3151.0000000000005,1131076.4219702836,0,0,0,0,0
2400,0,0,0,0,0,0,0,0,0,0,0,0,0,0,0,0,543.7361434317836,0,8.86197400964815,155.75341438100196,1086.920550901911,21933.678199273316,7015.367274706148,6.978470136411264,140.82309711438774,0,0,1.9485838868370827e-9,0,12252448101.96814,26.77763172302307,0,1596368609377.2153,1596368609377.2153,714877039902.8171,1596368609377.212,3689058.0474039046,844538736533.3707,751826183785.794,0,0,0,881491569474.3997,0,13.0324052063946,21,101,148944,1396392,0,0,0,0,0,5600,21092,1205.2999999999997,10133.600000000002,668.05,3933.305866870101,14,80,18,51,0,0.00009632428398171475,0,0.6388731000558333,0.00028234390618256714,0.9985742117232955,21,58926.04450360337,0,0.0034332953809496363,5665.531177796507,0,5846.9182368315005,1113.5360494438603,0,7285.917429159067,0,233,233,0,0,941.6645106546052,0,3149.6944444444453,1129688.6441925059,0,0,0,0,0
2430,0,0,0,0,0,0,0,0,0,0,0,0,0,0,0,0,546.3931659696125,0,8.86082315623919,155.9448945795967,1094.2219643992523,21943.78526517023,7009.49918697583,7.016721947512968,140.71499630896722,0,0,1.9485838868370827e-9,0,7247382257.798665,26.754648163722123,0,1500488129711.5977,1500488129711.5977,714877039902.8171,1500488129711.5938,3666705.978142002,742283181520.6417,758201281484.9744,0,0,0,785611089808.7821,0,9.860213322265926,21,101,148793,1396245,0,0,0,0,0,5575,21050,1202.7999999999995,10129.4,770.55,4106.215841052974,14,80,18,51,0,0,0,0.6388731000558333,0,0.9985742117232955,21,58926.04450360337,0,0.003370071983978391,5654.513086047356,0,5414.866897255313,1109.8001750901258,0,7260.485505310928,0,233,233,0,0,941.2368396242118,0,3147.833333333333,1129936.4219702836,0,0,0,0,0
2460,0,0,0,0,0,0,0,0,0,0,0,0,0,0,0,0,557.5187460089621,0,8.860406936853533,156.01250660194407,1097.6127976751773,21387.662700735706,6964.054100488147,7.035415439325426,137.08941139767057,0,0,1.9485838868370827e-9,0,2777638133.143066,26.444928850149395,0,775395156711.1166,775395156711.1166,714877039902.8171,775395156711.1127,0,5173104346.488757,770222052364.6243,0,0,0,60518116808.30089,0,7.474659201744941,21,101,147979,1391809,0,0,0,0,0,5509,20894,1196.1999999999996,9975.102939999999,751.0499999999998,4023.7101767562367,14,80,18,51,0,0,0,0.6390667567818766,0,0.9985742117232955,21,58926.04450360337,0,0.003244166725208919,5649.533842071446,0,3280.7799524151756,1060.0342956582888,0,7222.571049432673,0,233,233,0,0,941.0605675066721,0,3103.139705555556,1113846.7159702836,0,0,0,0,0
2490,0,0,0,0,0,0,0,0,0,0,0,0,0,0,0,0,566.7167431278446,0,8.860256406320584,156.03643592897623,1099.1102805242565,21044.805664914576,6909.742453456825,7.043933514506466,134.871099430223,0,0,1.9485838868370827e-9,0,914014519.3818377,25.193333118293687,0,775417663501.7659,775417663501.7659,714877039902.8171,775417663501.7618,0,2545650512.583959,772872012989.1782,0,0,0,60540623598.95001,0,5.69920335638837,21,101,147834,1377376,0,0,0,0,0,5484,20856,1193.6999999999996,9753.20294,853.5499999999998,4261.511551076304,14,80,18,51,0,0,0,0.6390667567818766,0,0.9985742117232955,21,58926.04450360337,0,0.0032113494260956406,5647.325219310459,0,3276.776131697251,942.4644690829824,0,7197.911967001737,0,233,233,0,0,940.9885791297,0,3040.806372222223,1091406.7159702836,0,0,0,0,0
2520,0,0,0,0,0,0,0,0,0,0,0,0,0,0,0,0,572.6779296192568,0,8.860201965220217,144.73618679083455,1099.367531956708,20919.396116312957,6870.385190526484,7.595664611127683,144.53466392993076,0,0,1.9485838868370827e-9,0,295481383.51581126,24.317285120608936,0,775314936135.9261,775314936135.9261,714877039902.8171,775314936135.9216,0,793844853.1540413,774521091282.7678,0,0,0,60437896233.10976,0,4.37459591062627,21,101,147041,1361972,0,0,0,0,0,5420,20706,1187.2999999999995,9520.10294,834.0499999999998,4190.5129682072275,14,80,18,51,0,0,0,0.6392711722149226,0,0.9985742117232955,21,58926.04450360337,0,0.003236243206598218,5646.360573334375,0,3228.329327002477,861.1608884451233,0,7184.808086089625,0,233,233,0,0,940.9594004730606,0,2974.2785944444445,1067456.7159702836,0,0,0,0,0
2550,0,0,0,0,0,0,0,0,0,0,0,0,0,0,0,0,576.1370846825765,0,8.86018227596946,143.72166323241095,1099.6727119695581,20869.23606053083,6867.4605157836295,7.651405412636283,145.2059181000667,0,0,1.9485838868370827e-9,0,101814071.95930786,23.85908925027511,0,775317406890.6085,775317406890.6085,714877039902.8171,775317406890.604,0,796315607.8364877,774521091282.7678,0,0,0,60440366987.79223,0,3.395920893768751,21,101,146924,1356080,0,0,0,0,0,5395,20668,1184.7999999999997,9436.900000000001,936.5499999999998,4429.37648055753,14,80,18,54,0,0,0,0.6392711722149226,0,0.9985742117232955,21,58926.04450360337,0,0.0032503978016398347,5645.944694341316,0,3204.685965856437,817.7437280805528,0,7178.464517236289,0,233,233,0,0,940.9476479183368,0,2950.472222222222,1058886.4219702836,0,0,0,0,0
2580,0,0,0,0,0,0,0,0,0,0,0,0,0,0,0,0,578.0144704525902,0,8.860175155125235,151.590668447476,1099.927138482409,20854.927044600445,6858.619758559548,7.255902686803694,137.573950020719,0,0,1.9485838868370827e-9,0,36762229.920181274,23.647524932190436,0,775322010605.7341,775322010605.7341,714877039902.8171,775322010605.7295,0,800919322.9618871,774521091282.7678,0,0,0,60444970702.9176,0,2.6788336726834414,21,101,146136,1354861,0,0,0,0,0,5334,20520,1178.6999999999998,9422.100000000002,879,4350.678102904878,14,80,18,54,0,0,0,0.6394872685298568,0,0.9985742117232955,21,58926.04450360337,0,0.003253435925843463,5645.7673767980095,0,3189.397806493559,796.9847801467727,0,7175.554088945111,0,233,233,0,0,940.9429394716487,0,2944.666666666667,1056796.4219702836,0,0,0,0,0
2610,0,0,0,0,0,0,0,0,0,0,0,0,0,0,0,0,579.0020452366871,0,8.860172579789934,154.436564687042,1100.0712509250532,20852.33576861975,6836.0584292212225,7.123126917218683,135.0220125064033,0,0,1.9485838868370827e-9,0,12680041.7303851,23.557262574053635,0,774732669664.6838,774732669664.6838,714877039902.8171,774732669664.6792,0,801204415.1657934,773931465249.5139,0,0,0,59855629761.86738,0,2.157167543705743,21,101,146028,1354672,0,0,0,0,0,5322,20483,1177.4999999999998,9419.775571146472,1028,4567.3451854909,14,80,18,51,0,0,0,0.6394814960426398,0,0.9985742117232955,21,58926.04450360337,0,0.0032775343430667815,5645.692493413804,0,2817.2336684077673,787.6575304963528,0,7174.2644711976445,0,233,233,0,0,940.9410617757832,0,2943.6876586517974,1056443.9790849308,0,0,0,0,0
2640,0,0,0,0,0,0,0,0,0,0,0,0,0,0,0,0,579.5171139031725,0,8.86017164839027,155.46580769707043,1100.1422109937948,20852.378538959278,6836.234505083117,7.076425532342477,134.1283903377052,0,0,1.9485838868370827e-9,0,4258860.770385975,23.521245915554676,0,774532456295.3103,774532456295.3103,714877039902.8171,774532456295.3058,0,801728853.3187418,773730727441.9875,0,0,0,59655416392.49398,0,1.7824985127226927,21,101,145240,1353435,0,0,0,0,0,5251,20340,1170.4,9404.100000000002,872,4479.017731619346,14,80,18,54,0,0,0,0.6397160763927283,0,0.9985742117232955,21,58926.04450360337,0,0.0033185354617285448,5645.661131370894,0,2728.908090577767,783.6314085091748,0,7173.706788963197,0,233,233,0,0,940.9403159589014,0,2937.3611111111113,1054166.4219702836,0,0,0,0,0
2670,0,0,0,0,0,0,0,0,0,0,0,0,0,0,0,0,579.7858597684148,0,8.86017131153886,155.83804201112662,1100.1746879011905,20852.76659511888,6833.191336395384,7.059731203646922,133.81050176201535,0,0,1.9485838868370827e-9,0,1491312.101306261,23.507873034085637,0,774532487999.1564,774532487999.1564,714877039902.8171,774532487999.1519,0,801760557.1648377,773730727441.9875,0,0,0,59655448096.34007,0,1.5207905517536568,21,101,145132,1353198,0,0,0,0,0,5239,20304,1169.2,9400.500000000002,1021,4695.8037768510585,14,80,18,54,0,0,0,0.6397160763927283,0,0.9985742117232955,21,58926.04450360337,0,0.003327335890673241,5645.648092281573,0,2725.4217002865876,781.9417984475424,0,7173.469919864637,0,233,233,0,0,940.940020766224,0,2936.0277777777774,1053686.4219702836,0,0,0,0,0
2700,0,0,0,0,0,0,0,0,0,0,0,0,0,0,0,0,579.9261101401711,0,8.860171189712668,155.97266352787628,1100.1888975514055,20853.04889221876,6834.944722872752,7.0537289847254145,133.69681853571598,0,0,1.9485838868370827e-9,0,537610.4411957214,23.50336416761969,0,774532553446.1959,774532553446.1959,714877039902.8171,774532553446.1914,0,801826004.2043284,773730727441.9875,0,0,0,59655513543.37957,0,1.3497194781522497,21,101,144378,1352040,0,0,0,0,0,5170,20164,1162.2999999999995,9386.5,865,4608.7072905462865,14,80,18,54,0,0,0,0.6399587513988041,0,0.9985742117232955,21,58926.04450360337,0,0.0033292248033796944,5645.642706140847,0,2712.4797905265586,781.2474589748517,0,7173.370690537389,0,233,233,0,0,940.9399042962104,0,2930.222222222222,1051596.4219702836,0,0,0,0,0
2730,0,0,0,0,0,0,0,0,0,0,0,0,0,0,0,0,579.9989991783904,0,8.860171145652826,156.0213504282795,1100.194927721089,20853.20515747688,6833.27451248503,7.051566498437858,133.65609963145886,0,0,1.9485838868370827e-9,0,199223.41955835948,23.502076853499773,0,774151777410.7638,774151777410.7638,714877039902.8171,774151777410.7595,0,757672766.5320246,773394104644.2278,0,0,0,59274737507.94757,0,1.2284817883868044,21,101,144272,1351803,0,0,0,0,0,5158,20129,1161.0999999999997,9383,1014,4824.9475955301,14,80,18,54,0,0,0,0.6399587513988041,0,0.9985742117232955,21,58926.04450360337,0,0.003329630236783956,5645.640494066341,0,2339.896227993743,780.9667435756232,0,7173.329572748833,0,233,233,0,0,940.9398584717942,0,2928.916666666667,1051126.4219702836,0,0,0,0,0
2760,0,0,0,0,0,0,0,0,0,0,0,0,0,0,0,0,529.0793457315006,0,8.860171129718077,156.0389583997769,1100.1974308552467,20804.31152276257,6830.330795732273,7.050786817203079,133.3276749352636,0,0,1.9485838868370827e-9,0,78239.86291048749,21.816333310019843,0,774006312290.3538,774006312290.3538,714877039902.8171,774006312290.3494,0,100332667.05735777,773905979623.2924,0,0,0,59129272387.53756,0,1.1482993372838848,21,101,143560,1351074,0,0,0,0,0,5089,19992,1154.1999999999998,9369.299999999997,860.3522215783148,4738.185914080224,14,80,18,54,0,0,0,0.6400411345255591,0,0.9985742117232955,21,58926.04450360337,0,0.0033321610934800047,5645.63959027086,0,2204.3608581472,780.8547339834934,0,7173.312685061687,0,233,233,0,0,940.9398404884759,0,2923.1944444444453,1049066.4219702836,0,0,0,0,0
2790,0,0,0,0,0,0,0,0,0,0,0,0,0,0,0,0,533.9806271814142,0,8.860171123955089,156.04532644382164,1100.1984526829617,20835.60733763212,6824.032286750375,7.0505056303563665,133.52278989997956,0,0,1.9485838868370827e-9,0,33946.06704106965,21.977870423770295,0,774006321011.5812,774006321011.5812,714877039902.8171,774006321011.5769,0,100341388.28480351,773905979623.2924,0,0,0,59129281108.765015,0,1.090660744572778,21,101,143414,1350438,0,0,0,0,0,5077,19957,1152.9999999999998,9365.799999999997,1007,4945.399390653065,14,80,18,54,0,0,0,0.6400411345255591,0,0.9985742117232955,21,58926.04450360337,0,0.003339446233026611,5645.639222728432,0,2196.1731629832375,780.8105232377267,0,7173.305799807574,0,233,233,0,0,940.9398334475441,0,2921.8888888888896,1048596.4219702836,0,0,0,0,0
2820,0,0,0,0,0,0,0,0,0,0,0,0,0,0,0,0,553.4032352385449,0,8.860171121870838,156.04758457145954,1100.1988643845941,20846.928857763625,6829.030040342097,7.0504062424675045,133.59340943990776,0,0,1.9485838868370827e-9,0,18255.31537625728,22.62008368439196,0,773999130081.4751,773999130081.4751,714877039902.8171,773999130081.4706,0,66660484.92461674,773932469596.5464,0,0,0,59122090178.65899,0,1.050984307796327,21,101,142722,1349722,0,0,0,0,0,5019,19869,1147.2,9357,942.5,4905.065437160738,14,80,18,54,0,0,0,0.6400411345255591,0,0.9985742117232955,21,58926.04450360337,0,0.0033654045876757815,5645.639073895479,0,2182.4403984808746,780.7932325094248,0,7173.303009978165,0,233,233,0,0,940.9398306967352,0,2917.8333333333326,1047136.4219702836,0,0,0,0,0
2850,0,0,0,0,0,0,0,0,0,0,0,0,0,0,0,0,566.8112669338552,0,8.860171121117048,156.04758599141613,1100.1990285229351,20851.024276751505,6833.43037787781,7.05040723016026,133.6196529044575,0,0,1.9485838868370827e-9,0,12715.227852755932,23.063492376879907,0,773999145215.4274,773999145215.4274,714877039902.8171,773999145215.423,0,44168828.22778991,773954976387.1956,0,0,0,59122105312.611305,0,1.029058692792499,21,101,142569,1349094,0,0,0,0,0,4998,19788,1145.1,9348.899999999998,1000,4971.467295522438,14,80,18,54,0,0,0,0.6400411345255591,0,0.9985742117232955,21,58926.04450360337,0,0.003370976256347476,5645.639013860159,0,2174.5266284383647,780.7865234285375,0,7173.301885558034,0,233,233,0,0,940.939829624152,0,2914.999999999999,1046116.4219702836,0,0,0,0,0
2880,0,0,0,0,0,0,0,0,0,0,0,0,0,0,0,0,573.9692747563014,0,8.860171120844427,147.71158989158474,1100.199093397491,20851.52768846981,6825.630354477264,7.448292271479845,141.16378886568157,0,0,1.9485838868370827e-9,0,10645.228404747248,23.300223536494574,0,773997864312.5891,773997864312.5891,714877039902.8171,773997864312.5848,0,8141228.337249438,773989723084.248,0,0,0,59120824409.77304,0,1.0136673362159039,21,101,141922,1348414,0,0,0,0,0,4942,19702,1139.4999999999998,9340.3,935.5,4912.771735327664,14,80,18,54,0,0,0,0.6400411345255591,0,0.9985742117232955,21,58926.04450360337,0,0.0033937553439379246,5645.638989729381,0,2168.8243478450877,780.7839381778736,0,7173.301434454413,0,233,233,0,0,940.939829206703,0,2911.0555555555557,1044696.4219702836,0,0,0,0,0
2910,0,0,0,0,0,0,0,0,0,0,0,0,0,0,0,0,577.3931239094954,0,8.860171120745836,139.13081867172457,1100.1991188535028,20844.992813533947,6828.435616011167,7.907659347921995,149.82297245527712,0,0,1.9485838868370827e-9,0,9912.155766582568,23.413461052352858,0,773997879045.0934,773997879045.0934,714877039902.8171,773997879045.0891,0,5685206.159151018,773992193838.9304,0,0,0,59120839142.277405,0,1.0063898601271701,21,101,141782,1347839,0,0,0,0,0,4922,19623,1137.5,9332.4,993,4976.702828483245,14,80,18,54,0,0,0,0.6400411345255591,0,0.9985742117232955,21,58926.04450360337,0,0.0034025890389355,5645.638980061856,0,2154.1473766018057,780.7829481079809,0,7173.301254209312,0,233,233,0,0,940.9398290445116,0,2908.305555555556,1043706.4219702836,0,0,0,0,0
2940,0,0,0,0,0,0,0,0,0,0,0,0,0,0,0,0,578.9334355346848,0,8.860171120710177,148.63133923543,1100.1991287808528,20844.361593421272,6825.336782695414,7.402201544037442,140.24203576880976,0,0,1.9485838868370827e-9,0,9650.934911202101,23.464404927613764,0,773997920419.5004,773997920419.5004,714877039902.8171,773997920419.4962,0,1122865.4408422175,773996797554.0559,0,0,0,59120880516.6845,0,1.0027443980221629,21,101,141126,1347168,0,0,0,0,0,4868,19539,1132.1000000000001,9324.000000000002,928.5,4920.300106717641,14,80,18,54,0,0,0,0.6400411345255591,0,0.9985742117232955,21,58926.04450360337,0,0.0034145197994960167,5645.63897620044,0,2149.735039429274,780.7825710419935,0,7173.301182448564,0,233,233,0,0,940.9398289815962,0,2904.4722222222217,1042326.4219702836,0,0,0,0,0
2970,0,0,0,0,0,0,0,0,0,0,0,0,0,0,0,0,579.5997519454208,0,8.86017112069728,153.36627563314798,1100.199132631897,20847.876673121144,6830.701141399779,7.173670535389231,135.9352086177619,0,0,1.9485838868370827e-9,0,9554.745704922354,23.48644277373528,0,773997846308.8038,773997846308.8038,714877039902.8171,773997846308.7994,0,852190.1353986155,773996994118.6646,0,0,0,59120806405.98774,0,1.0000100057257288,21,101,141000,1346638,0,0,0,0,0,4849,19463,1130.2000000000003,9316.4,986,4985.158067560663,14,80,18,54,0,0,0,0.6400411345255591,0,0.9985742117232955,21,58926.04450360337,0,0.0034313792185854427,5645.638974662428,0,2142.887396720807,780.7824281628111,0,7173.3011539706295,0,233,233,0,0,940.939828957228,0,2901.8333333333326,1041376.4219702836,0,0,0,0,0
3000,0,0,0,0,0,0,0,0,0,0,0,0,0,0,0,0,579.8802466975213,0,8.860171120692614,155.07871989677935,1100.1991341189528,20850.565142661144,6823.671193106261,7.094455866357726,134.45149119453214,0,0,1.9485838868370827e-9,0,9520.145224540413,23.495719980482832,0,773997874240.2219,773997874240.2219,714877039902.8171,773997874240.2177,0,370873.83840721555,773997503366.3798,0,0,0,59120834337.40581,0,1,21,101,140357,1345938,0,0,0,0,0,4795,19381,1124.7999999999997,9308.2,921.5,4928.640382194142,14,80,18,54,0,0,0,0.6400411345255591,0,0.9985742117232955,21,58926.04450360337,0,0.0034349979029753915,5645.638974051423,0,2137.976059859479,780.7823742749672,0,7173.301142702229,0,233,233,0,0,940.9398289478034,0,2898.0555555555543,1040016.4219702836,0,0,0,0,0
3030,0,0,0,0,0,0,0,0,0,0,0,0,0,0,0,0,579.9959831203212,0,8.860171120690925,155.69804508083976,1100.1991346908599,20852.050005694953,6825.484201471788,7.066236021907835,133.92621593205226,0,0,1.9485838868370827e-9,0,9507.363112047024,23.499547924133285,0,773997886674.7083,773997886674.7083,714877039902.8171,773997886674.704,0,351604.4786094324,773997535070.2258,0,0,0,59120846771.89209,0,1,21,101,140221,1345420,0,0,0,0,0,4776,19314,1122.8999999999996,9301.5,979,5053.1720334638285,14,80,18,54,0,0,0,0.6400411345255591,0,0.9985742117232955,21,58926.04450360337,0,0.0034357746124357453,5645.638973809284,0,2131.1341224941466,780.7823540392026,0,7173.301138255287,0,233,233,0,0,940.9398289441632,0,2895.6666666666665,1039156.4219702836,0,0,0,0,0
3060,0,0,0,0,0,0,0,0,0,0,0,0,0,0,0,0,580.0430101713828,0,8.860171120690316,155.92203116421533,1100.1991349100267,20852.772392130104,6832.365461629666,7.056085190112162,133.73846041146166,0,0,1.9485838868370827e-9,0,9502.914407671284,23.50110333680703,0,773997928532.085,773997928532.085,714877039902.8171,773997928532.0807,0,328014.81587045494,773997600517.2653,0,0,0,59120888629.268845,0,1,21,101,139603,1344721,0,0,0,0,0,4724,19228,1117.6999999999998,9292.899999999998,914.5,4966.852252866652,14,80,18,54,0,0,0,0.6400411345255591,0,0.9985742117232955,21,58926.04450360337,0,0.0034367570921714622,5645.638973713542,0,2126.2966201327886,780.7823464714893,0,7173.30113650463,0,233,233,0,0,940.9398289427589,0,2891.833333333334,1037776.4219702836,0,0,0,0,0
3090,0,0,0,0,0,0,0,0,0,0,0,0,0,0,0,0,580.0618879810896,0,8.860171120690097,156.0030383101169,1100.1991349937507,20853.100692226057,6826.8265002649305,7.052421202250406,133.67111896098064,0,0,1.9485838868370827e-9,0,9501.288989026621,23.50172772041575,0,773997862234.1699,773997862234.1699,714877039902.8171,773997862234.1656,0,332007.86879669456,773997530226.2972,0,0,0,59120822331.35387,0,1,21,101,139472,1344204,0,0,0,0,0,4705,19162,1115.7999999999997,9286.3,972,5062.00464469148,14,80,18,54,0,0,0,0.6400411345255591,0,0.9985742117232955,21,58926.04450360337,0,0.003474354132288236,5645.638973675767,0,2119.3617447516144,780.7823436523787,0,7173.30113581699,0,233,233,0,0,940.939828942218,0,2889.472222222222,1036926.4219702836,0,0,0,0,0
3120,0,0,0,0,0,0,0,0,0,0,0,0,0,0,0,0,506.7079433587387,0,8.860171120690019,156.0323354771024,1100.1991350256428,20754.166990685164,6819.267044748642,7.0510970156381205,133.01196144520196,0,0,1.9485838868370827e-9,0,9500.692945522158,21.07540138277405,0,773997874580.9777,773997874580.9777,714877039902.8171,773997874580.9734,0,324113.062723328,773997550467.9114,0,0,0,59120834678.16167,0,1,21,101,137307,1343527,0,0,0,0,0,4654,19079,1089.913360303124,9278,932.4809545592827,4973.463264431708,14,80,18,54,0,0,0,0.6400411345255591,0,0.9985742117232955,21,58926.04450360337,0,0.003493061802043297,5645.6389736608935,0,2112.2564076767962,780.7823426061459,0,7173.301135547451,0,233,233,0,0,940.93982894201,0,2879.9759334175346,1033507.758000596,0,0,0,0,0
3150,0,0,0,0,0,0,0,0,0,0,0,0,0,0,0,0,494.72671434862235,0,8.860171120689998,156.0429311348536,1100.1991350377605,20815.473593489292,6823.564133417074,7.0506182307416365,133.39581256327713,0,0,1.9485838868370827e-9,0,9500.48343274743,20.679098609103725,0,773997887840.5286,773997887840.5286,714877039902.8171,773997887840.5243,0,328651.3861259226,773997559189.1388,0,0,0,59120847937.712524,0,1,21,101,138763,1343017,0,0,0,0,0,4636,19014,1108.8999999999999,9271.5,965,5100.87509856423,14,80,18,54,0,0,0,0.6400411345255591,0,0.9985742117232955,21,58926.04450360337,0,0.0034976861893505273,5645.638973655048,0,2108.1168853523186,780.7823422192788,0,7173.301135442006,0,233,233,0,0,940.9398289419303,0,2883.444444444445,1034756.4219702836,0,0,0,0,0
3180,0,0,0,0,0,0,0,0,0,0,0,0,0,0,0,0,527.8506112034489,0,8.860171120689998,156.0466883106694,1100.1991350423546,20839.647338555034,6830.398374618111,7.050448471242119,133.54751429947626,0,0,1.9485838868370827e-9,0,9500.40630809113,21.774736794114286,0,773997888530.9648,773997888530.9648,714877039902.8171,773997888530.9607,0,331254.5969925549,773997557276.3643,0,0,0,59120848628.14872,0,1,21,101,138157,1342363,0,0,0,0,0,4586,18933,1103.9,9263.4,900.5,5013.307645789728,14,80,18,54,0,0,0,0.6400411345255591,0,0.9985742117232955,21,58926.04450360337,0,0.003498678761641942,5645.638973652758,0,2103.4782467055006,780.7823420767357,0,7173.301135400831,0,233,233,0,0,940.9398289419,0,2879.8055555555557,1033446.4219702836,0,0,0,0,0
3210,0,0,0,0,0,0,0,0,0,0,0,0,0,0,0,0,553.4630635338104,0,8.860171120689998,156.0466883106753,1100.1991350440924,20848.39070161518,6831.5913347900905,7.050448471252989,133.60354472956104,0,0,1.9485838868370827e-9,0,9500.378116442027,22.62191914506704,0,773997902069.7878,773997902069.7878,714877039902.8171,773997902069.7838,0,329659.4677955795,773997572410.3167,0,0,0,59120862166.971855,0,1,21,101,138027,1341874,0,0,0,0,0,4568,18869,1102.1,9257,958,5140.484916073612,14,80,18,54,0,0,0,0.6400411345255591,0,0.9985742117232955,21,58926.04450360337,0,0.0034988918056474906,5645.638973651862,0,2097.1473752874163,780.7823420244,0,7173.301135384782,0,233,233,0,0,940.9398289418884,0,2877.527777777777,1032626.4219702836,0,0,0,0,0
3240,0,0,0,0,0,0,0,0,0,0,0,0,0,0,0,0,567.6565658316218,0,8.860171120689998,152.21815750809813,1100.1991350447486,20851.398824152726,6829.231088009084,7.227778558456254,136.98365008158382,0,0,1.9485838868370827e-9,0,9500.367642748213,23.091397213513734,0,773997935984.0784,773997935984.0784,714877039902.8171,773997935984.0745,0,331759.9162168519,773997604224.1589,0,0,0,59120896081.262695,0,1,21,101,137462,1341359,0,0,0,0,0,4521,18789,1097.4,9249.000000000002,893.5,5051.606221798752,14,80,18,54,0,0,0,0.6400411345255591,0,0.9985742117232955,21,58926.04450360337,0,0.003522421683196765,5645.638973651513,0,2093.61711835785,780.7823420052521,0,7173.30113537854,0,233,233,0,0,940.9398289418842,0,2873.9999999999995,1031356.4219702836,0,0,0,0,0
3270,0,0,0,0,0,0,0,0,0,0,0,0,0,0,0,0,574.5729684362478,0,8.860171120689998,137.65501838059015,1100.199135044996,20845.5380806911,6830.691744011692,7.992437529615906,151.433186569756,0,0,1.9485838868370827e-9,0,9500.363937478787,23.32017086414117,0,773997949164.1412,773997949164.1412,714877039902.8171,773997949164.1373,0,330207.4746623083,773997618956.6632,0,0,0,59120909261.325485,0,1,21,101,137343,1340802,0,0,0,0,0,4503,18727,1095.6000000000001,9242.800000000003,951,5167.5,14,80,18,54,0,0,0,0.6400411345255591,0,0.9985742117232955,21,58926.04450360337,0,0.0035313683094859005,5645.6389736513775,0,2086.5704979494803,780.7823419982714,0,7173.301135376115,0,233,233,0,0,940.9398289418826,0,2871.777777777778,1030556.4219702836,0,0,0,0,0
3300,0,0,0,0,0,0,0,0,0,0,0,0,0,0,0,0,577.7192650828151,0,8.860171120689998,143.9595676186248,1100.1991350450892,20842.08641537149,6829.13031299927,7.642417612420995,144.7773618672292,0,0,1.9485838868370827e-9,0,9500.362624133762,23.424240828108992,0,773997989744.4563,773997989744.4563,714877039902.8171,773997989744.4519,0,329413.3822408588,773997660331.0702,0,0,0,59120949841.640144,0,1,21,101,136787,1340242,0,0,0,0,0,4456,18659,1090.9,9236,886.5,5160.5,14,80,18,54,0,0,0,0.6400411345255591,0,0.9985742117232955,21,58926.04450360337,0,0.003552152546795654,5645.6389736513265,0,2083.0702103508565,780.7823419957355,0,7173.301135375174,0,233,233,0,0,940.9398289418826,0,2868.5833333333335,1029406.4219702836,0,0,0,0,0
3330,0,0,0,0,0,0,0,0,0,0,0,0,0,0,0,0,579.0903950046649,0,8.860171120689998,151.67667563948535,1100.1991350451242,20845.65554783842,6821.334502361641,7.253581543810642,137.43481296613913,0,0,1.9485838868370827e-9,0,9500.362134510811,23.469593653223424,0,773997977093.4884,773997977093.4884,714877039902.8171,773997977093.4839,0,330777.39048421883,773997646316.0939,0,0,0,59120937190.6721,0,1,21,101,136655,1339725,0,0,0,0,0,4438,18590,1089.1,9229.099999999999,944,5184,14,80,18,54,0,0,0,0.6400411345255591,0,0.9985742117232955,21,58926.04450360337,0,0.003560602977101546,5645.638973651308,0,2076.2913091276723,780.7823419948177,0,7173.301135374814,0,233,233,0,0,940.9398289418826,0,2866.166666666667,1028536.4219702836,0,0,0,0,0
3360,0,0,0,0,0,0,0,0,0,0,0,0,0,0,0,0,579.6706322367137,0,8.860171120689998,154.4676566058565,1100.199135045137,20849.25614303973,6827.93029082788,7.1225210456350245,134.97489766572434,0,0,1.9485838868370827e-9,0,9500.361963224303,23.48878614351313,0,773998005005.7716,773998005005.7716,714877039902.8171,773998005005.7673,0,326680.3985200806,773997678325.3693,0,0,0,59120965102.95541,0,1,21,101,136100,1339195,0,0,0,0,0,4391,18525,1084.3999999999999,9222.600000000002,879.5,5177,14,80,18,54,0,0,0,0.6400411345255591,0,0.9985742117232955,21,58926.04450360337,0,0.0035891483964922075,5645.638973651308,0,2072.9805398928465,780.7823419944868,0,7173.301135374679,0,233,233,0,0,940.9398289418826,0,2863.055555555555,1027416.4219702836,0,0,0,0,0
3390,0,0,0,0,0,0,0,0,0,0,0,0,0,0,0,0,579.9109886961159,0,8.860171120689998,155.4770470061968,1100.199135045142,20851.393697322317,6830.599181693671,7.076280108415562,134.11235998385825,0,0,1.9485838868370827e-9,0,9500.361902188064,23.49673640723026,0,773998020243.0555,773998020243.0555,714877039902.8171,773998020243.0511,0,329483.1960239725,773997690759.8556,0,0,0,59120980340.23922,0,1,21,101,135991,1338695,0,0,0,0,0,4376,18460,1082.9,9216.100000000002,937,5231,14,80,18,54,0,0,0,0.6400411345255591,0,0.9985742117232955,21,58926.04450360337,0,0.0035952753495422504,5645.638973651308,0,2066.7139609143414,780.7823419943678,0,7173.3011353746315,0,233,233,0,0,940.9398289418826,0,2860.8333333333335,1026616.4219702836,0,0,0,0,0
3420,0,0,0,0,0,0,0,0,0,0,0,0,0,0,0,0,580.0089495789694,0,8.860171120689998,155.84210466605754,1100.1991350451433,20852.468885123297,6825.556207779509,7.059704034430736,133.80510311899664,0,0,1.9485838868370827e-9,0,9500.361879474076,23.49997665654415,0,773998059248.7264,773998059248.7264,714877039902.8171,773998059248.7217,0,326631.4898573261,773997732617.2324,0,0,0,59121019345.90979,0,1,21,101,135486,1338182,0,0,0,0,0,4333,18395,1078.5999999999997,9209.599999999997,872.5,5224,14,80,18,54,0,0,0,0.6400411345255591,0,0.9985742117232955,21,58926.04450360337,0,0.0036084475166943846,5645.638973651308,0,2064.1163656082986,780.7823419943255,0,7173.301135374615,0,233,233,0,0,940.9398289418826,0,2857.8333333333335,1025536.4219702836,0,0,0,0,0
3450,0,0,0,0,0,0,0,0,0,0,0,0,0,0,0,0,580.0483685446508,0,8.860171120689998,155.9741319718235,1100.1991350451437,20852.96700314784,6831.326393144187,7.053728212085149,133.6950348081751,0,0,1.9485838868370827e-9,0,9500.361871286206,23.501280516541993,0,773997997498.6268,773997997498.6268,714877039902.8171,773997997498.6217,0,329085.8535254783,773997668412.7687,0,0,0,59120957595.80992,0,1,21,101,135461,1337652,0,0,0,0,0,4319,18331,1077.1999999999998,9203.199999999997,930,5275.5,14,80,18,54,0,0,0,0.6400411345255591,0,0.9985742117232955,21,58926.04450360337,0,0.003629805379929061,5645.638973651308,0,2057.274308470301,780.7823419943103,0,7173.301135374615,0,233,233,0,0,940.9398289418826,0,2855.6666666666665,1024756.4219702836,0,0,0,0,0
3480,0,0,0,0,0,0,0,0,0,0,0,0,0,0,0,0,498.8829077533855,0,8.860171120689998,156.02188116704508,1100.1991350451437,20724.44204430474,6823.535134696208,7.051569477406915,132.8303561608521,0,0,1.9485838868370827e-9,0,9500.361868322449,20.816572896263395,0,773998008842.8862,773998008842.8862,714877039902.8171,773998008842.8813,0,327575.66669684055,773997681267.2152,0,0,0,59120968940.06945,0,1,21,101,127872,1337212,0,0,0,0,0,4276,18277,925.7586421842607,9197.8,898.9619159952878,5345,14,80,18,54,0,0,0,0.6400411345255591,0,0.9985742117232955,21,58926.04450360337,0,0.0036504096012014405,5645.638973651308,0,2043.2876066413808,780.782341994305,0,7173.301135374615,0,233,233,0,0,940.9398289418826,0,2812.0996228289623,1009072.2861887095,0,0,0,0,0
3510,0,0,0,0,0,0,0,0,0,0,0,0,0,0,0,0,450.4851669546518,0,8.860171120689998,156.0391502132555,1100.1991350451437,20783.39518359723,6816.027827720165,7.050789071470359,133.19346558343204,0,0,1.9485838868370827e-9,0,9500.361867239239,19.21572221100972,0,773998023520.9408,773998023520.9408,714877039902.8171,773998023520.9358,0,328994.1703469168,773997694526.7662,0,0,0,59120983618.12396,0,1,21,101,134845,1336706,0,0,0,0,0,4270,18207,1072.3,9190.800000000001,989.5383716577035,5292.5,14,80,18,54,0,0,0,0.6400411345255591,0,0.9985742117232955,21,58926.04450360337,0,0.0036548320653031472,5645.638973651308,0,2045.4275912617084,780.7823419943034,0,7173.301135374615,0,233,233,0,0,940.9398289418826,0,2850.8611111111113,1023026.4219702836,0,0,0,0,0
3540,0,0,0,0,0,0,0,0,0,0,0,0,0,0,0,0,493.7541156684024,0,8.860171120689998,156.04527374464044,1100.1991350451437,20828.044680643863,6815.896142041842,7.050512384281241,133.4743704876818,0,0,1.9485838868370827e-9,0,9500.361866841848,20.646927987466636,0,773998021393.1416,773998021393.1416,714877039902.8171,773998021393.1366,0,326986.294502673,773997694406.8428,0,0,0,59120981490.324684,0,1,21,101,134268,1336260,0,0,0,0,0,4220,18156,1067.2999999999997,9185.700000000003,858.5,5392.5,14,80,18,54,0,0,0,0.6400411345255591,0,0.9985742117232955,21,58926.04450360337,0,0.0036710411341865936,5645.638973651308,0,2042.6544785478582,780.7823419943034,0,7173.301135374615,0,233,233,0,0,940.9398289418826,0,2848.0555555555557,1022016.4219702836,0,0,0,0,0
3570,0,0,0,0,0,0,0,0,0,0,0,0,0,0,0,0,534.5870355642859,0,8.860171120689998,156.04756475735945,1100.1991350451437,20844.194481610495,6827.497851649313,7.0504088721657325,133.57590369334775,0,0,1.9485838868370827e-9,0,9500.36186669946,21.997557308534923,0,773998036286.783,773998036286.783,714877039902.8171,773998036286.7778,0,328341.1126306893,773997707945.6658,0,0,0,59120996383.96595,0,1,21,101,134242,1335755,0,0,0,0,0,4214,18085,1066.6999999999998,9178.600000000004,977,5309.5,14,80,18,54,0,0,0,0.6400411345255591,0,0.9985742117232955,21,58926.04450360337,0,0.0036779400941820495,5645.638973651308,0,2036.4859998368784,780.7823419943034,0,7173.301135374615,0,233,233,0,0,940.9398289418826,0,2845.916666666667,1021246.4219702836,0,0,0,0,0
3600,0,0,0,0,0,0,0,0,0,0,0,0,0,0,0,0,558.4628893814148,0,8.860171120689998,156.04843897939972,1100.1991350451437,20850.035965304956,6835.56125600426,7.050369374027403,133.61258915289383,0,0,1.9485838868370827e-9,0,9500.361866649397,22.787298240929164,0,773998071202.6555,773998071202.6555,714877039902.8171,773998071202.6505,0,329478.79337067547,773997741723.8578,0,0,0,59121031299.83886,0,1,21,101,133677,1335310,0,0,0,0,0,4164,18035,1061.7000000000003,9173.600000000002,851.5,5409.5,14,80,18,54,0,0,0,0.6400411345255591,0,0.9985742117232955,21,58926.04450360337,0,0.003679903281437082,5645.638973651308,0,2033.9142061639477,780.7823419943034,0,7173.301135374615,0,233,233,0,0,940.9398289418826,0,2843.1388888888882,1020246.4219702836,0,0,0,0,0