tick,totalPopulation,employable,employed,unableToWork,inEducation,dependencyRatio,avgGroceryStarvation,avgHealthcareStarvation,maxGroceryStarvation,starvationMildFraction,starvationSevereFraction,starvationFatalFraction,deathsLastMonth,deathsThisMonth,birthsThisMonth,meanWealth,foodPrice,wealthToFoodPrice,waterPrice,priceLevelRaw,priceLevelRefined,priceLevelManufactured,priceLevelServices,refinedToRawPriceRatio,manufacturedToRawPriceRatio,groceryFillRate,groceryTotalDemand,groceryTotalSupply,groceryTotalVolume,gdpAnnual,costOfLiving,bankEquity,bankDeposits,bankLoans,householdDeposits,totalLoans,loansWageCoverage,loansBufferCoverage,loansRollover,loansStarter,loansOther,agentsInDistress,totalAgentDeposits,workerUtilization,avgWage,existentialAgentCount,nonExistentialAgentCount,existentialSlotCapacity,nonExistentialSlotCapacity,existentialUsedWorkers,nonExistentialUsedWorkers,existentialFillRatio,nonExistentialFillRatio,foodChainFillRatio,existentialMaxScale,nonExistentialMaxScale,existentialOperatingScale,nonExistentialOperatingScale,existentialContractionIntegral,nonExistentialContractionIntegral,existentialNegativeProfitFacilities,nonExistentialNegativeProfitFacilities,existentialAtLowerBoundFacilities,nonExistentialAtLowerBoundFacilities,productionEfficiency,avgFacilityCondition,avgWorkerEfficiency,avgResourceEfficiency,avgConditionEfficiency,avgMaxMaintenance,facilitiesBelowFullMaintenance,avgHrBuffer,hrCoverageRatio,avgStorageStarvation,maintenanceServicePrice,maintenanceServiceVolume,maintenanceServiceDemand,adminServicePrice,adminServiceVolume,logisticsServicePrice,logisticsServiceVolume,maintFacilityScale,maintFacilityMaxScale,maintFacilityCondition,maintFacilityOutput,maintFacilityCostFloor,maintAggregateConsumption,maintSteadyStateDemand,maintCatchupBacklog,maintAggregateBuffer,maintFillRate,maintRepairSurgeRatio,priceCeilHits,priceFloorHits
30,9800294,1105488,3523185,1238909,3932712,1.117301006141501,0,0.6383169720141982,0,0,0,0,0,18464,16916,9.058937782761813,5.456433855592707,1.6602304769949021,2.7434228137344596,2.4500492485691945,9.065420756861647,43.73739247413293,5.061200014189021,3.700097360147257,17.85163808428551,1,373.33723773960037,4340561.969730867,373.33723773960037,1631486812.174068,0.2402804710603883,0,9165202945.978956,9165202945.978956,88780253.59877402,9165202945.978958,414825840,8729684447.978958,0,0,20692658,0,9076422692.380182,1,1,21,101,637785,2183871,637785,2183871,1,1,1,6359,22269,5765.518702989219,21656.114385001438,39.439471544374285,61.895569482157875,3,3,0,0,1,0.914244790648348,1,1,1,1,0,285488.207078035,12.141304556389652,0.2315513700333158,5.859099400793699,11966.347738686445,50214.98145360006,0.9445565852509572,68809.33045601482,2.527310879155804,121165.64723879004,178,178,1,17800,3.916555453421121,12187.505683253883,15234.240604439252,48474.443068816276,19749.024276965214,0.2383023430914469,0.8000074306101249,0,0
60,9800575,1095972,3527157,1230577,3946869,1.1199008290705277,0,0.6172920779634771,0,0,0,0,18464,16657,16938,17.565215015916326,4.401833981752036,3.9904310541318844,3.411943419837082,3.124344695710667,12.563890627702207,60.18580452620745,8.177008606974443,4.021288254446077,19.263496953084275,1,574.4598483107595,2984448.7248167787,574.4598483107595,4568048321.733433,0.3238318787487078,0,9708462357.408775,9708462357.408775,172149207.1546138,9708462357.408775,414825840,9272943859.408775,0,0,20692658,0,9536313150.254166,1.0000008153713813,1,21,101,507590,1945280,507590,1945282,1,1.0000010281296265,1,6359,22269,4788.7422820383445,19990.677175366167,125.40150345922493,172.28358215547544,1,0,0,0,1,0.8500188431006966,1,1,1,1,0,280962.1232496916,13.745297263763861,0.07018503662968997,12.83590579936581,7233.4822231302405,43625.89747163052,1.0174373367296545,30124.239598562646,3.123943224386378,228950.46434814113,178,178,1,17800,5.303084253093635,8024.837416777774,13766.3441430025,29066.00446594526,24004.200089864455,0.16580706970748513,0.5829316290089144,0,0
90,9801105,1092549,3525236,1222337,3960983,1.122468889305154,0,0.6697483914536825,0,0,0,0,16657,16399,16929,25.08082345728174,4.120181761441965,6.087309956079231,2.792176981662647,3.3471465993211704,14.19163757129936,68.32876745604842,10.340282984426798,4.239921123914185,20.414034888673857,1,773.2003232937767,1285127.4393662878,773.2003232937767,6333715977.61881,0.3514751274862668,0,9709693383.154402,9709693383.154402,245819784.19128382,9709693383.1544,414825840,9274174885.154402,0,0,20692658,0,9463873598.963121,1,1,21,101,378447,1741507,378447,1741507,1,1,1,6305,22252,3618.2595019979535,17505.47438644697,163.62686292929902,366.54735356114253,6,0,0,0,1,0.8691486729989057,1,1,1,1,0,227635.0880784983,12.885284571938728,0.0378428109626014,26.777793168507134,18473.957941887744,37563.42018774639,1.1378210903960577,36185.63689071232,3.626394947073188,341791.3960963144,178,178,1,17800,5.632223589577959,11936.986688719217,11735.40771580273,7583.859538284889,24009.520115061343,0.4918071317668287,1.0171769893128675,0,0
120,9801817,947151,3665409,1214129,3975128,1.125027533517179,0,0.6966768105790825,0,0,0,0,16399,16203,16915,26.236066534530586,3.2885249317265544,7.978065266105805,1.3872740620505342,2.481033663708032,11.854584035784553,73.59518526692734,11.484470134082235,4.778082703669272,29.66311434764475,1,974.1679923700573,572209.5977015744,974.1679923700573,6685560776.248898,0.36604763445841043,0,9709693383.154402,9709693383.154402,257161122.97130162,9709693383.1544,414825840,9274174885.154402,0,0,20692658,0,9452532260.183107,1,1.0027071378294172,21,101,342964,1503274,342964,1503274,1,1,1,6272,22234,2878.389948968637,14035.351775272919,167.59029121112548,804.8934200534712,3,6,9,6,1,0.9586122233352442,1,1,1,1,0,283905.3635232206,18.4530074794184,0.010290802331797591,32.41267540064444,22796.081509509608,27975.682123441868,1.218453401820467,35105.787211923336,3.9991274746497973,400254.3046187296,178,178,1,17800,5.097822786388409,11548.314076231358,9396.523180134198,305.41948210411016,36404.029893676474,0.81485346483859,1.2289986258583814,0,0
150,9802603,916792,3690433,1206167,3989211,1.1276588401912213,0,0.7241749768299263,0,0,0,0,16203,16121,16907,29.904790289428377,2.8493001714685215,10.495486080715578,1.2939668771918036,1.5953458778681286,8.59233187343221,77.62174894364449,9.039820875992648,5.385873992989032,48.655122390995835,1,1177.2609880778339,525274.3421726711,1177.2609880778339,4876608658.584928,0.3926001870940047,0,9709693383.154402,9709693383.154402,293144787.0055402,9709693383.1544,414825840,9274174885.154402,0,0,20692658,0,9416548596.148884,1,1.0328509837834707,21,101,325382,980838,325382,980838,1,1,1,6220,22184,2529.3899489686373,9042.999944625473,229.8467578459812,1232.5853313935663,3,6,9,30,1,1,1,1,1,1,0,277011.29556786676,25.448512094550697,0.002208805092478132,14.672824279118684,9191.98749753445,10193.732440329564,1.0951842265304736,27049.039746956736,3.9341519685156423,88193.02887866125,148.06382386637728,178,1,14984.382386637726,4.178295259131372,6498.10753202418,6429.105496441174,0,64705.57662409891,0.901729327441252,1.0107327583318086,0,0
180,9803632,2418036,2184131,1198206,4003259,1.1302208285792323,0,0.7257224989811688,0,0,0,0,16121,15870,16899,36.330846636285855,2.77383977787832,13.097673097786103,1.2851421720156788,1.3017709278352796,6.48261479293176,86.53526562539227,8.035571746313472,4.979842961857911,66.47503318367397,1,1386.024408833114,520714.32675241685,1386.024408833114,4240589185.8427315,0.4444545387467024,0,9709693383.154402,9709693383.154402,356174250.67060864,9709693383.1544,414825840,9274174885.154402,0,0,20692658,0,9353519132.483814,1,1.092798021494696,21,101,317060,793198,317060,793198,1,1,1,6203,22056,2366.2999999999997,6335.430121865278,286.0204136815723,1158.3935211334283,3,6,15,48,1,0.9999768518518518,1,1,1,1,0,261390.45826009856,28.251861271174654,0.00047409519484037144,5.468101721664058,1787.697456576174,7484.744132170987,1.1392714604138676,18163.67262043288,4.134457604576727,204917.43741593484,95.07756071889416,178,1,9644.382386637717,3.784355327291174,4905.471269718031,4834.294512147379,0,39057.46911560157,0.23884550026129533,1.0147232977618148,0,0
210,9804724,2933746,1663228,1190450,4017300,1.1328647932313736,0,0.7112569559566521,0,0,0,0,15870,15787,16879,41.50476647101866,2.741224167249577,15.14096036613551,1.2955231218610912,1.3236867234225365,6.247840455796658,92.39979917944248,8.294016506576114,4.720029554759139,69.80488475440225,1,1595.3501437281425,506444.6351757054,1595.3501437281425,3571660379.4640517,0.48737244461521123,0,9709693383.154402,9709693383.154402,406942779.93283033,9709693383.1544,414825840,9274174885.154402,0,0,20692658,0,9302750603.221607,1,1.1399528460100936,21,101,309934,632106,309934,632106,1,1,1,6126,21956,2358.6,4785.609524247749,157.2103382490517,1299.9054497027657,1,3,15,69,1,0.9985697559183127,1,1,1,0.9998812154696133,0,272407.64856198366,34.70013781520747,0.00010175920661182335,5.057575471494986,2717.082008212147,9879.622232636164,1.1407486757217782,27687.32946767268,3.2142904523565368,135784.7277370145,66.54929056913608,178,1,6648.348022898828,3.695307385635428,2482.744862850428,3969.0052912487495,1704.6621955415349,23846.858148342468,0.275018815925632,0.6255332711006021,0,0
240,9805595,2647135,1944389,1182740,4031331,1.1355861365420283,0,0.7620883597565243,0,0,0,0,15787,16000,16871,61.302202597224095,2.8377633469032104,21.60229557694508,1.3102651321770669,1.374842452773448,6.8553054049520314,106.08961063051443,9.383611187782776,4.986247981449025,77.16492199997282,1,1806.2876740148797,503113.14394106297,1806.2876740148797,4384341109.683723,0.5286060697217265,0,12954631200.547966,12954631200.547966,601104571.2763288,12954631200.547966,414825840,12519112702.547968,0,0,20692658,0,12353526629.271637,1,1.1834235796172585,21,101,305780,1178414,305780,1178414,1,1,1,6106,21913,2356.6,8342.326133351815,203.2365276807904,1314.7554249595187,0,0,15,66,0.9077496497813478,0.9995697784122538,1,0.9077496497813478,1,0.9997390837432464,0,254426.9182572742,20.570916060079007,0.0020250092459833478,5.648755123586558,4857.885954758258,8989.061798505876,1.4435982518027202,0,5.239712979444482,392337.1938208144,110.44626681588238,178,1,11034.775666148571,3.8933926796942613,5171.009374153946,5503.347337764281,265.31703945880923,30217.369203517468,0.5404219109457803,0.9396116684604271,0,0
270,9806638,2447719,2138514,1175136,4045269,1.138277318226091,0,0.7967622835883921,0,0,0,0,16000,15816,16859,75.91559089862608,3.003277557611224,25.277580723843773,1.3620280213301394,1.4546626012506403,7.71050022577252,137.6431838038298,11.521859561554894,5.300542008259131,94.62206815896114,1,2022.8335204189136,489496.06438228884,2022.8335204189136,5729200052.741319,0.585168524349745,0,15262966214.45639,15262966214.45639,744476718.4989246,15262966214.45639,414825840,14827447716.456392,0,0,20692658,0,14518489495.957481,1,1.2181978155688953,21,101,311358,1572226,311358,1572226,1,1,1,6057,21814,2351.7,11849.59238927889,243.86837939667,1285.6265127191905,0,0,15,57,0.9843888558668199,0.9999241298055924,1,0.9843888558668199,1,0.9998896371272645,0,277045.6763753614,17.650118691305178,0.003243940578420068,6.539529910325307,18534.377261244375,18926.290571247562,1.5379070595401572,32921.723179359906,7.271398617435584,215410.96149150594,138.68925309470387,178,1,13589.828200375041,4.368805023965907,8874.570680653525,7561.982360859241,0.772639135697688,26266.440817011196,0.9792926506899047,1.173577278702504,0,0
300,9807865,2177278,2403775,1167623,4059189,1.1409630056670377,0,0.8203580407852635,0,0,0,0,15816,15625,16852,74.7619765997098,3.1276777450201836,23.903350247238258,1.4182959975205847,1.6455411164801175,9.630636729940203,191.1854981326552,14.904895426664735,5.852565234310611,116.18396904090073,1,2250.5153192946855,485957.63346952177,2250.5153192946855,9179294216.783783,0.6666946232467738,0,15262966214.45639,15262966214.45639,733255373.6231565,15262966214.45639,414825840,14827447716.456392,0,0,20692658,0,14529710840.833288,0.9999839598883986,1.2478024125705378,21,101,308631,1811055,308631,1811021,1,0.9999812264122293,1,6057,21731,2351.7,15061.225009659693,365.84478976718225,781.8869506397376,0,0,15,48,0.9948577479187494,0.9989317195797506,0.9999590854065151,0.9948986625122342,1,1,0,263551.4679385666,14.920456826228074,0.0010903268189325695,7.0233763681122,15713.559086062247,21486.49759084309,2.009670355615983,52434.45125729568,5.2618472058932975,219797.45299355075,141.06209528947957,178,1,14055.67054865546,5.263942821649186,12061.871425519104,9533.62751044057,163.8543602962681,32492.67407933481,0.7313224977512809,1.2651922274401612,0,0
330,9809119,1681027,2894813,1160164,4073115,1.1436761337809014,0,0.8399680849088355,0,0,0,0,15625,15585,16839,78.06934999006349,4.220937234714401,18.495738185347797,1.5418753559807683,2.18330906669143,14.192594123869993,258.6073692832328,22.23533994079588,6.500497039284201,118.44743981901034,0.627976314681949,804871.1204275144,505440.0000000001,505440.00000000163,14877727577.796465,0.8131891595114997,0,35378945000.241394,35378945000.241394,765791544.305222,35378945000.241394,414825840,34943426502.2414,0,0,20692658,0,34613153455.93623,1.0000004224334107,1.2800852456713814,21,101,624278,1742959,624279,1742959,1.0000016018504576,1,1.0000027120629849,6046,21688,4175.737761853288,15297.580607437232,248.27380988129622,658.6788952500174,0,0,6,33,0.9922104482958132,0.9905499841810583,1,0.9922104482958132,1,1,0,250462.80526768148,12.696457488483109,0.0013048901826920802,12.181755567701918,3929.5828797374256,35181.12836466245,2.9724397021425597,41337.268279683114,6.118103721292674,113434.99509248437,178,178,1,17800,9.347929754437926,5112.52081910774,10630.51717051738,15752.245838507863,38739.79100144876,0.11169576026687308,0.48092870150163325,0,0
360,9810529,2115148,3010813,1152782,3531786,0.9138906831323922,0,0.8449912756434806,0,0,0,0,15332,15157,16567,83.50173683587332,5.063762104286128,16.49005919239271,2.8472837897126166,3.2510484681681477,22.396864965012274,307.22905735511966,31.071668414709542,6.889120597341363,94.50153092557015,1,283134.4164616261,1623149.2025244017,283134.4164616261,22567398753.004353,0.9314841231014888,0,35378945000.241394,35378945000.241394,819196210.7787288,35378945000.241394,414825840,34943426502.2414,0,0,20692658,0,34559748789.46271,0.9549143718659536,1.307051543495051,21,101,547102,1536267,540970,1448469,0.9887918523419764,0.9428497780659222,0.9857382937826209,6026,21656,4349.235036044673,15024.52324648004,105.15587658334557,507.939798177806,3,6,0,33,0.9444135997658978,0.998510494592161,0.9444135997658978,1,1,1,0,262806.4895772933,15.852096369516833,0.0012403073956174474,22.11716125645223,10545.288161177281,24898.95216144187,3.791567045195555,36321.587254572005,6.79211300657162,196036.04820422857,178,178,1,17800,15.984150794334822,10178.425789087341,10402.001681655114,940.721756649068,42639.270697193955,0.42352337129702794,0.9785064548718475,0,0
390,9811516,2095284,3024862,1145011,3546359,0.916257075481832,0,0.5709085798844039,0,0,0,0,15384,16074,17061,52.13841801044074,7.118305702070967,7.324554492689437,4.120652010595458,5.177731484562352,40.247855743439565,300.51266126582163,32.60313507684566,7.7732605221882265,58.03944491169814,0.29674846099332164,335091.83686043386,246871.20376935432,99437.98687975897,27260904377.016014,1.0940325792535852,0,26993825168.03664,26993825168.03664,511556922.52419627,26993825168.036636,88022892.98978254,26740632519.660797,165169755.38605335,0,0,0,26482268245.51251,0.9684671507101413,1.34833307424743,21,101,475531,1452395,467905,1399228,0.9839631906226933,0.9633935671769732,0.9689558794170493,5977,21661,4319.524107043304,14786.708668661138,17.908804531553322,684.8854415938537,3,0,0,18,0.9134635412040826,0.9931211364181645,0.9485898519645131,0.9644018469034115,1,0.9968747260310673,0,260962.58886596546,16.771976427986573,0.001741930193489531,36.341526835348205,16041.576606684977,25476.599415134093,3.2202738523575065,35144.46449626846,5.941148323566313,136728.886960385,178,178,0.9937225612300246,8406.66666666666,29.55950079628623,13579.291182131992,10180.624077446115,1131.1244548596014,32514.192843071127,0.629659254961463,1.3338368138172585,0,0
420,9812799,2202412,2912144,1137362,3560881,0.9186023185590303,0,0.6158895926935936,0,0,0,0,16074,15771,17054,72.72088166600925,12.228378922811967,5.946894688579603,4.958538188619504,7.4895872537029815,64.6570241697162,441.7666039270392,41.67135471072843,8.632922213136464,58.984105393607926,0.9988615953971629,573695.5948921759,1401705.216173835,573042.4971863233,26846231661.073566,1.4238504800934486,0,45420508200.79766,45420508200.79766,713595394.8913853,45420508200.79766,125030970.89742637,45093121706.63081,202355523.269423,0,0,0,44706912805.90634,0.9807375878087048,1.3717903551614714,21,101,601188,1281598,589045,1257474,0.9798016593810921,0.9811766248074669,0.9662544733865215,5977,21661,5554.071800240179,14295.370991414802,7.176236857984299,778.8228179927023,3,9,0,18,0.9117942336499619,0.9727169647788901,0.9520191477375128,0.9523040970500589,1,0.9998721554925706,0,268155.06249193253,17.426632219344565,0.0006013181095052805,78.1495478515183,16056.663569387563,35029.59998950265,3.6273434225826695,41977.80129857539,5.826462372901635,106117.08245951198,178,178,1,8699.999999999996,63.25654238862404,15683.951459465236,10655.12674508081,24727.167904318023,33082.181646766876,0.4583741628279877,1.4719629183863159,0,0
450,9814017,2383413,2725496,1129669,3575439,0.9209614029140076,0,0.5289036528708618,0,0,0,0,15771,15825,17043,74.39445389290195,23.36987243000372,3.1833487373850464,5.144050882062675,10.052305304100257,78.26357897976611,531.5109042566639,62.260115374080925,7.785634897881883,52.87452859592961,9.489750373292694e-7,286177.1401433213,566829.5397308804,0.27157496224577743,30695088630.969204,1.8874932542405491,0,52947366379.838936,52947366379.838936,730108435.2106977,52947366379.83892,125030970.89742637,52619979885.672066,202355523.269423,0,0,0,52217257944.62827,0.9896258257486682,1.4012475340385426,21,101,558950,1176899,550686,1167155,0.9852151355219608,0.9917206149380703,0.9721432881302227,5977,21645,5316.628018080477,13314.169475819994,18.083614469984344,740.9561593634975,3,4,0,9,0.8494290101449177,0.9067506719495345,0.9670172731657952,0.8808814412622967,1,0.9999277643285288,0,270146.497451196,18.8711176960752,0.0008365688443731162,162.05492454683667,15892.991588115716,32083.070160456376,4.067005796437428,36241.22432191744,4.940791579046187,145398.5703302462,178,178,1,17800,73.58197813807605,15606.159267009181,9246.329653645013,33669.70999540077,16328.307990072037,0.4953700349944826,1.6878220711995757,0,0
480,9815418,2702055,2401318,1122112,3589933,0.9233197338309389,0,0.4891245496724939,0,0,0,0,15825,15632,17033,58.158604908440765,43.86341157732039,1.325902450745799,3.1375209792080136,15.116512606720578,58.52378838717891,554.4872583301042,91.54051056258717,3.871513880864301,36.68089808515671,0.9836129386425166,300067.666491527,517626.94289985043,295150.4392293335,36093207441.15077,2.707480345347093,0,52949329734.7948,52949329734.7948,570851017.4732031,52949329734.79479,126004571.3091999,52620969640.216156,202355523.269423,0,0,0,52378478717.32162,0.9951735566770031,1.4586900053070286,21,101,550263,1103750,548203,1097827,0.9962563356067916,0.9946337485843715,0.9928893184446247,5977,21606,5235.634258976394,12033.98061147815,35.57566589282125,638.9417564502414,3,5,0,12,0.8906184121211834,0.9068768764082571,0.9777469331165846,0.9120344558631338,1,0.9995069507489438,0,255806.0345980514,18.64894573717743,0.0008980266834421196,359.0706505632904,19836.228339754896,27872.987893985784,3.59404736113812,23961.783903332205,4.447810237778598,98454.9387081307,178,178,1,17800,64.07253238753101,12187.952379258386,8983.723700762426,3863.3622532379673,22507.985115331572,0.7116649429620354,1.3566704392549411,0,0
510,9816920,2700467,2397321,1114760,3604372,0.9257215090152827,0,0.6435585865245335,0,0,0,0,15632,15521,17023,63.06936777213837,63.16202798863222,0.9985329759121965,1.4511629235796493,14.936908405326175,37.73429867698429,558.1477125558931,79.51988117605603,2.5262455692323225,37.36701715040777,1,281339.0191944179,359199.9169324349,281339.0191944196,37864903366.52557,3.6735741683445204,0,52952749407.00317,52952749407.00317,619146937.8696486,52952749407.00314,129424243.51756006,52620969640.216156,202355523.269423,0,0,0,52333602469.13351,0.9961977501336778,1.523473762019638,21,101,537741,1031330,537741,1025364,1,0.9942152366361883,1,5977,21568,5125.189378978258,11175.500703162861,46.55674378855077,866.5350849954737,3,6,0,18,0.9229751840942063,0.9999322595452979,0.9944404496652754,0.9281138111595737,1,0.9999980542154457,0,263556.48085740494,20.233303394774243,0.0003690742113953379,276.8915073762334,10663.164964120862,11751.705546098287,3.0462968987978845,20334.20409038436,4.059456992124251,117505.56311832728,173.8686834039963,178,1,17524.50783298236,55.69540526241132,8669.68487825438,8645.473964463723,0,60500.42786542049,0.907371693605884,1.0028004148633347,0,0
540,9818521,2783866,2308426,1107435,3618794,0.9281142950954109,0,0.34004278240879227,0,0,0,0,15521,15410,17011,5.3819700816106995,55.745152429818305,0.09654597479819362,1.44910584432485,12.669797454752734,32.21800312375861,430.3097392917489,52.690755105111975,2.542898040700161,33.96342686838531,0.5179988376974951,335506.1806767595,882482.9449755275,173791.81163088724,35348863171.714775,3.4963968696740118,0,52953581552.65181,52953581552.65181,52842986.26758194,52953581552.65179,130256389.1662004,52620969640.216156,202355523.269423,0,0,0,52900738566.38416,0.9894706922396641,1.593512360585911,21,101,457266,1059073,457266,1043107,1,0.9849245519430672,1,5977,21448,4448.60301904604,11712.279780189376,78.75007023341585,938.807930403109,3,6,0,21,0.9650697658566816,1,0.992958527233099,0.9721112386235827,1,1,0,266854.70308664505,21.34306893712257,0.003953384913166671,128.6856684550869,10947.238623752351,13870.464937021527,3.039607937169658,31450.043933858076,3.781100030180161,63326.70529188348,132.19700372459727,178,1,13248.214165165436,24.645163505240752,8778.502639463832,8755.651263754886,0,37435.290202395416,0.789248137928901,1.0026099001685393,0,0
570,9820101,2691914,2394839,1100204,3633144,0.9305244426061183,0,0.17169063920306715,0,0,0,0,15410,15422,17002,10.509860501622846,53.54584924066327,0.1962777815771675,1.5835519037033183,14.414727888367798,34.726861605320714,437.0242946588441,42.19750390220803,2.4091236320419287,30.317901110815143,1,513682.4675771352,791437.035997401,513682.46757713764,34566568471.848366,3.5219726491612224,0,52956708528.93314,52956708528.93314,103207891.62178902,52956708528.93311,133383103.29801303,52620969640.216156,202355523.269423,0,262.14952099936295,0,52853500637.31129,0.9837325781765491,1.6732393566025885,21,101,645659,1032050,645659,1004758,1,0.9735555447894967,1,5977,21400,5470.771137094441,10915.204655581785,58.005826274954956,1160.7842274918225,0,6,0,30,0.9864307023003289,0.9951688361501179,0.9864307023003289,1,1,0.9967970184420685,0,252973.74815418306,18.39344225035368,0.004188862204865699,69.99333151175631,12985.879122865352,13861.887778796185,2.575642174876167,35026.54677313854,4.434036377953251,115033.37757469818,157.3560609115178,178,0.991634836261351,15900.61327149402,13.07214721655891,9023.284476176705,9008.610268927228,0,47726.02784225256,0.9368045197082884,1.0016289091004515,0,0
600,9821723,2761623,2319484,1093102,3647514,0.9329888152325861,0,0.23240908850864486,0,0,0,0,15422,15371,16993,87.11929647769757,37.93424654691594,2.2965869737244167,2.4590169236061508,19.16699880781514,40.1786797619019,554.501399010124,42.73546747422037,2.096242618094152,28.930006443368274,1,285117.98340382334,1204664.3449416494,285117.98340382334,31490307966.996914,3.480220373588791,0,70585647508.80557,70585647508.80557,855661597.9587631,70585647508.80554,158706473.79275933,68088772773.69306,2338167999.170197,0,262.14952099936295,0,69729985910.84671,0.9795425994641028,1.7235181951639618,21,101,591492,1061064,591490,1027259,0.9999966187201179,0.9681404703203577,0.9999939587807611,5977,21351,5380.246711839556,10731.152344047412,43.2291751447888,960.4965789157637,3,9,0,30,0.9767762195961228,0.9996674036141969,0.9776936008944968,0.9990826187016261,1,0.9998453038675837,0,269169.3311737004,19.953877803689174,0.0016786968621448572,43.67850963398464,10325.070664471212,15522.411817149463,2.2848988173422433,38319.878429707074,4.923545218523709,133150.14793458086,145.70248375888485,178,1,14428.275320213954,8.684188611147409,8746.887793913334,8809.441747504781,132.59326330364468,32749.60448034537,0.6651718035894314,0.9928992147988078,0,0
630,9823363,2588720,2486673,1086077,3661893,0.9354881484054536,0,0.49816134382818616,0,0,0,0,15371,15342,16982,164.27501016026028,48.202580693436396,3.4080127619106735,2.8965889975319357,24.604146503257798,48.34962995343157,704.2304809517515,53.12351749915263,1.9651008803345267,28.62243081094097,0.5499051830398891,554931.8160306192,305159.8818689751,305159.8818689757,34956568825.86415,4.5701607310288965,0,83023549802.95387,83023549802.95387,1613733056.6327512,83023549802.95386,179298004.2009391,79008690757.09615,3835559604.796936,0,1436.8598420794044,0,81409816746.32094,0.9894809380577475,1.7558143660735432,21,101,540268,1225764,539360,1208095,0.9983193526175898,0.9855853165862271,1,5977,21265,5214.701547358645,11665.428488157406,77.4738845880299,856.1696230441294,3,0,0,30,0.9660713981200261,0.9997615148710088,0.9819825939748882,0.9840888041451379,1,0.9995554866692172,0,249261.99194515313,17.11714409436488,0.0018204575218166812,30.240388752064415,12360.55268876553,16494.827643370365,1.9791061068362397,34052.26868484931,6.250713202328139,116954.8843420979,147.58543873498542,178,1,14743.075381965156,7.970528470689946,9130.062660260077,9240.811103597267,161.32739170165388,35925.80238340415,0.7493593116587374,0.9880152897732021,0,0
660,9825228,2705771,2364065,1079115,3676277,0.9379774809283772,0,0.5877444021912874,0,0,0,0,15342,15102,16967,66.93776214837462,46.50810363351389,1.4392709424544037,1.8714985747837127,23.086453173199462,47.08295405505484,687.2903586403713,57.39804619590512,2.039419121760651,29.770287946969308,0.9947152593560459,323682.6432941438,681623.484943813,321972.0644733847,48097425696.117134,4.916617068127639,0,83041653735.16049,83041653735.16049,657678774.917321,83041653735.16048,179298004.2009391,79026794689.30276,3835559604.796936,0,1436.8598420794044,0,82383974960.2429,0.9919286275146888,1.8025874234299395,21,101,510112,967208,510017,955379,0.9998137663885578,0.9877699522750019,1,5977,21186,4719.133655468578,9595.60083673757,134.0256115459492,1228.269031476874,3,0,0,36,0.9454638714911466,0.9996597645627575,0.9826194933544875,0.9616278845587309,1,0.998691451224303,0,265633.8957967961,21.752527982617348,0.00310422145091537,19.803793272079982,9773.635163629582,14683.395792656185,2.013810801344266,29913.047782798207,6.749669213316813,88050.72371569621,122.37220260201528,178,1,12385.773872450764,7.952643358307963,7741.907777358384,7834.043448797174,156.64611847049628,33858.27886624208,0.6656249890449598,0.9882390655552291,0,0
690,9827057,2756431,2307750,1072323,3690553,0.9405027189983929,0,0.48411985750117004,0,0,0,0,15102,15129,16958,5.124845530988115,37.08927570184324,0.13817593991821803,1.3846169779002395,16.16679792989215,39.787119532610056,518.9305110771514,47.46481049824238,2.461038958063817,32.09853387959141,0.47071326522076073,917280.6954812796,431776.1912939685,431776.1912939634,42072302477.06611,3.8224105791649237,0,65008417403.30616,65008417403.30616,50362149.148996904,65008417403.306145,236694604.2009391,58929557432.52964,5842163929.715709,0,1436.8598420794044,0,64958055254.156944,0.9967468919349697,1.9272021493570939,21,101,457647,797153,457647,793071,1,0.9948792766256916,1,5977,21161,4087.969037575734,8417.177765836692,221.03451309954266,1490.0516845045988,3,1,0,42,0.9576251652852256,0.9999711901743972,0.9826251652852256,0.975,1,0.9997196290884306,0,265186.7799356059,25.44331623297394,0.003066753162434497,14.756712435089552,10089.341912687578,12001.71199306067,2.1563868585224126,9780.509050608674,7.451067264905536,83230.56408438203,102.69300010504878,178,1,10306.033547832167,7.776701672320431,7051.890458933161,6866.20291305154,4.825509215367646,24485.183821374598,0.840658559255645,1.0270437020625562,0,0
720,9829013,3129154,2168053,1065587,3466219,0.8555085727252116,0,0.42103917963271187,0,0,0,0,14898,14743,16699,1.753545512411293,27.353419218096118,0.0641069951229792,1.3589076676019674,6.294375243218409,33.19796778941508,281.77201114705997,29.246456016942147,5.274227624923179,44.76568368729566,0.9646150349751531,372926.31972093263,1579833.6667990345,359730.33494076255,28956616660.777195,2.3644237123576737,0,65039050763.21351,65039050763.21351,17235621.637362488,65039050763.21349,236694604.2009391,58960190792.43699,5842163929.715709,0,1436.8598420794044,0,65021815141.57591,0.9991957487497259,2.0673717464310895,21,101,436837,662322,436837,661438,1,0.9986653017716458,1,5977,21030,3318.4490602349133,6806.507892754995,329.6602420389399,1133.6456952798499,3,3,3,42,0.9811153082795633,1,0.9921141805800924,0.9890011276994709,1,0.9999806631511504,0,272016.7969255308,29.721167859656006,0.0009867821626221309,12.186894766961288,8307.173873522068,9764.745509065317,2.4338942406779487,12210.588200534996,5.699124997755311,93085.99886896956,87.60508703111819,178,1,8938.508703111818,7.423074697663269,5719.203692764976,5604.4203065961765,0,26184.320590973824,0.8507312213933195,1.0204808668674803,0,0
750,9830476,2333413,2957675,1058446,3480942,0.8579309208238457,0,0.21987686710460633,0,0,0,0,14962,15723,17186,177.55304156764902,23.649338312806275,7.507738238557941,1.3995784707258798,3.5097643107996706,24.09197129146024,191.40467588675418,31.324928745661733,6.864270406228812,54.53490859708019,1,299576.86320232984,1126726.678953758,299576.86320232984,28480826523.478596,1.9483050097626728,0,66087863210.374016,66087863210.374016,1745430913.8571641,66087863210.374,167597422.706698,60231692603.6579,5688571747.1495495,0,1436.8598420794044,0,64342432296.51624,0.9916148229623789,2.1256188675929395,21,101,559377,1473496,559378,1456449,1.0000017877031053,0.9884309153197566,1,5977,21015,4263.705254268027,11145.555845637273,292.863517578807,1182.0830204074769,0,0,3,36,0.8431510858591839,0.9958080869073663,0.9857694947858853,0.8564928333640267,1,0.9972219418774364,0,177962.83651645313,10.593935085686608,0.03996338257449271,14.873609240493382,10016.757469610176,12891.937037847418,2.5307132864925097,27148.658470432452,10.261738655271062,157790.14146987168,152.88531808896815,178,0.9900000001207148,15132.16374859495,6.825206604530484,7657.923212962143,7189.181678168085,32.46440028672449,31922.342183885783,0.7769784664789743,1.0652009582978712,0,0
780,9832032,2542221,2742828,1051285,3495698,0.8603483146513874,0,0.10260274945847607,0,0,0,0,15723,15616,17172,266.0798671655454,28.472861077802982,9.345034432559267,1.511941355501186,2.5238901621754954,14.87966656556989,210.46193228747796,44.20279945897713,5.89552857274272,83.38791261267406,0.6900161867145307,487765.9506936852,341390.3805049425,336566.40130684443,25572517332.95491,2.940491142666054,0,48125312266.48595,48125312266.48595,2616105768.5269747,48125312266.48591,136470544.13234338,41370197574.32959,6618642711.164133,0,1436.8598420794044,0,45509206497.95854,0.9776957549544362,2.1205619310529737,21,101,566137,1628916,562204,1583890,0.9930529182865632,0.9723583045411796,0.9870560171094842,6042,21015,4587.689395640484,12392.943531193729,189.43676817581297,1420.7621449800865,0,0,3,33,0.885851316302042,0.9978801727956885,0.9688972822348602,0.9110221954162722,1,0.9993552870165783,0,277042.936909443,15.491004787829965,0.010686136920478071,10.942598598303068,10025.423157901943,21667.236918289735,3.6658756313385568,58903.43242353338,20.30629387256404,113880.20734406653,130.58314605249373,178,1,12855.878866298175,7.369806745512992,8094.799424776217,8590.027188929223,1202.9452996425364,25148.624411422818,0.46269966012321995,0.9423485219242085,0,0
810,9833681,2440493,2838477,1044356,3510355,0.8628029710341222,0,0.052612524552349445,0,0,0,0,15616,15516,17165,161.84015101869076,28.469147789552,5.684755729782859,2.1110305437613306,2.502671343030993,15.916287499781069,261.04638513534513,41.93531448420429,6.359719403069843,104.3070980383669,0.9999999999999984,293811.7352681534,1174587.9787773956,293811.73526815296,29583805651.945305,2.7391223831648737,0,40899399776.690605,40899399776.690605,1591484418.10948,40899399776.690575,137914197.3645206,34142841431.30208,6618642711.164133,0,1436.8598420794044,0,39307915358.58096,0.921737608154166,2.11152152154575,21,101,632967,1669071,619256,1502619,0.9783385231773536,0.9002726666510892,0.9757503268186577,6042,20881,5307.631600430428,12990.940129618233,114.3505190169277,1105.4730028466158,0,0,0,27,0.897660329428457,0.9993153274347365,0.9565744683900663,0.9349026863572084,1,0.9999031544838992,0,268825.4019355602,15.203086059389562,0.003281273363783587,11.543735921762122,9394.209703115775,15577.66341022181,3.0851107452891915,27337.62944022446,32.64927812852414,185310.2877084586,153.27943013664884,178,1,15463.35682228817,8.266076276041126,9434.348494282829,9463.684710237923,362.8184611968527,42236.73758570437,0.6030564055551134,0.9969001275028364,0,0
840,9835529,2283544,2989478,1037516,3524991,0.8652546869707731,0,0.10995981217408572,0,0,0,0,15516,15306,17154,93.0409589875026,25.629076220768916,3.6302892147203276,4.0932166355921495,3.4461159749531465,19.998624597533528,284.8307877421081,30.564598944015344,5.803236090394616,82.6526993903566,0.9999999999999982,288517.43713701086,1033975.2510426742,288517.43713701033,27909211848.988083,1.8168820523898854,0,40901368171.71402,40901368171.71402,915107050.3091829,40901368171.71399,140101780.5197828,34141851676.757988,6619413277.576378,0,1436.8598420794044,0,39986261121.40462,0.9722154008978784,2.090348474983039,21,101,566504,1746504,562983,1685759,0.9937846864276333,0.9652190891060084,0.9915024991680422,6123,20986,5448.413404728694,15425.855759697068,96.02498527702942,788.1817289285126,5,0,0,24,0.9511313777074801,0.9998007067093151,0.9719973533951849,0.9787335282219545,1,0.9999218172204098,0,260776.1571625224,13.915842217338712,0.0007042884589613927,13.744674806385024,15716.062982222817,19834.88832485708,3.5202759657081724,37853.90648588633,28.048280763611515,193157.48535611076,178,178,1,17776.457065328024,8.978142563984772,11066.926827851898,11119.568149060697,405.3611992005841,38233.20857834535,0.7923444147919628,0.9952658843847955,0,0
870,9837456,2045255,3221882,1030708,3539611,0.8677045992917974,0,0.0846083746207932,0,0,0,0,15306,15220,17147,45.7409299570769,25.979080703151247,1.760683161953785,5.965592103122409,4.399586102040701,26.641579861608648,351.2664805142918,31.70146002786176,6.055474138635731,79.84080146797459,0.8820102182100993,311426.73517482856,407373.0718654171,274681.56264800933,29851410339.05058,1.4687406063855057,0,40910392993.002045,40910392993.002045,449974385.8516473,40910392993.00204,143342799.55172378,34146254262.01672,6620794494.573758,0,1436.8598420794044,0,40460418607.150276,0.9796217501568572,2.0833862980261264,21,101,589457,1876162,583827,1831547,0.9904488368108276,0.9762200705482789,0.9857433009509496,6123,21005,5526.05027737554,16878.927953757007,86.94395838465906,796.1966203098657,6,0,0,15,0.9126043977560513,0.999877900854157,0.9744357055753483,0.9380111167633461,1,0.9997897916501112,0,244378.91818350888,12.141171587514425,0.00015116760429074948,14.431921332063894,14288.115131502585,20989.865220189793,5.211730714708708,53453.036333689925,17.654800244790238,177040.56427407663,178,178,1,17800,10.056423033782325,12630.346424926958,11532.36601656861,215.74890703677738,40768.234512327166,0.6807149536986589,1.0952085987195406,0,0
900,9839494,2152448,3108916,1023919,3554211,0.8701412789535186,0,0.04535341643437466,0,0,0,0,15220,15094,17132,39.059700450569025,19.73477410747981,1.9792322039178925,6.085324888161495,5.481591435284944,39.4875283532677,475.43552737304975,43.146958961867355,7.203661348981048,86.73311993168197,0.9857288021304407,293164.3376515302,422376.5132642656,288980.53138060693,34834737801.04413,1.3249060680608111,0,81756128414.5738,81756128414.5738,384327688.22501504,81756128414.57378,149362393.06062424,74985970090.07956,6620794494.573758,0,1436.8598420794044,0,81371800726.3487,0.9652597141727868,2.1621665543731066,21,101,504142,1960144,500507,1878169,0.9927897298776932,0.9581790929645985,0.985785658996552,6174,21002,4895.545391403069,18002.588364776977,142.079052993991,709.3827200635587,5,0,0,15,0.9306821737314024,0.9987207629391885,0.9638304389157033,0.9668517348156993,1,0.9997662914334823,0,263475.832601342,13.291890073368984,0.000203381521001079,19.02758229315763,10549.924934365034,27452.323300390104,6.119545948441638,43683.692947259486,18.32757810444814,224325.51045062262,178,178,1,17800,13.475433894408917,12122.056066463678,12054.426814410208,2103.8053100063516,37121.91658898229,0.3842998939989577,1.0056103249946835,0,0
930,9841591,2165059,3090494,1017252,3568786,0.8726080775895515,0,0.12952988291530154,0,0,0,0,15094,15028,17125,67.36958135842488,19.248283173687426,3.5000306650995086,3.6401477055311116,6.452057804098157,59.445402528836496,673.6260528019039,67.35551512103177,9.213402039125956,104.40483846471997,0.9921396902974974,286319.5508594035,753337.4991377767,284068.99051576713,48012262012.254974,1.4160910560331001,0,81996902710.60973,81996902710.60973,663023865.5706866,81996902710.60973,155890522.3724227,75220216518.95322,6620794494.573758,0,1174.7103210800415,0,81333878845.03896,0.9850635228550125,2.2652955738308074,21,101,523972,1927744,523972,1891124,1,0.9810037017363301,1,6174,21159,4676.9018020172225,18047.493033989438,201.17284423358214,672.0100069439628,6,0,0,3,0.9440642088348473,0.9951073761577887,0.9739037014175363,0.9701605074173111,1,0.9987687411256359,0,245281.37951753527,12.187410165933045,0.0005981058974949103,30.80802754500731,16937.428336264275,29986.85640213594,9.846393572382656,53485.83396270354,20.415737625218547,236307.37637452222,178,178,0.9900000001922691,17800,20.861638075886635,9444.553336249239,12101.785990063141,4211.426679927467,36286.99607097478,0.5648284071236568,0.7804264051607115,0,0
960,9843772,2067631,3182124,1010712,3583305,0.875091694755279,0,0.24846613787949776,0,0,0,0,15028,14931,17112,90.50366972791782,18.725006369415002,4.833305150472175,1.6309394792053968,6.5065823867306785,63.57884275591081,901.282321494895,98.659658004223,9.771465106715858,138.51854444092524,0.999999999999999,288386.28711075295,516403.82895923674,288386.28711075266,67176988511.0483,1.6669262892853545,0,72106563927.42767,72106563927.42767,890897489.9647812,72106563927.42763,177635726.16057494,65499980715.91866,6428946310.638069,0,1174.7103210800415,0,71215666437.46278,0.981281424302256,2.3655926904522797,21,101,553223,1876823,553223,1831336,1,0.9757638306862182,1,6260,21175,4458.042605155096,18310.362620473275,251.7371087996056,504.7339354245221,3,0,0,3,0.9087450484239439,0.9924883684334169,0.9683306369059806,0.9391179828259484,1,0.9976045001151613,0,277892.49300392746,13.984598057951722,0.003814878489601833,46.722691622257926,13741.992549788427,30018.419903365826,15.163643322362093,50565.32918060579,19.85390441145738,335368.7673533552,178,178,1,17800,31.505326143980845,13805.899990180542,11863.484559936947,2617.8886770876916,33315.3847619571,0.45778533960235535,1.1637305987486293,0,0
990,9846084,2206093,3037928,1004285,3597778,0.8775828700914813,0,0.28051763088212767,0,0,0,0,14931,14791,17103,131.68798627822426,14.925509108136096,8.823014700814417,1.4739690933104963,5.32395239835134,62.441238663470834,977.03236452595,122.21018292003079,11.728361561385658,183.51635991871493,0.7216880136514183,346457.3244713206,250034.0983126917,250034.0983126923,84085252372.6825,1.6792067910187571,0,64635297062.45563,64635297062.45563,1296610974.6860807,64635297062.45559,184067287.30180797,58135195204.80337,6316034570.350408,0,0,0,63338686087.76945,0.9916555287978663,2.507690902088769,21,101,467574,1687985,467575,1669997,1.000002138698901,0.9893435071994123,1,6216,21204,3564.1083787218554,17287.541621989007,257.43707814941547,500.7983668603545,3,0,0,3,0.9117201087732274,0.9966799175188492,0.9809754910343382,0.92844870923093,1,0.9998087381041432,0,249741.09385402332,14.020080382079668,0.0022900419712218274,55.4601022131193,13338.209782786702,23655.949467887494,15.155054484610927,24739.734412788992,17.026070073928416,215967.2978777318,177.75260161138152,178,1,17783.604467594436,39.80049846039594,10329.330748857039,10831.696619467206,3327.541497805038,48524.84382051554,0.5638416585600621,0.9536207587547003,0,0
1020,9848478,1935600,3302739,997876,3612263,0.8800764898949839,0,0.18553407252078116,0,0,0,0,14791,14700,17094,270.6887059080178,13.82971213859323,19.572981938838282,1.5065481299269607,5.254487311006223,65.99891708736594,1172.3353523199798,147.38040952387948,12.56048652912767,223.11127288562815,1,307304.51368997863,948599.6218394919,307304.51368997863,102350225999.70221,2.179770428876507,0,64650765774.28982,64650765774.28982,2665871764.9834437,64650765774.28978,186814717.0263535,58147916486.91302,6316034570.350408,0,0,0,61984894009.30629,0.9937833731829963,2.6479929684158185,21,101,533735,1985316,529642,1973749,0.9923314004140632,0.9941737234777738,1,6196,21235,4182.098246508527,19016.349998045564,166.65193905216125,405.03797615508,2,0,3,0,0.8024134554953074,0.9947196433602647,0.9826486234841679,0.8185729704605994,1,0.9999668508287293,0,253368.35644346927,12.145207350036934,0.0013866926272746512,80.93657735251509,20198.06131151684,35109.86290110032,19.202051594618034,34340.36675501439,28.44332130995627,356351.03277674416,178,178,1,17800,60.50890963140708,11558.513963277943,11722.775565605361,4923.518319378132,40219.522826434855,0.5752816913131223,0.9859878233266393,0,0
1050,9851000,1983244,3249428,991602,3626726,0.8825945902972707,0,0.12589673562874468,0,0,0,0,14700,14555,17077,588.3433613690978,19.61360633868416,29.996694703140893,2.1185746304232795,5.991120489934985,70.69858512783223,1515.4110338856706,201.64329186142172,11.80056138857582,252.94284039714177,0.7834863950675057,529855.3778109392,662137.9934795713,415134.479868224,134797976731.56796,3.9047721157877793,0,62601163982.12752,62601163982.12752,5795770452.847057,62601163982.127464,129953019.77802955,58161780716.9178,4309430245.431634,0,0,0,56805393529.28062,0.9882250150242856,2.8224641837627686,21,101,587875,2026226,586229,1997091,0.9972000850520945,0.9856210511561889,0.9962501728755171,6196,21224,5061.935604733668,19486.22482064685,72.10902676014813,256.94196673732165,0,0,3,0,0.8869908782617472,0.9958383691153521,0.9906464062111469,0.8961348190319426,1,0.9996056354068336,0,255608.00016676594,11.87346516111512,0.0004195121398406559,133.04286061831553,17669.349382446,31784.86828313334,17.882667887741295,46855.59997640744,51.62419438087169,130516.19643530122,178,178,1,17800,87.47830706023755,12062.533264413845,12561.981515517284,3197.8642665614943,32716.698830293928,0.5559044393404723,0.9602412843478164,0,0
1080,9853616,2097920,3307953,985355,3462388,0.8227612820352975,0,0.051085416042047346,0,0,0,0,14333,14211,16827,401.02389936710944,28.28719790834158,14.176869008607316,3.5887724183021135,7.447576880045353,79.30020169930017,1675.7037210352428,243.47879793468928,10.647785578658876,224.99985539256875,1,314825.53906240704,582400.4969725385,314825.5390624071,170813147350.36844,4.5865772358229036,0,205548619946.2641,205548619946.2641,3951535511.1863556,205548619946.26398,130421755.98527263,201108767944.8471,4309430245.431634,0,0,0,201597084435.0779,0.9818759730198847,3.039716550686688,21,101,566819,2116194,560393,2073993,0.9886630476395463,0.9800580665099703,0.9813169423366334,6196,21229,4899.018135548085,20116.72482938802,62.33282652390707,293.96967469009405,3,0,0,2,0.9045512361691316,0.9936209419280826,0.98595217321551,0.9168795957964773,1,0.9990473147072046,0,237057.87800190735,10.798320883966465,0.0009864417025929888,218.74643384914484,10950.089300747666,35038.957576170586,25.3559050739449,68816.39308912076,56.71340956780408,427864.96533892857,178,178,1,17800,92.15069910463887,10431.631902589455,12780.510812430563,5524.549336682136,30523.5425252671,0.31251184562050555,0.8162140039382038,0,0
1110,9855864,2047780,3351980,978846,3477258,0.8252411218276368,0,0.02910718481942752,0,0,0,0,14421,15060,17308,380.12131530309944,34.0944686063487,11.149061148068968,4.495103667092525,9.060087621299049,83.28464959624392,1752.9214962787564,275.64895293926116,9.192477278084255,193.47732268702055,0.9999999999999989,320235.8862183436,778439.3012287368,320235.8862183433,207616381459.6686,4.275494244135295,0,414393505434.0703,414393505434.0703,3746423987.128731,414393505434.0704,115326783.92612927,409980325977.5325,4297852672.611739,0,0,0,410647081446.942,0.9926255645603422,3.2760179206065634,21,101,619022,2062268,609075,2052442,0.983931104225698,0.9952353428361397,0.974215687724644,6202,21232,5696.4887877598285,20135.967734519883,19.125680726647705,309.86423669064703,3,0,0,3,0.9265097936181971,0.9843216860403541,0.988522928509646,0.9379868651085512,1,0.9978561576475079,0,274788.90077433817,12.389426065255485,0.0002620837040910156,435.30370866681415,11159.666162361667,42476.19344608602,19.77381428332831,50571.96954058955,60.184731593867944,295133.53808398667,178,178,0.991820225179314,17800,101.77025078769243,10959.575113663477,13663.188127336703,11691.410545080642,23471.602574504737,0.26272754823302036,0.8021242927729322,0,0
1140,9858105,2017062,3376512,972460,3492071,0.8277500225268069,0,0.015726007210080863,0,0,0,0,15060,15059,17300,876.9503029754974,38.83987472193429,22.57860791915098,5.8568892555974745,12.47731227102742,84.51781019099758,2034.8540300517782,346.98453360503504,6.773719239779684,163.08432343853025,0.7126278569249854,503486.37413132767,459384.0466219609,358798.41578813945,246999290821.32748,4.943843090446952,0,413433311833.28656,413433311833.28656,8645068166.514696,413433311833.28656,112837478.17936455,409989878414.3933,3330595940.7137876,0,0,0,404788243666.7723,0.9967207475307666,3.620073681384649,21,101,630146,2050038,623077,2048318,0.9887819648145033,0.9991609911621151,0.9811293475208461,6202,21249,5857.239980650123,20593.558374448963,24.248262993192984,306.1918477369794,3,0,0,0,0.956157841824498,0.9632216942092271,0.9948565641038645,0.9613012777206336,1,0.9976093683062786,0,247685.98631650928,11.126141344870794,0.0010469586412392199,787.3313833423659,19600.014188789122,46676.04115192028,20.31173968651323,27083.281222031354,68.60265561738846,380943.61709730176,178,178,1,17800,123.55394606735719,19354.48250462467,14404.592259478684,21237.4634405558,27485.184988397195,0.41991595056220327,1.3436327912641053,0,0
1170,9860447,2044193,3342891,966472,3506891,0.8303867175637135,0,0.005646441579931095,0,0,0,0,15059,14945,17287,286.3821354829327,31.451835039871426,9.105418972212167,6.76086826002816,16.5937252041354,90.4606200876546,2003.992766740483,358.2504222954441,5.451495609021565,120.76810614177572,0.9999999999999983,310490.46237523603,663360.1278320809,310490.4623752355,329544076887.17633,5.080368674023722,0,413174834745.6678,413174834745.6678,2823855868.6765995,413174834745.6678,116576992.99922603,409726244963.34033,3332012789.328201,0,0,0,410350978876.9914,0.9963649367357744,4.015074147490568,21,101,579110,2097047,574563,2091866,0.9921482965239764,0.9975293829847399,0.985745813400879,6202,21264,5326.911586548301,20967.85770880764,55.512497825160175,226.84704325858831,3,0,0,0,0.9596030913884734,0.9177796214341617,0.9879814644732788,0.9716216269151946,1,0.9978459148047693,0,252381.94285135035,11.358199727861512,0.005752501024352223,697.7247085279432,10363.94985805517,45606.979579879044,27.846846537969,66435.86346593537,86.2768260094984,620517.3600806877,178,178,1,17800,104.7159108322496,11354.882849985563,14129.8318041474,34095.926543260706,32319.644203241176,0.22724481983953948,0.803610616699108,0,0
1200,9862881,2026013,3354559,960650,3521659,0.8330543667104539,0,0.002268035614210018,0,0,0,0,14945,14845,17279,123.5390405781774,31.727638747752135,3.893735728661182,6.52582100016317,18.468098549232096,113.21839265530822,1956.9940891770764,306.56107507221805,6.130484540868765,105.96619267328137,1,294262.93793677335,726467.8567530499,294262.9379367734,330808115251.12585,3.5586597577750565,0,413241064499.38214,413241064499.38214,1218450856.0770736,413241064499.3821,119576703.59192768,409787104891.8843,3334382903.905932,0,0,0,412022613643.30524,0.9965180274549044,4.353795067023416,21,101,574129,1975288,574129,1966411,1,0.9955059717874052,1,6202,21387,5252.08684199378,20289.05924497237,84.90214998809802,240.0165016351181,3,0,0,0,0.9691936955336955,0.8649610691631275,0.989590896903157,0.9796027986305387,1,0.9984927685596711,0,273077.6814313274,12.898565569429842,0.005986857007280767,562.6668035916213,27118.779891154052,46976.990891525595,21.37494002965055,66006.07812791214,103.36509009890582,298675.10052863427,178,178,1,17800,85.37656504393786,22346.12096533541,13867.049224762983,26476.195794978656,22615.210239188666,0.5772779264166564,1.6114546507436482,0,0
1230,9865303,2068276,3305787,954794,3536446,0.8357252231691367,0,0.0008148123732788506,0,0,0,0,14845,14845,17267,92.83951507077327,27.556063073906817,3.3691138977934836,5.104072059994977,16.922679257756684,144.78910890088707,1819.2735136651195,280.32581260980595,8.55592112191818,107.50505200476672,0.626497764267807,447127.7274476879,280124.5215881205,280124.52158812183,296332325537.1898,3.005745648511035,0,413299450793.72284,413299450793.72284,915889946.5466212,413299450793.7229,122063429.22773352,409836978450.07324,3340408914.4219594,0,0,0,412383560847.1764,0.9989763453700998,4.7625767112650275,21,101,530312,1821067,530312,1818660,1,0.9986782474230766,1,6202,21395,4867.707143626969,19137.40988646493,115.02530162467933,227.9491993898825,3,0,0,3,0.9299664397079962,0.8319539906340395,0.991573100841157,0.938393338866839,1,0.9987448857758399,0,253168.43178775508,12.933407386095114,0.003277518343109937,565.4347552015106,8659.684758712496,40711.76730082745,16.375395728338024,51933.05844038123,113.03812610060095,527925.8633819566,178,178,1,17800,91.44224463160927,8616.362686842727,12996.534397922716,22726.867651709483,24072.54254684694,0.21270716878302875,0.6629738684968134,0,0
1260,9867964,2170764,3196956,949075,3551169,0.838390228998532,0,0.0002927796920689081,0,0,0,0,14845,14597,17258,16.803467789658896,24.79674454963232,0.6776481386911757,2.8569447818569853,16.21446789900602,140.04049618712824,1310.4405442433267,192.1226480775077,8.636761752490996,80.81921358169635,1,281049.55559836427,678652.8163525304,281049.55559836427,172073972246.29843,2.260705763467432,0,372520837242.0804,372520837242.0804,165816015.22388625,372520837242.0804,128416278.20637912,369048188584.3199,3344232379.554153,0,0,0,372355021226.8567,1.0000009170084434,5.297106461612436,21,101,505088,1675917,505088,1675919,1,1.0000011933765216,1,6202,21499,4313.248732382546,17881.427637421973,212.253854681274,407.41226558171843,3,0,0,3,0.968293751058855,0.8393737268328951,1,0.968293751058855,1,0.9984557115189973,1,269488.86624778,14.827400347515436,0.0038086538154815555,631.8599027981917,11964.71339434922,36530.29443148543,12.287936565360292,37775.74762760135,74.02611443695181,931907.3204760891,178,178,1,17800,101.96443776482606,9320.230565123149,12157.851952317276,21480.457724832686,24335.71472003011,0.32752852339555316,0.7666017485388709,0,0
1290,9870573,2402784,2958455,943440,3565894,0.8410992309800029,0,0.00010519861653170133,0,0,0,0,14597,14639,17248,15.915088093539483,22.851132531262927,0.6964682416403584,1.5718482857413685,15.254907919688286,108.76712528350873,1009.4811396790802,155.1982560193535,7.129975864563019,66.17418767741127,0.8509988361241196,316773.2440405796,695076.3740980565,269573.66199379496,97785239158.09026,1.7721000142689634,0,372300034729.41974,372300034729.41974,157091038.82908455,372300034729.41974,129075754.2067377,368813942155.4462,3357016819.7668643,0,0,0,372142943690.5908,0.9999984603825641,5.564873813493783,21,101,448319,1500217,448319,1500214,1,0.9999980002892915,1,6202,21517,3487.514309085571,16129.46984498103,334.0712846884511,700.9042286197972,3,1,6,3,0.9787178074349702,0.9216332609100514,1,0.9787178074349702,1,0.9974118435222047,10,251910.57048382054,15.513860149178107,0.002493874864782153,539.2448626264713,16872.549623271192,27335.24956467949,8.73747573042535,33790.62342399252,57.47578663327509,275776.9502798365,178,178,0.9985402001738264,17800,82.38697183177788,11034.742406458225,10701.415265728798,17327.133008527562,37866.903691433305,0.6172451282490797,1.031147949355531,0,0
1320,9873227,2059324,3295497,937869,3580537,0.8438015014880983,0,0.00003780429079790913,0,0,0,0,14639,14586,17240,636.3076487199802,23.973822319620734,26.54176877748907,1.505966263269674,10.902181916577861,60.46103884660993,747.490354319365,123.73446743944336,5.54577416789137,68.56337199645614,0.9999999999999987,310282.96313446836,340255.3901890643,310282.96313446795,120380026393.10225,1.5513266036172761,0,361555839114.1867,361555839114.1867,6282409857.649127,361555839114.1867,102804450.86188829,359980141639.00146,1472893024.3233347,0,0,0,355273429256.53796,0.9958009478512723,5.8414822555451105,21,101,478428,1887344,478429,1877409,1.0000020901786684,0.9947359887757611,1,6183,21520,3353.7928900390084,17006.11188969821,299.4547712167251,855.3740047833007,3,0,0,3,0.9848703149870194,0.938686381326308,0.9951001681815738,0.9897701468054457,1,0.9968902816863301,23,237943.13722935098,12.120178241255179,0.010905676359140104,256.0675953997599,18327.41756118373,27024.200116901942,8.02491621073149,40163.41422790097,115.0156899672832,687155.8964123963,178,178,1,17800,36.450467654856965,16895.534364306626,11227.737392948511,17057.395791560248,39699.18935878641,0.6781853850216674,1.504803129339107,0,0
1350,9875976,2251285,3097256,932226,3595209,0.846480376611117,0,0.000013586091814848715,0,0,0,0,14586,14482,17231,1446.488855912347,27.40886790805754,52.77448381905312,1.6071323003826898,6.725057234416684,48.96802924918561,702.9986309009369,102.53771950374045,7.281429368152134,104.53422274285126,0.976475983107172,311686.1077734622,304353.9985089385,304353.99850893946,111946773808.3426,1.5021368663061558,0,354363503520.11487,354363503520.11487,14285489225.259384,354363503520.11475,95049743.8413573,354173471044.22644,94982732.0469281,0,0,0,340078014294.8567,0.9745638837499414,6.0439234889985,21,101,409866,1830649,407869,1775656,0.9951276758745541,0.969959833916824,0.9920680629312023,6163,21585,3267.1352543714984,16450.73351535126,259.10236902278945,932.6734530516947,0,0,6,3,0.9580296545138359,0.952904835454864,0.9886699848518512,0.9679138768838929,1,0.9981486556703938,26,248354.54156756322,13.64882242617217,0.00702724471904439,174.18528531704436,14726.992094957759,17077.875252248232,7.329465555092717,73056.26570397569,137.606334612256,647142.7984889261,178,178,1,17800,35.01975645589948,11241.849572923478,10765.372129991649,13776.834741084109,44435.01005950326,0.8623433464311675,1.044260192511543,0,0
1380,9878749,2239811,3102286,926795,3609857,0.8492268111193039,0,0.000004882726327130359,0,0,0,0,14482,14448,17221,1390.1668796594977,28.976538103847982,47.975602698891365,1.8115791808379282,5.155065324355603,41.47064151232393,784.7202365075783,87.41099831620787,8.044639379522872,152.2231411501406,0.998469475004276,310930.51457394403,470685.6942087546,310454.6276494553,103844540440.10867,1.571038496635866,0,354453115764.1763,354453115764.1763,13733109672.27127,354453115764.1762,109438230.70047998,354248236376.45166,95441157.02400436,0,0,0,340720006091.9062,0.9569887599504512,6.175036393329286,21,101,452212,1754095,442613,1668798,0.9787732302548362,0.9513726451531986,0.962771341806321,6185,21658,3682.215009806459,15663.363714750083,175.763251223101,853.820398990161,0,6,3,6,0.9538266197883495,0.9632968401274334,0.975208035171742,0.9771123575931405,1,0.9989450309235756,18,268027.1596426721,15.233064124948033,0.0029516796935594096,106.97453670643696,9483.574667401825,15256.88334451769,8.532027472007929,37388.98526467965,137.65399933195374,772308.9574077274,178,178,1,17800,41.13130929166232,10408.309325065382,10461.090237264767,14663.07225523714,47571.358196427725,0.6215931821232409,0.9949545495734883,0,0
1410,9881716,2237231,3098585,921469,3624431,0.8519596627769773,0,0.000001755027398241507,0,0,0,0,14448,14243,17210,1364.6823631208094,33.29714540546597,40.98496572312133,3.1062530149186824,6.002314207168001,53.08672837365163,937.8747341384388,80.37336082333599,8.844376775586845,156.25218903376017,0.9843046165074463,314558.93903909123,817287.7923596952,309621.81585986185,106078836607.84964,1.9687877978442305,0,354445358856.4388,354445358856.4388,13485403542.570082,354445358856.43866,124040048.05175453,354225877651.3629,95441157.02400436,0,0,0,340959955313.86914,0.9866794115493612,6.3756877327346455,21,101,563579,1662674,557624,1638974,0.989433602032723,0.9857458527648836,0.9815835617709745,6185,21525,4911.981502406693,16233.194852755156,161.46132381450292,574.932143955899,3,1,0,0,0.9404533420612152,0.9747210954401104,0.9756911413730588,0.9647622006881564,1,0.9998940927171324,0,253998.02015535394,13.875894641915577,0.0021483596505360546,70.17679989984121,10697.551959154283,19454.517265516202,10.03614767734942,31396.528057351723,155.35868662418576,201956.5281634132,178,178,1,17800,49.45677340420935,11638.624150500324,11374.129956140623,18895.796454020907,45573.79242324384,0.5498749628764144,1.0232540155053271,0,0
1440,9884549,2202714,3299192,916131,3466512,0.7965681347518478,0,6.30854952192927e-7,0,0,0,0,14024,14132,16965,1213.3025779134089,31.399560200791356,38.64075070334362,5.505866902247503,8.136054835764844,81.2412809655924,1230.3293427621616,102.64532708005376,9.985340881488192,151.21940149098103,0.645521561106132,527504.975414829,340515.83522103075,340515.8352210322,112035213448.19067,2.401094113121245,0,259165104892.23523,259165104892.23523,11992948783.212513,259165104892.23508,266584079.46345553,242672554239.10004,16225966573.6716,0,0,0,247172156109.02325,0.9822593597602528,6.635037461792022,21,101,617300,1899351,602973,1869031,0.9767908634375506,0.9840366525197292,0.9816725580005974,6185,21535,5576.2337497575045,18139.14339738059,105.39927869564792,406.24575311445494,3,6,0,0,0.780796779276631,0.9740505261273816,0.9746406826106625,0.7975484689648203,1,0.9998323193267759,0,236535.121302245,11.482268862133475,0.0014001011096657875,85.44543928935256,11975.686140954678,26855.730995467286,11.122444547369422,62453.309591636214,176.25340833077897,201982.10626014697,178,178,1,17800,61.35958363072629,11432.444129020245,12018.37816011013,21984.195893726668,42909.56754924226,0.44592664943568044,0.9512468302058724,0,0
1470,9887065,2252421,3242390,910755,3481499,0.799345782775786,0,0.0011031943050628468,0,0,0,0,14343,14919,17435,853.0218042026593,30.01095736984814,28.423678514824257,7.8207497788791205,10.410053927506588,106.97521791219644,1659.44833316402,154.003688372187,10.276144452002766,159.4082359918658,1,318964.33653521026,604675.9595811584,318964.33653521066,130455898130.56386,3.9970138137104874,0,122737731332.24507,122737731332.24507,8433882024.570314,122737731332.24492,454829361.3772875,81844202643.89584,40438699326.97177,0,0,0,114303849307.67542,0.9704084247994397,7.02045585004842,21,101,607652,1963519,596526,1898560,0.9816901779307894,0.9669170504588955,0.9795270397588092,6185,21661,5529.092712867209,18390.939632509042,64.58285670869216,454.63670742719444,2,5,0,0,0.8036185607722128,0.970254984719539,0.9785233560193888,0.8239576462601265,1,0.9984464965145136,0,263534.41777188523,12.674565178365084,0.0003201106906644576,122.74784184084369,16508.764308383474,27047.276738765064,11.054672342513744,25342.692079768833,206.78560747775865,228812.26937579372,181,181,0.9981491712707183,18100,83.81358397325288,11344.790115611284,11614.974491789002,23584.507355883437,39003.17036816697,0.6103669684690496,0.9767382721013533,0,0
1500,9889661,2050741,3437029,905414,3496477,0.8021274579656217,0,0.002684363034016038,0,0,0,0,14919,14829,17425,562.7847948040559,37.395383719611395,15.049579355136089,7.918157279110915,11.984590790256272,121.46771772902072,1835.7315893057637,168.32887805368173,10.135324589286483,153.17432371560426,1,318155.1358041838,908920.7886756929,318155.13580418413,145807211729.65808,5.142104759327642,0,123739476398.19647,123739476398.19647,5565750836.568959,123739476398.1963,468866641.4803357,82817583557.93167,40453026198.78433,0,0,0,118173725561.62915,0.9583216328997907,7.572125964237172,21,101,654532,2098215,649895,1988122,0.9929155488196146,0.9475301625429234,0.9873711101548585,6185,21716,5874.815763708248,19641.21257480067,40.98633766405137,441.64628457417115,3,6,0,0,0.9005104121843817,0.9621991292137485,0.9807442315839022,0.9181773585387017,1,0.9971697176828173,1,242434.08999693525,11.02801490651206,0.0011813742156294405,137.8219415150563,8722.154037573317,22388.199591377954,11.061725084583975,42999.41084008773,211.59462817169626,169355.55377792008,181,181,1,18100,91.50199460033281,12045.40845607394,12694.07542276235,30206.78392742758,37086.82281040809,0.38958711270969526,0.9489000226416447,0,0
1530,9892364,2006801,3473564,900581,3511418,0.8050556851596563,0,0.07927192863953286,0,0,0,0,14829,14704,17407,304.7039235938465,39.30540194153518,7.752214925751895,7.768805829851288,15.798538710968911,162.82129130298028,2008.207045296707,173.96582727436157,10.306098195647273,127.11346802615427,0.9893402139956038,300137.78657159844,304855.29426224064,296938.38199491205,155841998146.05157,6.227564438686774,0,186037051378.3455,186037051378.3455,3014242124.420814,186037051378.34534,492078028.69938546,145082297226.2562,40462676123.38977,0,0,0,183022809253.92624,0.9752285835774102,8.112165752693361,21,101,558134,2049993,558134,1985386,1,0.9684842826292578,1,6185,21810,5316.140802388213,19603.508326859726,68.59103634655821,481.73676297541294,3,3,0,6,0.9160899188933846,0.9560275743484573,0.9912872868197353,0.9229145787725681,1,0.9969886795113845,1,266341.6094942246,12.565654344886989,0.0010124988854854332,207.4407778200602,8659.1869760925,33482.67830642583,12.54343107024323,49401.62401501432,145.7926833371683,211801.29952232513,181,181,1,18100,107.67421822278791,10768.293593367527,12971.754695818754,32890.29773703941,30119.941354509203,0.25861691519554075,0.8301339214222515,0,0
1560,9895118,2036253,3436764,895779,3526322,0.807982324922433,0,0.18260757558275914,0,0,0,0,14704,14650,17404,258.7749713767972,40.73349836671486,6.352878631908858,6.787068007234842,21.51150378392505,197.7622341371069,2260.132534084915,204.0296581456821,9.193324470643894,105.06622674021745,0.8984566752844934,311222.1067477203,901901.6747576874,279619.57930359244,156266142174.27502,7.16564341768924,0,187911210704.26736,187911210704.26736,2560608877.221937,187911210704.26733,507595084.50694853,146892350315.4785,40511265304.28191,0,0,0,185350601827.04678,0.9875765676571514,8.708023245255907,21,101,578947,1987574,578947,1955689,1,0.9839578299977761,1,6191,21809,5418.313731314245,19289.970664025146,80.46658265261541,510.8572591529609,3,3,0,0,0.8501712239245275,0.9568654622355144,0.9954371596636782,0.853320114873411,1,0.9974283025349745,1,250991.92776218883,11.882980961156813,0.0012075926237208204,351.2331828415882,8660.272278965589,26044.426014831748,13.334054318554436,49494.78848146479,93.49271835943006,188635.5297972473,181,181,1,18100,107.54519578279923,10267.32807562293,12198.496095736486,28560.959992829994,34414.59785387752,0.33251922211815105,0.8416880240845,0,0
1590,9897871,2203799,3261663,891245,3541164,0.810985237844486,0,0.24577196648040306,0,0,0,0,14650,14638,17391,266.62364808199897,52.77688847176111,5.05190161456106,3.5075040584631063,27.996150861895668,255.60608877721168,2558.0970878983926,238.83000510379168,9.130043984907436,91.37317128048865,0.6099598932024672,455291.5187734384,395127.41947045573,277709.5661670356,144523085893.64044,8.411131756683968,0,188068614797.25217,188068614797.25217,2639006474.266927,188068614797.2522,509772048.8851782,147005506144.96713,40553336603.39985,0,0,0,185429608322.98654,0.9902335516311273,9.236634992048682,21,101,593855,1960912,593856,1935960,1.0000016839127397,0.9872753086319019,1,6191,21836,5182.230868580412,19179.799603598425,116.27709821958321,605.2248432676455,3,3,0,3,0.8605591059705826,0.9617597970824641,0.9813738020298025,0.8790581350818596,1,0.9973713220345237,1,258180.8798729772,12.24662409628102,0.0006829905976047987,427.4552881909436,7705.101235464692,24811.739835434266,13.95271609830647,38523.79272977327,101.99622356279005,211313.2381879351,181,181,1,18100,112.90957397129674,8997.296633624897,12175.84659964524,26982.720364905726,42345.635030441794,0.310542561165374,0.7389462868140148,0,0
1620,9900755,2211413,3246519,886772,3556051,0.8140121569854663,0,0.19722106749673612,0,0,0,0,14638,14500,17384,283.319979138279,73.08179957913345,3.876751541011224,1.9162092662259913,35.67991610916885,307.15029713700744,2567.077012231243,272.834292445436,8.608492693683141,71.94739484187207,0.9825498394099024,298226.1917280837,496969.9522683505,293022.0967902554,166620928776.0622,9.441775813593393,0,188068641385.04822,188068641385.04822,2805081700.0548286,188068641385.04825,505681139.6099395,146978824692.10065,40584135553.33762,0,0,0,185263559684.99448,0.9922618851235566,9.848239505729651,21,101,531206,1984523,531206,1965056,1,0.9901905898797847,1,6191,21869,4668.652799013921,19047.751610856147,145.50478413240887,634.2338836485728,3,0,0,9,0.90151919238781,0.9668687468325181,0.9790492446140638,0.9217595894367858,1,0.9972301278416338,3,246977.86284013366,11.872689461609413,0.0020174327564428177,460.1313061262314,12199.494660030243,24776.691629863453,16.090633276852834,47309.30659382612,175.47608574550642,134271.4127468365,181,181,1,18100,139.4414438381301,12157.90164291696,12227.34166449802,22460.13009580914,37075.513172441504,0.4923778703903365,0.9943209224468897,0,0
1650,9903761,2233696,3216908,882278,3570879,0.8170024826606372,0,0.13677995488630817,0,0,0,0,14500,14367,17373,27.799786808075254,72.22621307374676,0.38489885631536863,1.9499690284970543,24.182919335599397,214.75965386986988,2227.194923838615,259.32908707476645,8.880633925521336,92.09785191484252,0.7105886132699304,325108.6643512716,1066135.6294961632,231018.5149634093,191495991865.06183,8.41256977058693,0,188053995008.7426,188053995008.7426,275322444.39966947,188053995008.74268,501876599.7240303,146980479642.3608,40571638766.65779,0,0,0,187778672564.34406,0.9953027539930184,10.62617584043485,21,101,550958,1953914,550958,1942148,1,0.993978240598102,1,6202,21893,4484.427705892179,18907.79974652161,195.36707342815217,777.0983631956983,0,0,3,9,0.884421188396119,0.9679684835662656,0.983672172227313,0.9007490161688061,1,0.9974842737956409,10,255691.22549485034,12.307116929397322,0.00043301927318087905,466.3882803760308,16221.246546594051,21848.57005722491,15.112871902324516,29061.76751360726,135.31904217746862,99237.56596119475,190,190,0.9955789473703931,19000,131.45305117007848,12283.277421489218,12133.546436256422,25917.367445755,43888.46933811075,0.7424397342301122,1.012340249078817,0,0
1680,9906694,2239992,3203162,877871,3585669,0.8200282409794027,0,0.2121547908287655,0,0,0,0,14367,14430,17363,10.745110034231518,50.91267673587759,0.2110497959078934,2.020405535998104,19.13535323539224,188.08495327110623,1856.498449048726,206.06005529004324,9.829186373378741,97.01929335775185,0.42555263206972715,316076.213286445,870029.1925100232,134507.06449867913,175568901440.2227,5.500088465000507,0,188699932000.96844,188699932000.96844,106448517.10700363,188699932000.9685,491439206.6368966,147649550876.20392,40558941918.12768,0,0,0,188593483483.86243,0.9951657458563536,11.453401540015285,21,101,402078,1979882,402026,1968419,0.9998706718596889,0.9942102610155554,0.9996932696277945,6183,21909,3237.8214425821934,18916.099664106037,233.46217192434509,902.1420029687413,0,0,3,6,0.9560856262394086,0.970244163783126,0.9923943993277569,0.9636912269116517,1,0.9967727460779827,19,271233.0263879037,13.730739657131235,0.000104336819229259,334.5197389047356,21444.54287882532,23893.20909005431,20.265590875390263,46842.87546483847,107.824482586424,242422.38483205618,201,201,0.9987957361401258,20100,108.8620555329568,12606.670662414586,11792.819049341417,19408.214929684807,54148.99653576242,0.8975162272259082,1.0690124735797264,0,0
1710,9909821,2195222,3240739,873425,3600435,0.823011791291365,0,0.20783665665765869,0,0,0,0,14430,14223,17350,71.67137080506325,51.19100942281682,1.4000773107067885,2.165340031657163,20.296656092366742,202.89868979215612,2085.22200779987,237.22394617067354,9.996656043675252,102.73721928924488,0.7065358930999259,679073.780519376,479790.0000000005,479790.0000000004,185555970552.63742,5.2730799979906315,0,196144364522.3031,196144364522.3031,710250455.5042903,196144364522.30322,499981627.06904256,155084336182.06247,40560046713.17173,0,0,0,195434114066.79993,0.9955880893117787,12.320870289560366,21,101,508752,1939167,508752,1928367,1,0.9944305982929784,1,6183,21902,3723.8075886614133,18957.35585427296,262.55162979861854,561.3817245718757,0,3,3,9,0.9510162731000998,0.9764288888184492,0.9941764767481734,0.9568397963519264,1,0.9984465530069523,19,244276.81877501114,12.02781573365984,0.0009521166057161346,192.5027429246981,20009.796758960605,22294.832311661918,19.67252810081602,38434.57500302249,111.05914715240118,242433.1183552359,201,201,1,20100,102.43576683103842,13043.789576620617,12125.170578655776,10777.975365033926,53308.843983852756,0.8975082870883015,1.0757613257484318,0,0
1740,9912928,2112024,3316680,869052,3615172,0.8260210908533602,0,0.16164008074826602,0,0,0,0,14223,14232,17339,76.49444748291718,67.36076510780023,1.1355935069992145,3.644960953994809,26.060815123990913,229.38557828939773,2822.67232459992,325.48413464075696,8.80193413744113,108.31097612144299,0.6555614015502825,412158.4670691592,1763502.413974911,270195.182332674,229835697989.4167,6.034648374809905,0,196061863823.5908,196061863823.5908,758283950.2994055,196061863823.591,491773690.7709974,155009723182.79495,40560366950.02506,0,0,0,195303579873.2925,0.991980591578801,12.96338864756454,21,101,604206,1956332,599591,1940413,0.9923618765785179,0.9918628330978586,0.9909614061424907,6183,21937,5041.081598870822,19353.129843771716,137.23054096627178,452.8012893930135,0,3,0,6,0.9141856654864833,0.9799955512622918,0.9777637463590406,0.9354090032038904,1,0.9986452122593327,12,263939.77215283964,12.469575897652428,0.0017098479951351813,178.00811835986121,12384.004967040497,27416.22093172931,21.70037156576758,60096.02452063852,135.52799374470382,284886.1689851788,201,201,1,20100,129.9822966466939,12086.081059821629,12987.321402341426,9402.94029679471,47994.59693224294,0.4517035735114118,0.9306061415899574,0,0
1770,9916096,2194528,3227221,864706,3629641,0.8289478173925057,0.00830915967819946,0.1824711251691433,0.5419298462597552,0.00029527749630499746,0.015341622348149918,0,14232,14159,17327,75.34199958511785,94.68293603032387,0.7957294391566845,7.290685257356811,44.66498459238489,221.80007550013264,3615.446104543097,444.61484925163785,4.9658603383454025,80.94587152638375,0.20493734817518727,1039785.5339839825,1352489.5884946054,213090.89000559849,275993075901.51404,6.267196176293641,0,196267745948.19177,196267745948.19177,747098500.7195519,196267745948.1919,486278652.9218186,155217984132.67108,40563483162.599,0,0,0,195520647447.4733,0.989563629777685,13.888483720835687,21,101,534884,1927658,526756,1910086,0.9848041818412965,0.9908842751151916,0.9782137796283233,6183,22012,4846.362660309211,19365.654970689815,142.96139290976907,456.87450353869787,2,3,0,3,0.8924753269538196,0.9639189164962503,0.9734432113860751,0.9189018403515792,1,0.9988273232977573,13,248775.9308817246,12.25073751429389,0.0013221508607820709,247.78956217317824,10477.339384840898,43495.61098995663,24.986166084400207,13630.88667208903,175.33641191871519,261363.41439852054,201,201,1,11700,138.11982297506657,9256.460769256297,12623.366684037053,20591.545298149293,11971.120881238661,0.2408826809505026,0.7332798769888863,0,0
1800,9914933,2243462,3356795,860183,3454493,0.7704424993352984,0.012507804585699663,0.12156851686749003,0.8332164448923967,0.000636716355017225,0.0005521973774305888,0.01431477146643351,13963,18272,17109,279.94851749092305,135.42829692149436,2.0671345933945013,9.855393905542277,59.622740809556305,263.9315230174338,4362.962837411577,545.9526259705586,4.426692222359744,73.17615356441789,0.5466600161190187,547727.8103549306,1496153.5085474737,299420.8936374612,334269638049.04285,7.5506448901188215,0,380967055722.6948,380967055722.6948,2775670794.37329,380967055722.6948,417629477.717856,324439854169.84595,56109572075.13106,0,0,0,378191384928.3225,0.9929568217175221,15.1054625711502,21,101,626793,1962379,616702,1954234,0.9839005859988864,0.9958494256206369,0.9781814520768611,6183,22159,5584.449376534115,19477.49160864073,78.3603126393885,378.45801199848853,1,3,0,3,0.902970828769914,0.9474888035271879,0.9771484310053491,0.9249940696693717,1,0.9988091874016056,14,247353.18814469656,11.545360358003306,0.0016774671479691233,487.4835597631289,10444.407970273707,42643.71017209042,34.662933706286005,33167.147514958466,196.26469415138826,344087.48363652936,201,201,1,18540,109.70867704697504,10165.50139218984,13263.631851085898,20429.514762374125,24955.83044777744,0.2449225906499429,0.7664191457000963,0,0
1830,9908401,2367078,3225338,849503,3466482,0.7717567863334917,0.004935838066067171,0.1812299503589497,0.35286475833890485,0.0007974041422021575,0.013691714737827022,0,18036,17147,10615,682.5527746263963,156.76955867752346,4.353860407494124,10.407622747109851,74.7980405677885,333.63753521975656,5261.406280718747,585.7704734841991,4.460511701738833,70.3414987983596,0.7565837326976804,370764.61629250686,280514.4773468083,280514.47734680807,405787363361.85315,9.681898170813898,0,678231451760.8878,678231451760.8878,6763006594.662582,678231451760.888,323866144.3129065,597374888919.9943,80532696696.5808,0,0,0,671468445166.2267,0.9953694852439109,16.582799556764577,21,101,576641,1803224,573213,1795632,0.9940552267355253,0.995789763224092,0.9924813387694963,6183,22179,5458.557670865035,18063.78916358567,60.45281091404788,472.02702162289296,3,3,0,3,0.9131984417995426,0.960667932351106,0.9848163127282759,0.9283821290712667,1,0.9980701152692775,14,263539.2675467009,13.350266524658263,0.0005525189838795008,669.8254851302436,24480.19872624337,37757.16381390495,27.64187081726725,59235.088329622966,215.85822885689862,400962.36530645384,201,201,0.9955280700782716,20100,107.69948556723301,14151.207431014642,12156.613308558233,8759.693340042182,34214.080305064825,0.648359046428905,1.1640748185230354,0,0
1860,9911574,2407885,3176560,845633,3481496,0.77485390222305,0.0017823059898105988,0.2909050759618549,0.12761760254811377,0.014454818175195987,0,0,17147,14375,17548,978.7224391351853,164.95515410726654,5.933263767549479,10.674304932197613,84.8486746263723,435.9377570864383,6219.68090559024,692.8347117186638,5.137826359764281,73.30321814663992,0.9999999999999979,331406.2019017707,1021294.1448067967,331406.20190177,470285506822.2642,12.374706049931028,0,677910533436.9092,677910533436.9092,9700679880.950262,677910533436.9095,333537009.00989515,597055170646.2356,80521240059.98586,0,585721.6782738576,0,668209853555.9606,0.9805979061879045,18.30486946061063,21,101,637069,1888277,629694,1846655,0.9884235459581301,0.977957683115348,1.0000029215675963,6183,22228,5858.796996352141,18677.15730611412,49.61139763045679,437.41419928536527,3,0,0,3,0.8713532220938315,0.9747557640616353,0.9518402846143982,0.9039519889144405,1,0.9979311188664368,19,242653.74322503206,11.758620932269178,0.0010798658266420044,640.1251378046373,15931.581514840656,25303.562225372043,31.67945736274282,60454.46958675762,236.42689468160435,363519.859606458,201,201,0.9998889459553357,20100,137.0833607085595,13067.37093606969,13079.480885095134,6411.448345189916,36801.341716401344,0.6296181293741305,0.9990741261727563,0,0
1890,9914922,2477381,3098659,842330,3496552,0.7781296403899541,0.0006437926308245046,0.3470729752151157,0.04615437528189312,0.014425529520050688,0,0,14375,14192,17540,1615.8192528887303,176.73126996881297,9.142803382637759,10.982225745100267,76.44424087483493,577.69366704028,7600.147341193748,872.9389530088022,7.557059373330162,99.42079683462039,0.6604101816868685,540202.9456777336,356755.52550281544,356755.52550281363,550093736687.28,16.426650721862362,0,759981765860.6909,759981765860.6909,16020721858.491186,759981765860.6917,456379904.0765937,672598824736.866,86923579343.34093,0,2981876.4082470424,0,743961044002.2014,0.9512848394707558,20.41673870109924,21,101,606516,2151455,604790,2018826,0.9971542383053373,0.9383538117227643,1.0000064026020175,6202,22231,5602.841342647229,21256.399193878955,86.45604049131529,198.29452627190793,3,0,0,0,0.734943058946115,0.9675024127124481,0.8889905732979817,0.8383516080109003,1,0.9971035344028827,24,266568.6373264715,12.192423159172906,0.002618181823312879,722.1011463319534,4912.114042167267,33320.857325542995,46.46113998573497,47728.97091362689,448.0580619756947,499252.42278415326,201,201,1,20100,165.42872959813658,8886.465137827598,13554.33362747981,30883.813622520054,36206.98503052071,0.1474185971320058,0.6556180024823456,0,0
1920,9918300,2652031,2915525,839129,3511615,0.78144593426631,0.00023255143537108288,0.24344088421051435,0.01669226121732461,0.014397931097063004,0,0,14192,14155,17533,1343.3622085740665,264.5358456177075,5.078185927647095,11.450239714568704,67.31124692294776,771.8950056978551,8923.209519382513,1112.2078439003983,11.467548752758294,132.5663975531021,0.2987402717991062,1042250.133182921,311362.08806972037,311362.0880697204,642140100731.3615,22.541143465804062,0,778129506601.4009,778129506601.4009,13323869393.300814,778129506601.4022,455657124.8361626,690794927206.2615,86875394560.0258,0,3527710.278826786,0,764805637208.1014,0.8832454678643731,23.45564384475256,21,101,655419,2136918,551942,1914377,0.8421208417821272,0.8958588958490686,0.7410275840749363,6202,22232,5829.306432641257,21432.247491252354,77.12835914577965,156.92763910634355,0,0,0,0,0.7075830029500391,0.9561055933204323,0.8634446884773311,0.8312067225805676,1,0.9968233389373502,28,251015.95098282752,12.213308220850305,0.0019306630125918997,1259.239577200177,12951.10448163696,40691.70711140206,43.40620369980872,59799.90839259762,427.63035067009383,271678.953620464,201,201,1,20100,276.29808022936095,12429.976728212723,13145.700754807924,45859.54102823985,20489.69923212611,0.31827380567201574,0.9455545170284337,0,0
1950,9921574,2727409,2831389,836198,3526578,0.7848416150397982,0.00008400549682426178,0.1542085115896406,0.006036948454954166,0.014371308423441684,0,0,14155,14240,17514,1432.3034144385422,326.75248400314644,4.383450729711209,11.674875968923931,77.1322802027584,934.4009625714847,10648.962436623135,1396.3552505258745,12.114266039007475,138.06103499896673,0.18039182578439317,1569818.2553964525,283182.38124063687,283182.3812406367,719238857804.1163,25.92083752754843,0,809904363408.2145,809904363408.2145,14210704316.805805,809904363408.216,447477986.79764146,722626656436.0137,86826701275.1259,0,3527710.278826786,0,795693659091.4115,0.847640187408756,27.396234973343496,21,101,651555,2097943,543953,1786632,0.8348535426786687,0.8516113164180342,0.7866594911188938,6202,22237,5958.37103103584,21192.43559459664,53.546855383898006,168.75082087204817,0,0,0,0,0.6062650972348694,0.952598868467981,0.818900137311865,0.7700845483920269,1,0.9967249345069228,31,253385.3509430169,13.046613667024387,0.0022175720273120243,2517.160748777859,1.4706299569020516,37878.412676018226,53.47636944848095,32127.26549030766,372.3395591448148,330543.0885895638,201,201,1,0,570.0559229064095,2873.8868871089026,12412.927595217006,52892.29630879963,787.3778896947038,0.000038825015437701913,0.23152369697349068,0,0
1980,9924875,2826087,2723977,833269,3541542,0.7882451445604951,0.000245273912316574,0.11558174545640161,0.18467172573441085,0.015732288819758435,0,0,14240,14203,17504,2017.0380426306313,589.8586889896143,3.419527558516893,10.205854388792782,82.10958536839321,990.5400321525598,14548.245332601811,1844.4759306749156,12.063634564812363,177.18084030420556,0.05226136842365203,4507824.270958388,235585.06501363704,235585.06501363672,814512881205.665,35.952142186113804,0,835510053277.4801,835510053277.4801,20018850443.35217,835510053277.4816,445077742.1031653,748269368965.0436,86792078860.05594,0,3527710.278826786,0,815491202834.1271,0.8208633218569444,34.01968385342978,21,101,653393,2108219,555039,1711867,0.8494719104734823,0.8119967612472898,0.8695453808373392,6204,22259,5774.407353692472,21107.85928014871,57.736423009881335,217.8785286416975,0,0,0,3,0.5587761517837141,0.8498461820111644,0.7716519501146989,0.7658979580994616,1,0.9970033121931907,31,226005.58016036724,11.963738072617069,0.0028080370415097754,4702.0404399840645,0,39758.692222697784,104.58781730029497,30644.6736800878,408.7129658566804,252921.35389619562,201,201,0.9874082647889912,6200,1649.860483267297,155,11915.474985163764,256725.2525132642,5424.46959338932,0,0.013008293852573575,0,0
2010,9927893,2945525,2595819,830047,3556502,0.7916038058637038,0.0015585836186271778,0.12078156128245696,0.7051271423610638,0.021209636324646126,0.002293739467175966,0,14203,14477,17495,1574.9442455949782,981.0032861148793,1.6054423750529068,7.179462146131874,74.56093019025485,1037.1101895219947,20758.459730129434,2559.368252095718,13.909566134376707,278.4093449097363,0.06528041989919087,3914242.902993178,618270.8716670994,255523.42029482246,848124974229.974,56.37725597768836,0,836950971515.7792,836950971515.7792,15635877951.232061,836950971515.7806,447564354.6782563,749708026017.6125,86791853433.21094,0,3527710.278826786,0,821315093564.5471,0.8058782728071751,43.34451433219818,21,101,655110,2118732,573561,1661818,0.8755186151943949,0.7843455425226031,0.9631144829411376,6204,22261,5548.055680515439,20737.16224158746,92.72655287639282,300.6979716865236,0,1,3,0,0.5217212014617443,0.7563060302279881,0.7574213864820466,0.7251646999207998,1,0.9971315009600782,31,209791.18929936428,11.262046711507853,0.008590463065429627,4967.031203933235,12398.200175036405,38052.9450734483,318.0941164931283,20391.688115336983,556.9711871288862,114340.96232445822,201,201,1,13900,2539.4346037122364,12492.561286147515,10913.432736524925,436964.3833991721,12678.421476383355,0.3258144711560665,1.1446958613065517,0,0
2040,9930678,2904048,2628806,826375,3571449,0.7948563255057878,0.011028468192453044,0.12477015998434968,0.3676943076972368,0.10863175706633525,0.008939671591405945,0,14477,14697,17482,1266.0745316522166,860.9162843688083,1.4706128280294468,4.81099308838357,83.15551216628647,1282.3721899937646,40748.51029092081,4184.921370897023,15.421373238966995,490.0277712129993,0.03454474081086489,4771746.9132846,164838.76033446295,164838.76033446094,978824128237.3676,47.42303679568033,0,862823110425.6062,862823110425.6062,12572978497.838476,862823110425.6075,490560275.858431,775582673004.3384,86746349435.13159,0,3527710.278826786,0,850250131927.7675,0.7976266294723586,53.838883149107176,21,101,647841,2128211,574568,1639685,0.8868966305003851,0.7704522718846957,0.970306539772008,6185,22279,5419.996449171027,20450.84470620949,44.418293060984055,458.469254247044,0,1,3,3,0.5598003639728286,0.6633090523270456,0.8126195770216577,0.7148481691912473,1,0.997046449744375,31,179188.91229801916,9.71102646163844,0.012986596607351436,7550.797970947248,0,37829.62145264266,933.2410851770061,64743.64125770792,676.343784912178,130021.20082987171,201,201,0.9971683872450865,0,3529.890548762814,36.83580232623742,10822.009375081663,630831.0450856921,0,0,0.003403785845081053,0,0
2070,9928143,2837659,2682976,824342,3583166,0.7983697527548914,0.15587912392962142,0.1257890492316317,0.7476297073594047,0.16808148311320656,0.2629404109106809,0,14697,20002,17467,1010.2583369457585,813.3040368953914,1.2421656491491135,4.919677448830077,106.512348883316,1247.6299717688125,55897.17642784527,6536.759494875223,11.713477215074732,524.7952656558207,0.0429164789030505,5367691.612322668,230362.42383832688,230362.4238383266,1085314365269.6741,43.195614574524605,0,11436175811918.135,11436175811918.135,10029989236.138296,11436175811918.139,506858210.8339064,11348903421298.334,86760557642.20244,0,4974766.766143672,0,11426145822682,0.8084460575767544,60.010624321306,21,101,637990,2079704,600023,1597086,0.94048966284738,0.767939091332228,0.9864905910645069,6185,22365,5339.8706332086895,19777.41263123036,66.9036512403303,609.1448218549791,0,3,0,6,0.6152403739754889,0.5432146650725369,0.8402669354699175,0.7622621031202753,1,0.9970727617161,31,280576.375055241,15.324303439942632,0.006059891595133971,9199.307470652348,0,39538.2205754231,616.5646803967084,15222.405689961757,858.9820814179366,108357.77086761713,201,201,0.9890176736409738,0,3962.7235158597846,13.347689094683728,10318.29345557268,820964.0467353436,0,0,0.0012935946387020946,0,0
2100,9849053,2835899,2612033,823163,3577958,0.8078516765627765,0.30474724718972945,0.2770190347369237,0.9087273780108527,0.07394903855223442,0.2299194653536741,0.17309258057602087,20002,96373,17283,1313.1986092497896,1199.1286151453746,1.095127405570741,5.586141153889557,145.09611527747654,1396.8746638169503,45133.74918276833,6230.340977047985,9.627236822609744,311.06104458038857,0.030745906245008392,5623942.177365079,433252.9980877615,172913.1989126151,1108978870100.137,58.75953170275862,0,11458923244615.963,11458923244615.963,12933762702.025415,11458923244615.96,556072012.4272331,11371602418856.396,86759778980.37202,0,4974766.766143672,0,11445989481913.94,0.7969137009576825,65.90611957982509,21,101,649648,2045295,618821,1528816,0.9525481491515405,0.7474794589533539,0.9824416223728741,6185,22526,5476.861825220124,19166.861974478375,55.378230165530624,728.1830742770755,0,2,0,12,0.6253428732466467,0.45009055292347633,0.8263795171751606,0.7947237050932653,1,0.9969655602764886,31,134873.7286985439,7.536118740655553,0.00519578797036563,10011.63341154849,4935.043649625004,34693.006321566994,867.7286946703235,0,885.0810444480213,407033.6618964023,201,201,0.9986158324941957,0,2752.933546715691,4930.790356496953,10470.392323259533,994203.3199717569,105.93452556249989,0.14224894792577034,0.47092699148850525,0,0
2130,9574398,2627541,2601543,799099,3546215,0.8309895193880993,0.3527864367024009,0.3954520151857133,0.9669902053937954,0.07415870950842027,0.0730553503207199,0.3292992415815595,96329,290255,15600,3190.715721940593,1641.0307359097972,1.9443363564861211,6.361896975230262,188.28944511338398,1513.3998419068066,39606.135666097776,8859.312137891604,8.037624419124867,210.3470836734783,0.04179671057353174,4295772.0061512245,678639.3357827449,179549.13923098263,1256336404760.4675,77.84570099138546,0,11846447430451.232,11846447430451.232,30549182226.711723,11846447430451.24,669173402.3759235,11759016029945.84,86756662767.79808,0,5564335.224945456,0,11815898248224.521,0.8026101860102896,72.66080545878035,21,101,649756,1985152,615926,1498878,0.9479343014916368,0.7550444499967761,0.977301626223839,6185,22573,5622.9679707286805,18723.828871610254,69.22381308776177,790.1764599082728,0,5,0,6,0.5936200564283369,0.3530516519390891,0.8038952571552779,0.7747038396681742,1,0.9973412880891801,29,278232.7447181675,15.78771808932653,0.006563303147176003,14241.873653128012,10442.067989291669,37974.53527844666,946.503509891949,59132.34757658247,1047.9856397118622,253174.21533953267,201,201,1,11700,3008.979631777516,10338.961762542738,10543.746410858394,1132180.089599707,10680.279850725003,0.2749755306477262,0.9805776201042962,0,0
2160,9193915,2629495,2477096,749287,3338037,0.8004016769700177,0.32908390057139153,0.40410700264247706,0.9706359620781266,0.0764730802927806,0.07659696658061338,0.30175371427732367,288282,388914,8431,1994.4597043130882,1670.902334044316,1.1936422995386102,6.66767644177191,147.48902249609407,1362.6037844619198,24578.804182920958,7298.767924586238,9.23867933627403,166.64836315917597,0.0777135479776433,1721448.5655664243,344776.77569119027,133779.87569119156,1086785325176.3735,79.80091029506642,0,11779353910205.5,11779353910205.5,18336892992.37611,11779353910205.508,816311390.5145581,11723447214986.74,55080048438.61846,0,10335389.636831699,0,11761017017213.123,0.796958092506152,80.48116257934453,21,101,613169,1841738,593764,1362694,0.9683529336936473,0.7398956854883811,0.9910722952570092,6185,22602,5267.780822112167,17911.834361574616,104.77402217296311,1011.0876329471306,0,4,0,9,0.5544523734344284,0.2612120514310839,0.8001230143322808,0.738596758634679,1,0.9974847929496935,30,278433.4008762662,17.07780494401206,0.007111503750633257,21013.421765129522,1075.9129697286617,34785.13031620635,333.77468027156885,66399.61494065967,1021.6979035597973,207581.9550376855,201,201,1,7142.0215555886925,3170.9390833937364,1165.3987359087894,9683.939816881631,1193568.0891617876,6445.5777251240825,0.030930255541615582,0.12034345090385584,0,0
2190,8864942,2474235,2366213,709628,3314866,0.8314300659773641,0.31290695137850355,0.3573033252426321,0.9743724811222225,0.08357866300760908,0.06519873452076731,0.2853813369562937,389115,343566,14593,2316.353374068266,1636.8967536228306,1.4150882570581442,7.195003949352184,130.3319362399575,1015.4340172019142,28902.664607776343,6491.230230231582,7.7911373566366136,221.76195214780586,0.0585941661138053,3146721.574327966,458250.1378818683,184379.5266400678,1009150690663.4022,85.37505288093445,0,11422824285598.53,11422824285598.53,20534338312.615154,11422824285598.531,1225987198.7954895,11412758707095.86,8827387011.489574,0,12204292.388153704,0,11402289947285.91,0.7553261429448586,90.39391306224285,21,101,654158,1832773,633028,1245416,0.96769893511965,0.6795255058864355,0.9884851635761462,6185,22574,5687.224957834129,17087.032660536,92.79478907677453,1119.4796131196406,0,4,0,18,0.5610046369895925,0.2326330153754246,0.7972388076423261,0.745950699473813,1,0.9977069823422896,29,275600.7625047268,17.60610989764253,0.006410981824020629,18326.21520577969,19032.708091496228,32591.4352733213,159.58850750578665,62635.1978209621,1189.5649343330522,188835.21581170664,201,201,1,10425.513489155983,2674.7582114281804,18925.9617050985,9380.512425708941,1253038.1793703488,14538.338817256688,0.5839788254761528,2.0175829257715794,0,0
2220,8660955,2247161,2423101,686679,3304014,0.8544901763541317,0.24371770857583452,0.3087809927522287,0.9266518556926704,0.09258136083145566,0.18996992825848882,0.13720461542635887,343566,217646,13659,2155.5043281258413,1506.3109352125873,1.4309823275774285,9.273332178272064,123.88690763724522,961.6062177447371,31168.667039842498,5654.016867390962,7.761968040726533,251.5896767002035,0.053285415236056455,3453290.77989548,594039.5558536204,184010.03313757564,991691405997.4111,84.74558552648674,0,11423023227800.236,11423023227800.236,18668725988.19695,11423023227800.24,1362955882.9768999,11412652758705.322,8995894641.227362,0,11618570.709879845,0,11404354501812.025,0.7692917730102175,103.20793211253697,21,101,641279,1733101,618695,1207896,0.9647828792148191,0.6969564958995466,0.999519105029149,6185,22558,5589.109730582092,15689.655797765749,75.8160346464227,1384.3709691309787,0,9,0,21,0.5004859840494913,0.21784596904885553,0.8024032554424426,0.6768531820465794,1,0.9978055615878993,24,270165.26914073824,17.748818589869646,0.005921149313802955,15270.904152893245,0,27856.16858370539,179.88306480456123,48268.21212417724,1731.1447870730628,177242.5795725796,201,201,0.9738549922436981,0,2405.6658332268416,0,8042.363289328728,1220058.787312882,0,0,0,0,0
2250,8564900,2172761,2408193,681220,3302726,0.8696760543764465,0.23089136124292067,0.30477869234747573,0.9188898203472496,0.10067251223014863,0.19861913157188057,0.11293021518056252,217646,109299,13244,3314.452543171992,1347.2496600992747,2.4601620926946532,17.10001616693126,118.07322934861796,973.1022545895321,27919.1697014263,6291.682822212029,8.241514693533045,236.456391134974,0.051509249714678296,5917684.327797489,408998.4742755528,304815.4797731593,710119834667.1196,90.3646330176368,0,11658085697711.938,11658085697711.938,28387954587.008686,11658085697711.941,2249159198.775656,11644041542451.602,11785773645.582872,0,9222415.979906661,0,11629697743124.922,0.7748575558819233,114.64055397058578,21,101,674140,1666778,637574,1176304,0.9457590411487228,0.7057352568848401,0.9998478211246019,6185,22536,5683.092933148104,14178.362644545316,62.151768580223035,1552.0309300447095,0,25,0,33,0.4395094836365815,0.1658429617021058,0.7835639240816302,0.621282440055991,1,0.9978559028014438,24,164437.85303539116,10.878649150740534,0.008919351066318146,14417.444604943721,0,25156.05129587877,229.54751066282554,58890.10394462899,3752.9289904469138,0,201,201,0.9663081981587428,0,1662.5368447999688,210,7186.215558008682,1316202.4261368944,178.3679197997683,0,0.029222613530701203,0,0
2280,8523222,2234144,2300757,678650,3309671,0.8794725618045466,0.11644614969866932,0.2871837375226272,0.765681725119464,0.16308656515106612,0.24524563598132257,0,109299,54666,12988,7790.066051637412,1408.0580653647073,5.532489208546718,34.53926142793562,140.4888588285112,1180.5912844013685,24621.260277350582,5491.273391759083,8.40345130742692,175.25418373142818,0.03576129221776059,8028986.464829513,287126.9311812129,287126.93118121295,492927162636.16034,88.65216937035795,0,12282653360219.787,12282653360219.787,66396462352.763405,12282653360219.79,2267074106.36536,12267927862664.902,12449746866.411963,0,8676582.109326918,0,12216256897867.014,0.7691745042917195,123.97003501334476,21,101,669773,1800682,646491,1253720,0.9652389690238334,0.6962473107411525,0.9875335433288822,6185,22521,5842.545037344622,14774.474834702673,59.559385518523605,1737.6095285546853,0,41,0,30,0.4178182093482646,0.11484782762005533,0.7542381287872295,0.6310983255297391,1,0.997883362538641,24,143681.0680788279,9.073586127782308,0.017294568972303716,10289.276953609882,0,26053.994903630293,295.57365756863504,0,2847.925582459393,0,201,201,0.979126656196009,0,1224.0948691557608,23.33333333333325,7594.499648095103,1588193.3518153606,0,0,0.0030723990275232753,0,0
2310,8522274,2306278,2218393,677411,3320192,0.883512414493783,0.042011611377691556,0.2810320007296181,0.2690707535811786,0.4072688815215282,0,0,54666,13896,12948,14264.034104915034,1562.5090104080255,9.128929183704482,30.33195615554822,187.04185800120223,1805.7295601958174,23703.16372688598,6200.418998137058,9.654146828375769,126.72651982923324,0.026498215669525815,9419204.861044912,249592.12184341368,249592.12184341362,544943359906.3772,101.12411956773295,0,12269994064105.05,12269994064105.05,121562006987.43556,12269994064105.055,3543043804.097486,12252440369078.736,14001974640.108843,0,8676582.109326918,0,12148432057117.623,0.7464569246439077,118.86584757797343,21,101,656285,1864971,635316,1246693,0.9680489421516567,0.6684784910864566,0.9720040287070685,6185,22467,5701.488250943817,15293.92668807333,88.58756256045591,1643.2543925439002,3,50,0,30,0.3624497325065163,0.07665468511223383,0.735352817004814,0.596288667353286,1,0.9981002308893357,24,79382.88814507393,5.061583965543667,0.04376554504752297,9942.650617131829,0,23925.85414473682,413.5871144802711,0,4338.785906473806,0,201,201,0.8957933228626759,0,2180.0389032626063,0,7420.116453424487,1785168.785717587,0,0,0,0,0
2340,8523332,2255336,2261041,676146,3330809,0.8872056075035366,0.02801381778613246,0.6553239655833547,0.31571866719894437,0.6367031109429974,0.005986625887622352,0,13896,11877,12935,19097.585267500373,2425.700643560341,7.87301818062337,10.964069085433165,279.84445127072934,1696.6939302349522,23420.978674886315,7213.95275556157,6.062989359019032,83.69284639568646,0.01993353237493256,11517118.688866487,229576.85825046065,229576.85825046067,552019578777.638,114.11809729048153,0,12615900293208.027,12615900293208.027,162775059633.2321,12615900293208.027,7803977760.239357,12594013205629.596,14074433236.080795,0,8676582.109326918,0,12453125233574.807,0.7589959158714056,113.7232664510471,21,101,632733,1836582,610416,1263784,0.9647291985719095,0.6881173832695736,0.9694659205605457,6169,22455,5360.086472039662,14663.031760885153,104.4209094878466,1933.5191403036654,3,50,3,30,0.2944236126885131,0.05111594305029739,0.6822467164224512,0.575,1,0.9981164254005039,24,58313.41967968826,3.733651884304018,0.05145277341581159,12642.83417591282,0,23041.88063294337,453.2828420228639,0,4658.471631199759,0,201,201,0.8124599895293428,0,2213.6813592880544,0,6691.633645029637,1811815.0744080758,0,0,0,0,0
2370,8523701,2332096,2174944,675430,3341231,0.8911971049735525,0.04229255783908722,0.8748427222181346,0.7269708456627317,0.8898872684529877,0.035190816759058066,0,11877,12554,12923,21356.58960274,3776.022816160338,5.655842308828134,6.034794005914348,387.98400401537714,896.6353161694709,21140.19242677101,6642.714100647535,2.311011038831215,54.487278361953166,0.014712605165113968,12112062.955549324,178200,178200,779809321315.6898,163.96898279761092,0,12624279519354.398,12624279519354.398,182037184153.48087,12624279519354.4,13063615429.349968,12595965673681.29,15241553661.649488,0,8676582.109326918,0,12442242335200.936,0.7605683097040481,110.65084819294812,21,101,623176,1696897,605413,1159161,0.9714960139671618,0.6831062816423153,0.9771063657285656,6169,22405,5211.286472039663,13596.7996833202,186.70660593953727,1951.9733217001633,3,57,3,33,0.30164798816850347,0.03586437171175225,0.6766992371274535,0.602320093457363,1,0.9981164254005039,24,49765.46993016802,3.3843048756357983,0.04940756534781047,12024.538909976063,0,21885.147552173217,620.4733579429692,0,4408.891352308213,0,201,201,0.7291266561960097,0,1772.5537339774244,0,6265.685817741198,1773949.2998596206,0,0,0,0,0
2400,8520320,2436772,2058342,675127,3350079,0.8954624955006703,0.06638989023286519,0.9546942790830082,0.7995899170304911,0.9356200236610831,0.055074222564410726,0,12554,16294,12913,24119.934130150978,4022.6694063734676,5.996002080592468,5.7973929571007865,242.94067459834307,664.8898725554319,17534.254991245594,5811.835203344429,2.7368404803135697,72.17504858021492,0.030850045182783004,12451305.21796289,384123.32855877705,384123.3285587769,1012872526223.5907,169.71754168069936,0,12629542167792.605,12629542167792.605,205509557167.80173,12629542167792.6,22433781261.90488,12588046103134.334,19053606814.252205,0,8676582.109326918,0,12424032610624.795,0.7483521917845509,106.22693915162358,21,101,619270,1584870,603224,1046249,0.9740888465451257,0.6601481509524441,0.9813570583813709,6140,22380,5085.370249862558,12435.470888926531,103.90284549577329,2175.6488099015587,3,58,3,39,0.32445023270059087,0.027515750635302608,0.676167285417169,0.6250444145405051,1,0.9981362955114677,24,48159.70647898767,3.5036431499506326,0.05117262223087154,10276.68579155862,0,20978.357633169773,636.0727832218323,0,4040.4743284750216,0,201,201,0.6457933228626768,0,1414.057870236481,0,5838.58902640357,1704562.8879302351,0,0,0,0,0
2430,8514261,2545292,1937301,675583,3356085,0.8994053218750844,0.054490593439648356,0.983602680756434,0.6877373707254081,0.9449673905932646,0.04573139113306487,0,16294,18950,12891,24044.39173742781,5635.620787869262,4.266502776266217,5.916143204727928,221.88370450148776,619.653347584587,15209.37946545389,5670.4290951944695,2.792694258358356,68.5466267098128,0.037727965886732995,7993804.937839333,461773.11347552727,301589.99999999994,1157060178082.3232,218.35408240908822,0,2329366064009.65,2329366064009.65,204720226838.70105,2329366064009.6465,24488311720.122616,2010402010415.8333,294468512348.0689,0,7229525.622010033,0,2124645837170.9426,0.7438932206158956,101.47472446798481,21,101,616917,1580436,595661,1038935,0.9655447977604767,0.6573723959717445,0.9682464807327972,6140,22345,5028.5,12423.290527493722,170.23361904150758,2231.027560522826,3,61,6,42,0.33002010175242535,0.018432403252836557,0.6720251938245883,0.6339100641259507,1,0.9981362955114677,24,47620.81047480065,3.4959691917611924,0.05429631518126922,8587.823403895693,0,18911.377942197396,617.5535990899971,0,3693.469941421399,0,201,201,0.5624599895293437,0,1194.410686121283,0,5983.526243511116,1728696.8890380063,0,0,0,0,0
2460,8514794,2583712,1890158,675114,3365810,0.9032278541844085,0.020042708243006784,0.9940646590621832,0.24872813836065993,0.9907069977265451,0,0,18950,12340,12873,20243.137736226152,5241.746162393112,3.861907293691645,6.6429524883199,249.77958953365257,656.3464214881958,14354.585819614846,5115.564166890552,2.6277023783793467,57.469010363958766,0.04476780151032045,4103757.600030663,652686.7817595486,183716.2056846419,1280133941244.4702,202.03965034692132,0,2319980538590.97,2319980538590.97,172366147737.56998,2319980538590.9663,25854238192.697624,1999411754804.5452,294707316068.102,0,7229525.622010033,0,2147614390853.3743,0.7446902511482111,97.01456054492249,21,101,618347,1572670,603285,1028344,0.975641508732152,0.6538841587872853,0.9845096022646275,6125,22320,5027,12414.580378155075,172.44438575682085,2575.176912417631,3,61,6,42,0.3199329518365557,0.01339315564123688,0.6714483953010821,0.617393142645829,1,0.9981362955114677,24,47332.94970607104,3.4811553145528333,0.0542387100952767,7474.231446777381,0,18629.44627665447,619.5206221397478,0,3470.713550471007,0,201,201,0.4791266561960107,0,1117.3228091408073,0,5947.011662747772,1731636.6066523031,0,0,0,0,0
2490,8516138,2719313,1746169,674434,3376222,0.9071038691903808,0.007376599346433616,0.997851564587881,0.08995539496000515,0.9907155097768495,0,0,12340,11524,12868,16916.400267113477,4051.193268986315,4.175658662502241,7.822770703215544,287.5392659661464,742.3410214015989,14550.56878751957,4575.710069411128,2.5817031246403714,50.603762719602585,0.6367661096782555,752325.5716550065,971598.8147613362,479055.42747422814,1319291572842.6155,161.9549639215788,0,1954092308413.785,1954092308413.785,144062399137.9414,1954092308413.781,27607676060.72184,1627820327167.8865,298657665228.0097,0,6639957.163208248,0,1810029909275.8057,0.7402923735630788,94.75376930222207,21,101,615851,1565810,595404,1019663,0.9667987873690227,0.6512048077352935,0.9710095314978835,6125,22195,5027,12394.430125515179,231.88171476960073,2312.0948693060823,6,60,6,42,0.2846625824300112,0.012329526723291406,0.6744338173616848,0.5780674239342071,1,0.9981423401854836,24,47223.54137273771,3.508724384021545,0.051593445540398485,7025.955563205689,0,18668.64743650874,655.0393784580784,0,3417.8254939890385,0,201,201,0.3957933228626776,0,1149.8380345627297,0,5874.065975051337,1731442.8341749527,0,0,0,0,0
2520,8517723,2867393,1738288,673714,3238328,0.8493949103292217,0.0027140577033687428,0.9992223355030826,0.03253340428527239,0.9999976519546362,0,0,11360,11119,12704,20216.548804857688,2787.085146316937,7.253653097600319,10.195233126877467,344.67020970115334,876.7663312781912,15812.789433611468,4867.544801704047,2.54378332272578,45.87802771618111,0.9999999999999982,299704.88129057013,1322240.645337339,299704.8812905696,1014254159015.6052,121.9591352414316,0,1932361682583.8342,1932361682583.8342,172198962735.7071,1932361682583.8308,28383975549.111053,1601259509758.774,302716328373.19434,0,1868902.7513220056,0,1760162719848.072,0.7362879491633947,94.55298604775594,21,101,552324,1560799,543011,1012856,0.9831385201439735,0.6489342958318144,0.9999026373118162,6110,22181,4589.27766132168,12391.699999999999,249.80144344284156,2723.5567198742183,6,61,3,45,0.3268074111626513,0.00858138698107761,0.6727885281451863,0.6197429550210294,1,0.9981423401854836,24,46513.85322628495,3.587493267197128,0.047289207964685644,7242.810551379088,0,18914.55066283257,738.7047912763805,0,3570.756532530751,0,201,201,0.3124599895293446,0,1288.0488261200123,0,5780.195700827691,1689072.5877556033,0,0,0,0,0
2550,8519070,2885336,1710984,673579,3249171,0.8534545027326209,0.0009805831308143944,0.9991422038125111,0.011766080231870058,0.9984558173603457,0,0,11270,11795,13142,20465.90644664217,2552.6846718702254,8.01740484133037,16.60841643299043,394.38427208922354,987.0312295748846,17256.863431496822,5485.597065503684,2.5027144828726424,43.75646964844662,1,304269.73872754344,334191.0548078023,304269.7387275461,904718022334.7063,117.4041168949021,0,1940399202409.552,1940399202409.552,174350489632.33337,1940399202409.5476,28303268414.01794,1608684439555.897,303411494439.6332,0,0,0,1766048712777.1536,0.7293490581275184,95.93122257298978,21,101,541602,1557249,524312,1006483,0.9680761887880769,0.6463211727861119,0.9999131933281035,6110,22128,4759.338540756862,12386.399999999998,290.25057894280843,2635.3588751327106,7,62,3,45,0.27620421236876197,0.006139257351447989,0.6559346040505802,0.5833333333333334,1,0.9981423401854836,24,45612.08451795161,3.575560504283195,0.0432576157603616,7836.277757705037,0,19249.926679078453,813.9776697643422,0,3866.9457472283907,0,201,201,0.22912665619601158,0,1421.99104253998,0,5721.934445941664,1707224.845836333,0,0,0,0,0
2580,8520429,2924366,1662803,673212,3260048,0.857448243132093,0.0003542842106446579,0.9994816846037206,0.004255338384168863,0.9969171740061445,0,0,11795,11774,13133,23103.021915746755,2130.5034473056294,10.843926089377753,25.72669197262532,412.33170810346763,1027.970605287905,18409.53869601025,5096.081989829824,2.4930670746038124,44.647399979704424,0.9999999999999968,303985.9930647745,407447.10253738944,303985.9930647735,905908516203.5591,106.67241332056159,0,1976790243637.3347,1976790243637.3347,196847657918.49826,1976790243637.3293,28872423570.343094,1644483656201.4814,303434163865.5056,0,0,0,1779942585718.7668,0.724019300685403,93.92743176466932,21,101,521121,1551966,503198,997757,0.9656068360323227,0.6428987490705338,0.9999722847739477,6096,22051,4540.032783617804,12373.577666407416,301.5807509093168,2984.5586416856004,7,61,3,45,0.2980996210422849,0.003747425794058618,0.6531131235188234,0.6128796473307908,1,0.998147878398248,24,45493.85118461828,3.6371924155981983,0.04219766098733011,8470.274943397935,0,19001.63645268847,856.4033311924283,0,4202.479008097652,0,201,201,0.14579332286267854,0,1497.9214767300277,0,5647.561719310654,1685732.0271055293,0,0,0,0,0
2610,8521831,2933479,1644137,673306,3270909,0.8616308139433277,0.00012800180113803938,0.9997374070000856,0.0015389921203097952,0.9953809222454658,0,0,11774,11725,13127,25796.631458400592,1999.4490180111811,12.901870078217886,19.574654423545464,380.3591332019845,953.8900993068793,18607.10664188058,4852.8525101519335,2.5078669500498862,48.91983659032983,1,303703.9874161456,685420.5275344566,303703.9874161456,734681999572.2389,103.8411366662803,0,1760408981421.5571,1760408981421.5571,219834533657.7058,1760408981421.5515,27947549958.389248,1420790260547.9858,311671170915.1774,0,0,0,1540574447763.779,0.7243401154336055,86.93490389256165,21,101,537909,1545713,520276,988975,0.9672193623828566,0.6398179998486135,1,6096,21996,4519.315370701431,12352.42728987964,374.706065249518,2916.4755379497865,3,63,3,45,0.3018941407903791,0.001366291602653739,0.6578756339442442,0.6103039938858672,1,0.9981522572612969,24,45362.58451795161,3.6067626538953386,0.03873853514624281,8731.180134144164,0,18891.654440929746,831.7263020253582,0,4412.9095697472085,0,201,201,0.06245998952934522,0,1471.014257738966,0,5595.441225924678,1683253.819203813,0,0,0,0,0
2640,8523300,2896896,1671315,673369,3281720,0.8657850961787886,0.00004624612031582003,0.9998779132523,0.0005565942194367334,0.9938479227529243,0,0,11725,11652,13121,25932.445242996244,1426.452466682568,18.17967710014627,8.079173724888978,305.44786171072127,834.4607710829144,17947.01112423706,5108.518187819893,2.7319253977073257,58.756381608701616,0.2613611733959845,1015647.844191792,533491.453487068,265450.9123150688,586025519171.5487,83.95172645565525,0,1701100614836.67,1701100614836.67,221030010539.5651,1701100614836.664,27910322731.205704,1361880264747.8123,311310027357.64734,0,0,0,1480070604297.0366,0.7289652959759819,78.81012919296818,21,101,593048,1542007,577620,978761,0.9739852423412607,0.6347318786490593,1,6082,21976,4651.913075596755,12334.549684249378,371.8802984562468,3216.7698012496585,3,64,3,45,0.30381354584354325,0.0006216931216931346,0.6613140998316794,0.6083333333333333,1,0.9981783381293865,24,45306.37134359242,3.493209285664044,0.03290260517035745,8568.334885305307,0,18187.37751917878,775.2824742357639,0,4444.1190048929675,0,201,201,1.2733905969476318e-15,0,1388.0362089564983,0,5671.66229228968,1696171.2513266564,0,0,0,0,0
2670,8524787,2880745,1678267,673285,3292490,0.869875973127511,0.000016708449960831676,0.9999460594977767,0.0002012987077854728,0.9923181658380438,0,0,11652,11621,13108,29584.45415681648,1010.8893976899251,29.265767574991482,7.231542950001044,280.04643393404757,768.080793980243,17233.883724453623,4975.8701277130795,2.7426908573352167,61.539379317760904,0.9999999999999987,303149.971247721,740414.8802928901,303149.9712477206,700185692577.4869,67.62937169451465,0,1760031302703.9304,1760031302703.9304,252201170198.05682,1760031302703.9246,26856244669.35208,1412102771540.193,321072239833.9658,0,46660.41415943485,0,1507830132505.8015,0.7238695817104912,69.20493886766651,21,101,593090,1536918,573620,968228,0.9671719300612048,0.6299802591940494,0.9869525098259707,6082,21850,4671.628460490778,12313.72510947565,392.34458241212565,2957.3408317194094,3,64,3,45,0.29307827588573,0.002443783068783069,0.6604899977597741,0.5951281799026519,1,0.9981848105156059,24,45304.44634359242,3.525985415703163,0.035519282785494544,8174.851930900865,0,18130.075209180377,722.6898551684825,0,4347.793636294813,0,201,201,0,0,1282.2108802577663,0,5502.1769892961265,1696109.5899833161,0,0,0,0,0
2700,8526415,2826796,1723107,673247,3303265,0.8739773133625046,0.00000603637600193156,0.9999769616257871,0.00007280199531556056,0.9907923787430004,0,0,11621,11468,13096,33565.46076597098,970.909329597244,34.57115895661928,6.502178064080396,241.17746881608943,665.7985417419808,15968.90222057357,5240.926611597157,2.7606166737311906,66.21224735031406,0.3046217700552457,927455.4110817164,282523.10897102806,282523.108971028,533549145244.9008,63.12318251655526,0,1615571118730.9148,1615571118730.9148,286193048156.8128,1615571118730.9084,23001048987.279427,1252250537167.2559,340319485915.9592,0,46660.41415943485,0,1329378070574.0217,0.7255569798802648,60.433073780431094,21,101,644355,1532115,623354,955799,0.9674077177953146,0.6238428577489288,0.984920434216565,6069,21839,4769.498285324315,12316.83101401576,373.5110484650196,3332.0496911937325,3,65,6,45,0.29206536355177887,0.001655092592592594,0.6545149981994439,0.5977695948011639,1,0.9981848105156059,24,44386.22134359242,3.372913556337537,0.03293532085649162,7561.582396047047,0,18419.294128605536,648.4642446968691,0,4113.171628992777,0,201,201,0,0,1151.9896155932788,0,5561.785200470706,1706206.9225832783,0,0,0,0,0
2730,8527955,2871456,1669382,673103,3314014,0.8780575303501248,0.0000021808609428886444,0.9999903935313577,0.0000263296798088507,0.9892694086683149,0,0,11468,11546,13086,39183.483235193824,989.6466595419589,39.593407260455194,5.700406329261695,183.2726375937535,561.5200335565336,14261.05956060401,4720.493395889141,3.063850888648268,77.81335909081756,0.11658293518375562,1528525.5918383386,178200.0000000007,178200.0000000007,437717383442.1996,60.056259112368394,0,1645217373643.4355,1645217373643.4355,334154981772.91437,1645217373643.429,17920313469.57056,1282189188434.1282,345107825079.31647,0,46660.41415943485,0,1311062391870.443,0.7163710900118957,53.78991623803564,21,101,621430,1528097,598087,941772,0.9624366380766941,0.6163038079388939,0.9819362449898316,6069,21800,4596.9213085695665,12336.923931532116,382.80338214985164,3238.6649385760347,3,63,6,45,0.29044561403502617,0.001307870370370373,0.6403750916206822,0.6065318846358102,1,0.9981848105156059,24,44052.913010259086,3.4330088412192876,0.031934532795716994,6784.4551106916915,0,18747.028738193974,561.3939506725213,0,3774.242037591763,0,201,201,0,0,996.5487497459523,0,5352.031119057554,1690958.3157727933,0,0,0,0,0
2760,8529506,2931256,1600583,672925,3324742,0.8821290871101114,7.879167451115904e-7,0.999996065522461,0.00000952243184862855,0.9877487629412536,0,0,11546,11533,13084,42173.71686885708,937.6537924015132,44.977919580362396,5.420166833108908,86.5530447404654,459.6568858176533,12165.760809141268,3502.616061543681,5.310695738040905,140.55843841913415,0.13327400417817326,4745445.432042408,1115366.514337313,632444.5143373128,453098350522.1907,53.96446634200995,0,1656671763245.8542,1656671763245.8542,359720971075.13995,1656671763245.8489,8824959398.363956,1280271165475.8323,367575591711.23846,0,46660.41415943485,0,1296950792170.631,0.7054312073048924,48.53458415732488,21,101,593531,1523954,569778,923962,0.9599801863761118,0.6062925783849119,0.983423717324069,6056,21743,4280.109850008724,12345.897569607945,379.66537180159685,3356.289984257293,4,65,6,45,0.2646713165465265,0.0017537037037037083,0.6302380014267756,0.5848042353971041,1,0.9981848105156059,24,43968.788010259086,3.5322442735891726,0.028890389599280045,5910.231782133388,0,18279.456472064696,474.1366089245085,0,3367.053846121198,0,201,201,0,0,842.9464104107138,0,4981.010778324861,1657864.2969703048,0,0,0,0,0
2790,8531090,2972483,1550313,672856,3335438,0.8862424924758933,2.846661842533943e-7,0.9999984110706857,0.0000034438971142100427,0.9862322399599582,0,0,11533,11488,13072,47432.11233856088,793.0900907944467,59.806714128842074,5.872729775935535,50.4925510235421,365.10004385257884,10154.143761593687,3487.4422667912295,7.230770409725413,201.10181711475278,0.06249373799327096,6380066.901661904,398714.22933199955,398714.22933199955,313837707080.969,44.104790063699454,0,1659440514427.9626,1659440514427.9626,404647619250.26984,1659440514427.9568,6847567602.634495,1283640253452.8389,368952646712.06946,0,46660.41415943485,0,1254792895177.5837,0.6963911709524754,42.82276786331994,21,101,589378,1518120,562662,904981,0.9546708563943683,0.5961195425921535,0.9832126425500219,6056,21698,4436.820003384215,12325.12006133584,387.50512560127567,3259.771880497721,5,66,3,45,0.3178021757877338,0.001059259259259266,0.6283115130975527,0.6343507978047762,1,0.9981848105156059,24,43884.88801025909,3.5881931513529453,0.027492126949901784,5019.487372229002,0,17078.855685407412,392.5844846219985,0,2925.583766320782,0,201,201,0,0,700.1741523775885,0,5643.927255147851,1672594.2750550753,0,0,0,0,0
2820,8532766,2973587,1540262,672823,3346094,0.8903525572078286,1.0284569921434158e-7,0.9999993654668015,0.000001245525042531277,0.9847194918974691,0,0,11488,11383,13059,51091.80823162072,792.9486613478097,64.43268110797707,8.831863513592006,45.59255170847372,306.91752310599134,8591.471808345132,2912.226054134879,6.731746998248146,188.44024926001984,0.10211700092549636,3385127.2990523716,855088.155736749,345679.04753025394,300218595548.92615,39.9841888314789,0,1655227691241.527,1655227691241.527,435954444157.2198,1655227691241.5217,5512901239.993735,1279480147736.2046,370234595604.90955,0,46660.41415943485,0,1219273247084.2288,0.6856546751408771,38.39485782346067,21,101,606606,1516699,572686,883168,0.9440823203199441,0.5822961576423535,0.9823640518851681,6043,21681,4999.625173619546,12371.46925856869,310.39291234989383,3473.714947837482,5,64,3,42,0.2693062578483368,0.0013949074074074141,0.6024455002579445,0.6046618449196948,1,0.9981848105156059,24,43884.38801025909,3.6172078802071437,0.03453864973947323,4244.05257486601,0,17594.903424544915,336.1057979356129,0,2512.1004719627413,0,201,201,0,0,595.4210467527831,0,5612.292791859063,1734595.8015797287,0,0,0,0,0
2850,8534608,2978789,1526327,672738,3356754,0.8944258039082679,3.715678285952792e-8,0.9999997488927395,4.504584719361986e-7,0.9832091878150702,0,0,11383,11214,13056,52520.525881379974,666.6438631946501,78.78348362751636,8.149543651991115,37.192669141275886,251.12223784317405,7383.811449149778,2432.415317697132,6.751928367638509,198.52867835600782,0.023385284386230998,2747008.419524674,402819.5731019557,64239.57310195569,272751615310.17422,33.03295300465495,0,1660956994691.5461,1660956994691.5461,448242100351.36487,1660956994691.5413,3790327491.4762907,1273498675213.469,383667945326.1822,0,46660.41415943485,0,1212714894340.1091,0.673108825520213,34.685948725837775,21,101,605251,1514794,572231,854790,0.9454441215297456,0.5642945509422403,0.9713371219544059,6043,21608,4969.708498738806,12398.820795786705,338.8933914010032,3226.578978494156,4,65,3,42,0.27881182010042227,0.00269781144781145,0.5965351712544216,0.610124495239247,1,0.9981848105156059,24,43883.88801025909,3.690251622948149,0.039205874752695796,3614.1221567059497,0,17194.381389391034,291.90369863022164,0,2147.4973293642865,0,227,227,0.09165442976015671,0,514.7937654152661,0,5625.286323063351,1732556.100670566,0,0,0,0,0
2880,8536361,3162697,1484199,672609,3216856,0.8370028078958514,1.3424079335812165e-8,0.9999999013780392,1.6291349271205002e-7,0.9817037962663482,0,0,11063,11137,12890,55304.59182511666,588.5514783598853,93.96729743884732,3.3434457632728045,29.70215352536081,192.64227559579797,6410.956319765781,1979.2421913364656,6.485801624832112,215.84146463628863,0.03830143474517167,4652567.225891296,178200,178200.0000000001,244047142561.14676,28.637138530214706,0,1600497960238.8694,1600497960238.8694,472099960776.7614,1600497960238.8633,2905368253.0780716,1209254751286.8855,388337794038.4863,0,46660.41415943485,0,1128397999462.0188,0.6583123488582782,31.674683238896545,21,101,595002,1507743,563974,820289,0.9478522761268029,0.5440509423688255,0.9781937758023483,6086,21574,4725.231681675531,12327.8479745209,316.14154288131454,3279.4940975261907,4,63,3,42,0.2932368362008168,0.002363053613053618,0.5973183553046305,0.6179375016332539,1,0.9981848105156059,24,43383.38801025909,3.760850764075245,0.03497716573165792,3144.3312578624964,0,17463.48124889892,262.26434188405364,0,1851.26344757969,0,227,227,0.05127263827704374,0,461.4483975752334,0,5515.759712061999,1701079.1792102102,0,0,0,0,0
2910,8537918,3199859,1437186,672970,3227903,0.8412411352488492,4.849837012444302e-9,0.9994181646128546,5.891954033755706e-8,0.9801626110721607,0,0,11287,11730,13287,55769.07476372054,595.5064102624605,93.64983113975408,3.207380871810612,29.928668373171487,174.0762081505895,5734.500805250208,1683.3358546528093,5.816369976107392,191.60561150761728,0.019622927693860537,7049537.310280803,138332.5609148122,138332.56091481223,154479583497.46857,27.68987106073984,0,1589544154737.6094,1589544154737.6094,476151787268.422,1589544154737.6042,2594315001.776437,1196119738779.9822,390830054295.431,0,46660.41415943485,0,1113392367469.0884,0.6429757577715162,28.81601636543076,21,101,601890,1503362,569968,783658,0.9469637309142866,0.5212703261090809,0.9835466273289207,6086,21552,4863.415544224579,12280.658754754822,348.40066521287537,3425.424613616818,4,63,3,42,0.26429998767429297,0.001153566206917661,0.5903367323364116,0.5869802035312263,1,0.9981848105156059,24,43049.554676925756,3.816376577600527,0.03262818019933661,2821.7860307925575,0,18589.15540281885,244.74907190621195,0,1632.5360669348847,0,227,227,0.010890846793930655,0,430.49048095476763,0,5510.01762824976,1711829.6373956637,0,0,0,0,0
2940,8539484,3247456,1379941,673184,3238903,0.8454184933775943,1.7521686723622513e-9,0.9995795837325514,2.1308930130943296e-8,0.9786245866846287,0,0,11730,11710,13276,56054.34619123338,686.9236804218594,81.60200003122443,3.2655699629927883,28.77444649285321,179.90892478490966,5336.425478154041,1503.9484011559998,6.2523852484736455,185.45710269281682,0.050696716469025294,9434275.72601511,516780,478286.80157239625,184541583474.043,30.065842547855148,0,1580312850516.0918,1580312850516.0918,478675192430.4095,1580312850516.088,1966594561.7121813,1176015323732.804,402330885561.15765,0,46660.41415943485,0,1101637658085.589,0.6241372616122297,25.42469566159622,21,101,604391,1502418,568173,746765,0.9400752162093744,0.4970421014657705,0.9841743032054451,6073,21461,4874.135484538068,12375.314005632867,332.4552361957857,3367.294081940535,4,62,6,42,0.2780279579669425,0.0036747685185185225,0.5751969940472583,0.6067377195559648,1,0.9981848105156059,24,43049.054676925756,3.9286160725685093,0.0325562796203991,2620.9489134577516,0,19233.58920965171,234.61624289869283,0,1486.414709550599,0,227,227,0,0,410.3240535053476,0,5600.209608912576,1722613.5646496608,0,0,0,0,0
2970,8541085,3293406,1323682,674107,3249890,0.8498856855229963,0.016139525900604666,0.9997722074172116,0.292153057298148,0.9771146171710035,0,0,11710,11660,13261,56003.21885069366,531.2382399588301,105.42015735733517,3.0281199605340134,28.105757818550465,203.31145446729565,4990.126985881926,1430.0711118255294,7.233800838243375,177.54820980448085,0,12439679.471071314,417218.9195831517,0,144820295438.0704,24.440681742529208,0,1468274637069.0776,1468274637069.0776,478328252477.2738,1468274637069.0737,1874836920.081607,1055610893924.4982,410788859564.0789,0,46660.41415943485,0,989946384591.696,0.6022169967835421,22.298772863634063,21,101,587851,1497673,546914,709024,0.9303616052367011,0.47341709438575713,0.9834701364512127,6060,21443,4529.8752035901925,12367.399999999998,331.2052662964138,3165.530203753552,4,63,6,45,0.2740607568743495,0.003560684713477882,0.562106154488245,0.6060801641656929,1,0.9981848105156059,24,42965.22134359242,4.105160096462637,0.02984742841966277,2460.386406278347,0,18132.602279606097,218.99739320964298,0,1372.7540179994508,0,227,227,0,0,385.08977559776037,0,5434.919453449382,1687355.076229006,0,0,0,0,0
3000,8542335,3336485,1270377,675081,3260392,0.8542632707469857,0.10362348765162838,0.9998903234902818,0.5672350157224644,0.9289890878781972,0.07101091212180276,0,11660,12007,13257,58151.32673919695,401.5759729664097,144.80778396585268,2.8259039584942727,28.786864777483505,200.51250934273438,4672.065669223246,1465.529534834649,6.965416723656935,162.29852418237778,0.038198763226092725,14808843.868241796,565679.5205751427,565679.5205751428,138807574300.73288,19.728916322300268,0,1044980664835.5214,1044980664835.5214,496748113700.5677,1044980664835.5167,1897004519.2243826,628646442577.5524,414437171078.3258,0,46660.41415943485,0,548232551134.83923,0.5810510908575403,19.327970174642154,21,101,569907,1493378,523812,675062,0.9191183824729298,0.45203692568124076,0.982599733068797,6088,21404,4170.305656776847,12363.406126765482,332.3628138133005,3124.9475951217146,5,62,6,45,0.2882104598019793,0.0030275106837606936,0.5587210516336757,0.6132301552828924,1,0.9981848105156059,24,42964.72134359242,4.300507443844049,0.02738314305211692,2306.0497317177737,0,17806.654921221103,202.59815410720088,0,1277.747199719393,0,227,227,0,0,358.5320515379466,0,5244.0820630838925,1650186.9519410785,0,0,0,0,0
3030,8541656,3377347,1218659,676479,3269171,0.8584953979607511,0.12732061131334868,0.9999508666112876,0.7609980628022038,0.9124099589119486,0.08759004108805131,0,12007,13926,13247,58521.49554545348,316.9864300844401,184.61829905420333,2.6915271504945597,20.980054537669478,137.93893057779346,4348.400755387323,1270.9113156930898,6.574765109886893,207.26355823240658,0.011448713696498802,15501256.632944722,696038.2534267986,177469.4491265386,138284711086.8252,16.60124271984451,0,1009248401592.9945,1009248401592.9945,499870483554.6736,1009248401592.9901,1986756714.4651997,577472695127.026,429788949751.499,0,0,0,509377918038.1942,0.5605681336443772,16.325811072195716,21,101,568079,1486508,505366,646370,0.8896051429466676,0.4348244341772799,0.9752801273447985,6286,21313,4085.264606902453,12287.191699371382,438.1923662196381,3109.9815951656524,5,62,9,45,0.2960080253900181,0.004365337970808459,0.5526059788926848,0.6166666666666667,1,0.9981848105156059,24,42964.22134359242,4.476465579986291,0.026509859950933422,2146.6362050172675,0,18016.67919690883,186.1227061411439,0,1188.802218288974,0,227,227,0,0,330.38115325471443,0,5247.4114633097815,1624466.1920389824,0,0,0,0,0
3060,8538882,3416136,1168884,678285,3275577,0.8623434576076004,0.13426067252715168,0.9999791502517306,0.7562333832507715,0.9791572245640588,0.020842775435941145,0,13926,16004,13230,58764.02068067868,257.1358632046729,228.5329628792549,2.4831564406604345,17.85061186366047,125.34420370519763,3964.658447833199,1208.4945093446759,7.021843545899294,222.10210373260568,0.011867713467084817,14812802.846212585,347809.2759789648,175794.09982327078,107093834085.35492,14.177008613651722,0,876688742529.5737,876688742529.5737,501779038437.7545,876688742529.569,1685746910.9691603,411899691997.31396,463103303621.2863,0,0,0,374909704091.6951,0.5468075798123336,13.887258284990512,21,101,565265,1485076,496710,624432,0.8787206000725324,0.42047141021738954,0.9723807349920109,6268,21317,4087.8902582419005,12259.74254588791,435.36253412962174,3189.7803476067834,5,63,9,42,0.29206626931585855,0.003701155708556942,0.5446655340522663,0.6065280760922209,1,0.9981848105156059,24,42047.054676925756,4.500452718059881,0.02492262402629881,1964.5569682284515,0,19037.78885132669,165.7305326683309,0,1092.07877114171,0,227,227,0,0,296.9330363620509,0,5049.120304271847,1626679.1482850648,0,0,0,0,0
3090,8536004,3418711,1155681,679674,3281938,0.866041213783165,0.10919910520178201,0.9999914968897132,0.8090101496229969,0.9532500219072062,0.03665099032287239,0.010098987769921382,16004,16104,13226,59124.76090498594,256.7239349759874,230.30482494947796,2.5460723199523363,17.24371734576464,133.59818513078116,3618.691723693756,1099.3832006782402,7.74764411013703,209.8556622758938,0.027388526137297586,13147208.491610384,360082.66340497095,360082.6634049709,92427041992.76367,13.88962130123516,0,861930845278.3851,861930845278.3851,504689195583.8847,861930845278.3801,1578042715.7664483,386955024643.3892,473397777919.22485,0,0,0,357241649694.3766,0.5413734952927345,12.090306637046906,21,101,583607,1484154,509895,609536,0.8736958261295701,0.4106959250859412,0.9704197544220263,6255,21282,4530.098921298017,12268.620005598052,359.1540537816992,3096.5867054721743,8,63,6,39,0.29116060663419197,0.002549662378103732,0.5368625163013767,0.6057730537203366,1,0.9981848105156059,24,42046.554676925756,4.507277859225884,0.027351763146189017,1780.316021766005,0,19887.108019245417,147.3863588657999,0,992.0813408856768,0,227,227,0,0,269.3036572564465,0,5338.611337278831,1675184.8413148976,0,0,0,0,0
3120,8530511,3389924,1172257,680828,3287502,0.8698317756353814,0.08105480453224768,0.9999966277380311,0.8380569547653798,0.9382405110315197,0.05071149899460888,0.011047989973871436,16104,18707,13214,60002.53814134271,292.2213269959201,205.3325086097513,3.301742130922149,20.38054807715458,150.31570201420774,3389.265256614647,1010.6616069738906,7.375449445478996,166.29902413732526,0.033831050994148626,11701644.440043366,395878.92976650235,395878.92976650235,84533212051.74516,15.353012243636286,0,861122275857.8282,861122275857.8282,511852311642.5217,861122275857.8237,1353577096.9907782,376356805125.9642,483411893634.8691,0,0,0,349269964215.1806,0.5294568269329223,10.661407770292836,21,101,618928,1510154,526681,600576,0.8509568156554559,0.3976918910256835,0.9412215297224972,6279,21301,5364.952874392725,12556.373619288639,251.49420268785724,2993.1440502406003,7,64,3,39,0.26768318563880117,0.0025456771175130155,0.5088977603300265,0.6015110048439011,1,0.9981848105156059,24,41962.72134359242,4.467061691549567,0.029872889863103824,1628.6195848957243,0,21122.462565882706,132.35558250308875,0,898.5122833757242,0,227,227,0,0,250.4505588047805,0,5826.621345065909,1786453.3249830015,0,0,0,0,0
3150,8524291,3382066,1168648,681630,3291947,0.8731766048141018,0.05883384273697283,0.9999986891944899,0.8555453730392755,0.9616017332115949,0.026553645341295833,0.011844621447109209,18707,19422,13202,59983.16705818497,353.0901742290892,169.88058982141814,6.780697044084621,24.540483976037937,177.98135508793928,3135.1110027484424,1033.3705470797863,7.252560921851647,127.75261505884149,0.009977285909163691,12367090.7222045,123390,123390,70700632555.67064,17.665617720606345,0,863863046158.8417,863863046158.8417,511313971105.4754,863863046158.8369,1281133436.8831303,374923204110.72107,487658708611.2331,0,0,0,352549075053.2543,0.5210554657045506,9.681400157856434,21,101,631188,1511866,527868,588782,0.8363086750698683,0.38944059857156654,0.9342466222328716,6279,21286,5722.958872240751,12712.081520470705,262.4195361636432,3006.4732037321755,7,62,3,39,0.26985374225063574,0.001771310994227815,0.4972005362167181,0.6079960818500857,1,0.9981848105156059,24,41878.88801025909,4.5004849874455655,0.032909639269557325,1515.7763314000122,0,18507.465554848943,118.93596993210873,0,812.1664587397854,0,227,227,0,0,236.11947482387677,0,6033.819096575134,1839540.5438179031,0,0,0,0,0
3180,8517191,3386287,1153302,682327,3295275,0.8762031100172284,0.06211126477753066,0.9999994979114644,0.8669899613856515,0.9719729192406276,0.0155149743618524,0.012512106397520028,19422,20285,13185,60319.26800713085,397.64232122334056,151.6922741562305,8.94683527438527,32.4179490358146,264.1027952897347,2898.7706573544874,895.0152433127503,8.146807652697584,89.41869376597491,0.008574204117447137,14390840.04880648,123390,123389.99999999999,69473658348.4342,19.19048808016334,0,859523341505.7262,859523341505.7262,513750726596.79553,859523341505.7213,1222817727.0016596,370007802390.46106,488292721388.2588,0,0,0,345772614908.79877,0.5139678735837659,9.326232601676598,21,101,622626,1494697,516430,571806,0.8294385393478589,0.3825564646212577,0.9321111393680095,6268,21258,5515.335715300894,12565.307795161823,233.25342724355718,2963.09377219928,8,62,3,39,0.267806470320337,0.0017213601199568803,0.4984542718627411,0.6,1,0.9981848105156059,24,41878.38801025909,4.617938168955163,0.03243261493672843,1417.5323836337652,0,17819.09301042696,107.82178049528356,0,733.4931221635094,0,227,227,0,0,220.64611348079418,0,5861.993239532425,1804865.0137210647,0,0,0,0,0
3210,8509736,3400696,1128541,682999,3297500,0.8788453772677385,0.10163784283090588,0.9999998097833434,0.874943500451683,0.9737058822976412,0.01322238433718743,0.013071733365171376,20285,20628,13173,60360.3602472338,351.379384356125,171.78116569883403,3.9466528530474645,29.39031010681257,232.13366450556808,2656.9965655279416,840.8718197960743,7.898306062846213,90.40382887664936,0.017450616339416802,16520390.510999382,288290.9965847919,288290.9965847916,63036848503.309105,17.59904124393325,0,864824267896.9713,864824267896.9713,513650730568.71686,864824267896.9668,1143334835.076512,371883590161.9578,491797342899.9326,0,0,0,351173537328.1124,0.50543992865161,9.203921667203904,21,101,598538,1473548,499005,548310,0.8337064647524468,0.3721018928463817,0.9470375389797503,6268,21223,4992.299737278331,12393.240921553008,328.8855188522289,2963.08271137285,3,62,3,42,0.27962933688640607,0.0014221420176608887,0.4998569828515179,0.6078045150266421,1,0.9981848105156059,24,41461.22134359242,4.750573190712528,0.028955722907659177,1320.9212406173976,0,18595.5482070763,98.71997916557375,0,663.9389884736288,0,227,227,0,0,204.6042600333173,0,5547.047522766819,1736020.1583478607,0,0,0,0,0
3240,8501321,3580596,1089621,684197,3146907,0.8203267642595622,0.15799467221133176,0.9999999285383908,0.8807575742892247,0.8759410449270179,0.11051753015796016,0.01354142491502203,12482,12670,4255,60851.53411179517,343.89149148218866,176.94981009713896,1.9377827634557423,24.975035976503204,209.46470929560567,2425.93477628802,725.0194153031995,8.38696326574554,97.1343856549543,0.026865358933862327,16582543.462460482,445495.9821553755,445495.9821553741,66286837749.72772,17.141002222579612,0,815645790617.5148,815645790617.5148,517318424826.6824,815645790617.511,1073417941.4924369,321731325265.5204,492838788123.473,0,2259287.025393352,0,298327365790.691,0.4943735710181076,9.100068854941226,21,101,573362,1471363,475950,534908,0.8301038436450271,0.3635459094730532,0.9484389624281321,6257,21205,4383.266092614168,12409.923260023139,379.4417017768275,2984.1031452935176,4,62,3,39,0.29549006383452653,0.0022826151471984843,0.49822919278862526,0.6215730006517604,1,0.9981848105156059,24,41460.72134359242,4.921845166414165,0.026854991590046753,1228.6923700597142,0,18069.80078686481,91.78978796724077,0,604.8280147371117,0,244,244,0.05409836065573776,0,190.57734618667314,0,5390.515689250922,1675756.7010344905,0,0,0,0,0
3270,8496822,3608799,1049983,686321,3151719,0.8238290609004671,0.17172447215255585,0.9994084481129836,0.5583325981696964,0.838342382599047,0.16007655568164192,0,21562,17938,13439,60860.44586607506,300.10196024488187,202.79922802374637,1.8746598832846713,22.075942024076884,177.38294125494133,2230.185947872968,708.6310367965345,8.035124438245061,101.02336495722992,0.011545745689443332,16097774.092371838,345252.61395922094,185860.80583663445,57686655425.31043,15.412541232558414,0,812311536555.2201,812311536555.2201,517120375364.5394,812311536555.2162,983102265.4370909,317761807685.2642,493563461113.69885,0,3165490.816191127,0,295191161190.5406,0.48511726151708995,8.92608624604345,21,101,558234,1474658,458952,527239,0.8221498511376949,0.35753306868440005,0.941540763762986,6257,21182,3994.956828199231,12467.054142718316,479.0603244300787,3013.436290263867,4,64,6,42,0.28899468376859,0.0008198302469135845,0.49442257901461345,0.6156450699451494,1,0.9981848105156059,24,41376.88801025909,5.034751443920184,0.02406869763827203,1147.2522268058249,0,17548.663102890325,86.28972509772862,0,555.8378843649704,0,244,244,0.029508196721311577,0,179.4751808049597,0,5228.12043932842,1643320.517923814,0,0,0,0,0
3300,8493460,3624225,1023013,688682,3157540,0.8276361141822304,0.20902932744909214,0.9995725142332281,0.5319217892726293,0.6792291951689888,0.32077080483101117,0,17938,16781,13419,61117.43189911882,261.8987986274382,233.36278065964277,1.8888752967766542,13.079119306137864,96.65869647053019,2081.0194678520766,608.0930424201309,7.390306197846937,159.11006078792175,0.00915468873831038,17039592.197187316,494572.16279299324,155992.1627929933,56963376628.71808,13.85135022642417,0,804721900623.5603,804721900623.5603,519098463137.77057,804721900623.5562,913527099.2759874,307623609720.2773,496181598313.18646,0,3165490.816191127,0,285623437485.6655,0.47949623040111644,8.815098048016607,21,101,563883,1465378,458274,514749,0.8127111475252845,0.35127386926786125,0.9286004102517864,6222,21150,4065.0676427468593,12343.370544522848,344.47856714212486,2982.3380267598995,3,65,9,42,0.28935811013804524,0.0005916768416768431,0.48636026674947924,0.6197854219925661,1,0.9981903353774844,24,41376.38801025909,5.102825484321635,0.020923419191121635,1087.0039368922667,0,17465.39773570181,83.53751761979466,0,519.4213421357034,0,244,244,0.0049180327868853435,0,173.45337626561653,0,5116.964758093912,1638623.8393272492,0,0,0,0,0
3330,8490938,3626897,1008149,691262,3164630,0.8318994029401219,0.15099577080275192,0.999768367958342,0.7123623558430732,0.9354932281922209,0.06450677180777907,0,16781,15936,13414,61309.49025350471,282.2362030234427,217.22759021248703,1.97412570790772,12.071021247065987,92.02637977574075,2009.7462086894157,635.5225941884115,7.623744328849468,166.49346957101162,0.021356810226958567,15465573.203660151,330295.31196170475,330295.3119617045,56742280465.01859,14.215694158576103,0,800560453957.937,800560453957.937,520575080553.99695,800560453957.9331,903681285.05909,302135963874.4051,497517643307.6525,0,3165490.816191127,0,279985373403.81995,0.47114285269089257,8.223270283280167,21,101,591158,1462510,460372,507199,0.7787630379695445,0.3468003637581965,0.8713530274635498,6222,21120,4641.599999999999,12328.856381924998,372.0312163112991,3070.8068847110003,3,66,9,42,0.2645542050035269,0,0.47134439316266497,0.6070111914516083,1,0.9981903353774844,24,41375.88801025909,5.1315165101383675,0.023893733633904048,1048.3642174368135,0,18018.064595148542,82.18883070604872,0,494.26075741053796,0,244,244,0,0,169.83277789757489,0,5363.658094494921,1694942.0977223797,0,0,0,0,0
3360,8490976,3626485,997190,692846,3174455,0.8364128101564232,0.1103138570695535,0.9998890081922941,0.7235195245230589,0.9683483971689474,0.03165160283105264,0,15936,13374,13412,61240.38749793767,312.5114876840161,195.9620363135531,1.9614390672948745,12.033404723533476,92.08304205287799,1976.8709132908043,624.2589087253441,7.652284965766432,164.28192674552693,0.01767993667858181,14975061.254592776,264758.13473908475,264758.13473908475,58269290612.52702,15.012184422381402,0,702386534627.2527,702386534627.2527,519990660475.5746,702386534627.2485,901975550.8979366,202161540579.6836,499319853005.85046,0,3165490.816191127,0,182395874151.55902,0.46244797338113885,7.775410848576938,21,101,593646,1452422,451259,494941,0.7601483038713307,0.34076941825447427,0.8456030339247003,6212,21095,4640.6,12221.426887414553,359.9511986943193,3038.1646028273503,3,64,9,39,0.2597610320804932,0.00016451719576719592,0.4624127534286959,0.6100290907068423,1,0.9981903353774844,24,41375.38801025909,5.247354218168559,0.0237322468269511,1025.7830035710879,0,17762.343761789652,81.38725194219447,0,477.72533062321185,0,244,244,0,0,168.64928496257275,0,5152.906182034408,1684108.0219338648,0,0,0,0,0
3390,8490249,3617421,994757,694126,3183945,0.8408328993373629,0.09672703255300838,0.9999506250882173,0.765146857704754,0.9620967535816676,0.03790324641833237,0,13374,14133,13406,61100.4774091482,299.55947428692974,203.96776818557166,1.9851624943404447,12.57104666637455,95.21816078193272,1985.410935515435,669.3031105007968,7.574401981708126,157.935213209102,0.015349913170912832,14508549.367321962,222704.9730242947,222704.97302429468,56201508866.47786,14.471274689298134,0,694713782254.6416,694713782254.6416,518758267222.4079,694713782254.6378,650948548.9844795,196584056524.355,497475611690.4816,0,3165490.816191127,0,175955515032.093,0.45564902722630907,7.358729291060883,21,101,596991,1446290,447440,483579,0.7494920358933385,0.3343582545685858,0.8322695162620576,6212,21060,4641.112438641265,12180.600000000004,421.16674957430445,2962.478254860753,3,64,6,45,0.25381867178844775,0.000008267195767195812,0.4516141499143489,0.6093202803411437,1,0.9981903353774844,24,40541.554676925756,5.225442833316066,0.023055387391254217,1017.5855940614135,0,18483.38739529832,81.90433492621075,0,469.6992848111621,0,244,244,0,0,169.48497847154343,0,5215.471303966261,1680077.8079677662,0,0,0,0,0
3420,8488084,3622295,978022,695421,3192346,0.8451085001316213,0.08295627092301071,0.999979126721214,0.8557719110980914,0.9716798278622125,0.02681241137575924,0.001507760762028274,14133,15555,13390,61374.25381489843,374.85991715860246,163.72583732106816,2.1154622935307863,15.349962719181242,106.06890952396787,2040.4425510321105,604.2442427307705,6.910043461631647,132.92817633246645,0.02159955096360644,14299194.32724979,308856.1766099453,308856.17660994525,65440176579.26262,16.977332423766214,0,689318407476.9711,689318407476.9711,520949821818.0371,689318407476.9679,604912814.4651737,184718742524.55692,503991586647.1293,0,3165490.816191127,0,168368585658.78876,0.44828216214430167,7.027160188639207,21,101,616060,1441934,449328,473234,0.7293575301107035,0.3281939395284389,0.8030808553812534,6189,21038,5033.64549383245,12179.95950016007,278.71171557868126,3013.1684709123847,3,64,6,42,0.2504796503021149,0.00010101010101010106,0.4386327386162247,0.6175380397145871,1,0.9981903353774844,24,40207.72134359242,5.229921199042548,0.023688037489405414,1026.521294314517,0,19764.214424081634,84.53977348297583,0,471.09143216854085,0,244,244,0,0,174.19959798822583,0,5461.398320957682,1719104.461445013,0,0,0,0,0
3450,8485058,3629359,959700,696519,3199480,0.8489755742952967,0.08253495897982664,0.9999914904579139,0.8143426638239901,0.9657147894569489,0.024191113366579226,0.010094097176471865,15555,16408,13382,61190.31960910631,399.5373042906989,153.15295706301535,2.4665290830700632,18.014385474598956,143.93500186769498,2140.9541527577926,672.915371834423,7.990003437566572,118.84691574834058,0.02554870769305262,14545579.847946232,371620.76776113687,371620.7677611363,66540432100.32014,17.984312264098282,0,687824809357.8762,687824809357.8762,519203410921.6609,687824809357.8732,550564808.6277947,183893730742.4266,503377348316.0024,0,3165490.816191127,0,168621398436.06866,0.43564400212615234,6.833390536368304,21,101,631777,1448977,439134,467334,0.6950775352695651,0.3225268586043809,0.7551169865174447,6189,21011,5337.399752158845,12436.908916607816,275.9151802637674,3023.7370439446736,6,63,3,39,0.25785880399253924,9.035018104045871e-20,0.42786434563138265,0.6284163663686738,1,0.9981903353774844,24,40207.22134359242,5.322710301114976,0.026436536822652502,1055.1007800580157,0,20646.884074696834,88.73862416709142,0,481.3411600843048,0,244,244,0,0,182.3602931323563,0,5803.761669940633,1775052.3117278495,0,0,0,0,0
3480,8480501,3637545,940133,697590,3205233,0.8525770051978317,0.07669262170488274,0.9999966202495989,0.8383795418814978,0.9688612736440925,0.020078530737747687,0.011060195618159824,16408,17925,13368,60964.386293153344,324.81932453864556,187.6870668940144,3.7435576132725723,27.184456456191366,260.2119969437198,2299.9260062396284,671.672909232398,9.5720875406525,84.60445070682336,0.020345741766888525,14823249.181842038,493885.99438740197,301589.99999999994,77962421535.69609,15.900003241978286,0,690287359859.4656,690287359859.4656,517008538923.3486,690287359859.4625,500247385.1714291,185571605311.7881,504212341671.68665,0,3165490.816191127,0,173278820935.98877,0.41783891020957326,6.872441747302609,21,101,640519,1474016,429341,454194,0.6703017396829758,0.3081336973275731,0.7341644165604709,6179,20985,5614.471975242617,12722.322937708577,216.8640535733491,2894.332738948216,6,63,3,39,0.21361193376417242,0.00005787037037037047,0.3962316943203188,0.608808970784683,1,0.9981903353774844,24,40206.72134359242,5.46079845306761,0.026690909653962508,1101.5782385823434,0,20794.91760101929,93.42529304429152,0,498.7123345226251,0,244,244,0,0,192.56073283079036,0,5793.44957032386,1831255.652054127,0,0,0,0,0
3510,8475226,3639728,927116,698662,3209720,0.8558168398132276,0.09547473897692799,0.9999986835601078,0.8543706332532932,0.9786850521744199,0.009431488906608509,0.0118834589189716,17925,18628,13353,61168.480089558005,535.3304167057565,114.2630386406367,3.3545233362656854,36.344893295411495,288.77038012007796,2505.2613883587173,732.2898264751964,7.945280724115785,68.93021718335885,0.01362807489998119,15787676.404921778,215155.63654293964,215155.63654293976,83045256627.16869,23.42445010745547,0,696904334671.0917,696904334671.0917,518416692835.3664,696904334671.0886,472424181.7441296,190128656565.74475,506300088432.78326,0,3165490.816191127,0,178487641835.5833,0.3983708043996899,7.31140855864021,21,101,668663,1489580,418210,441571,0.6254421135908522,0.2964399360893675,0.6751459558767109,6377,20960,5795.462777265466,12895.143878713827,257.12496909371237,2955.433085999692,7,64,3,39,0.20798428887710502,0.0014813909128304386,0.37679076402361245,0.6134357864559432,1,0.9981903353774844,24,40206.37134359242,5.611620355917484,0.028507769585750263,1160.549362961953,0,18653.200580623034,98.06892106713674,0,521.8390443652809,0,244,244,0,0,203.93874260567839,0,5831.405584561357,1848165.597908999,0,0,0,0,0
3540,8468843,3538632,1018400,700001,3211810,0.8584120102733533,0.22119759250919807,0.9999994946393421,0.8655151987825562,0.6707216086069845,0.3166960351018433,0.012582356291172242,18628,19725,13342,61032.84727083928,352.52659403240943,173.12976752394528,2.229604917590011,34.73676874086107,270.68528252502387,2626.159243735369,706.3282255489746,7.792471560736019,75.60171365755738,0.016449000124439173,17527550.20073128,1042586.3382827363,288310.67543294403,85632424884.0668,17.922912477596704,0,697072497080.2495,697072497080.2495,516877601379.6078,697072497080.2465,474397558.08679074,190201361041.01816,506391997702.47894,0,4740778.662315674,0,180194895700.52878,0.4236948806547368,7.895550486973223,21,101,674462,1461358,489317,415619,0.7254923183218625,0.28440601139488064,0.8317944333210164,6367,20926,5464.621300687702,12587.71854759659,260.878671590417,2840.7989957791674,4,64,3,39,0.20460828691432456,0.0012983614119391395,0.3656488765803575,0.6073098271037605,1,0.9981903353774844,24,40205.97134359242,5.331555558880507,0.026409995072962572,1221.5824720767218,0,19040.805979526413,101.72677520918151,0,547.4194752775783,0,244,244,0,0,211.3086636708847,0,5776.697768016774,1794383.6997395295,0,0,0,0,0
3570,8444861,3561408,982898,704207,3196348,0.8583389850947537,0.31662291693542954,0.9999998079357525,0.8740321747426922,0.49133692076163243,0.49547517715211653,0.013187902086251035,19725,37234,13252,61261.013968629384,625.7537674563043,97.89955275484165,2.149055700299772,27.1902385567641,211.70670907593308,2621.601264057806,788.4565892564264,7.7861291519734355,96.41700121846235,0.007986870854922445,17413907.568908595,139082.63083242852,139082.63083242852,71663668324.24936,27.085364381724442,0,699061326061.0073,699061326061.0073,517340747684.0111,699061326061.0044,458376896.33029884,190292930083.3875,508305278302.62415,0,4740778.662315674,0,181720578376.87003,0.4121550167808781,8.419303369368953,21,101,665868,1436227,482479,383910,0.7245865546925216,0.2673045416915293,0.8386469107705538,6367,20913,5111.917928509329,12377.59410972232,331.6413428032969,3071.6689464948527,3,64,3,42,0.192820987396316,0,0.35674940081028167,0.595525020660793,1,0.9981903353774844,24,39455.546343592425,5.46482649390873,0.022831415933639826,1256.5528776007186,0,19133.212110962213,102.54497213822962,0,564.8504340692368,0,244,244,0,0,212.80702875493768,0,5319.552018028723,1746783.2005404052,0,0,0,0,0
3600,8398973,3756351,921274,710045,3011303,0.7955635605675957,0.3918710577042962,0.9999999275215453,0.8806703256751216,0.35673480555301224,0.6295417308759059,0.013723463571081845,29150,50158,4270,61528.328430784975,346.84508983290505,177.39426111070696,2.153863660647513,18.606745183116264,149.60820392100024,2569.4904452933374,773.0742112371779,8.040535969544772,138.09456839473944,0.007743625063462156,17738010.578002118,137356.50328777448,137356.5032877737,68264405801.93491,17.75041813459977,0,698084303262.143,698084303262.143,516774769225.17786,698084303262.1395,456085767.1398733,189504021216.12213,508121714787.2405,0,2481491.6369223217,0,181309534036.84332,0.4001178657410749,8.986696929656851,21,101,663220,1428991,479486,357645,0.7229667380356443,0.2502779933533521,0.8463616011384639,6357,20884,4833.299999999999,12305.748919530108,348.20953383344556,2943.544321547896,3,65,9,42,0.185386893738681,0.0014315541031227315,0.34384549326858543,0.589461502846635,1,0.9981903353774844,24,39122.109664350566,5.608026891516463,0.018819295499409108,1271.663675123726,0,19072.42232731994,103.71147705945798,0,577.1691798667791,0,244,244,0,0,213.46107290505032,0,5027.29555529012,1711814.3544788242,0,0,0,0,0